metal_a_type,metal_a_concentration,metal_b_type,metal_molar_ratio_b_a,Adhesion,Coverage,Uniformity,Timestamp
20.0,10.0,16.0,4.0,1.0,1.0,0.34665892,2026-01-26-12:09:21
10.0,40.0,1.0,6.0,0.81605226,0.5559108,0.5575041,2026-01-26-12:09:21
5.0,20.0,14.0,2.0,0.38387665,0.74479336,0.77105737,2026-01-26-12:09:21
15.0,30.0,9.0,9.0,0.78686327,0.78686315,0.31282943,2026-01-26-12:09:21
12.0,30.0,3.0,9.0,0.6741031,0.674103,0.4078511,2026-01-26-12:09:21
3.0,40.0,18.0,1.0,0.71676147,0.31620175,0.87649286,2026-01-26-12:09:21
8.0,20.0,6.0,7.0,0.4796697,0.7844721,0.63204217,2026-01-26-12:09:21
17.0,50.0,11.0,4.0,1.0,0.8396144,0.36665097,2026-01-26-12:09:21
16.0,20.0,6.0,1.0,0.77490103,0.906761,0.29028532,2026-01-26-12:09:21
6.0,30.0,11.0,10.0,0.47639763,0.47639763,0.6751929,2026-01-26-12:09:21
3.0,10.0,18.0,4.0,0.35556963,1.0,0.8924636,2026-01-26-12:09:24
5.0,10.0,14.0,4.0,0.38205874,1.0,0.78786045,2026-01-26-12:09:24
6.0,10.0,16.0,4.0,0.40168768,1.0,0.7375558,2026-01-26-12:09:24
8.0,10.0,6.0,4.0,0.45304474,1.0,0.6426563,2026-01-26-12:09:24
10.0,10.0,1.0,4.0,0.5193213,1.0,0.5575041,2026-01-26-12:09:24
3.0,40.0,18.0,4.0,0.75338715,0.40462396,0.8924636,2026-01-26-12:09:26
11.0,10.0,7.0,4.0,0.5575041,1.0,0.5193213,2026-01-26-12:09:26
9.0,10.0,2.0,4.0,0.48442206,1.0,0.5987096,2026-01-26-12:09:26
3.0,20.0,6.0,1.0,0.31620175,0.71676147,0.87649286,2026-01-26-12:09:26
3.0,40.0,11.0,8.0,0.73385346,0.35746542,0.8839459,2026-01-26-12:09:26
3.0,50.0,18.0,4.0,1.0,0.35556963,0.8924636,2026-01-26-12:09:28
5.0,50.0,14.0,4.0,1.0,0.38205874,0.78786045,2026-01-26-12:09:28
18.0,10.0,16.0,4.0,0.8924637,1.0,0.35556963,2026-01-26-12:09:28
19.0,10.0,2.0,4.0,0.9460476,1.0,0.34889042,2026-01-26-12:09:28
20.0,10.0,15.0,1.0,1.0,1.0,0.24962807,2026-01-26-12:09:28
3.0,30.0,18.0,4.0,0.5443189,0.5443189,0.8924636,2026-01-26-12:09:30
7.0,10.0,16.0,1.0,0.3400676,1.0,0.6428625,2026-01-26-12:09:30
1.0,10.0,2.0,1.0,0.24962807,1.0,1.0,2026-01-26-12:09:30
13.0,10.0,15.0,1.0,0.5895855,1.0,0.37181377,2026-01-26-12:09:30
2.0,10.0,16.0,1.0,0.252191,1.0,0.9380348,2026-01-26-12:09:30
1.0,50.0,11.0,4.0,1.0,0.34665892,1.0,2026-01-26-12:09:32
3.0,50.0,11.0,8.0,1.0,0.30452558,0.8839459,2026-01-26-12:09:32
2.0,50.0,11.0,2.0,1.0,0.29731736,0.9417741,2026-01-26-12:09:32
1.0,50.0,11.0,1.0,1.0,0.24962807,1.0,2026-01-26-12:09:32
1.0,20.0,2.0,1.0,0.30674675,0.712845,1.0,2026-01-26-12:09:32
1.0,30.0,9.0,9.0,0.46940693,0.4694069,1.0,2026-01-26-12:09:34
2.0,20.0,6.0,1.0,0.30911452,0.71382594,0.9380348,2026-01-26-12:09:34
2.0,30.0,9.0,9.0,0.47121918,0.47121918,0.9380348,2026-01-26-12:09:34
14.0,10.0,16.0,4.0,0.68904406,1.0,0.42540368,2026-01-26-12:09:34
4.0,10.0,15.0,4.0,0.36665097,1.0,0.8396143,2026-01-26-12:09:34
4.0,20.0,15.0,7.0,0.3974814,0.7504286,0.8348503,2026-01-26-12:09:36
1.0,40.0,2.0,4.0,0.74997723,0.39639154,1.0,2026-01-26-12:09:36
2.0,40.0,11.0,4.0,0.7508312,0.39845315,0.94604754,2026-01-26-12:09:36
4.0,50.0,11.0,4.0,1.0,0.36665097,0.8396143,2026-01-26-12:09:36
6.0,20.0,16.0,4.0,0.44723144,0.77103573,0.7375558,2026-01-26-12:09:36
4.0,30.0,3.0,9.0,0.48564294,0.48564288,0.8157946,2026-01-26-12:09:38
5.0,30.0,3.0,9.0,0.49815598,0.4981559,0.75635463,2026-01-26-12:09:38
6.0,50.0,16.0,4.0,1.0,0.40168768,0.7375558,2026-01-26-12:09:38
7.0,20.0,6.0,1.0,0.39030194,0.7474548,0.6428625,2026-01-26-12:09:38
4.0,40.0,1.0,4.0,0.75762784,0.4148618,0.8396143,2026-01-26-12:09:38
9.0,20.0,15.0,4.0,0.5236681,0.8026969,0.5987096,2026-01-26-12:09:40
8.0,50.0,15.0,4.0,1.0,0.45304474,0.6426563,2026-01-26-12:09:40
5.0,40.0,15.0,4.0,0.7635242,0.4290967,0.78786045,2026-01-26-12:09:40
8.0,30.0,15.0,4.0,0.61324424,0.61324424,0.6426563,2026-01-26-12:09:40
7.0,50.0,15.0,4.0,1.0,0.42540368,0.68904406,2026-01-26-12:09:40
9.0,10.0,11.0,7.0,0.4691079,1.0,0.5867901,2026-01-26-12:09:42
9.0,30.0,11.0,7.0,0.6246026,0.62460256,0.5867901,2026-01-26-12:09:42
6.0,40.0,18.0,4.0,0.77103573,0.44723144,0.7375558,2026-01-26-12:09:42
9.0,50.0,18.0,4.0,1.0,0.48442206,0.5987096,2026-01-26-12:09:42
8.0,30.0,11.0,7.0,0.60175645,0.60175645,0.63204217,2026-01-26-12:09:42
3.0,30.0,11.0,4.0,0.5443189,0.5443189,0.8924636,2026-01-26-12:09:44
10.0,10.0,11.0,4.0,0.5193213,1.0,0.5575041,2026-01-26-12:09:44
10.0,40.0,11.0,4.0,0.81605226,0.5559108,0.5575041,2026-01-26-12:09:44
8.0,20.0,11.0,4.0,0.4946792,0.7906893,0.6426563,2026-01-26-12:09:44
7.0,40.0,15.0,4.0,0.7801115,0.4691422,0.68904406,2026-01-26-12:09:44
8.0,40.0,1.0,4.0,0.7906893,0.4946792,0.6426563,2026-01-26-12:09:46
10.0,50.0,18.0,4.0,1.0,0.5193213,0.5575041,2026-01-26-12:09:46
9.0,30.0,1.0,4.0,0.6354314,0.63543135,0.5987096,2026-01-26-12:09:46
11.0,10.0,15.0,2.0,0.522455,1.0,0.48124775,2026-01-26-12:09:46
3.0,30.0,15.0,2.0,0.5082253,0.5082253,0.8839459,2026-01-26-12:09:46
7.0,30.0,15.0,4.0,0.5936991,0.59369904,0.68904406,2026-01-26-12:09:48
9.0,40.0,1.0,4.0,0.8026969,0.5236681,0.5987096,2026-01-26-12:09:48
9.0,30.0,7.0,4.0,0.6354314,0.63543135,0.5987096,2026-01-26-12:09:48
9.0,20.0,7.0,4.0,0.5236681,0.8026969,0.5987096,2026-01-26-12:09:48
10.0,40.0,7.0,4.0,0.81605226,0.5559108,0.5575041,2026-01-26-12:09:48
6.0,20.0,20.0,3.0,0.4308126,0.7642349,0.7297605,2026-01-26-12:09:50
10.0,10.0,4.0,3.0,0.5050438,1.0,0.54436064,2026-01-26-12:09:50
6.0,20.0,17.0,4.0,0.44723144,0.77103573,0.7375558,2026-01-26-12:09:50
9.0,30.0,4.0,4.0,0.6354314,0.63543135,0.5987096,2026-01-26-12:09:50
8.0,10.0,13.0,5.0,0.45846015,1.0,0.6461944,2026-01-26-12:09:50
10.0,40.0,1.0,4.0,0.81605226,0.5559108,0.5575041,2026-01-26-12:09:53
11.0,20.0,7.0,4.0,0.5911871,0.83066416,0.5193213,2026-01-26-12:09:53
9.0,30.0,13.0,4.0,0.6354314,0.63543135,0.5987096,2026-01-26-12:09:53
11.0,50.0,7.0,4.0,1.0,0.5575041,0.5193213,2026-01-26-12:09:53
10.0,50.0,13.0,4.0,1.0,0.5193213,0.5575041,2026-01-26-12:09:53
9.0,30.0,8.0,4.0,0.6354314,0.63543135,0.5987096,2026-01-26-12:09:55
10.0,10.0,8.0,6.0,0.5193213,1.0,0.5575041,2026-01-26-12:09:55
9.0,20.0,5.0,4.0,0.5236681,0.8026969,0.5987096,2026-01-26-12:09:55
3.0,30.0,5.0,4.0,0.5443189,0.5443189,0.8924636,2026-01-26-12:09:55
8.0,30.0,10.0,4.0,0.61324424,0.61324424,0.6426563,2026-01-26-12:09:55
9.0,30.0,12.0,4.0,0.6354314,0.63543135,0.5987096,2026-01-26-12:09:58
9.0,20.0,12.0,6.0,0.5236681,0.8026969,0.5987096,2026-01-26-12:09:58
10.0,10.0,19.0,5.0,0.5240805,1.0,0.56188524,2026-01-26-12:09:58
3.0,30.0,12.0,4.0,0.5443189,0.5443189,0.8924636,2026-01-26-12:09:58
9.0,30.0,19.0,4.0,0.6354314,0.63543135,0.5987096,2026-01-26-12:09:58
10.0,20.0,19.0,4.0,0.5559108,0.81605226,0.5575041,2026-01-26-12:10:00
10.0,30.0,19.0,4.0,0.66010886,0.66010886,0.5575041,2026-01-26-12:10:00
10.0,40.0,19.0,4.0,0.81605226,0.5559108,0.5575041,2026-01-26-12:10:00
9.0,30.0,14.0,4.0,0.6354314,0.63543135,0.5987096,2026-01-26-12:10:00
10.0,20.0,11.0,5.0,0.56030774,0.81787354,0.56188524,2026-01-26-12:10:00
10.0,30.0,5.0,4.0,0.66010886,0.66010886,0.5575041,2026-01-26-12:10:03
10.0,50.0,7.0,4.0,1.0,0.5193213,0.5575041,2026-01-26-12:10:03
10.0,40.0,3.0,4.0,0.81605226,0.5559108,0.5575041,2026-01-26-12:10:03
7.0,30.0,5.0,4.0,0.5936991,0.59369904,0.68904406,2026-01-26-12:10:03
3.0,30.0,9.0,4.0,0.5443189,0.5443189,0.8924636,2026-01-26-12:10:03
10.0,40.0,15.0,4.0,0.81605226,0.5559108,0.5575041,2026-01-26-12:10:06
11.0,30.0,7.0,4.0,0.6871082,0.68710816,0.5193213,2026-01-26-12:10:06
3.0,30.0,20.0,4.0,0.5443189,0.5443189,0.8924636,2026-01-26-12:10:06
10.0,30.0,20.0,4.0,0.66010886,0.66010886,0.5575041,2026-01-26-12:10:06
10.0,50.0,15.0,4.0,1.0,0.5193213,0.5575041,2026-01-26-12:10:06
9.0,20.0,16.0,5.0,0.52838427,0.8046504,0.60268277,2026-01-26-12:10:08
3.0,30.0,2.0,4.0,0.5443189,0.5443189,0.8924636,2026-01-26-12:10:08
8.0,30.0,17.0,4.0,0.61324424,0.61324424,0.6426563,2026-01-26-12:10:08
10.0,20.0,12.0,8.0,0.5207354,0.80148214,0.5224549,2026-01-26-12:10:08
10.0,30.0,17.0,5.0,0.6634741,0.6634741,0.56188524,2026-01-26-12:10:08
9.0,40.0,16.0,4.0,0.8026969,0.5236681,0.5987096,2026-01-26-12:10:11
3.0,30.0,16.0,4.0,0.5443189,0.5443189,0.8924636,2026-01-26-12:10:11
9.0,30.0,6.0,5.0,0.639041,0.63904095,0.60268277,2026-01-26-12:10:11
10.0,40.0,16.0,4.0,0.81605226,0.5559108,0.5575041,2026-01-26-12:10:11
7.0,30.0,17.0,4.0,0.5936991,0.59369904,0.68904406,2026-01-26-12:10:11
8.0,30.0,16.0,5.0,0.61707354,0.6170735,0.6461944,2026-01-26-12:10:13
10.0,30.0,6.0,5.0,0.6634741,0.6634741,0.56188524,2026-01-26-12:10:13
3.0,30.0,6.0,4.0,0.5443189,0.5443189,0.8924636,2026-01-26-12:10:13
10.0,40.0,9.0,4.0,0.81605226,0.5559108,0.5575041,2026-01-26-12:10:13
10.0,10.0,2.0,5.0,0.5240805,1.0,0.56188524,2026-01-26-12:10:13
10.0,50.0,11.0,4.0,1.0,0.5193213,0.5575041,2026-01-26-12:10:16
10.0,40.0,14.0,4.0,0.81605226,0.5559108,0.5575041,2026-01-26-12:10:16
9.0,40.0,10.0,4.0,0.8026969,0.5236681,0.5987096,2026-01-26-12:10:16
8.0,40.0,13.0,4.0,0.7906893,0.4946792,0.6426563,2026-01-26-12:10:16
10.0,40.0,8.0,4.0,0.81605226,0.5559108,0.5575041,2026-01-26-12:10:16
10.0,40.0,4.0,4.0,0.81605226,0.5559108,0.5575041,2026-01-26-12:10:19
9.0,40.0,17.0,4.0,0.8026969,0.5236681,0.5987096,2026-01-26-12:10:19
10.0,50.0,17.0,4.0,1.0,0.5193213,0.5575041,2026-01-26-12:10:19
3.0,30.0,7.0,5.0,0.5488306,0.54883057,0.8935283,2026-01-26-12:10:19
10.0,40.0,6.0,4.0,0.81605226,0.5559108,0.5575041,2026-01-26-12:10:19
10.0,40.0,20.0,4.0,0.81605226,0.5559108,0.5575041,2026-01-26-12:10:21
9.0,40.0,12.0,4.0,0.8026969,0.5236681,0.5987096,2026-01-26-12:10:21
8.0,40.0,5.0,4.0,0.7906893,0.4946792,0.6426563,2026-01-26-12:10:21
10.0,50.0,2.0,4.0,1.0,0.5193213,0.5575041,2026-01-26-12:10:21
3.0,30.0,7.0,3.0,0.53078383,0.53078383,0.8892695,2026-01-26-12:10:21
10.0,50.0,5.0,4.0,1.0,0.5193213,0.5575041,2026-01-26-12:10:24
10.0,40.0,18.0,4.0,0.81605226,0.5559108,0.5575041,2026-01-26-12:10:24
9.0,40.0,18.0,6.0,0.8026969,0.5236681,0.5987096,2026-01-26-12:10:24
10.0,50.0,8.0,4.0,1.0,0.5193213,0.5575041,2026-01-26-12:10:24
3.0,30.0,7.0,6.0,0.5443189,0.5443189,0.8924636,2026-01-26-12:10:24
10.0,50.0,3.0,4.0,1.0,0.5193213,0.5575041,2026-01-26-12:10:27
8.0,30.0,3.0,5.0,0.61707354,0.6170735,0.6461944,2026-01-26-12:10:27
10.0,10.0,7.0,5.0,0.5240805,1.0,0.56188524,2026-01-26-12:10:27
10.0,40.0,2.0,6.0,0.81605226,0.5559108,0.5575041,2026-01-26-12:10:27
9.0,20.0,19.0,5.0,0.52838427,0.8046504,0.60268277,2026-01-26-12:10:27
10.0,50.0,9.0,4.0,1.0,0.5193213,0.5575041,2026-01-26-12:10:29
3.0,30.0,7.0,8.0,0.5082253,0.5082253,0.8839459,2026-01-26-12:10:29
8.0,30.0,7.0,1.0,0.55580527,0.55580527,0.5895855,2026-01-26-12:10:29
3.0,30.0,7.0,1.0,0.4766435,0.47664347,0.87649286,2026-01-26-12:10:29
9.0,20.0,3.0,5.0,0.52838427,0.8046504,0.60268277,2026-01-26-12:10:29
3.0,30.0,8.0,5.0,0.5488306,0.54883057,0.8935283,2026-01-26-12:10:33
11.0,50.0,1.0,4.0,1.0,0.5575041,0.5193213,2026-01-26-12:10:33
9.0,30.0,20.0,5.0,0.639041,0.63904095,0.60268277,2026-01-26-12:10:33
7.0,30.0,11.0,5.0,0.5977218,0.5977218,0.6921228,2026-01-26-12:10:33
10.0,50.0,1.0,4.0,1.0,0.5193213,0.5575041,2026-01-26-12:10:33
11.0,50.0,4.0,4.0,1.0,0.5575041,0.5193213,2026-01-26-12:10:35
7.0,30.0,14.0,5.0,0.5977218,0.5977218,0.6921228,2026-01-26-12:10:35
11.0,50.0,20.0,4.0,1.0,0.5575041,0.5193213,2026-01-26-12:10:35
11.0,30.0,20.0,5.0,0.69020617,0.6902061,0.5240805,2026-01-26-12:10:35
11.0,20.0,19.0,5.0,0.59523475,0.8323408,0.5240805,2026-01-26-12:10:35
19.0,10.0,7.0,5.0,0.9465818,1.0,0.35533705,2026-01-26-12:10:38
18.0,10.0,7.0,5.0,0.8935284,1.0,0.36195013,2026-01-26-12:10:38
19.0,10.0,13.0,1.0,0.9380349,1.0,0.252191,2026-01-26-12:10:38
14.0,10.0,13.0,5.0,0.6921228,1.0,0.43109274,2026-01-26-12:10:38
18.0,10.0,13.0,6.0,0.8924637,1.0,0.35556963,2026-01-26-12:10:38
3.0,30.0,13.0,5.0,0.5488306,0.54883057,0.8935283,2026-01-26-12:10:41
10.0,50.0,6.0,4.0,1.0,0.5193213,0.5575041,2026-01-26-12:10:41
11.0,50.0,19.0,4.0,1.0,0.5575041,0.5193213,2026-01-26-12:10:41
11.0,10.0,20.0,5.0,0.5618853,1.0,0.5240805,2026-01-26-12:10:41
9.0,20.0,11.0,5.0,0.52838427,0.8046504,0.60268277,2026-01-26-12:10:41
17.0,50.0,19.0,3.0,1.0,0.8348504,0.34783867,2026-01-26-12:10:44
14.0,10.0,20.0,6.0,0.68904406,1.0,0.42540368,2026-01-26-12:10:44
18.0,10.0,20.0,1.0,0.8764929,1.0,0.25986215,2026-01-26-12:10:44
17.0,50.0,20.0,8.0,1.0,0.8269105,0.3164847,2026-01-26-12:10:44
17.0,50.0,2.0,5.0,1.0,0.8412023,0.37292174,2026-01-26-12:10:44
3.0,30.0,4.0,5.0,0.5488306,0.54883057,0.8935283,2026-01-26-12:10:47
7.0,30.0,9.0,5.0,0.5977218,0.5977218,0.6921228,2026-01-26-12:10:47
11.0,10.0,3.0,5.0,0.5618853,1.0,0.5240805,2026-01-26-12:10:47
8.0,30.0,4.0,5.0,0.61707354,0.6170735,0.6461944,2026-01-26-12:10:47
11.0,50.0,10.0,5.0,1.0,0.5618853,0.5240805,2026-01-26-12:10:47
11.0,10.0,17.0,5.0,0.5618853,1.0,0.5240805,2026-01-26-12:10:50
7.0,30.0,18.0,5.0,0.5977218,0.5977218,0.6921228,2026-01-26-12:10:50
3.0,30.0,1.0,5.0,0.5488306,0.54883057,0.8935283,2026-01-26-12:10:50
9.0,20.0,18.0,10.0,0.41048035,0.755813,0.5033534,2026-01-26-12:10:50
8.0,20.0,4.0,5.0,0.4996824,0.7927617,0.6461944,2026-01-26-12:10:50
7.0,30.0,2.0,5.0,0.5977218,0.5977218,0.6921228,2026-01-26-12:10:53
9.0,10.0,5.0,5.0,0.4895268,1.0,0.60268277,2026-01-26-12:10:53
3.0,30.0,10.0,5.0,0.5488306,0.54883057,0.8935283,2026-01-26-12:10:53
11.0,10.0,5.0,5.0,0.5618853,1.0,0.5240805,2026-01-26-12:10:53
9.0,30.0,5.0,5.0,0.639041,0.63904095,0.60268277,2026-01-26-12:10:53
3.0,30.0,19.0,5.0,0.5488306,0.54883057,0.8935283,2026-01-26-12:10:57
7.0,30.0,19.0,5.0,0.5977218,0.5977218,0.6921228,2026-01-26-12:10:57
11.0,10.0,12.0,5.0,0.5618853,1.0,0.5240805,2026-01-26-12:10:57
11.0,50.0,12.0,5.0,1.0,0.5618853,0.5240805,2026-01-26-12:10:57
9.0,20.0,12.0,5.0,0.52838427,0.8046504,0.60268277,2026-01-26-12:10:57
11.0,10.0,9.0,5.0,0.5618853,1.0,0.5240805,2026-01-26-12:11:00
7.0,30.0,1.0,5.0,0.5977218,0.5977218,0.6921228,2026-01-26-12:11:00
11.0,20.0,6.0,5.0,0.59523475,0.8323408,0.5240805,2026-01-26-12:11:00
11.0,50.0,16.0,5.0,1.0,0.5618853,0.5240805,2026-01-26-12:11:00
10.0,50.0,12.0,4.0,1.0,0.5193213,0.5575041,2026-01-26-12:11:00
14.0,10.0,5.0,8.0,0.66441387,1.0,0.37989107,2026-01-26-12:11:03
14.0,10.0,7.0,9.0,0.6428625,1.0,0.3400676,2026-01-26-12:11:03
14.0,10.0,17.0,10.0,0.61515355,1.0,0.2888659,2026-01-26-12:11:03
12.0,10.0,13.0,5.0,0.60268277,1.0,0.4895268,2026-01-26-12:11:03
11.0,10.0,13.0,6.0,0.5575041,1.0,0.5193213,2026-01-26-12:11:03
11.0,10.0,13.0,5.0,0.5618853,1.0,0.5240805,2026-01-26-12:11:07
11.0,50.0,14.0,5.0,1.0,0.5618853,0.5240805,2026-01-26-12:11:07
7.0,30.0,3.0,5.0,0.5977218,0.5977218,0.6921228,2026-01-26-12:11:07
11.0,30.0,13.0,5.0,0.69020617,0.6902061,0.5240805,2026-01-26-12:11:07
10.0,10.0,15.0,5.0,0.5240805,1.0,0.56188524,2026-01-26-12:11:07
11.0,10.0,18.0,5.0,0.5618853,1.0,0.5240805,2026-01-26-12:11:10
10.0,50.0,20.0,5.0,1.0,0.5240805,0.56188524,2026-01-26-12:11:10
7.0,30.0,12.0,5.0,0.5977218,0.5977218,0.6921228,2026-01-26-12:11:10
11.0,50.0,18.0,5.0,1.0,0.5618853,0.5240805,2026-01-26-12:11:10
10.0,10.0,4.0,5.0,0.5240805,1.0,0.56188524,2026-01-26-12:11:10
7.0,30.0,8.0,5.0,0.5977218,0.5977218,0.6921228,2026-01-26-12:11:14
8.0,20.0,15.0,5.0,0.4996824,0.7927617,0.6461944,2026-01-26-12:11:14
11.0,10.0,8.0,5.0,0.5618853,1.0,0.5240805,2026-01-26-12:11:14
11.0,50.0,8.0,5.0,1.0,0.5618853,0.5240805,2026-01-26-12:11:14
11.0,30.0,2.0,5.0,0.69020617,0.6902061,0.5240805,2026-01-26-12:11:14
10.0,10.0,14.0,5.0,0.5240805,1.0,0.56188524,2026-01-26-12:11:18
7.0,30.0,13.0,5.0,0.5977218,0.5977218,0.6921228,2026-01-26-12:11:18
10.0,20.0,13.0,5.0,0.56030774,0.81787354,0.56188524,2026-01-26-12:11:18
3.0,30.0,14.0,5.0,0.5488306,0.54883057,0.8935283,2026-01-26-12:11:18
8.0,30.0,9.0,5.0,0.61707354,0.6170735,0.6461944,2026-01-26-12:11:18
7.0,30.0,10.0,5.0,0.5977218,0.5977218,0.6921228,2026-01-26-12:11:21
10.0,20.0,8.0,5.0,0.56030774,0.81787354,0.56188524,2026-01-26-12:11:21
11.0,10.0,10.0,5.0,0.5618853,1.0,0.5240805,2026-01-26-12:11:21
9.0,20.0,20.0,5.0,0.52838427,0.8046504,0.60268277,2026-01-26-12:11:21
9.0,40.0,2.0,6.0,0.8026969,0.5236681,0.5987096,2026-01-26-12:11:21
7.0,30.0,20.0,5.0,0.5977218,0.5977218,0.6921228,2026-01-26-12:11:25
7.0,30.0,4.0,5.0,0.5977218,0.5977218,0.6921228,2026-01-26-12:11:25
10.0,20.0,9.0,5.0,0.56030774,0.81787354,0.56188524,2026-01-26-12:11:25
9.0,20.0,10.0,5.0,0.52838427,0.8046504,0.60268277,2026-01-26-12:11:25
8.0,30.0,18.0,5.0,0.61707354,0.6170735,0.6461944,2026-01-26-12:11:25
3.0,30.0,17.0,5.0,0.5488306,0.54883057,0.8935283,2026-01-26-12:11:29
9.0,10.0,15.0,6.0,0.48442206,1.0,0.5987096,2026-01-26-12:11:29
8.0,20.0,20.0,6.0,0.4946792,0.7906893,0.6426563,2026-01-26-12:11:29
9.0,30.0,11.0,6.0,0.6354314,0.63543135,0.5987096,2026-01-26-12:11:29
8.0,30.0,12.0,5.0,0.61707354,0.6170735,0.6461944,2026-01-26-12:11:29
8.0,30.0,20.0,5.0,0.61707354,0.6170735,0.6461944,2026-01-26-12:11:33
10.0,10.0,6.0,5.0,0.5240805,1.0,0.56188524,2026-01-26-12:11:33
10.0,20.0,1.0,5.0,0.56030774,0.81787354,0.56188524,2026-01-26-12:11:33
9.0,20.0,1.0,5.0,0.52838427,0.8046504,0.60268277,2026-01-26-12:11:33
7.0,30.0,15.0,5.0,0.5977218,0.5977218,0.6921228,2026-01-26-12:11:33
9.0,20.0,14.0,5.0,0.52838427,0.8046504,0.60268277,2026-01-26-12:11:37
8.0,30.0,14.0,5.0,0.61707354,0.6170735,0.6461944,2026-01-26-12:11:37
10.0,10.0,16.0,5.0,0.5240805,1.0,0.56188524,2026-01-26-12:11:37
10.0,20.0,14.0,5.0,0.56030774,0.81787354,0.56188524,2026-01-26-12:11:37
3.0,30.0,15.0,5.0,0.5488306,0.54883057,0.8935283,2026-01-26-12:11:37
10.0,10.0,13.0,5.0,0.5240805,1.0,0.56188524,2026-01-26-12:11:41
8.0,30.0,2.0,5.0,0.61707354,0.6170735,0.6461944,2026-01-26-12:11:41
7.0,30.0,20.0,6.0,0.5936991,0.59369904,0.68904406,2026-01-26-12:11:41
8.0,20.0,5.0,5.0,0.4996824,0.7927617,0.6461944,2026-01-26-12:11:41
3.0,30.0,16.0,5.0,0.5488306,0.54883057,0.8935283,2026-01-26-12:11:41
10.0,10.0,20.0,5.0,0.5240805,1.0,0.56188524,2026-01-26-12:11:45
8.0,30.0,19.0,5.0,0.61707354,0.6170735,0.6461944,2026-01-26-12:11:45
8.0,20.0,10.0,5.0,0.4996824,0.7927617,0.6461944,2026-01-26-12:11:45
7.0,30.0,6.0,5.0,0.5977218,0.5977218,0.6921228,2026-01-26-12:11:45
10.0,20.0,5.0,5.0,0.56030774,0.81787354,0.56188524,2026-01-26-12:11:45
7.0,30.0,16.0,5.0,0.5977218,0.5977218,0.6921228,2026-01-26-12:11:49
10.0,10.0,3.0,5.0,0.5240805,1.0,0.56188524,2026-01-26-12:11:49
8.0,20.0,19.0,5.0,0.4996824,0.7927617,0.6461944,2026-01-26-12:11:49
10.0,20.0,19.0,5.0,0.56030774,0.81787354,0.56188524,2026-01-26-12:11:49
8.0,30.0,6.0,5.0,0.61707354,0.6170735,0.6461944,2026-01-26-12:11:49
9.0,20.0,2.0,5.0,0.52838427,0.8046504,0.60268277,2026-01-26-12:11:53
10.0,20.0,2.0,5.0,0.56030774,0.81787354,0.56188524,2026-01-26-12:11:53
11.0,10.0,1.0,5.0,0.5618853,1.0,0.5240805,2026-01-26-12:11:53
8.0,20.0,2.0,5.0,0.4996824,0.7927617,0.6461944,2026-01-26-12:11:53
10.0,40.0,5.0,5.0,0.81787354,0.56030774,0.56188524,2026-01-26-12:11:53
9.0,40.0,13.0,5.0,0.8046504,0.52838427,0.60268277,2026-01-26-12:11:57
10.0,10.0,9.0,5.0,0.5240805,1.0,0.56188524,2026-01-26-12:11:57
8.0,20.0,3.0,5.0,0.4996824,0.7927617,0.6461944,2026-01-26-12:11:57
9.0,20.0,13.0,5.0,0.52838427,0.8046504,0.60268277,2026-01-26-12:11:57
9.0,30.0,15.0,5.0,0.639041,0.63904095,0.60268277,2026-01-26-12:11:57
3.0,30.0,11.0,5.0,0.5488306,0.54883057,0.8935283,2026-01-26-12:12:01
8.0,20.0,11.0,5.0,0.4996824,0.7927617,0.6461944,2026-01-26-12:12:01
9.0,20.0,8.0,5.0,0.52838427,0.8046504,0.60268277,2026-01-26-12:12:01
10.0,10.0,12.0,5.0,0.5240805,1.0,0.56188524,2026-01-26-12:12:01
10.0,20.0,17.0,5.0,0.56030774,0.81787354,0.56188524,2026-01-26-12:12:01
12.0,10.0,15.0,6.0,0.59870964,1.0,0.48442206,2026-01-26-12:12:05
12.0,10.0,5.0,4.0,0.59870964,1.0,0.48442206,2026-01-26-12:12:05
11.0,50.0,20.0,3.0,1.0,0.5443607,0.50504375,2026-01-26-12:12:05
12.0,10.0,19.0,1.0,0.5391121,1.0,0.4078511,2026-01-26-12:12:05
11.0,10.0,13.0,3.0,0.5443607,1.0,0.50504375,2026-01-26-12:12:05
14.0,20.0,16.0,5.0,0.7155586,0.8821806,0.43109274,2026-01-26-12:12:10
12.0,20.0,5.0,5.0,0.63292676,0.8479533,0.4895268,2026-01-26-12:12:10
11.0,10.0,17.0,7.0,0.5443607,1.0,0.50504375,2026-01-26-12:12:10
14.0,20.0,13.0,4.0,0.71271414,0.88100237,0.42540368,2026-01-26-12:12:10
12.0,10.0,15.0,5.0,0.60268277,1.0,0.4895268,2026-01-26-12:12:10
12.0,20.0,13.0,4.0,0.629256,0.8464328,0.48442206,2026-01-26-12:12:14
12.0,10.0,5.0,7.0,0.5867901,1.0,0.4691079,2026-01-26-12:12:14
12.0,10.0,5.0,3.0,0.5867901,1.0,0.4691079,2026-01-26-12:12:14
7.0,30.0,2.0,7.0,0.58163077,0.5816307,0.6798078,2026-01-26-12:12:14
12.0,30.0,2.0,5.0,0.71905434,0.7190543,0.4895268,2026-01-26-12:12:14
12.0,10.0,2.0,5.0,0.60268277,1.0,0.4895268,2026-01-26-12:12:18
11.0,10.0,20.0,8.0,0.522455,1.0,0.48124775,2026-01-26-12:12:18
12.0,10.0,2.0,8.0,0.5669243,1.0,0.4435842,2026-01-26-12:12:18
11.0,50.0,20.0,9.0,1.0,0.49178696,0.44793338,2026-01-26-12:12:18
7.0,30.0,13.0,3.0,0.58163077,0.5816307,0.6798078,2026-01-26-12:12:18
11.0,10.0,15.0,5.0,0.5618853,1.0,0.5240805,2026-01-26-12:12:22
10.0,40.0,13.0,7.0,0.8105885,0.5427201,0.54436064,2026-01-26-12:12:22
12.0,10.0,20.0,5.0,0.60268277,1.0,0.4895268,2026-01-26-12:12:22
11.0,50.0,15.0,5.0,1.0,0.5618853,0.5240805,2026-01-26-12:12:22
10.0,40.0,5.0,9.0,0.7887333,0.48995697,0.4917869,2026-01-26-12:12:22
12.0,10.0,17.0,5.0,0.60268277,1.0,0.4895268,2026-01-26-12:12:27
12.0,10.0,10.0,5.0,0.60268277,1.0,0.4895268,2026-01-26-12:12:27
12.0,30.0,9.0,5.0,0.71905434,0.7190543,0.4895268,2026-01-26-12:12:27
7.0,30.0,0.0,0.0,0.49715227,0.49715224,0.6151535,2026-01-26-12:12:27
12.0,20.0,8.0,5.0,0.63292676,0.8479533,0.4895268,2026-01-26-12:12:27
12.0,10.0,6.0,5.0,0.60268277,1.0,0.4895268,2026-01-26-12:12:32
12.0,30.0,14.0,5.0,0.71905434,0.7190543,0.4895268,2026-01-26-12:12:32
12.0,10.0,1.0,5.0,0.60268277,1.0,0.4895268,2026-01-26-12:12:32
12.0,30.0,16.0,5.0,0.71905434,0.7190543,0.4895268,2026-01-26-12:12:32
12.0,50.0,1.0,5.0,1.0,0.60268277,0.4895268,2026-01-26-12:12:32
12.0,50.0,18.0,5.0,1.0,0.60268277,0.4895268,2026-01-26-12:12:37
13.0,10.0,5.0,5.0,0.6461944,1.0,0.45846015,2026-01-26-12:12:37
8.0,30.0,1.0,3.0,0.60175645,0.60175645,0.63204217,2026-01-26-12:12:37
12.0,50.0,4.0,5.0,1.0,0.60268277,0.4895268,2026-01-26-12:12:37
12.0,10.0,4.0,5.0,0.60268277,1.0,0.4895268,2026-01-26-12:12:37
10.0,40.0,17.0,5.0,0.81787354,0.56030774,0.56188524,2026-01-26-12:12:42
10.0,10.0,5.0,5.0,0.5240805,1.0,0.56188524,2026-01-26-12:12:42
8.0,30.0,1.0,5.0,0.61707354,0.6170735,0.6461944,2026-01-26-12:12:42
12.0,50.0,7.0,5.0,1.0,0.60268277,0.4895268,2026-01-26-12:12:42
9.0,20.0,4.0,5.0,0.52838427,0.8046504,0.60268277,2026-01-26-12:12:42
9.0,40.0,6.0,5.0,0.8046504,0.52838427,0.60268277,2026-01-26-12:12:46
13.0,20.0,5.0,5.0,0.6731262,0.8646045,0.45846015,2026-01-26-12:12:46
1.0,30.0,5.0,5.0,0.54259217,0.54259217,1.0,2026-01-26-12:12:46
13.0,20.0,9.0,5.0,0.6731262,0.8646045,0.45846015,2026-01-26-12:12:46
12.0,50.0,11.0,5.0,1.0,0.60268277,0.4895268,2026-01-26-12:12:46
3.0,30.0,5.0,5.0,0.5488306,0.54883057,0.8935283,2026-01-26-12:12:51
5.0,30.0,3.0,5.0,0.56737584,0.5673758,0.78996086,2026-01-26-12:12:51
11.0,50.0,20.0,5.0,1.0,0.5618853,0.5240805,2026-01-26-12:12:51
9.0,40.0,3.0,5.0,0.8046504,0.52838427,0.60268277,2026-01-26-12:12:51
10.0,40.0,12.0,5.0,0.81787354,0.56030774,0.56188524,2026-01-26-12:12:51
10.0,40.0,13.0,5.0,0.81787354,0.56030774,0.56188524,2026-01-26-12:12:56
10.0,30.0,3.0,5.0,0.6634741,0.6634741,0.56188524,2026-01-26-12:12:56
1.0,30.0,3.0,5.0,0.54259217,0.54259217,1.0,2026-01-26-12:12:56
5.0,30.0,20.0,5.0,0.56737584,0.5673758,0.78996086,2026-01-26-12:12:56
11.0,20.0,9.0,5.0,0.59523475,0.8323408,0.5240805,2026-01-26-12:12:56
5.0,30.0,11.0,5.0,0.56737584,0.5673758,0.78996086,2026-01-26-12:13:01
9.0,40.0,7.0,5.0,0.8046504,0.52838427,0.60268277,2026-01-26-12:13:01
5.0,30.0,17.0,5.0,0.56737584,0.5673758,0.78996086,2026-01-26-12:13:01
10.0,40.0,2.0,5.0,0.81787354,0.56030774,0.56188524,2026-01-26-12:13:01
1.0,30.0,11.0,5.0,0.54259217,0.54259217,1.0,2026-01-26-12:13:01
5.0,30.0,15.0,5.0,0.56737584,0.5673758,0.78996086,2026-01-26-12:13:06
9.0,30.0,17.0,5.0,0.639041,0.63904095,0.60268277,2026-01-26-12:13:06
9.0,20.0,17.0,5.0,0.52838427,0.8046504,0.60268277,2026-01-26-12:13:06
10.0,20.0,16.0,5.0,0.56030774,0.81787354,0.56188524,2026-01-26-12:13:06
11.0,10.0,4.0,5.0,0.5618853,1.0,0.5240805,2026-01-26-12:13:06
9.0,40.0,4.0,5.0,0.8046504,0.52838427,0.60268277,2026-01-26-12:13:11
5.0,30.0,8.0,5.0,0.56737584,0.5673758,0.78996086,2026-01-26-12:13:11
11.0,50.0,10.0,6.0,1.0,0.5575041,0.5193213,2026-01-26-12:13:11
11.0,30.0,3.0,5.0,0.69020617,0.6902061,0.5240805,2026-01-26-12:13:11
9.0,30.0,3.0,5.0,0.639041,0.63904095,0.60268277,2026-01-26-12:13:11
5.0,30.0,13.0,5.0,0.56737584,0.5673758,0.78996086,2026-01-26-12:13:17
10.0,30.0,18.0,5.0,0.6634741,0.6634741,0.56188524,2026-01-26-12:13:17
9.0,40.0,15.0,5.0,0.8046504,0.52838427,0.60268277,2026-01-26-12:13:17
11.0,10.0,6.0,5.0,0.5618853,1.0,0.5240805,2026-01-26-12:13:17
10.0,40.0,18.0,5.0,0.81787354,0.56030774,0.56188524,2026-01-26-12:13:17
8.0,40.0,20.0,3.0,0.7844721,0.4796697,0.63204217,2026-01-26-12:13:22
10.0,40.0,13.0,3.0,0.8105885,0.5427201,0.54436064,2026-01-26-12:13:22
5.0,30.0,10.0,5.0,0.56737584,0.5673758,0.78996086,2026-01-26-12:13:22
8.0,40.0,20.0,2.0,0.77411026,0.45465377,0.61435187,2026-01-26-12:13:22
10.0,40.0,13.0,2.0,0.80148214,0.52073544,0.5224549,2026-01-26-12:13:22
1.0,30.0,20.0,5.0,0.54259217,0.54259217,1.0,2026-01-26-12:13:27
5.0,30.0,12.0,5.0,0.56737584,0.5673758,0.78996086,2026-01-26-12:13:27
5.0,30.0,6.0,5.0,0.56737584,0.5673758,0.78996086,2026-01-26-12:13:27
7.0,30.0,5.0,5.0,0.5977218,0.5977218,0.6921228,2026-01-26-12:13:27
8.0,30.0,5.0,5.0,0.61707354,0.6170735,0.6461944,2026-01-26-12:13:27
5.0,30.0,7.0,5.0,0.56737584,0.5673758,0.78996086,2026-01-26-12:13:33
10.0,20.0,7.0,5.0,0.56030774,0.81787354,0.56188524,2026-01-26-12:13:33
11.0,20.0,7.0,5.0,0.59523475,0.8323408,0.5240805,2026-01-26-12:13:33
9.0,20.0,6.0,5.0,0.52838427,0.8046504,0.60268277,2026-01-26-12:13:33
10.0,30.0,7.0,5.0,0.6634741,0.6634741,0.56188524,2026-01-26-12:13:33
5.0,30.0,1.0,5.0,0.56737584,0.5673758,0.78996086,2026-01-26-12:13:38
9.0,30.0,11.0,5.0,0.639041,0.63904095,0.60268277,2026-01-26-12:13:38
11.0,10.0,14.0,5.0,0.5618853,1.0,0.5240805,2026-01-26-12:13:38
8.0,30.0,13.0,5.0,0.61707354,0.6170735,0.6461944,2026-01-26-12:13:38
11.0,20.0,17.0,5.0,0.59523475,0.8323408,0.5240805,2026-01-26-12:13:38
5.0,30.0,4.0,5.0,0.56737584,0.5673758,0.78996086,2026-01-26-12:13:43
9.0,40.0,14.0,5.0,0.8046504,0.52838427,0.60268277,2026-01-26-12:13:43
10.0,30.0,16.0,5.0,0.6634741,0.6634741,0.56188524,2026-01-26-12:13:43
11.0,10.0,2.0,5.0,0.5618853,1.0,0.5240805,2026-01-26-12:13:43
11.0,20.0,2.0,5.0,0.59523475,0.8323408,0.5240805,2026-01-26-12:13:43
5.0,30.0,18.0,5.0,0.56737584,0.5673758,0.78996086,2026-01-26-12:13:49
7.0,30.0,17.0,5.0,0.5977218,0.5977218,0.6921228,2026-01-26-12:13:49
10.0,50.0,16.0,5.0,1.0,0.5240805,0.56188524,2026-01-26-12:13:49
9.0,40.0,8.0,5.0,0.8046504,0.52838427,0.60268277,2026-01-26-12:13:49
11.0,30.0,18.0,5.0,0.69020617,0.6902061,0.5240805,2026-01-26-12:13:49
5.0,30.0,14.0,5.0,0.56737584,0.5673758,0.78996086,2026-01-26-12:13:55
9.0,40.0,5.0,5.0,0.8046504,0.52838427,0.60268277,2026-01-26-12:13:55
10.0,30.0,11.0,5.0,0.6634741,0.6634741,0.56188524,2026-01-26-12:13:55
11.0,20.0,16.0,5.0,0.59523475,0.8323408,0.5240805,2026-01-26-12:13:55
1.0,30.0,8.0,5.0,0.54259217,0.54259217,1.0,2026-01-26-12:13:55
10.0,50.0,20.0,7.0,1.0,0.5050438,0.54436064,2026-01-26-12:14:01
9.0,40.0,19.0,5.0,0.8046504,0.52838427,0.60268277,2026-01-26-12:14:01
5.0,30.0,16.0,5.0,0.56737584,0.5673758,0.78996086,2026-01-26-12:14:01
10.0,30.0,8.0,5.0,0.6634741,0.6634741,0.56188524,2026-01-26-12:14:01
10.0,10.0,18.0,5.0,0.5240805,1.0,0.56188524,2026-01-26-12:14:01
5.0,30.0,19.0,5.0,0.56737584,0.5673758,0.78996086,2026-01-26-12:14:07
10.0,10.0,8.0,5.0,0.5240805,1.0,0.56188524,2026-01-26-12:14:07
1.0,30.0,13.0,5.0,0.54259217,0.54259217,1.0,2026-01-26-12:14:07
5.0,30.0,2.0,5.0,0.56737584,0.5673758,0.78996086,2026-01-26-12:14:07
1.0,30.0,10.0,5.0,0.54259217,0.54259217,1.0,2026-01-26-12:14:07
11.0,40.0,6.0,5.0,0.8323408,0.59523475,0.5240805,2026-01-26-12:14:14
9.0,30.0,1.0,5.0,0.639041,0.63904095,0.60268277,2026-01-26-12:14:14
10.0,10.0,1.0,5.0,0.5240805,1.0,0.56188524,2026-01-26-12:14:14
1.0,30.0,17.0,5.0,0.54259217,0.54259217,1.0,2026-01-26-12:14:14
8.0,30.0,11.0,5.0,0.61707354,0.6170735,0.6461944,2026-01-26-12:14:14
1.0,30.0,15.0,5.0,0.54259217,0.54259217,1.0,2026-01-26-12:14:20
8.0,20.0,9.0,5.0,0.4996824,0.7927617,0.6461944,2026-01-26-12:14:20
11.0,40.0,10.0,5.0,0.8323408,0.59523475,0.5240805,2026-01-26-12:14:20
1.0,30.0,19.0,5.0,0.54259217,0.54259217,1.0,2026-01-26-12:14:20
9.0,30.0,10.0,5.0,0.639041,0.63904095,0.60268277,2026-01-26-12:14:20
11.0,40.0,13.0,5.0,0.8323408,0.59523475,0.5240805,2026-01-26-12:14:27
1.0,30.0,2.0,5.0,0.54259217,0.54259217,1.0,2026-01-26-12:14:27
10.0,30.0,19.0,5.0,0.6634741,0.6634741,0.56188524,2026-01-26-12:14:27
9.0,30.0,16.0,5.0,0.639041,0.63904095,0.60268277,2026-01-26-12:14:27
8.0,30.0,17.0,5.0,0.61707354,0.6170735,0.6461944,2026-01-26-12:14:27
11.0,40.0,5.0,5.0,0.8323408,0.59523475,0.5240805,2026-01-26-12:14:34
9.0,40.0,11.0,5.0,0.8046504,0.52838427,0.60268277,2026-01-26-12:14:34
10.0,20.0,3.0,5.0,0.56030774,0.81787354,0.56188524,2026-01-26-12:14:34
6.0,30.0,20.0,5.0,0.5811181,0.5811181,0.7401543,2026-01-26-12:14:34
11.0,20.0,1.0,5.0,0.59523475,0.8323408,0.5240805,2026-01-26-12:14:34
6.0,30.0,5.0,5.0,0.5811181,0.5811181,0.7401543,2026-01-26-12:14:40
8.0,20.0,14.0,5.0,0.4996824,0.7927617,0.6461944,2026-01-26-12:14:40
1.0,30.0,6.0,5.0,0.54259217,0.54259217,1.0,2026-01-26-12:14:40
8.0,30.0,15.0,5.0,0.61707354,0.6170735,0.6461944,2026-01-26-12:14:40
1.0,30.0,12.0,5.0,0.54259217,0.54259217,1.0,2026-01-26-12:14:40
1.0,30.0,9.0,6.0,0.5380181,0.53801805,1.0,2026-01-26-12:14:48
11.0,40.0,9.0,5.0,0.8323408,0.59523475,0.5240805,2026-01-26-12:14:48
11.0,20.0,12.0,5.0,0.59523475,0.8323408,0.5240805,2026-01-26-12:14:48
10.0,20.0,5.0,6.0,0.5559108,0.81605226,0.5575041,2026-01-26-12:14:48
8.0,30.0,18.0,6.0,0.61324424,0.61324424,0.6426563,2026-01-26-12:14:48
10.0,50.0,19.0,5.0,1.0,0.5240805,0.56188524,2026-01-26-12:14:56
10.0,10.0,17.0,5.0,0.5240805,1.0,0.56188524,2026-01-26-12:14:56
6.0,30.0,3.0,5.0,0.5811181,0.5811181,0.7401543,2026-01-26-12:14:56
1.0,30.0,4.0,5.0,0.54259217,0.54259217,1.0,2026-01-26-12:14:56
1.0,30.0,16.0,5.0,0.54259217,0.54259217,1.0,2026-01-26-12:14:56
10.0,20.0,15.0,5.0,0.56030774,0.81787354,0.56188524,2026-01-26-12:15:04
11.0,40.0,16.0,6.0,0.83066416,0.5911871,0.5193213,2026-01-26-12:15:04
10.0,40.0,15.0,5.0,0.81787354,0.56030774,0.56188524,2026-01-26-12:15:04
11.0,20.0,4.0,5.0,0.59523475,0.8323408,0.5240805,2026-01-26-12:15:04
10.0,50.0,14.0,5.0,1.0,0.5240805,0.56188524,2026-01-26-12:15:04
11.0,40.0,19.0,5.0,0.8323408,0.59523475,0.5240805,2026-01-26-12:15:11
6.0,30.0,12.0,5.0,0.5811181,0.5811181,0.7401543,2026-01-26-12:15:11
9.0,30.0,12.0,5.0,0.639041,0.63904095,0.60268277,2026-01-26-12:15:11
1.0,30.0,18.0,5.0,0.54259217,0.54259217,1.0,2026-01-26-12:15:11
10.0,40.0,11.0,5.0,0.81787354,0.56030774,0.56188524,2026-01-26-12:15:11
9.0,50.0,2.0,5.0,1.0,0.4895268,0.60268277,2026-01-26-12:15:19
6.0,40.0,16.0,5.0,0.77330273,0.4527044,0.7401543,2026-01-26-12:15:19
8.0,50.0,2.0,5.0,1.0,0.45846015,0.6461944,2026-01-26-12:15:19
4.0,30.0,15.0,5.0,0.5565887,0.5565887,0.8412023,2026-01-26-12:15:19
9.0,50.0,6.0,6.0,1.0,0.48442206,0.5987096,2026-01-26-12:15:19
11.0,40.0,17.0,5.0,0.8323408,0.59523475,0.5240805,2026-01-26-12:15:28
11.0,20.0,8.0,5.0,0.59523475,0.8323408,0.5240805,2026-01-26-12:15:28
1.0,30.0,9.0,5.0,0.54259217,0.54259217,1.0,2026-01-26-12:15:28
8.0,30.0,7.0,5.0,0.61707354,0.6170735,0.6461944,2026-01-26-12:15:28
10.0,20.0,20.0,5.0,0.56030774,0.81787354,0.56188524,2026-01-26-12:15:28
6.0,30.0,18.0,5.0,0.5811181,0.5811181,0.7401543,2026-01-26-12:15:36
1.0,30.0,14.0,5.0,0.54259217,0.54259217,1.0,2026-01-26-12:15:36
9.0,40.0,2.0,5.0,0.8046504,0.52838427,0.60268277,2026-01-26-12:15:36
1.0,30.0,7.0,5.0,0.54259217,0.54259217,1.0,2026-01-26-12:15:36
6.0,30.0,15.0,5.0,0.5811181,0.5811181,0.7401543,2026-01-26-12:15:36
2.0,30.0,16.0,6.0,0.53959596,0.53959596,0.94604754,2026-01-26-12:15:44
8.0,40.0,10.0,6.0,0.7906893,0.4946792,0.6426563,2026-01-26-12:15:44
9.0,50.0,19.0,3.0,1.0,0.4691079,0.5867901,2026-01-26-12:15:44
7.0,40.0,1.0,5.0,0.7822887,0.4743982,0.6921228,2026-01-26-12:15:44
10.0,50.0,4.0,5.0,1.0,0.5240805,0.56188524,2026-01-26-12:15:44
6.0,30.0,13.0,5.0,0.5811181,0.5811181,0.7401543,2026-01-26-12:15:52
8.0,30.0,10.0,5.0,0.61707354,0.6170735,0.6461944,2026-01-26-12:15:52
9.0,40.0,1.0,5.0,0.8046504,0.52838427,0.60268277,2026-01-26-12:15:52
8.0,40.0,16.0,5.0,0.7927617,0.4996824,0.6461944,2026-01-26-12:15:52
10.0,50.0,18.0,5.0,1.0,0.5240805,0.56188524,2026-01-26-12:15:52
2.0,30.0,11.0,5.0,0.54415447,0.5441544,0.9465817,2026-01-26-12:15:59
4.0,30.0,11.0,5.0,0.5565887,0.5565887,0.8412023,2026-01-26-12:15:59
6.0,30.0,1.0,5.0,0.5811181,0.5811181,0.7401543,2026-01-26-12:15:59
6.0,30.0,8.0,5.0,0.5811181,0.5811181,0.7401543,2026-01-26-12:15:59
2.0,30.0,11.0,6.0,0.53959596,0.53959596,0.94604754,2026-01-26-12:15:59
8.0,40.0,13.0,10.0,0.74095213,0.37460297,0.55774295,2026-01-26-12:16:07
9.0,30.0,19.0,5.0,0.639041,0.63904095,0.60268277,2026-01-26-12:16:07
9.0,40.0,16.0,5.0,0.8046504,0.52838427,0.60268277,2026-01-26-12:16:07
8.0,40.0,10.0,5.0,0.7927617,0.4996824,0.6461944,2026-01-26-12:16:07
10.0,40.0,9.0,5.0,0.81787354,0.56030774,0.56188524,2026-01-26-12:16:07
10.0,50.0,20.0,10.0,1.0,0.40510067,0.45235655,2026-01-26-12:16:16
6.0,30.0,4.0,5.0,0.5811181,0.5811181,0.7401543,2026-01-26-12:16:16
9.0,30.0,7.0,5.0,0.639041,0.63904095,0.60268277,2026-01-26-12:16:16
9.0,40.0,10.0,5.0,0.8046504,0.52838427,0.60268277,2026-01-26-12:16:16
8.0,40.0,1.0,5.0,0.7927617,0.4996824,0.6461944,2026-01-26-12:16:16
4.0,30.0,18.0,5.0,0.5565887,0.5565887,0.8412023,2026-01-26-12:16:24
10.0,20.0,16.0,6.0,0.5559108,0.81605226,0.5575041,2026-01-26-12:16:24
8.0,20.0,1.0,5.0,0.4996824,0.7927617,0.6461944,2026-01-26-12:16:24
8.0,20.0,7.0,5.0,0.4996824,0.7927617,0.6461944,2026-01-26-12:16:24
9.0,20.0,16.0,4.0,0.5236681,0.8026969,0.5987096,2026-01-26-12:16:24
11.0,40.0,7.0,5.0,0.8323408,0.59523475,0.5240805,2026-01-26-12:16:32
6.0,30.0,10.0,5.0,0.5811181,0.5811181,0.7401543,2026-01-26-12:16:32
9.0,50.0,0.0,0.0,1.0,0.36190853,0.5033534,2026-01-26-12:16:32
8.0,40.0,12.0,5.0,0.7927617,0.4996824,0.6461944,2026-01-26-12:16:32
10.0,40.0,4.0,5.0,0.81787354,0.56030774,0.56188524,2026-01-26-12:16:32
8.0,20.0,6.0,5.0,0.4996824,0.7927617,0.6461944,2026-01-26-12:16:41
10.0,20.0,6.0,5.0,0.56030774,0.81787354,0.56188524,2026-01-26-12:16:41
6.0,30.0,2.0,5.0,0.5811181,0.5811181,0.7401543,2026-01-26-12:16:41
9.0,40.0,12.0,5.0,0.8046504,0.52838427,0.60268277,2026-01-26-12:16:41
4.0,30.0,8.0,5.0,0.5565887,0.5565887,0.8412023,2026-01-26-12:16:41
10.0,50.0,20.0,6.0,1.0,0.5193213,0.5575041,2026-01-26-12:16:50
4.0,30.0,1.0,5.0,0.5565887,0.5565887,0.8412023,2026-01-26-12:16:50
2.0,50.0,20.0,5.0,1.0,0.35533705,0.9465817,2026-01-26-12:16:50
2.0,30.0,10.0,5.0,0.54415447,0.5441544,0.9465817,2026-01-26-12:16:50
9.0,40.0,17.0,5.0,0.8046504,0.52838427,0.60268277,2026-01-26-12:16:50
10.0,20.0,4.0,5.0,0.56030774,0.81787354,0.56188524,2026-01-26-12:16:58
6.0,30.0,14.0,5.0,0.5811181,0.5811181,0.7401543,2026-01-26-12:16:58
4.0,30.0,20.0,5.0,0.5565887,0.5565887,0.8412023,2026-01-26-12:16:58
8.0,20.0,13.0,5.0,0.4996824,0.7927617,0.6461944,2026-01-26-12:16:58
2.0,30.0,20.0,5.0,0.54415447,0.5441544,0.9465817,2026-01-26-12:16:58
10.0,50.0,1.0,5.0,1.0,0.5240805,0.56188524,2026-01-26-12:17:07
4.0,30.0,17.0,6.0,0.5521546,0.5521546,0.8396143,2026-01-26-12:17:07
7.0,40.0,17.0,6.0,0.7801115,0.4691422,0.68904406,2026-01-26-12:17:07
6.0,30.0,19.0,6.0,0.57692933,0.5769293,0.7375558,2026-01-26-12:17:07
1.0,30.0,14.0,6.0,0.5380181,0.53801805,1.0,2026-01-26-12:17:07
10.0,10.0,11.0,5.0,0.5240805,1.0,0.56188524,2026-01-26-12:17:16
6.0,30.0,19.0,5.0,0.5811181,0.5811181,0.7401543,2026-01-26-12:17:16
4.0,30.0,13.0,5.0,0.5565887,0.5565887,0.8412023,2026-01-26-12:17:16
5.0,30.0,9.0,5.0,0.56737584,0.5673758,0.78996086,2026-01-26-12:17:16
2.0,30.0,3.0,5.0,0.54415447,0.5441544,0.9465817,2026-01-26-12:17:16
6.0,30.0,9.0,6.0,0.57692933,0.5769293,0.7375558,2026-01-26-12:17:26
10.0,50.0,7.0,5.0,1.0,0.5240805,0.56188524,2026-01-26-12:17:26
8.0,40.0,4.0,6.0,0.7906893,0.4946792,0.6426563,2026-01-26-12:17:26
4.0,30.0,2.0,6.0,0.5521546,0.5521546,0.8396143,2026-01-26-12:17:26
11.0,50.0,7.0,5.0,1.0,0.5618853,0.5240805,2026-01-26-12:17:26
6.0,30.0,7.0,4.0,0.57692933,0.5769293,0.7375558,2026-01-26-12:17:35
10.0,50.0,3.0,5.0,1.0,0.5240805,0.56188524,2026-01-26-12:17:35
8.0,40.0,6.0,6.0,0.7906893,0.4946792,0.6426563,2026-01-26-12:17:35
9.0,40.0,16.0,7.0,0.79683644,0.50951964,0.5867901,2026-01-26-12:17:35
1.0,30.0,6.0,6.0,0.5380181,0.53801805,1.0,2026-01-26-12:17:35
2.0,30.0,18.0,4.0,0.53959596,0.53959596,0.94604754,2026-01-26-12:17:45
10.0,50.0,2.0,6.0,1.0,0.5193213,0.5575041,2026-01-26-12:17:45
9.0,40.0,18.0,5.0,0.8046504,0.52838427,0.60268277,2026-01-26-12:17:45
5.0,30.0,8.0,6.0,0.56304955,0.5630495,0.78786045,2026-01-26-12:17:45
8.0,40.0,7.0,6.0,0.7906893,0.4946792,0.6426563,2026-01-26-12:17:45
4.0,30.0,5.0,4.0,0.5521546,0.5521546,0.8396143,2026-01-26-12:17:54
6.0,30.0,7.0,5.0,0.5811181,0.5811181,0.7401543,2026-01-26-12:17:54
4.0,30.0,12.0,5.0,0.5565887,0.5565887,0.8412023,2026-01-26-12:17:54
10.0,30.0,15.0,5.0,0.6634741,0.6634741,0.56188524,2026-01-26-12:17:54
8.0,40.0,13.0,5.0,0.7927617,0.4996824,0.6461944,2026-01-26-12:17:54
4.0,30.0,10.0,5.0,0.5565887,0.5565887,0.8412023,2026-01-26-12:18:03
6.0,30.0,16.0,5.0,0.5811181,0.5811181,0.7401543,2026-01-26-12:18:03
10.0,30.0,2.0,5.0,0.6634741,0.6634741,0.56188524,2026-01-26-12:18:03
2.0,30.0,13.0,5.0,0.54415447,0.5441544,0.9465817,2026-01-26-12:18:03
9.0,40.0,20.0,5.0,0.8046504,0.52838427,0.60268277,2026-01-26-12:18:03
4.0,30.0,19.0,5.0,0.5565887,0.5565887,0.8412023,2026-01-26-12:18:12
2.0,30.0,5.0,5.0,0.54415447,0.5441544,0.9465817,2026-01-26-12:18:12
4.0,30.0,2.0,4.0,0.5521546,0.5521546,0.8396143,2026-01-26-12:18:12
5.0,30.0,3.0,4.0,0.56304955,0.5630495,0.78786045,2026-01-26-12:18:12
10.0,40.0,16.0,5.0,0.81787354,0.56030774,0.56188524,2026-01-26-12:18:12
7.0,20.0,13.0,6.0,0.4691422,0.7801115,0.68904406,2026-01-26-12:18:21
7.0,10.0,13.0,6.0,0.42540368,1.0,0.68904406,2026-01-26-12:18:21
5.0,20.0,13.0,6.0,0.4290967,0.7635242,0.78786045,2026-01-26-12:18:21
1.0,20.0,13.0,4.0,0.39639154,0.74997723,1.0,2026-01-26-12:18:21
1.0,20.0,11.0,6.0,0.39639154,0.74997723,1.0,2026-01-26-12:18:21
8.0,20.0,20.0,5.0,0.4996824,0.7927617,0.6461944,2026-01-26-12:18:31
4.0,30.0,6.0,5.0,0.5565887,0.5565887,0.8412023,2026-01-26-12:18:31
2.0,30.0,15.0,5.0,0.54415447,0.5441544,0.9465817,2026-01-26-12:18:31
9.0,30.0,2.0,5.0,0.639041,0.63904095,0.60268277,2026-01-26-12:18:31
11.0,10.0,7.0,5.0,0.5618853,1.0,0.5240805,2026-01-26-12:18:31
11.0,40.0,14.0,5.0,0.8323408,0.59523475,0.5240805,2026-01-26-12:18:40
6.0,30.0,17.0,5.0,0.5811181,0.5811181,0.7401543,2026-01-26-12:18:40
9.0,30.0,8.0,5.0,0.639041,0.63904095,0.60268277,2026-01-26-12:18:40
10.0,10.0,13.0,6.0,0.5193213,1.0,0.5575041,2026-01-26-12:18:40
9.0,20.0,15.0,5.0,0.52838427,0.8046504,0.60268277,2026-01-26-12:18:40
11.0,20.0,13.0,5.0,0.59523475,0.8323408,0.5240805,2026-01-26-12:18:50
4.0,30.0,16.0,5.0,0.5565887,0.5565887,0.8412023,2026-01-26-12:18:50
2.0,30.0,8.0,5.0,0.54415447,0.5441544,0.9465817,2026-01-26-12:18:50
10.0,30.0,12.0,5.0,0.6634741,0.6634741,0.56188524,2026-01-26-12:18:50
11.0,10.0,19.0,5.0,0.5618853,1.0,0.5240805,2026-01-26-12:18:50
7.0,20.0,5.0,5.0,0.4743982,0.7822887,0.6921228,2026-01-26-12:19:00
4.0,20.0,9.0,5.0,0.4206552,0.7600275,0.8412023,2026-01-26-12:19:00
1.0,30.0,6.0,4.0,0.5380181,0.53801805,1.0,2026-01-26-12:19:00
7.0,20.0,2.0,4.0,0.4691422,0.7801115,0.68904406,2026-01-26-12:19:00
9.0,10.0,20.0,6.0,0.48442206,1.0,0.5987096,2026-01-26-12:19:00
2.0,30.0,7.0,4.0,0.53959596,0.53959596,0.94604754,2026-01-26-12:19:10
8.0,20.0,12.0,6.0,0.4946792,0.7906893,0.6426563,2026-01-26-12:19:10
8.0,30.0,12.0,6.0,0.61324424,0.61324424,0.6426563,2026-01-26-12:19:10
9.0,30.0,5.0,6.0,0.6354314,0.63543135,0.5987096,2026-01-26-12:19:10
5.0,30.0,6.0,4.0,0.56304955,0.5630495,0.78786045,2026-01-26-12:19:10
11.0,50.0,3.0,5.0,1.0,0.5618853,0.5240805,2026-01-26-12:19:19
11.0,30.0,7.0,5.0,0.69020617,0.6902061,0.5240805,2026-01-26-12:19:19
1.0,30.0,13.0,7.0,0.52429587,0.52429587,1.0,2026-01-26-12:19:19
10.0,40.0,8.0,5.0,0.81787354,0.56030774,0.56188524,2026-01-26-12:19:19
8.0,40.0,3.0,5.0,0.7927617,0.4996824,0.6461944,2026-01-26-12:19:19
10.0,20.0,18.0,5.0,0.56030774,0.81787354,0.56188524,2026-01-26-12:19:30
11.0,20.0,18.0,5.0,0.59523475,0.8323408,0.5240805,2026-01-26-12:19:30
10.0,50.0,6.0,5.0,1.0,0.5240805,0.56188524,2026-01-26-12:19:30
8.0,40.0,19.0,5.0,0.7927617,0.4996824,0.6461944,2026-01-26-12:19:30
10.0,40.0,3.0,5.0,0.81787354,0.56030774,0.56188524,2026-01-26-12:19:30
4.0,30.0,14.0,5.0,0.5565887,0.5565887,0.8412023,2026-01-26-12:19:39
2.0,30.0,1.0,5.0,0.54415447,0.5441544,0.9465817,2026-01-26-12:19:39
10.0,30.0,13.0,5.0,0.6634741,0.6634741,0.56188524,2026-01-26-12:19:39
8.0,40.0,9.0,5.0,0.7927617,0.4996824,0.6461944,2026-01-26-12:19:39
8.0,30.0,7.0,6.0,0.61324424,0.61324424,0.6426563,2026-01-26-12:19:39
10.0,50.0,17.0,5.0,1.0,0.5240805,0.56188524,2026-01-26-12:19:48
11.0,20.0,10.0,5.0,0.59523475,0.8323408,0.5240805,2026-01-26-12:19:48
11.0,50.0,2.0,5.0,1.0,0.5618853,0.5240805,2026-01-26-12:19:48
11.0,30.0,19.0,5.0,0.69020617,0.6902061,0.5240805,2026-01-26-12:19:48
11.0,20.0,5.0,5.0,0.59523475,0.8323408,0.5240805,2026-01-26-12:19:48
11.0,50.0,9.0,5.0,1.0,0.5618853,0.5240805,2026-01-26-12:19:58
4.0,30.0,5.0,5.0,0.5565887,0.5565887,0.8412023,2026-01-26-12:19:58
10.0,50.0,8.0,5.0,1.0,0.5240805,0.56188524,2026-01-26-12:19:58
9.0,30.0,3.0,6.0,0.6354314,0.63543135,0.5987096,2026-01-26-12:19:58
6.0,30.0,9.0,5.0,0.5811181,0.5811181,0.7401543,2026-01-26-12:19:58
11.0,50.0,5.0,5.0,1.0,0.5618853,0.5240805,2026-01-26-12:20:10
2.0,30.0,12.0,5.0,0.54415447,0.5441544,0.9465817,2026-01-26-12:20:10
4.0,30.0,7.0,5.0,0.5565887,0.5565887,0.8412023,2026-01-26-12:20:10
10.0,50.0,5.0,5.0,1.0,0.5240805,0.56188524,2026-01-26-12:20:10
10.0,40.0,14.0,5.0,0.81787354,0.56030774,0.56188524,2026-01-26-12:20:10
2.0,30.0,14.0,5.0,0.54415447,0.5441544,0.9465817,2026-01-26-12:20:20
10.0,50.0,9.0,5.0,1.0,0.5240805,0.56188524,2026-01-26-12:20:20
8.0,40.0,18.0,5.0,0.7927617,0.4996824,0.6461944,2026-01-26-12:20:20
8.0,40.0,5.0,5.0,0.7927617,0.4996824,0.6461944,2026-01-26-12:20:20
2.0,30.0,19.0,5.0,0.54415447,0.5441544,0.9465817,2026-01-26-12:20:20
2.0,30.0,4.0,5.0,0.54415447,0.5441544,0.9465817,2026-01-26-12:20:31
9.0,30.0,4.0,5.0,0.639041,0.63904095,0.60268277,2026-01-26-12:20:31
8.0,40.0,17.0,5.0,0.7927617,0.4996824,0.6461944,2026-01-26-12:20:31
8.0,40.0,0.0,0.0,0.74095213,0.37460297,0.55774295,2026-01-26-12:20:31
10.0,50.0,12.0,5.0,1.0,0.5240805,0.56188524,2026-01-26-12:20:31
11.0,50.0,13.0,5.0,1.0,0.5618853,0.5240805,2026-01-26-12:20:43
11.0,30.0,17.0,5.0,0.69020617,0.6902061,0.5240805,2026-01-26-12:20:43
10.0,30.0,1.0,5.0,0.6634741,0.6634741,0.56188524,2026-01-26-12:20:43
8.0,40.0,11.0,5.0,0.7927617,0.4996824,0.6461944,2026-01-26-12:20:43
1.0,30.0,5.0,4.0,0.5380181,0.53801805,1.0,2026-01-26-12:20:43
8.0,20.0,15.0,6.0,0.4946792,0.7906893,0.6426563,2026-01-26-12:20:53
2.0,30.0,15.0,6.0,0.53959596,0.53959596,0.94604754,2026-01-26-12:20:53
8.0,30.0,13.0,6.0,0.61324424,0.61324424,0.6426563,2026-01-26-12:20:53
10.0,30.0,15.0,6.0,0.66010886,0.66010886,0.5575041,2026-01-26-12:20:53
11.0,50.0,6.0,5.0,1.0,0.5618853,0.5240805,2026-01-26-12:20:53
11.0,50.0,17.0,5.0,1.0,0.5618853,0.5240805,2026-01-26-12:21:04
10.0,30.0,18.0,4.0,0.66010886,0.66010886,0.5575041,2026-01-26-12:21:04
10.0,50.0,19.0,6.0,1.0,0.5193213,0.5575041,2026-01-26-12:21:04
8.0,40.0,6.0,5.0,0.7927617,0.4996824,0.6461944,2026-01-26-12:21:04
9.0,40.0,13.0,6.0,0.8026969,0.5236681,0.5987096,2026-01-26-12:21:04
8.0,20.0,17.0,6.0,0.4946792,0.7906893,0.6426563,2026-01-26-12:21:15
4.0,30.0,16.0,6.0,0.5521546,0.5521546,0.8396143,2026-01-26-12:21:15
10.0,10.0,17.0,6.0,0.5193213,1.0,0.5575041,2026-01-26-12:21:15
1.0,30.0,16.0,6.0,0.5380181,0.53801805,1.0,2026-01-26-12:21:15
8.0,30.0,16.0,6.0,0.61324424,0.61324424,0.6426563,2026-01-26-12:21:15
11.0,20.0,3.0,5.0,0.59523475,0.8323408,0.5240805,2026-01-26-12:21:27
2.0,30.0,17.0,5.0,0.54415447,0.5441544,0.9465817,2026-01-26-12:21:27
10.0,40.0,6.0,5.0,0.81787354,0.56030774,0.56188524,2026-01-26-12:21:27
10.0,30.0,4.0,5.0,0.6634741,0.6634741,0.56188524,2026-01-26-12:21:27
9.0,30.0,14.0,5.0,0.639041,0.63904095,0.60268277,2026-01-26-12:21:27
2.0,30.0,18.0,5.0,0.54415447,0.5441544,0.9465817,2026-01-26-12:21:38
11.0,10.0,16.0,5.0,0.5618853,1.0,0.5240805,2026-01-26-12:21:38
11.0,40.0,18.0,5.0,0.8323408,0.59523475,0.5240805,2026-01-26-12:21:38
10.0,30.0,14.0,5.0,0.6634741,0.6634741,0.56188524,2026-01-26-12:21:38
11.0,50.0,19.0,5.0,1.0,0.5618853,0.5240805,2026-01-26-12:21:38
1.0,30.0,13.0,3.0,0.52429587,0.52429587,1.0,2026-01-26-12:21:48
6.0,30.0,11.0,5.0,0.5811181,0.5811181,0.7401543,2026-01-26-12:21:48
11.0,10.0,13.0,4.0,0.5575041,1.0,0.5193213,2026-01-26-12:21:48
11.0,40.0,4.0,5.0,0.8323408,0.59523475,0.5240805,2026-01-26-12:21:48
10.0,50.0,15.0,5.0,1.0,0.5240805,0.56188524,2026-01-26-12:21:48
4.0,30.0,9.0,5.0,0.5565887,0.5565887,0.8412023,2026-01-26-12:22:00
11.0,50.0,1.0,5.0,1.0,0.5618853,0.5240805,2026-01-26-12:22:00
10.0,20.0,12.0,5.0,0.56030774,0.81787354,0.56188524,2026-01-26-12:22:00
10.0,40.0,19.0,5.0,0.81787354,0.56030774,0.56188524,2026-01-26-12:22:00
11.0,30.0,6.0,5.0,0.69020617,0.6902061,0.5240805,2026-01-26-12:22:00
11.0,50.0,5.0,6.0,1.0,0.5575041,0.5193213,2026-01-26-12:22:12
10.0,50.0,13.0,5.0,1.0,0.5240805,0.56188524,2026-01-26-12:22:12
9.0,30.0,18.0,5.0,0.639041,0.63904095,0.60268277,2026-01-26-12:22:12
10.0,50.0,2.0,5.0,1.0,0.5240805,0.56188524,2026-01-26-12:22:12
10.0,40.0,1.0,5.0,0.81787354,0.56030774,0.56188524,2026-01-26-12:22:12
4.0,30.0,17.0,5.0,0.5565887,0.5565887,0.8412023,2026-01-26-12:22:24
11.0,30.0,16.0,5.0,0.69020617,0.6902061,0.5240805,2026-01-26-12:22:24
10.0,50.0,11.0,5.0,1.0,0.5240805,0.56188524,2026-01-26-12:22:24
7.0,30.0,3.0,6.0,0.5936991,0.59369904,0.68904406,2026-01-26-12:22:24
10.0,40.0,7.0,5.0,0.81787354,0.56030774,0.56188524,2026-01-26-12:22:24
11.0,20.0,15.0,5.0,0.59523475,0.8323408,0.5240805,2026-01-26-12:22:36
10.0,30.0,9.0,5.0,0.6634741,0.6634741,0.56188524,2026-01-26-12:22:36
11.0,40.0,8.0,5.0,0.8323408,0.59523475,0.5240805,2026-01-26-12:22:36
8.0,40.0,14.0,5.0,0.7927617,0.4996824,0.6461944,2026-01-26-12:22:36
11.0,50.0,4.0,5.0,1.0,0.5618853,0.5240805,2026-01-26-12:22:36
11.0,40.0,12.0,5.0,0.8323408,0.59523475,0.5240805,2026-01-26-12:22:49
8.0,30.0,7.0,4.0,0.61324424,0.61324424,0.6426563,2026-01-26-12:22:49
3.0,30.0,18.0,5.0,0.5488306,0.54883057,0.8935283,2026-01-26-12:22:49
11.0,50.0,8.0,6.0,1.0,0.5575041,0.5193213,2026-01-26-12:22:49
8.0,40.0,2.0,5.0,0.7927617,0.4996824,0.6461944,2026-01-26-12:22:49
9.0,20.0,5.0,5.0,0.52838427,0.8046504,0.60268277,2026-01-26-12:23:01
11.0,10.0,1.0,6.0,0.5575041,1.0,0.5193213,2026-01-26-12:23:01
1.0,30.0,11.0,6.0,0.5380181,0.53801805,1.0,2026-01-26-12:23:01
7.0,30.0,1.0,6.0,0.5936991,0.59369904,0.68904406,2026-01-26-12:23:01
10.0,40.0,20.0,5.0,0.81787354,0.56030774,0.56188524,2026-01-26-12:23:01
11.0,20.0,14.0,5.0,0.59523475,0.8323408,0.5240805,2026-01-26-12:23:14
11.0,40.0,1.0,5.0,0.8323408,0.59523475,0.5240805,2026-01-26-12:23:14
11.0,30.0,8.0,5.0,0.69020617,0.6902061,0.5240805,2026-01-26-12:23:14
1.0,30.0,3.0,4.0,0.5380181,0.53801805,1.0,2026-01-26-12:23:14
1.0,30.0,5.0,7.0,0.52429587,0.52429587,1.0,2026-01-26-12:23:14
11.0,40.0,15.0,5.0,0.8323408,0.59523475,0.5240805,2026-01-26-12:23:27
1.0,30.0,12.0,6.0,0.5380181,0.53801805,1.0,2026-01-26-12:23:27
10.0,50.0,20.0,4.0,1.0,0.5193213,0.5575041,2026-01-26-12:23:27
10.0,10.0,11.0,6.0,0.5193213,1.0,0.5575041,2026-01-26-12:23:27
11.0,30.0,12.0,5.0,0.69020617,0.6902061,0.5240805,2026-01-26-12:23:27
11.0,40.0,3.0,5.0,0.8323408,0.59523475,0.5240805,2026-01-26-12:23:40
8.0,30.0,3.0,6.0,0.61324424,0.61324424,0.6426563,2026-01-26-12:23:40
10.0,50.0,18.0,6.0,1.0,0.5193213,0.5575041,2026-01-26-12:23:40
8.0,40.0,7.0,5.0,0.7927617,0.4996824,0.6461944,2026-01-26-12:23:40
9.0,40.0,19.0,6.0,0.8026969,0.5236681,0.5987096,2026-01-26-12:23:40
11.0,20.0,20.0,5.0,0.59523475,0.8323408,0.5240805,2026-01-26-12:23:52
1.0,30.0,5.0,6.0,0.5380181,0.53801805,1.0,2026-01-26-12:23:52
9.0,20.0,7.0,5.0,0.52838427,0.8046504,0.60268277,2026-01-26-12:23:52
8.0,20.0,16.0,5.0,0.4996824,0.7927617,0.6461944,2026-01-26-12:23:52
2.0,30.0,6.0,5.0,0.54415447,0.5441544,0.9465817,2026-01-26-12:23:52
1.0,30.0,10.0,4.0,0.5380181,0.53801805,1.0,2026-01-26-12:24:05
11.0,30.0,9.0,5.0,0.69020617,0.6902061,0.5240805,2026-01-26-12:24:05
9.0,30.0,13.0,5.0,0.639041,0.63904095,0.60268277,2026-01-26-12:24:05
8.0,40.0,4.0,5.0,0.7927617,0.4996824,0.6461944,2026-01-26-12:24:05
2.0,30.0,7.0,5.0,0.54415447,0.5441544,0.9465817,2026-01-26-12:24:05
8.0,40.0,20.0,5.0,0.7927617,0.4996824,0.6461944,2026-01-26-12:24:19
11.0,40.0,20.0,5.0,0.8323408,0.59523475,0.5240805,2026-01-26-12:24:19
11.0,30.0,10.0,5.0,0.69020617,0.6902061,0.5240805,2026-01-26-12:24:19
11.0,40.0,16.0,5.0,0.8323408,0.59523475,0.5240805,2026-01-26-12:24:19
11.0,30.0,4.0,5.0,0.69020617,0.6902061,0.5240805,2026-01-26-12:24:19
13.0,20.0,11.0,6.0,0.66985744,0.8632505,0.45304474,2026-01-26-12:24:32
13.0,30.0,4.0,6.0,0.7473199,0.7473198,0.45304474,2026-01-26-12:24:32
13.0,10.0,14.0,6.0,0.6426563,1.0,0.45304474,2026-01-26-12:24:32
13.0,10.0,14.0,4.0,0.6426563,1.0,0.45304474,2026-01-26-12:24:32
20.0,20.0,14.0,6.0,1.0,1.0,0.34665892,2026-01-26-12:24:32
8.0,40.0,15.0,5.0,0.7927617,0.4996824,0.6461944,2026-01-26-12:24:48
11.0,40.0,2.0,5.0,0.8323408,0.59523475,0.5240805,2026-01-26-12:24:48
11.0,30.0,14.0,5.0,0.69020617,0.6902061,0.5240805,2026-01-26-12:24:48
10.0,30.0,4.0,6.0,0.66010886,0.66010886,0.5575041,2026-01-26-12:24:48
11.0,30.0,15.0,5.0,0.69020617,0.6902061,0.5240805,2026-01-26-12:24:48
11.0,40.0,2.0,4.0,0.83066416,0.5911871,0.5193213,2026-01-26-12:25:02
11.0,20.0,14.0,6.0,0.5911871,0.83066416,0.5193213,2026-01-26-12:25:02
1.0,30.0,2.0,4.0,0.5380181,0.53801805,1.0,2026-01-26-12:25:02
9.0,20.0,18.0,5.0,0.52838427,0.8046504,0.60268277,2026-01-26-12:25:02
11.0,30.0,2.0,6.0,0.6871082,0.68710816,0.5193213,2026-01-26-12:25:02
11.0,30.0,1.0,5.0,0.69020617,0.6902061,0.5240805,2026-01-26-12:25:16
1.0,30.0,15.0,6.0,0.5380181,0.53801805,1.0,2026-01-26-12:25:16
11.0,20.0,15.0,10.0,0.49404344,0.79042596,0.4051006,2026-01-26-12:25:16
8.0,30.0,3.0,4.0,0.61324424,0.61324424,0.6426563,2026-01-26-12:25:16
4.0,30.0,3.0,5.0,0.5565887,0.5565887,0.8412023,2026-01-26-12:25:16
11.0,30.0,5.0,5.0,0.69020617,0.6902061,0.5240805,2026-01-26-12:25:28
6.0,30.0,13.0,4.0,0.57692933,0.5769293,0.7375558,2026-01-26-12:25:28
11.0,30.0,17.0,6.0,0.6871082,0.68710816,0.5193213,2026-01-26-12:25:28
9.0,40.0,14.0,6.0,0.8026969,0.5236681,0.5987096,2026-01-26-12:25:28
8.0,30.0,2.0,4.0,0.61324424,0.61324424,0.6426563,2026-01-26-12:25:28
2.0,30.0,9.0,5.0,0.54415447,0.5441544,0.9465817,2026-01-26-12:25:42
7.0,30.0,11.0,6.0,0.5936991,0.59369904,0.68904406,2026-01-26-12:25:42
8.0,40.0,16.0,6.0,0.7906893,0.4946792,0.6426563,2026-01-26-12:25:42
8.0,30.0,14.0,4.0,0.61324424,0.61324424,0.6426563,2026-01-26-12:25:42
9.0,40.0,8.0,6.0,0.8026969,0.5236681,0.5987096,2026-01-26-12:25:42
8.0,20.0,12.0,5.0,0.4996824,0.7927617,0.6461944,2026-01-26-12:25:56
3.0,30.0,9.0,5.0,0.5488306,0.54883057,0.8935283,2026-01-26-12:25:56
10.0,30.0,5.0,5.0,0.6634741,0.6634741,0.56188524,2026-01-26-12:25:56
8.0,30.0,17.0,6.0,0.61324424,0.61324424,0.6426563,2026-01-26-12:25:56
10.0,50.0,14.0,4.0,1.0,0.5193213,0.5575041,2026-01-26-12:25:56
10.0,30.0,20.0,5.0,0.6634741,0.6634741,0.56188524,2026-01-26-12:26:09
8.0,30.0,1.0,6.0,0.61324424,0.61324424,0.6426563,2026-01-26-12:26:09
1.0,30.0,13.0,4.0,0.5380181,0.53801805,1.0,2026-01-26-12:26:09
8.0,40.0,1.0,6.0,0.7906893,0.4946792,0.6426563,2026-01-26-12:26:09
9.0,40.0,13.0,4.0,0.8026969,0.5236681,0.5987096,2026-01-26-12:26:09
11.0,10.0,18.0,4.0,0.5575041,1.0,0.5193213,2026-01-26-12:26:24
12.0,50.0,16.0,6.0,1.0,0.59870964,0.48442206,2026-01-26-12:26:24
13.0,30.0,16.0,3.0,0.7398146,0.7398146,0.43679857,2026-01-26-12:26:24
11.0,50.0,16.0,4.0,1.0,0.5575041,0.5193213,2026-01-26-12:26:24
11.0,40.0,14.0,4.0,0.83066416,0.5911871,0.5193213,2026-01-26-12:26:24
8.0,20.0,18.0,5.0,0.4996824,0.7927617,0.6461944,2026-01-26-12:26:39
4.0,30.0,11.0,3.0,0.53885233,0.5388523,0.8348503,2026-01-26-12:26:39
3.0,30.0,20.0,5.0,0.5488306,0.54883057,0.8935283,2026-01-26-12:26:39
8.0,30.0,20.0,6.0,0.61324424,0.61324424,0.6426563,2026-01-26-12:26:39
8.0,40.0,15.0,6.0,0.7906893,0.4946792,0.6426563,2026-01-26-12:26:39
3.0,30.0,11.0,6.0,0.5443189,0.5443189,0.8924636,2026-01-26-12:26:53
3.0,30.0,20.0,7.0,0.53078383,0.53078383,0.8892695,2026-01-26-12:26:53
11.0,10.0,6.0,6.0,0.5575041,1.0,0.5193213,2026-01-26-12:26:53
1.0,30.0,17.0,6.0,0.5380181,0.53801805,1.0,2026-01-26-12:26:53
8.0,40.0,3.0,6.0,0.7906893,0.4946792,0.6426563,2026-01-26-12:26:53
10.0,10.0,12.0,4.0,0.5193213,1.0,0.5575041,2026-01-26-12:27:08
1.0,30.0,19.0,6.0,0.5380181,0.53801805,1.0,2026-01-26-12:27:08
11.0,50.0,20.0,6.0,1.0,0.5575041,0.5193213,2026-01-26-12:27:08
10.0,20.0,13.0,4.0,0.5559108,0.81605226,0.5575041,2026-01-26-12:27:08
13.0,30.0,14.0,5.0,0.74982166,0.7498216,0.45846015,2026-01-26-12:27:08
11.0,10.0,9.0,6.0,0.5575041,1.0,0.5193213,2026-01-26-12:27:22
9.0,30.0,17.0,6.0,0.6354314,0.63543135,0.5987096,2026-01-26-12:27:22
11.0,50.0,14.0,6.0,1.0,0.5575041,0.5193213,2026-01-26-12:27:22
11.0,10.0,17.0,4.0,0.5575041,1.0,0.5193213,2026-01-26-12:27:22
10.0,10.0,9.0,6.0,0.5193213,1.0,0.5575041,2026-01-26-12:27:22
1.0,30.0,8.0,4.0,0.5380181,0.53801805,1.0,2026-01-26-12:27:37
8.0,20.0,17.0,5.0,0.4996824,0.7927617,0.6461944,2026-01-26-12:27:37
11.0,10.0,12.0,6.0,0.5575041,1.0,0.5193213,2026-01-26-12:27:37
12.0,40.0,14.0,5.0,0.8479533,0.63292676,0.4895268,2026-01-26-12:27:37
11.0,40.0,3.0,6.0,0.83066416,0.5911871,0.5193213,2026-01-26-12:27:37
11.0,10.0,3.0,4.0,0.5575041,1.0,0.5193213,2026-01-26-12:27:53
8.0,30.0,9.0,4.0,0.61324424,0.61324424,0.6426563,2026-01-26-12:27:53
9.0,40.0,10.0,6.0,0.8026969,0.5236681,0.5987096,2026-01-26-12:27:53
8.0,40.0,9.0,6.0,0.7906893,0.4946792,0.6426563,2026-01-26-12:27:53
8.0,40.0,10.0,4.0,0.7906893,0.4946792,0.6426563,2026-01-26-12:27:53
2.0,30.0,16.0,3.0,0.5259206,0.5259206,0.944445,2026-01-26-12:28:09
6.0,30.0,16.0,3.0,0.5643629,0.5643628,0.7297605,2026-01-26-12:28:09
10.0,50.0,4.0,6.0,1.0,0.5193213,0.5575041,2026-01-26-12:28:09
5.0,30.0,16.0,3.0,0.5500709,0.5500708,0.7815593,2026-01-26-12:28:09
7.0,40.0,16.0,3.0,0.7735802,0.45337418,0.6798078,2026-01-26-12:28:09
10.0,50.0,16.0,6.0,1.0,0.5193213,0.5575041,2026-01-26-12:28:25
5.0,30.0,4.0,6.0,0.56304955,0.5630495,0.78786045,2026-01-26-12:28:25
1.0,30.0,4.0,6.0,0.5380181,0.53801805,1.0,2026-01-26-12:28:25
7.0,30.0,4.0,6.0,0.5936991,0.59369904,0.68904406,2026-01-26-12:28:25
9.0,30.0,4.0,6.0,0.6354314,0.63543135,0.5987096,2026-01-26-12:28:25
1.0,30.0,18.0,6.0,0.5380181,0.53801805,1.0,2026-01-26-12:28:39
11.0,10.0,4.0,6.0,0.5575041,1.0,0.5193213,2026-01-26-12:28:39
9.0,40.0,6.0,4.0,0.8026969,0.5236681,0.5987096,2026-01-26-12:28:39
10.0,10.0,14.0,6.0,0.5193213,1.0,0.5575041,2026-01-26-12:28:39
7.0,30.0,10.0,4.0,0.5936991,0.59369904,0.68904406,2026-01-26-12:28:39
11.0,50.0,9.0,7.0,1.0,0.5443607,0.50504375,2026-01-26-12:28:55
1.0,30.0,9.0,7.0,0.52429587,0.52429587,1.0,2026-01-26-12:28:55
6.0,30.0,8.0,4.0,0.57692933,0.5769293,0.7375558,2026-01-26-12:28:55
3.0,30.0,12.0,5.0,0.5488306,0.54883057,0.8935283,2026-01-26-12:28:55
9.0,40.0,15.0,6.0,0.8026969,0.5236681,0.5987096,2026-01-26-12:28:55
1.0,30.0,20.0,6.0,0.5380181,0.53801805,1.0,2026-01-26-12:29:10
8.0,30.0,6.0,6.0,0.61324424,0.61324424,0.6426563,2026-01-26-12:29:10
8.0,40.0,14.0,6.0,0.7906893,0.4946792,0.6426563,2026-01-26-12:29:10
9.0,40.0,11.0,4.0,0.8026969,0.5236681,0.5987096,2026-01-26-12:29:10
3.0,30.0,6.0,5.0,0.5488306,0.54883057,0.8935283,2026-01-26-12:29:10
12.0,40.0,11.0,6.0,0.8464328,0.629256,0.48442206,2026-01-26-12:29:26
11.0,20.0,7.0,6.0,0.5911871,0.83066416,0.5193213,2026-01-26-12:29:26
11.0,40.0,2.0,3.0,0.82563436,0.57904416,0.50504375,2026-01-26-12:29:26
8.0,30.0,12.0,4.0,0.61324424,0.61324424,0.6426563,2026-01-26-12:29:26
9.0,40.0,11.0,6.0,0.8026969,0.5236681,0.5987096,2026-01-26-12:29:26
10.0,50.0,7.0,6.0,1.0,0.5193213,0.5575041,2026-01-26-12:29:43
10.0,10.0,15.0,4.0,0.5193213,1.0,0.5575041,2026-01-26-12:29:43
4.0,30.0,15.0,4.0,0.5521546,0.5521546,0.8396143,2026-01-26-12:29:43
9.0,40.0,20.0,6.0,0.8026969,0.5236681,0.5987096,2026-01-26-12:29:43
6.0,30.0,10.0,6.0,0.57692933,0.5769293,0.7375558,2026-01-26-12:29:43
1.0,30.0,7.0,6.0,0.5380181,0.53801805,1.0,2026-01-26-12:29:58
8.0,30.0,19.0,4.0,0.61324424,0.61324424,0.6426563,2026-01-26-12:29:58
8.0,40.0,5.0,6.0,0.7906893,0.4946792,0.6426563,2026-01-26-12:29:58
10.0,50.0,6.0,6.0,1.0,0.5193213,0.5575041,2026-01-26-12:29:58
9.0,40.0,7.0,6.0,0.8026969,0.5236681,0.5987096,2026-01-26-12:29:58
10.0,10.0,3.0,6.0,0.5193213,1.0,0.5575041,2026-01-26-12:30:14
3.0,30.0,2.0,5.0,0.5488306,0.54883057,0.8935283,2026-01-26-12:30:14
9.0,30.0,16.0,4.0,0.6354314,0.63543135,0.5987096,2026-01-26-12:30:14
10.0,40.0,13.0,6.0,0.81605226,0.5559108,0.5575041,2026-01-26-12:30:14
11.0,50.0,18.0,6.0,1.0,0.5575041,0.5193213,2026-01-26-12:30:14
6.0,30.0,16.0,7.0,0.5643629,0.5643628,0.7297605,2026-01-26-12:30:30
8.0,30.0,16.0,4.0,0.61324424,0.61324424,0.6426563,2026-01-26-12:30:30
9.0,40.0,3.0,6.0,0.8026969,0.5236681,0.5987096,2026-01-26-12:30:30
8.0,40.0,11.0,6.0,0.7906893,0.4946792,0.6426563,2026-01-26-12:30:30
10.0,50.0,8.0,6.0,1.0,0.5193213,0.5575041,2026-01-26-12:30:30
1.0,30.0,9.0,4.0,0.5380181,0.53801805,1.0,2026-01-26-12:30:46
8.0,40.0,2.0,6.0,0.7906893,0.4946792,0.6426563,2026-01-26-12:30:46
9.0,40.0,6.0,6.0,0.8026969,0.5236681,0.5987096,2026-01-26-12:30:46
10.0,50.0,5.0,6.0,1.0,0.5193213,0.5575041,2026-01-26-12:30:46
4.0,30.0,2.0,5.0,0.5565887,0.5565887,0.8412023,2026-01-26-12:30:46
10.0,10.0,6.0,4.0,0.5193213,1.0,0.5575041,2026-01-26-12:31:01
8.0,30.0,4.0,6.0,0.61324424,0.61324424,0.6426563,2026-01-26-12:31:01
9.0,40.0,4.0,6.0,0.8026969,0.5236681,0.5987096,2026-01-26-12:31:01
8.0,40.0,2.0,4.0,0.7906893,0.4946792,0.6426563,2026-01-26-12:31:01
10.0,30.0,7.0,4.0,0.66010886,0.66010886,0.5575041,2026-01-26-12:31:01
11.0,10.0,10.0,4.0,0.5575041,1.0,0.5193213,2026-01-26-12:31:17
5.0,30.0,20.0,4.0,0.56304955,0.5630495,0.78786045,2026-01-26-12:31:17
8.0,30.0,20.0,4.0,0.61324424,0.61324424,0.6426563,2026-01-26-12:31:17
9.0,40.0,12.0,6.0,0.8026969,0.5236681,0.5987096,2026-01-26-12:31:17
10.0,40.0,13.0,4.0,0.81605226,0.5559108,0.5575041,2026-01-26-12:31:17
1.0,30.0,2.0,6.0,0.5380181,0.53801805,1.0,2026-01-26-12:31:34
8.0,30.0,19.0,6.0,0.61324424,0.61324424,0.6426563,2026-01-26-12:31:34
8.0,40.0,17.0,4.0,0.7906893,0.4946792,0.6426563,2026-01-26-12:31:34
9.0,40.0,2.0,4.0,0.8026969,0.5236681,0.5987096,2026-01-26-12:31:34
10.0,50.0,13.0,6.0,1.0,0.5193213,0.5575041,2026-01-26-12:31:34
11.0,50.0,9.0,4.0,1.0,0.5575041,0.5193213,2026-01-26-12:31:49
8.0,30.0,11.0,4.0,0.61324424,0.61324424,0.6426563,2026-01-26-12:31:49
11.0,50.0,18.0,4.0,1.0,0.5575041,0.5193213,2026-01-26-12:31:49
8.0,40.0,4.0,4.0,0.7906893,0.4946792,0.6426563,2026-01-26-12:31:49
9.0,40.0,4.0,4.0,0.8026969,0.5236681,0.5987096,2026-01-26-12:31:49
11.0,20.0,19.0,6.0,0.5911871,0.83066416,0.5193213,2026-01-26-12:32:06
12.0,40.0,8.0,4.0,0.8464328,0.629256,0.48442206,2026-01-26-12:32:06
11.0,10.0,16.0,6.0,0.5575041,1.0,0.5193213,2026-01-26-12:32:06
9.0,20.0,20.0,4.0,0.5236681,0.8026969,0.5987096,2026-01-26-12:32:06
10.0,20.0,17.0,4.0,0.5559108,0.81605226,0.5575041,2026-01-26-12:32:06
9.0,20.0,11.0,3.0,0.50951964,0.7968364,0.5867901,2026-01-26-12:32:23
11.0,20.0,13.0,6.0,0.5911871,0.83066416,0.5193213,2026-01-26-12:32:23
16.0,10.0,11.0,5.0,0.789961,1.0,0.38817698,2026-01-26-12:32:23
10.0,20.0,11.0,3.0,0.5427201,0.8105885,0.54436064,2026-01-26-12:32:23
16.0,30.0,11.0,5.0,0.85147995,0.85147995,0.38817698,2026-01-26-12:32:23
11.0,50.0,12.0,4.0,1.0,0.5575041,0.5193213,2026-01-26-12:32:39
7.0,30.0,3.0,4.0,0.5936991,0.59369904,0.68904406,2026-01-26-12:32:39
9.0,40.0,1.0,6.0,0.8026969,0.5236681,0.5987096,2026-01-26-12:32:39
8.0,40.0,13.0,6.0,0.7906893,0.4946792,0.6426563,2026-01-26-12:32:39
10.0,50.0,14.0,6.0,1.0,0.5193213,0.5575041,2026-01-26-12:32:39
11.0,10.0,5.0,4.0,0.5575041,1.0,0.5193213,2026-01-26-12:32:55
1.0,30.0,16.0,4.0,0.5380181,0.53801805,1.0,2026-01-26-12:32:55
7.0,30.0,2.0,6.0,0.5936991,0.59369904,0.68904406,2026-01-26-12:32:55
8.0,40.0,18.0,4.0,0.7906893,0.4946792,0.6426563,2026-01-26-12:32:55
9.0,40.0,5.0,4.0,0.8026969,0.5236681,0.5987096,2026-01-26-12:32:55
8.0,20.0,14.0,6.0,0.4946792,0.7906893,0.6426563,2026-01-26-12:33:12
10.0,10.0,15.0,6.0,0.5193213,1.0,0.5575041,2026-01-26-12:33:12
4.0,30.0,11.0,4.0,0.5521546,0.5521546,0.8396143,2026-01-26-12:33:12
7.0,30.0,8.0,6.0,0.5936991,0.59369904,0.68904406,2026-01-26-12:33:12
9.0,20.0,14.0,6.0,0.5236681,0.8026969,0.5987096,2026-01-26-12:33:12
10.0,10.0,2.0,4.0,0.5193213,1.0,0.5575041,2026-01-26-12:33:29
9.0,10.0,7.0,5.0,0.4895268,1.0,0.60268277,2026-01-26-12:33:29
8.0,20.0,4.0,4.0,0.4946792,0.7906893,0.6426563,2026-01-26-12:33:29
10.0,20.0,9.0,6.0,0.5559108,0.81605226,0.5575041,2026-01-26-12:33:29
9.0,20.0,3.0,4.0,0.5236681,0.8026969,0.5987096,2026-01-26-12:33:29
11.0,50.0,17.0,6.0,1.0,0.5575041,0.5193213,2026-01-26-12:33:46
2.0,30.0,16.0,5.0,0.54415447,0.5441544,0.9465817,2026-01-26-12:33:46
9.0,40.0,16.0,6.0,0.8026969,0.5236681,0.5987096,2026-01-26-12:33:46
9.0,10.0,3.0,4.0,0.48442206,1.0,0.5987096,2026-01-26-12:33:46
10.0,40.0,17.0,4.0,0.81605226,0.5559108,0.5575041,2026-01-26-12:33:46
1.0,30.0,12.0,4.0,0.5380181,0.53801805,1.0,2026-01-26-12:34:04
8.0,30.0,18.0,4.0,0.61324424,0.61324424,0.6426563,2026-01-26-12:34:04
8.0,40.0,15.0,4.0,0.7906893,0.4946792,0.6426563,2026-01-26-12:34:04
10.0,50.0,1.0,6.0,1.0,0.5193213,0.5575041,2026-01-26-12:34:04
9.0,40.0,15.0,4.0,0.8026969,0.5236681,0.5987096,2026-01-26-12:34:04
10.0,50.0,12.0,6.0,1.0,0.5193213,0.5575041,2026-01-26-12:34:22
11.0,50.0,15.0,6.0,1.0,0.5575041,0.5193213,2026-01-26-12:34:22
7.0,30.0,13.0,6.0,0.5936991,0.59369904,0.68904406,2026-01-26-12:34:22
11.0,10.0,14.0,4.0,0.5575041,1.0,0.5193213,2026-01-26-12:34:22
10.0,50.0,3.0,6.0,1.0,0.5193213,0.5575041,2026-01-26-12:34:22
11.0,20.0,8.0,4.0,0.5911871,0.83066416,0.5193213,2026-01-26-12:34:40
11.0,10.0,8.0,4.0,0.5575041,1.0,0.5193213,2026-01-26-12:34:40
10.0,20.0,16.0,7.0,0.5427201,0.8105885,0.54436064,2026-01-26-12:34:40
12.0,50.0,10.0,4.0,1.0,0.59870964,0.48442206,2026-01-26-12:34:40
11.0,30.0,10.0,6.0,0.6871082,0.68710816,0.5193213,2026-01-26-12:34:40
5.0,30.0,14.0,6.0,0.56304955,0.5630495,0.78786045,2026-01-26-12:34:59
9.0,40.0,8.0,4.0,0.8026969,0.5236681,0.5987096,2026-01-26-12:34:59
7.0,30.0,14.0,4.0,0.5936991,0.59369904,0.68904406,2026-01-26-12:34:59
6.0,30.0,14.0,4.0,0.57692933,0.5769293,0.7375558,2026-01-26-12:34:59
8.0,30.0,6.0,4.0,0.61324424,0.61324424,0.6426563,2026-01-26-12:34:59
11.0,20.0,6.0,4.0,0.5911871,0.83066416,0.5193213,2026-01-26-12:35:16
6.0,30.0,11.0,6.0,0.57692933,0.5769293,0.7375558,2026-01-26-12:35:16
9.0,40.0,17.0,6.0,0.8026969,0.5236681,0.5987096,2026-01-26-12:35:16
10.0,50.0,17.0,6.0,1.0,0.5193213,0.5575041,2026-01-26-12:35:16
10.0,40.0,17.0,6.0,0.81605226,0.5559108,0.5575041,2026-01-26-12:35:16
10.0,10.0,18.0,6.0,0.5193213,1.0,0.5575041,2026-01-26-12:35:34
1.0,30.0,14.0,4.0,0.5380181,0.53801805,1.0,2026-01-26-12:35:34
8.0,30.0,2.0,6.0,0.61324424,0.61324424,0.6426563,2026-01-26-12:35:34
8.0,40.0,6.0,4.0,0.7906893,0.4946792,0.6426563,2026-01-26-12:35:34
10.0,50.0,19.0,4.0,1.0,0.5193213,0.5575041,2026-01-26-12:35:34
10.0,50.0,2.0,3.0,1.0,0.5050438,0.54436064,2026-01-26-12:35:52
10.0,50.0,9.0,6.0,1.0,0.5193213,0.5575041,2026-01-26-12:35:52
9.0,30.0,18.0,4.0,0.6354314,0.63543135,0.5987096,2026-01-26-12:35:52
7.0,30.0,11.0,4.0,0.5936991,0.59369904,0.68904406,2026-01-26-12:35:52
10.0,40.0,12.0,6.0,0.81605226,0.5559108,0.5575041,2026-01-26-12:35:52
11.0,50.0,3.0,6.0,1.0,0.5575041,0.5193213,2026-01-26-12:36:08
1.0,30.0,13.0,6.0,0.5380181,0.53801805,1.0,2026-01-26-12:36:08
9.0,30.0,12.0,6.0,0.6354314,0.63543135,0.5987096,2026-01-26-12:36:08
14.0,50.0,11.0,9.0,1.0,0.6428625,0.3400676,2026-01-26-12:36:08
10.0,50.0,15.0,6.0,1.0,0.5193213,0.5575041,2026-01-26-12:36:08
9.0,20.0,10.0,6.0,0.5236681,0.8026969,0.5987096,2026-01-26-12:36:26
10.0,30.0,20.0,6.0,0.66010886,0.66010886,0.5575041,2026-01-26-12:36:26
11.0,50.0,10.0,4.0,1.0,0.5575041,0.5193213,2026-01-26-12:36:26
9.0,40.0,14.0,4.0,0.8026969,0.5236681,0.5987096,2026-01-26-12:36:26
8.0,40.0,11.0,4.0,0.7906893,0.4946792,0.6426563,2026-01-26-12:36:26
9.0,50.0,10.0,5.0,1.0,0.4895268,0.60268277,2026-01-26-12:36:45
1.0,30.0,10.0,6.0,0.5380181,0.53801805,1.0,2026-01-26-12:36:45
2.0,30.0,4.0,7.0,0.5259206,0.5259206,0.944445,2026-01-26-12:36:45
10.0,50.0,6.0,7.0,1.0,0.5050438,0.54436064,2026-01-26-12:36:45
7.0,30.0,9.0,4.0,0.5936991,0.59369904,0.68904406,2026-01-26-12:36:45
11.0,10.0,19.0,4.0,0.5575041,1.0,0.5193213,2026-01-26-12:37:02
6.0,30.0,16.0,6.0,0.57692933,0.5769293,0.7375558,2026-01-26-12:37:02
8.0,30.0,13.0,4.0,0.61324424,0.61324424,0.6426563,2026-01-26-12:37:02
10.0,50.0,11.0,6.0,1.0,0.5193213,0.5575041,2026-01-26-12:37:02
8.0,40.0,12.0,4.0,0.7906893,0.4946792,0.6426563,2026-01-26-12:37:02
10.0,20.0,1.0,6.0,0.5559108,0.81605226,0.5575041,2026-01-26-12:37:25
10.0,10.0,7.0,6.0,0.5193213,1.0,0.5575041,2026-01-26-12:37:25
9.0,20.0,8.0,6.0,0.5236681,0.8026969,0.5987096,2026-01-26-12:37:25
7.0,30.0,19.0,4.0,0.5936991,0.59369904,0.68904406,2026-01-26-12:37:25
6.0,30.0,14.0,6.0,0.57692933,0.5769293,0.7375558,2026-01-26-12:37:25
1.0,30.0,4.0,4.0,0.5380181,0.53801805,1.0,2026-01-26-12:37:43
8.0,30.0,5.0,6.0,0.61324424,0.61324424,0.6426563,2026-01-26-12:37:43
9.0,40.0,5.0,6.0,0.8026969,0.5236681,0.5987096,2026-01-26-12:37:43
8.0,40.0,19.0,6.0,0.7906893,0.4946792,0.6426563,2026-01-26-12:37:43
10.0,40.0,11.0,6.0,0.81605226,0.5559108,0.5575041,2026-01-26-12:37:43
10.0,20.0,4.0,6.0,0.5559108,0.81605226,0.5575041,2026-01-26-12:38:02
7.0,30.0,18.0,6.0,0.5936991,0.59369904,0.68904406,2026-01-26-12:38:02
1.0,30.0,11.0,4.0,0.5380181,0.53801805,1.0,2026-01-26-12:38:02
9.0,20.0,1.0,4.0,0.5236681,0.8026969,0.5987096,2026-01-26-12:38:02
9.0,30.0,15.0,6.0,0.6354314,0.63543135,0.5987096,2026-01-26-12:38:02
5.0,30.0,14.0,7.0,0.5500709,0.5500708,0.7815593,2026-01-26-12:38:21
7.0,30.0,2.0,4.0,0.5936991,0.59369904,0.68904406,2026-01-26-12:38:21
11.0,50.0,2.0,6.0,1.0,0.5575041,0.5193213,2026-01-26-12:38:21
10.0,40.0,15.0,6.0,0.81605226,0.5559108,0.5575041,2026-01-26-12:38:21
11.0,10.0,16.0,4.0,0.5575041,1.0,0.5193213,2026-01-26-12:38:21
12.0,40.0,19.0,5.0,0.8479533,0.63292676,0.4895268,2026-01-26-12:38:40
15.0,10.0,18.0,5.0,0.7401543,1.0,0.40761155,2026-01-26-12:38:40
15.0,10.0,9.0,5.0,0.7401543,1.0,0.40761155,2026-01-26-12:38:40
11.0,30.0,3.0,7.0,0.67781436,0.67781436,0.50504375,2026-01-26-12:38:40
10.0,20.0,6.0,6.0,0.5559108,0.81605226,0.5575041,2026-01-26-12:38:40
11.0,40.0,20.0,6.0,0.83066416,0.5911871,0.5193213,2026-01-26-12:38:58
11.0,20.0,9.0,4.0,0.5911871,0.83066416,0.5193213,2026-01-26-12:38:58
10.0,10.0,2.0,6.0,0.5193213,1.0,0.5575041,2026-01-26-12:38:58
9.0,20.0,14.0,4.0,0.5236681,0.8026969,0.5987096,2026-01-26-12:38:58
8.0,30.0,5.0,4.0,0.61324424,0.61324424,0.6426563,2026-01-26-12:38:58
10.0,10.0,5.0,6.0,0.5193213,1.0,0.5575041,2026-01-26-12:39:17
8.0,20.0,3.0,6.0,0.4946792,0.7906893,0.6426563,2026-01-26-12:39:17
4.0,30.0,1.0,4.0,0.5521546,0.5521546,0.8396143,2026-01-26-12:39:17
7.0,30.0,12.0,6.0,0.5936991,0.59369904,0.68904406,2026-01-26-12:39:17
1.0,30.0,15.0,4.0,0.5380181,0.53801805,1.0,2026-01-26-12:39:17
1.0,30.0,18.0,4.0,0.5380181,0.53801805,1.0,2026-01-26-12:39:35
10.0,40.0,6.0,6.0,0.81605226,0.5559108,0.5575041,2026-01-26-12:39:35
10.0,50.0,16.0,4.0,1.0,0.5193213,0.5575041,2026-01-26-12:39:35
7.0,30.0,18.0,4.0,0.5936991,0.59369904,0.68904406,2026-01-26-12:39:35
8.0,40.0,17.0,6.0,0.7906893,0.4946792,0.6426563,2026-01-26-12:39:35
6.0,30.0,1.0,4.0,0.57692933,0.5769293,0.7375558,2026-01-26-12:39:56
10.0,10.0,18.0,4.0,0.5193213,1.0,0.5575041,2026-01-26-12:39:56
5.0,30.0,14.0,4.0,0.56304955,0.5630495,0.78786045,2026-01-26-12:39:56
7.0,30.0,1.0,4.0,0.5936991,0.59369904,0.68904406,2026-01-26-12:39:56
11.0,40.0,15.0,4.0,0.83066416,0.5911871,0.5193213,2026-01-26-12:39:56
12.0,20.0,9.0,6.0,0.629256,0.8464328,0.48442206,2026-01-26-12:40:15
12.0,40.0,17.0,5.0,0.8479533,0.63292676,0.4895268,2026-01-26-12:40:15
12.0,50.0,9.0,5.0,1.0,0.60268277,0.4895268,2026-01-26-12:40:15
12.0,30.0,17.0,6.0,0.7162449,0.7162448,0.48442206,2026-01-26-12:40:15
12.0,10.0,9.0,5.0,0.60268277,1.0,0.4895268,2026-01-26-12:40:15
11.0,10.0,4.0,4.0,0.5575041,1.0,0.5193213,2026-01-26-12:40:34
11.0,30.0,7.0,6.0,0.6871082,0.68710816,0.5193213,2026-01-26-12:40:34
11.0,20.0,18.0,6.0,0.5911871,0.83066416,0.5193213,2026-01-26-12:40:34
11.0,50.0,13.0,4.0,1.0,0.5575041,0.5193213,2026-01-26-12:40:34
9.0,20.0,2.0,6.0,0.5236681,0.8026969,0.5987096,2026-01-26-12:40:34
11.0,50.0,6.0,4.0,1.0,0.5575041,0.5193213,2026-01-26-12:40:53
1.0,30.0,7.0,3.0,0.52429587,0.52429587,1.0,2026-01-26-12:40:53
9.0,30.0,15.0,4.0,0.6354314,0.63543135,0.5987096,2026-01-26-12:40:53
10.0,40.0,9.0,6.0,0.81605226,0.5559108,0.5575041,2026-01-26-12:40:53
10.0,30.0,3.0,6.0,0.66010886,0.66010886,0.5575041,2026-01-26-12:40:53
13.0,50.0,20.0,5.0,1.0,0.6461944,0.45846015,2026-01-26-12:41:12
13.0,50.0,15.0,5.0,1.0,0.6461944,0.45846015,2026-01-26-12:41:12
1.0,30.0,3.0,6.0,0.5380181,0.53801805,1.0,2026-01-26-12:41:12
11.0,30.0,3.0,4.0,0.6871082,0.68710816,0.5193213,2026-01-26-12:41:12
10.0,10.0,19.0,6.0,0.5193213,1.0,0.5575041,2026-01-26-12:41:12
11.0,40.0,17.0,4.0,0.83066416,0.5911871,0.5193213,2026-01-26-12:41:31
11.0,20.0,12.0,4.0,0.5911871,0.83066416,0.5193213,2026-01-26-12:41:31
9.0,20.0,18.0,4.0,0.5236681,0.8026969,0.5987096,2026-01-26-12:41:31
9.0,30.0,20.0,3.0,0.6246026,0.62460256,0.5867901,2026-01-26-12:41:31
10.0,30.0,20.0,3.0,0.6500131,0.6500131,0.54436064,2026-01-26-12:41:31
6.0,30.0,17.0,4.0,0.57692933,0.5769293,0.7375558,2026-01-26-12:41:52
7.0,30.0,8.0,4.0,0.5936991,0.59369904,0.68904406,2026-01-26-12:41:52
11.0,50.0,12.0,6.0,1.0,0.5575041,0.5193213,2026-01-26-12:41:52
11.0,10.0,15.0,4.0,0.5575041,1.0,0.5193213,2026-01-26-12:41:52
11.0,40.0,8.0,6.0,0.83066416,0.5911871,0.5193213,2026-01-26-12:41:52
10.0,10.0,20.0,4.0,0.5193213,1.0,0.5575041,2026-01-26-12:42:12
10.0,30.0,8.0,7.0,0.6500131,0.6500131,0.54436064,2026-01-26-12:42:12
7.0,30.0,4.0,4.0,0.5936991,0.59369904,0.68904406,2026-01-26-12:42:12
6.0,30.0,5.0,6.0,0.57692933,0.5769293,0.7375558,2026-01-26-12:42:12
1.0,30.0,19.0,4.0,0.5380181,0.53801805,1.0,2026-01-26-12:42:12
10.0,10.0,20.0,7.0,0.5050438,1.0,0.54436064,2026-01-26-12:42:32
9.0,50.0,6.0,5.0,1.0,0.4895268,0.60268277,2026-01-26-12:42:32
11.0,10.0,2.0,6.0,0.5575041,1.0,0.5193213,2026-01-26-12:42:32
1.0,30.0,20.0,4.0,0.5380181,0.53801805,1.0,2026-01-26-12:42:32
10.0,10.0,4.0,4.0,0.5193213,1.0,0.5575041,2026-01-26-12:42:32
8.0,20.0,9.0,4.0,0.4946792,0.7906893,0.6426563,2026-01-26-12:42:51
10.0,10.0,9.0,4.0,0.5193213,1.0,0.5575041,2026-01-26-12:42:51
9.0,20.0,10.0,4.0,0.5236681,0.8026969,0.5987096,2026-01-26-12:42:51
9.0,10.0,11.0,5.0,0.4895268,1.0,0.60268277,2026-01-26-12:42:51
10.0,20.0,19.0,6.0,0.5559108,0.81605226,0.5575041,2026-01-26-12:42:51
11.0,10.0,18.0,6.0,0.5575041,1.0,0.5193213,2026-01-26-12:43:11
6.0,30.0,2.0,4.0,0.57692933,0.5769293,0.7375558,2026-01-26-12:43:11
9.0,30.0,3.0,4.0,0.6354314,0.63543135,0.5987096,2026-01-26-12:43:11
7.0,30.0,6.0,6.0,0.5936991,0.59369904,0.68904406,2026-01-26-12:43:11
8.0,30.0,4.0,4.0,0.61324424,0.61324424,0.6426563,2026-01-26-12:43:11
13.0,50.0,18.0,5.0,1.0,0.6461944,0.45846015,2026-01-26-12:43:31
13.0,50.0,6.0,5.0,1.0,0.6461944,0.45846015,2026-01-26-12:43:31
13.0,50.0,19.0,5.0,1.0,0.6461944,0.45846015,2026-01-26-12:43:31
13.0,50.0,3.0,5.0,1.0,0.6461944,0.45846015,2026-01-26-12:43:31
13.0,50.0,3.0,1.0,1.0,0.5895855,0.37181377,2026-01-26-12:43:31
11.0,20.0,20.0,4.0,0.5911871,0.83066416,0.5193213,2026-01-26-12:43:51
7.0,30.0,16.0,6.0,0.5936991,0.59369904,0.68904406,2026-01-26-12:43:51
10.0,40.0,2.0,4.0,0.81605226,0.5559108,0.5575041,2026-01-26-12:43:51
9.0,40.0,19.0,4.0,0.8026969,0.5236681,0.5987096,2026-01-26-12:43:51
8.0,40.0,18.0,6.0,0.7906893,0.4946792,0.6426563,2026-01-26-12:43:51
11.0,50.0,19.0,6.0,1.0,0.5575041,0.5193213,2026-01-26-12:44:10
9.0,30.0,10.0,6.0,0.6354314,0.63543135,0.5987096,2026-01-26-12:44:10
10.0,50.0,4.0,4.0,1.0,0.5193213,0.5575041,2026-01-26-12:44:10
8.0,40.0,12.0,6.0,0.7906893,0.4946792,0.6426563,2026-01-26-12:44:10
10.0,40.0,12.0,4.0,0.81605226,0.5559108,0.5575041,2026-01-26-12:44:10
11.0,40.0,5.0,4.0,0.83066416,0.5911871,0.5193213,2026-01-26-12:44:30
9.0,20.0,11.0,6.0,0.5236681,0.8026969,0.5987096,2026-01-26-12:44:30
11.0,10.0,10.0,6.0,0.5575041,1.0,0.5193213,2026-01-26-12:44:30
11.0,20.0,1.0,6.0,0.5911871,0.83066416,0.5193213,2026-01-26-12:44:30
11.0,50.0,1.0,6.0,1.0,0.5575041,0.5193213,2026-01-26-12:44:30
11.0,50.0,9.0,6.0,1.0,0.5575041,0.5193213,2026-01-26-12:44:50
2.0,30.0,3.0,4.0,0.53959596,0.53959596,0.94604754,2026-01-26-12:44:50
8.0,40.0,3.0,4.0,0.7906893,0.4946792,0.6426563,2026-01-26-12:44:50
10.0,40.0,5.0,6.0,0.81605226,0.5559108,0.5575041,2026-01-26-12:44:50
10.0,40.0,19.0,6.0,0.81605226,0.5559108,0.5575041,2026-01-26-12:44:50
8.0,40.0,3.0,7.0,0.7844721,0.4796697,0.63204217,2026-01-26-12:45:09
9.0,20.0,13.0,4.0,0.5236681,0.8026969,0.5987096,2026-01-26-12:45:09
7.0,30.0,14.0,6.0,0.5936991,0.59369904,0.68904406,2026-01-26-12:45:09
8.0,30.0,9.0,6.0,0.61324424,0.61324424,0.6426563,2026-01-26-12:45:09
5.0,30.0,9.0,6.0,0.56304955,0.5630495,0.78786045,2026-01-26-12:45:09
5.0,30.0,15.0,4.0,0.56304955,0.5630495,0.78786045,2026-01-26-12:45:30
10.0,10.0,15.0,3.0,0.5050438,1.0,0.54436064,2026-01-26-12:45:30
3.0,30.0,13.0,6.0,0.5443189,0.5443189,0.8924636,2026-01-26-12:45:30
9.0,10.0,10.0,5.0,0.4895268,1.0,0.60268277,2026-01-26-12:45:30
8.0,20.0,15.0,3.0,0.4796697,0.7844721,0.63204217,2026-01-26-12:45:30
10.0,10.0,14.0,4.0,0.5193213,1.0,0.5575041,2026-01-26-12:45:50
9.0,30.0,18.0,6.0,0.6354314,0.63543135,0.5987096,2026-01-26-12:45:50
10.0,20.0,3.0,4.0,0.5559108,0.81605226,0.5575041,2026-01-26-12:45:50
9.0,20.0,6.0,4.0,0.5236681,0.8026969,0.5987096,2026-01-26-12:45:50
8.0,20.0,11.0,6.0,0.4946792,0.7906893,0.6426563,2026-01-26-12:45:50
10.0,30.0,11.0,4.0,0.66010886,0.66010886,0.5575041,2026-01-26-12:46:10
6.0,30.0,20.0,8.0,0.54341877,0.5434187,0.7167682,2026-01-26-12:46:10
5.0,30.0,11.0,4.0,0.56304955,0.5630495,0.78786045,2026-01-26-12:46:10
4.0,30.0,6.0,3.0,0.53885233,0.5388523,0.8348503,2026-01-26-12:46:10
9.0,40.0,20.0,8.0,0.7870689,0.48593882,0.56692415,2026-01-26-12:46:10
12.0,20.0,20.0,5.0,0.63292676,0.8479533,0.4895268,2026-01-26-12:46:30
10.0,10.0,16.0,6.0,0.5193213,1.0,0.5575041,2026-01-26-12:46:30
9.0,30.0,20.0,6.0,0.6354314,0.63543135,0.5987096,2026-01-26-12:46:30
11.0,50.0,8.0,4.0,1.0,0.5575041,0.5193213,2026-01-26-12:46:30
9.0,20.0,16.0,6.0,0.5236681,0.8026969,0.5987096,2026-01-26-12:46:30
5.0,30.0,10.0,6.0,0.56304955,0.5630495,0.78786045,2026-01-26-12:46:52
3.0,30.0,8.0,6.0,0.5443189,0.5443189,0.8924636,2026-01-26-12:46:52
9.0,50.0,18.0,5.0,1.0,0.4895268,0.60268277,2026-01-26-12:46:52
6.0,30.0,4.0,6.0,0.57692933,0.5769293,0.7375558,2026-01-26-12:46:52
10.0,50.0,3.0,3.0,1.0,0.5050438,0.54436064,2026-01-26-12:46:52
11.0,40.0,18.0,7.0,0.82563436,0.57904416,0.50504375,2026-01-26-12:47:12
11.0,20.0,2.0,4.0,0.5911871,0.83066416,0.5193213,2026-01-26-12:47:12
1.0,30.0,2.0,7.0,0.52429587,0.52429587,1.0,2026-01-26-12:47:12
11.0,10.0,1.0,4.0,0.5575041,1.0,0.5193213,2026-01-26-12:47:12
11.0,50.0,3.0,4.0,1.0,0.5575041,0.5193213,2026-01-26-12:47:12
1.0,30.0,11.0,3.0,0.52429587,0.52429587,1.0,2026-01-26-12:47:32
11.0,10.0,20.0,6.0,0.5575041,1.0,0.5193213,2026-01-26-12:47:32
10.0,10.0,8.0,4.0,0.5193213,1.0,0.5575041,2026-01-26-12:47:32
11.0,50.0,17.0,4.0,1.0,0.5575041,0.5193213,2026-01-26-12:47:32
11.0,50.0,7.0,6.0,1.0,0.5575041,0.5193213,2026-01-26-12:47:32
6.0,30.0,12.0,4.0,0.57692933,0.5769293,0.7375558,2026-01-26-12:47:56
1.0,30.0,17.0,4.0,0.5380181,0.53801805,1.0,2026-01-26-12:47:56
7.0,30.0,19.0,6.0,0.5936991,0.59369904,0.68904406,2026-01-26-12:47:56
11.0,50.0,4.0,6.0,1.0,0.5575041,0.5193213,2026-01-26-12:47:56
5.0,30.0,19.0,6.0,0.56304955,0.5630495,0.78786045,2026-01-26-12:47:56
11.0,50.0,16.0,6.0,1.0,0.5575041,0.5193213,2026-01-26-12:48:16
6.0,30.0,3.0,4.0,0.57692933,0.5769293,0.7375558,2026-01-26-12:48:16
11.0,10.0,8.0,6.0,0.5575041,1.0,0.5193213,2026-01-26-12:48:16
10.0,10.0,6.0,6.0,0.5193213,1.0,0.5575041,2026-01-26-12:48:16
1.0,30.0,8.0,6.0,0.5380181,0.53801805,1.0,2026-01-26-12:48:16
5.0,30.0,1.0,4.0,0.56304955,0.5630495,0.78786045,2026-01-26-12:48:38
7.0,30.0,13.0,4.0,0.5936991,0.59369904,0.68904406,2026-01-26-12:48:38
2.0,30.0,1.0,6.0,0.53959596,0.53959596,0.94604754,2026-01-26-12:48:38
4.0,30.0,9.0,6.0,0.5521546,0.5521546,0.8396143,2026-01-26-12:48:38
6.0,30.0,15.0,6.0,0.57692933,0.5769293,0.7375558,2026-01-26-12:48:38
4.0,30.0,12.0,7.0,0.53885233,0.5388523,0.8348503,2026-01-26-12:49:01
7.0,30.0,5.0,6.0,0.5936991,0.59369904,0.68904406,2026-01-26-12:49:01
2.0,30.0,10.0,6.0,0.53959596,0.53959596,0.94604754,2026-01-26-12:49:01
5.0,30.0,17.0,4.0,0.56304955,0.5630495,0.78786045,2026-01-26-12:49:01
6.0,30.0,10.0,4.0,0.57692933,0.5769293,0.7375558,2026-01-26-12:49:01
9.0,40.0,20.0,4.0,0.8026969,0.5236681,0.5987096,2026-01-26-12:49:24
11.0,50.0,5.0,4.0,1.0,0.5575041,0.5193213,2026-01-26-12:49:24
9.0,40.0,7.0,4.0,0.8026969,0.5236681,0.5987096,2026-01-26-12:49:24
7.0,30.0,20.0,4.0,0.5936991,0.59369904,0.68904406,2026-01-26-12:49:24
7.0,30.0,10.0,6.0,0.5936991,0.59369904,0.68904406,2026-01-26-12:49:24
1.0,30.0,11.0,7.0,0.52429587,0.52429587,1.0,2026-01-26-12:49:46
8.0,20.0,13.0,4.0,0.4946792,0.7906893,0.6426563,2026-01-26-12:49:46
9.0,20.0,11.0,4.0,0.5236681,0.8026969,0.5987096,2026-01-26-12:49:46
9.0,20.0,4.0,4.0,0.5236681,0.8026969,0.5987096,2026-01-26-12:49:46
10.0,10.0,20.0,6.0,0.5193213,1.0,0.5575041,2026-01-26-12:49:46
9.0,20.0,7.0,6.0,0.5236681,0.8026969,0.5987096,2026-01-26-12:50:10
10.0,20.0,14.0,6.0,0.5559108,0.81605226,0.5575041,2026-01-26-12:50:10
6.0,30.0,18.0,6.0,0.57692933,0.5769293,0.7375558,2026-01-26-12:50:10
1.0,30.0,7.0,4.0,0.5380181,0.53801805,1.0,2026-01-26-12:50:10
5.0,30.0,18.0,6.0,0.56304955,0.5630495,0.78786045,2026-01-26-12:50:10
1.0,30.0,9.0,3.0,0.52429587,0.52429587,1.0,2026-01-26-12:50:31
10.0,10.0,13.0,4.0,0.5193213,1.0,0.5575041,2026-01-26-12:50:31
10.0,10.0,5.0,4.0,0.5193213,1.0,0.5575041,2026-01-26-12:50:31
10.0,40.0,18.0,6.0,0.81605226,0.5559108,0.5575041,2026-01-26-12:50:31
10.0,10.0,12.0,6.0,0.5193213,1.0,0.5575041,2026-01-26-12:50:31
9.0,40.0,17.0,3.0,0.79683644,0.50951964,0.5867901,2026-01-26-12:50:54
2.0,30.0,8.0,4.0,0.53959596,0.53959596,0.94604754,2026-01-26-12:50:54
8.0,30.0,10.0,6.0,0.61324424,0.61324424,0.6426563,2026-01-26-12:50:54
9.0,30.0,2.0,6.0,0.6354314,0.63543135,0.5987096,2026-01-26-12:50:54
8.0,20.0,6.0,4.0,0.4946792,0.7906893,0.6426563,2026-01-26-12:50:54
3.0,30.0,4.0,6.0,0.5443189,0.5443189,0.8924636,2026-01-26-12:51:18
5.0,30.0,7.0,6.0,0.56304955,0.5630495,0.78786045,2026-01-26-12:51:18
7.0,30.0,12.0,4.0,0.5936991,0.59369904,0.68904406,2026-01-26-12:51:18
6.0,30.0,12.0,6.0,0.57692933,0.5769293,0.7375558,2026-01-26-12:51:18
4.0,30.0,14.0,6.0,0.5521546,0.5521546,0.8396143,2026-01-26-12:51:18
9.0,20.0,19.0,6.0,0.5236681,0.8026969,0.5987096,2026-01-26-12:51:40
10.0,20.0,18.0,4.0,0.5559108,0.81605226,0.5575041,2026-01-26-12:51:40
6.0,30.0,20.0,6.0,0.57692933,0.5769293,0.7375558,2026-01-26-12:51:40
10.0,30.0,8.0,6.0,0.66010886,0.66010886,0.5575041,2026-01-26-12:51:40
9.0,30.0,6.0,6.0,0.6354314,0.63543135,0.5987096,2026-01-26-12:51:40
4.0,30.0,13.0,4.0,0.5521546,0.5521546,0.8396143,2026-01-26-12:52:04
5.0,30.0,2.0,4.0,0.56304955,0.5630495,0.78786045,2026-01-26-12:52:04
6.0,30.0,1.0,6.0,0.57692933,0.5769293,0.7375558,2026-01-26-12:52:04
8.0,30.0,19.0,3.0,0.60175645,0.60175645,0.63204217,2026-01-26-12:52:04
8.0,20.0,19.0,4.0,0.4946792,0.7906893,0.6426563,2026-01-26-12:52:04
8.0,30.0,1.0,4.0,0.61324424,0.61324424,0.6426563,2026-01-26-12:52:27
6.0,30.0,16.0,4.0,0.57692933,0.5769293,0.7375558,2026-01-26-12:52:27
5.0,30.0,13.0,6.0,0.56304955,0.5630495,0.78786045,2026-01-26-12:52:27
11.0,40.0,4.0,6.0,0.83066416,0.5911871,0.5193213,2026-01-26-12:52:27
7.0,30.0,9.0,6.0,0.5936991,0.59369904,0.68904406,2026-01-26-12:52:27
5.0,30.0,12.0,4.0,0.56304955,0.5630495,0.78786045,2026-01-26-12:52:52
7.0,30.0,15.0,6.0,0.5936991,0.59369904,0.68904406,2026-01-26-12:52:52
6.0,30.0,17.0,6.0,0.57692933,0.5769293,0.7375558,2026-01-26-12:52:52
2.0,30.0,13.0,6.0,0.53959596,0.53959596,0.94604754,2026-01-26-12:52:52
7.0,30.0,6.0,4.0,0.5936991,0.59369904,0.68904406,2026-01-26-12:52:52
6.0,30.0,9.0,4.0,0.57692933,0.5769293,0.7375558,2026-01-26-12:53:18
10.0,20.0,8.0,6.0,0.5559108,0.81605226,0.5575041,2026-01-26-12:53:18
4.0,30.0,20.0,6.0,0.5521546,0.5521546,0.8396143,2026-01-26-12:53:18
7.0,30.0,16.0,4.0,0.5936991,0.59369904,0.68904406,2026-01-26-12:53:18
9.0,20.0,8.0,4.0,0.5236681,0.8026969,0.5987096,2026-01-26-12:53:18
9.0,20.0,12.0,4.0,0.5236681,0.8026969,0.5987096,2026-01-26-12:53:41
6.0,30.0,13.0,6.0,0.57692933,0.5769293,0.7375558,2026-01-26-12:53:41
11.0,20.0,10.0,4.0,0.5911871,0.83066416,0.5193213,2026-01-26-12:53:41
10.0,20.0,2.0,6.0,0.5559108,0.81605226,0.5575041,2026-01-26-12:53:41
11.0,50.0,14.0,4.0,1.0,0.5575041,0.5193213,2026-01-26-12:53:41
2.0,20.0,20.0,5.0,0.40440908,0.75329816,0.9465817,2026-01-26-12:54:04
8.0,20.0,5.0,6.0,0.4946792,0.7906893,0.6426563,2026-01-26-12:54:04
2.0,30.0,14.0,4.0,0.53959596,0.53959596,0.94604754,2026-01-26-12:54:04
6.0,30.0,18.0,4.0,0.57692933,0.5769293,0.7375558,2026-01-26-12:54:04
9.0,20.0,5.0,6.0,0.5236681,0.8026969,0.5987096,2026-01-26-12:54:04
6.0,30.0,19.0,4.0,0.57692933,0.5769293,0.7375558,2026-01-26-12:54:27
9.0,20.0,17.0,4.0,0.5236681,0.8026969,0.5987096,2026-01-26-12:54:27
10.0,20.0,1.0,4.0,0.5559108,0.81605226,0.5575041,2026-01-26-12:54:27
9.0,20.0,13.0,6.0,0.5236681,0.8026969,0.5987096,2026-01-26-12:54:27
8.0,30.0,15.0,6.0,0.61324424,0.61324424,0.6426563,2026-01-26-12:54:27
8.0,20.0,20.0,4.0,0.4946792,0.7906893,0.6426563,2026-01-26-12:54:50
4.0,30.0,6.0,4.0,0.5521546,0.5521546,0.8396143,2026-01-26-12:54:50
9.0,20.0,4.0,6.0,0.5236681,0.8026969,0.5987096,2026-01-26-12:54:50
10.0,10.0,4.0,6.0,0.5193213,1.0,0.5575041,2026-01-26-12:54:50
7.0,30.0,17.0,6.0,0.5936991,0.59369904,0.68904406,2026-01-26-12:54:50
8.0,20.0,9.0,6.0,0.4946792,0.7906893,0.6426563,2026-01-26-12:55:14
9.0,20.0,10.0,7.0,0.50951964,0.7968364,0.5867901,2026-01-26-12:55:14
10.0,30.0,16.0,6.0,0.66010886,0.66010886,0.5575041,2026-01-26-12:55:14
9.0,30.0,16.0,6.0,0.6354314,0.63543135,0.5987096,2026-01-26-12:55:14
10.0,30.0,6.0,4.0,0.66010886,0.66010886,0.5575041,2026-01-26-12:55:14
6.0,30.0,4.0,4.0,0.57692933,0.5769293,0.7375558,2026-01-26-12:55:37
10.0,20.0,20.0,4.0,0.5559108,0.81605226,0.5575041,2026-01-26-12:55:37
9.0,20.0,1.0,6.0,0.5236681,0.8026969,0.5987096,2026-01-26-12:55:37
10.0,20.0,12.0,4.0,0.5559108,0.81605226,0.5575041,2026-01-26-12:55:37
10.0,10.0,3.0,4.0,0.5193213,1.0,0.5575041,2026-01-26-12:55:37
4.0,30.0,8.0,4.0,0.5521546,0.5521546,0.8396143,2026-01-26-12:56:01
3.0,30.0,17.0,6.0,0.5443189,0.5443189,0.8924636,2026-01-26-12:56:01
8.0,40.0,9.0,4.0,0.7906893,0.4946792,0.6426563,2026-01-26-12:56:01
6.0,30.0,7.0,6.0,0.57692933,0.5769293,0.7375558,2026-01-26-12:56:01
5.0,30.0,11.0,6.0,0.56304955,0.5630495,0.78786045,2026-01-26-12:56:01
11.0,50.0,6.0,6.0,1.0,0.5575041,0.5193213,2026-01-26-12:56:25
10.0,40.0,7.0,6.0,0.81605226,0.5559108,0.5575041,2026-01-26-12:56:25
11.0,30.0,14.0,3.0,0.67781436,0.67781436,0.50504375,2026-01-26-12:56:25
1.0,30.0,14.0,3.0,0.52429587,0.52429587,1.0,2026-01-26-12:56:25
11.0,40.0,6.0,6.0,0.83066416,0.5911871,0.5193213,2026-01-26-12:56:25
11.0,40.0,15.0,6.0,0.83066416,0.5911871,0.5193213,2026-01-26-12:56:49
9.0,20.0,17.0,6.0,0.5236681,0.8026969,0.5987096,2026-01-26-12:56:49
6.0,30.0,2.0,6.0,0.57692933,0.5769293,0.7375558,2026-01-26-12:56:49
9.0,30.0,7.0,6.0,0.6354314,0.63543135,0.5987096,2026-01-26-12:56:49
10.0,20.0,20.0,6.0,0.5559108,0.81605226,0.5575041,2026-01-26-12:56:49
13.0,40.0,1.0,7.0,0.8591886,0.6600513,0.43679857,2026-01-26-12:57:13
11.0,10.0,6.0,4.0,0.5575041,1.0,0.5193213,2026-01-26-12:57:13
1.0,30.0,14.0,7.0,0.52429587,0.52429587,1.0,2026-01-26-12:57:13
8.0,30.0,14.0,6.0,0.61324424,0.61324424,0.6426563,2026-01-26-12:57:13
10.0,40.0,14.0,6.0,0.81605226,0.5559108,0.5575041,2026-01-26-12:57:13
8.0,40.0,1.0,7.0,0.7844721,0.4796697,0.63204217,2026-01-26-12:57:39
9.0,40.0,1.0,7.0,0.79683644,0.50951964,0.5867901,2026-01-26-12:57:39
10.0,40.0,1.0,7.0,0.8105885,0.5427201,0.54436064,2026-01-26-12:57:39
10.0,50.0,1.0,7.0,1.0,0.5050438,0.54436064,2026-01-26-12:57:39
7.0,30.0,1.0,7.0,0.58163077,0.5816307,0.6798078,2026-01-26-12:57:39
8.0,20.0,7.0,4.0,0.4946792,0.7906893,0.6426563,2026-01-26-12:58:02
8.0,20.0,10.0,3.0,0.4796697,0.7844721,0.63204217,2026-01-26-12:58:02
3.0,30.0,14.0,6.0,0.5443189,0.5443189,0.8924636,2026-01-26-12:58:02
5.0,30.0,16.0,4.0,0.56304955,0.5630495,0.78786045,2026-01-26-12:58:02
9.0,30.0,13.0,6.0,0.6354314,0.63543135,0.5987096,2026-01-26-12:58:02
12.0,40.0,10.0,5.0,0.8479533,0.63292676,0.4895268,2026-01-26-12:58:26
11.0,40.0,19.0,4.0,0.83066416,0.5911871,0.5193213,2026-01-26-12:58:26
1.0,30.0,4.0,7.0,0.52429587,0.52429587,1.0,2026-01-26-12:58:26
9.0,30.0,1.0,6.0,0.6354314,0.63543135,0.5987096,2026-01-26-12:58:26
10.0,30.0,1.0,6.0,0.66010886,0.66010886,0.5575041,2026-01-26-12:58:26
12.0,50.0,5.0,5.0,1.0,0.60268277,0.4895268,2026-01-26-12:58:51
12.0,20.0,7.0,5.0,0.63292676,0.8479533,0.4895268,2026-01-26-12:58:51
12.0,10.0,16.0,5.0,0.60268277,1.0,0.4895268,2026-01-26-12:58:51
13.0,40.0,8.0,5.0,0.8646045,0.6731262,0.45846015,2026-01-26-12:58:51
13.0,40.0,12.0,5.0,0.8646045,0.6731262,0.45846015,2026-01-26-12:58:51
4.0,30.0,19.0,6.0,0.5521546,0.5521546,0.8396143,2026-01-26-12:59:19
2.0,30.0,20.0,6.0,0.53959596,0.53959596,0.94604754,2026-01-26-12:59:19
5.0,30.0,9.0,4.0,0.56304955,0.5630495,0.78786045,2026-01-26-12:59:19
10.0,30.0,9.0,4.0,0.66010886,0.66010886,0.5575041,2026-01-26-12:59:19
10.0,20.0,15.0,4.0,0.5559108,0.81605226,0.5575041,2026-01-26-12:59:19
9.0,20.0,3.0,6.0,0.5236681,0.8026969,0.5987096,2026-01-26-12:59:42
6.0,30.0,15.0,4.0,0.57692933,0.5769293,0.7375558,2026-01-26-12:59:42
9.0,30.0,17.0,4.0,0.6354314,0.63543135,0.5987096,2026-01-26-12:59:42
8.0,30.0,18.0,3.0,0.60175645,0.60175645,0.63204217,2026-01-26-12:59:42
10.0,40.0,3.0,6.0,0.81605226,0.5559108,0.5575041,2026-01-26-12:59:42
4.0,30.0,10.0,4.0,0.5521546,0.5521546,0.8396143,2026-01-26-13:00:06
3.0,30.0,1.0,6.0,0.5443189,0.5443189,0.8924636,2026-01-26-13:00:06
5.0,30.0,10.0,4.0,0.56304955,0.5630495,0.78786045,2026-01-26-13:00:06
2.0,30.0,17.0,6.0,0.53959596,0.53959596,0.94604754,2026-01-26-13:00:06
8.0,40.0,14.0,4.0,0.7906893,0.4946792,0.6426563,2026-01-26-13:00:06
11.0,10.0,2.0,4.0,0.5575041,1.0,0.5193213,2026-01-26-13:00:30
6.0,30.0,8.0,6.0,0.57692933,0.5769293,0.7375558,2026-01-26-13:00:30
4.0,30.0,6.0,6.0,0.5521546,0.5521546,0.8396143,2026-01-26-13:00:30
8.0,40.0,7.0,4.0,0.7906893,0.4946792,0.6426563,2026-01-26-13:00:30
9.0,30.0,8.0,6.0,0.6354314,0.63543135,0.5987096,2026-01-26-13:00:30
7.0,30.0,8.0,3.0,0.58163077,0.5816307,0.6798078,2026-01-26-13:00:55
10.0,10.0,17.0,4.0,0.5193213,1.0,0.5575041,2026-01-26-13:00:55
6.0,30.0,3.0,6.0,0.57692933,0.5769293,0.7375558,2026-01-26-13:00:55
10.0,10.0,13.0,1.0,0.44793347,1.0,0.4917869,2026-01-26-13:00:55
8.0,30.0,12.0,3.0,0.60175645,0.60175645,0.63204217,2026-01-26-13:00:55
8.0,30.0,19.0,7.0,0.60175645,0.60175645,0.63204217,2026-01-26-13:01:24
9.0,20.0,6.0,6.0,0.5236681,0.8026969,0.5987096,2026-01-26-13:01:24
5.0,30.0,13.0,4.0,0.56304955,0.5630495,0.78786045,2026-01-26-13:01:24
6.0,30.0,5.0,4.0,0.57692933,0.5769293,0.7375558,2026-01-26-13:01:24
2.0,30.0,19.0,4.0,0.53959596,0.53959596,0.94604754,2026-01-26-13:01:24
11.0,10.0,5.0,6.0,0.5575041,1.0,0.5193213,2026-01-26-13:01:53
4.0,30.0,7.0,4.0,0.5521546,0.5521546,0.8396143,2026-01-26-13:01:53
5.0,30.0,8.0,4.0,0.56304955,0.5630495,0.78786045,2026-01-26-13:01:53
9.0,20.0,2.0,4.0,0.5236681,0.8026969,0.5987096,2026-01-26-13:01:53
5.0,30.0,6.0,6.0,0.56304955,0.5630495,0.78786045,2026-01-26-13:01:53
6.0,30.0,20.0,4.0,0.57692933,0.5769293,0.7375558,2026-01-26-13:02:22
2.0,30.0,5.0,6.0,0.53959596,0.53959596,0.94604754,2026-01-26-13:02:22
11.0,10.0,9.0,4.0,0.5575041,1.0,0.5193213,2026-01-26-13:02:22
5.0,30.0,4.0,4.0,0.56304955,0.5630495,0.78786045,2026-01-26-13:02:22
4.0,30.0,18.0,6.0,0.5521546,0.5521546,0.8396143,2026-01-26-13:02:22
9.0,10.0,12.0,5.0,0.4895268,1.0,0.60268277,2026-01-26-13:02:47
8.0,20.0,16.0,4.0,0.4946792,0.7906893,0.6426563,2026-01-26-13:02:47
9.0,10.0,8.0,5.0,0.4895268,1.0,0.60268277,2026-01-26-13:02:47
2.0,30.0,12.0,4.0,0.53959596,0.53959596,0.94604754,2026-01-26-13:02:47
6.0,20.0,11.0,5.0,0.4527044,0.77330273,0.7401543,2026-01-26-13:02:47
12.0,50.0,15.0,4.0,1.0,0.59870964,0.48442206,2026-01-26-13:03:12
12.0,40.0,15.0,4.0,0.8464328,0.629256,0.48442206,2026-01-26-13:03:12
1.0,30.0,15.0,7.0,0.52429587,0.52429587,1.0,2026-01-26-13:03:12
9.0,30.0,5.0,4.0,0.6354314,0.63543135,0.5987096,2026-01-26-13:03:12
9.0,30.0,19.0,6.0,0.6354314,0.63543135,0.5987096,2026-01-26-13:03:12
5.0,30.0,19.0,4.0,0.56304955,0.5630495,0.78786045,2026-01-26-13:03:37
11.0,30.0,9.0,6.0,0.6871082,0.68710816,0.5193213,2026-01-26-13:03:37
5.0,30.0,12.0,6.0,0.56304955,0.5630495,0.78786045,2026-01-26-13:03:37
11.0,40.0,10.0,6.0,0.83066416,0.5911871,0.5193213,2026-01-26-13:03:37
4.0,30.0,12.0,6.0,0.5521546,0.5521546,0.8396143,2026-01-26-13:03:37
9.0,50.0,13.0,5.0,1.0,0.4895268,0.60268277,2026-01-26-13:04:06
5.0,30.0,15.0,6.0,0.56304955,0.5630495,0.78786045,2026-01-26-13:04:06
10.0,10.0,7.0,4.0,0.5193213,1.0,0.5575041,2026-01-26-13:04:06
3.0,30.0,10.0,4.0,0.5443189,0.5443189,0.8924636,2026-01-26-13:04:06
10.0,30.0,13.0,6.0,0.66010886,0.66010886,0.5575041,2026-01-26-13:04:06
11.0,10.0,19.0,6.0,0.5575041,1.0,0.5193213,2026-01-26-13:04:35
5.0,30.0,1.0,6.0,0.56304955,0.5630495,0.78786045,2026-01-26-13:04:35
4.0,30.0,16.0,4.0,0.5521546,0.5521546,0.8396143,2026-01-26-13:04:35
3.0,30.0,19.0,4.0,0.5443189,0.5443189,0.8924636,2026-01-26-13:04:35
10.0,30.0,2.0,4.0,0.66010886,0.66010886,0.5575041,2026-01-26-13:04:35
9.0,20.0,18.0,6.0,0.5236681,0.8026969,0.5987096,2026-01-26-13:05:03
5.0,30.0,2.0,6.0,0.56304955,0.5630495,0.78786045,2026-01-26-13:05:03
10.0,10.0,16.0,4.0,0.5193213,1.0,0.5575041,2026-01-26-13:05:03
2.0,30.0,4.0,6.0,0.53959596,0.53959596,0.94604754,2026-01-26-13:05:03
6.0,30.0,11.0,4.0,0.57692933,0.5769293,0.7375558,2026-01-26-13:05:03
5.0,30.0,17.0,6.0,0.56304955,0.5630495,0.78786045,2026-01-26-13:05:28
11.0,10.0,17.0,6.0,0.5575041,1.0,0.5193213,2026-01-26-13:05:28
2.0,30.0,14.0,6.0,0.53959596,0.53959596,0.94604754,2026-01-26-13:05:28
10.0,30.0,11.0,6.0,0.66010886,0.66010886,0.5575041,2026-01-26-13:05:28
8.0,40.0,20.0,6.0,0.7906893,0.4946792,0.6426563,2026-01-26-13:05:28
3.0,30.0,15.0,4.0,0.5443189,0.5443189,0.8924636,2026-01-26-13:05:57
4.0,30.0,9.0,4.0,0.5521546,0.5521546,0.8396143,2026-01-26-13:05:57
10.0,20.0,5.0,4.0,0.5559108,0.81605226,0.5575041,2026-01-26-13:05:57
4.0,30.0,13.0,6.0,0.5521546,0.5521546,0.8396143,2026-01-26-13:05:57
11.0,10.0,12.0,4.0,0.5575041,1.0,0.5193213,2026-01-26-13:05:57
2.0,30.0,6.0,4.0,0.53959596,0.53959596,0.94604754,2026-01-26-13:06:24
9.0,10.0,17.0,5.0,0.4895268,1.0,0.60268277,2026-01-26-13:06:24
9.0,10.0,4.0,5.0,0.4895268,1.0,0.60268277,2026-01-26-13:06:24
9.0,30.0,7.0,7.0,0.6246026,0.62460256,0.5867901,2026-01-26-13:06:24
8.0,20.0,10.0,6.0,0.4946792,0.7906893,0.6426563,2026-01-26-13:06:24
9.0,10.0,1.0,5.0,0.4895268,1.0,0.60268277,2026-01-26-13:06:54
5.0,30.0,20.0,6.0,0.56304955,0.5630495,0.78786045,2026-01-26-13:06:54
4.0,30.0,3.0,6.0,0.5521546,0.5521546,0.8396143,2026-01-26-13:06:54
9.0,10.0,19.0,5.0,0.4895268,1.0,0.60268277,2026-01-26-13:06:54
10.0,30.0,12.0,6.0,0.66010886,0.66010886,0.5575041,2026-01-26-13:06:54
4.0,30.0,5.0,6.0,0.5521546,0.5521546,0.8396143,2026-01-26-13:07:21
9.0,50.0,15.0,5.0,1.0,0.4895268,0.60268277,2026-01-26-13:07:21
2.0,30.0,16.0,4.0,0.53959596,0.53959596,0.94604754,2026-01-26-13:07:21
7.0,40.0,8.0,7.0,0.7735802,0.45337418,0.6798078,2026-01-26-13:07:21
3.0,30.0,6.0,6.0,0.5443189,0.5443189,0.8924636,2026-01-26-13:07:21
2.0,30.0,13.0,4.0,0.53959596,0.53959596,0.94604754,2026-01-26-13:07:48
3.0,30.0,13.0,4.0,0.5443189,0.5443189,0.8924636,2026-01-26-13:07:48
9.0,30.0,5.0,3.0,0.6246026,0.62460256,0.5867901,2026-01-26-13:07:48
10.0,50.0,5.0,3.0,1.0,0.5050438,0.54436064,2026-01-26-13:07:48
9.0,10.0,20.0,9.0,0.4078511,1.0,0.53911203,2026-01-26-13:07:48
10.0,20.0,7.0,6.0,0.5559108,0.81605226,0.5575041,2026-01-26-13:08:14
5.0,30.0,7.0,4.0,0.56304955,0.5630495,0.78786045,2026-01-26-13:08:14
9.0,30.0,10.0,4.0,0.6354314,0.63543135,0.5987096,2026-01-26-13:08:14
10.0,30.0,15.0,4.0,0.66010886,0.66010886,0.5575041,2026-01-26-13:08:14
9.0,40.0,3.0,4.0,0.8026969,0.5236681,0.5987096,2026-01-26-13:08:14
11.0,50.0,13.0,6.0,1.0,0.5575041,0.5193213,2026-01-26-13:08:42
10.0,20.0,11.0,6.0,0.5559108,0.81605226,0.5575041,2026-01-26-13:08:42
11.0,10.0,2.0,7.0,0.5443607,1.0,0.50504375,2026-01-26-13:08:42
11.0,40.0,12.0,6.0,0.83066416,0.5911871,0.5193213,2026-01-26-13:08:42
11.0,30.0,1.0,4.0,0.6871082,0.68710816,0.5193213,2026-01-26-13:08:42
11.0,10.0,15.0,6.0,0.5575041,1.0,0.5193213,2026-01-26-13:09:09
1.0,30.0,16.0,3.0,0.52429587,0.52429587,1.0,2026-01-26-13:09:09
10.0,30.0,5.0,6.0,0.66010886,0.66010886,0.5575041,2026-01-26-13:09:09
8.0,30.0,11.0,6.0,0.61324424,0.61324424,0.6426563,2026-01-26-13:09:09
9.0,40.0,18.0,4.0,0.8026969,0.5236681,0.5987096,2026-01-26-13:09:09
9.0,20.0,15.0,6.0,0.5236681,0.8026969,0.5987096,2026-01-26-13:09:36
5.0,30.0,18.0,4.0,0.56304955,0.5630495,0.78786045,2026-01-26-13:09:36
4.0,30.0,20.0,4.0,0.5521546,0.5521546,0.8396143,2026-01-26-13:09:36
2.0,30.0,20.0,4.0,0.53959596,0.53959596,0.94604754,2026-01-26-13:09:36
3.0,30.0,1.0,4.0,0.5443189,0.5443189,0.8924636,2026-01-26-13:09:36
11.0,30.0,18.0,4.0,0.6871082,0.68710816,0.5193213,2026-01-26-13:10:03
10.0,30.0,17.0,4.0,0.66010886,0.66010886,0.5575041,2026-01-26-13:10:03
9.0,30.0,6.0,4.0,0.6354314,0.63543135,0.5987096,2026-01-26-13:10:03
10.0,40.0,16.0,6.0,0.81605226,0.5559108,0.5575041,2026-01-26-13:10:03
11.0,40.0,18.0,4.0,0.83066416,0.5911871,0.5193213,2026-01-26-13:10:03
10.0,20.0,14.0,4.0,0.5559108,0.81605226,0.5575041,2026-01-26-13:10:33
10.0,20.0,17.0,6.0,0.5559108,0.81605226,0.5575041,2026-01-26-13:10:33
4.0,30.0,14.0,4.0,0.5521546,0.5521546,0.8396143,2026-01-26-13:10:33
10.0,10.0,1.0,6.0,0.5193213,1.0,0.5575041,2026-01-26-13:10:33
5.0,30.0,16.0,6.0,0.56304955,0.5630495,0.78786045,2026-01-26-13:10:33
11.0,10.0,3.0,6.0,0.5575041,1.0,0.5193213,2026-01-26-13:11:00
11.0,40.0,13.0,4.0,0.83066416,0.5911871,0.5193213,2026-01-26-13:11:00
11.0,30.0,4.0,4.0,0.6871082,0.68710816,0.5193213,2026-01-26-13:11:00
11.0,10.0,20.0,4.0,0.5575041,1.0,0.5193213,2026-01-26-13:11:00
9.0,30.0,11.0,4.0,0.6354314,0.63543135,0.5987096,2026-01-26-13:11:00
10.0,10.0,19.0,4.0,0.5193213,1.0,0.5575041,2026-01-26-13:11:26
1.0,30.0,8.0,3.0,0.52429587,0.52429587,1.0,2026-01-26-13:11:26
10.0,30.0,8.0,4.0,0.66010886,0.66010886,0.5575041,2026-01-26-13:11:26
9.0,30.0,20.0,4.0,0.6354314,0.63543135,0.5987096,2026-01-26-13:11:26
11.0,40.0,18.0,6.0,0.83066416,0.5911871,0.5193213,2026-01-26-13:11:26
12.0,40.0,18.0,5.0,0.8479533,0.63292676,0.4895268,2026-01-26-13:11:53
12.0,20.0,18.0,5.0,0.63292676,0.8479533,0.4895268,2026-01-26-13:11:53
1.0,30.0,12.0,7.0,0.52429587,0.52429587,1.0,2026-01-26-13:11:53
11.0,40.0,9.0,4.0,0.83066416,0.5911871,0.5193213,2026-01-26-13:11:53
2.0,30.0,10.0,7.0,0.5259206,0.5259206,0.944445,2026-01-26-13:11:53
8.0,20.0,1.0,4.0,0.4946792,0.7906893,0.6426563,2026-01-26-13:12:19
8.0,20.0,18.0,6.0,0.4946792,0.7906893,0.6426563,2026-01-26-13:12:19
3.0,30.0,18.0,6.0,0.5443189,0.5443189,0.8924636,2026-01-26-13:12:19
2.0,30.0,11.0,4.0,0.53959596,0.53959596,0.94604754,2026-01-26-13:12:19
2.0,30.0,15.0,4.0,0.53959596,0.53959596,0.94604754,2026-01-26-13:12:19
4.0,30.0,7.0,6.0,0.5521546,0.5521546,0.8396143,2026-01-26-13:12:50
10.0,30.0,14.0,6.0,0.66010886,0.66010886,0.5575041,2026-01-26-13:12:50
5.0,30.0,3.0,6.0,0.56304955,0.5630495,0.78786045,2026-01-26-13:12:50
10.0,20.0,4.0,4.0,0.5559108,0.81605226,0.5575041,2026-01-26-13:12:50
3.0,30.0,9.0,6.0,0.5443189,0.5443189,0.8924636,2026-01-26-13:12:50
11.0,20.0,3.0,6.0,0.5911871,0.83066416,0.5193213,2026-01-26-13:13:16
8.0,20.0,11.0,8.0,0.4546538,0.77411026,0.61435187,2026-01-26-13:13:16
3.0,30.0,2.0,6.0,0.5443189,0.5443189,0.8924636,2026-01-26-13:13:16
11.0,30.0,15.0,6.0,0.6871082,0.68710816,0.5193213,2026-01-26-13:13:16
8.0,30.0,18.0,7.0,0.60175645,0.60175645,0.63204217,2026-01-26-13:13:16
9.0,20.0,20.0,6.0,0.5236681,0.8026969,0.5987096,2026-01-26-13:13:45
2.0,30.0,3.0,6.0,0.53959596,0.53959596,0.94604754,2026-01-26-13:13:45
4.0,30.0,17.0,4.0,0.5521546,0.5521546,0.8396143,2026-01-26-13:13:45
3.0,30.0,19.0,6.0,0.5443189,0.5443189,0.8924636,2026-01-26-13:13:45
10.0,30.0,16.0,4.0,0.66010886,0.66010886,0.5575041,2026-01-26-13:13:45
11.0,20.0,5.0,6.0,0.5911871,0.83066416,0.5193213,2026-01-26-13:14:12
2.0,30.0,9.0,6.0,0.53959596,0.53959596,0.94604754,2026-01-26-13:14:12
11.0,50.0,10.0,7.0,1.0,0.5443607,0.50504375,2026-01-26-13:14:12
9.0,20.0,11.0,2.0,0.48593885,0.7870689,0.56692415,2026-01-26-13:14:12
11.0,50.0,15.0,4.0,1.0,0.5575041,0.5193213,2026-01-26-13:14:12
11.0,10.0,2.0,3.0,0.5443607,1.0,0.50504375,2026-01-26-13:14:40
3.0,30.0,8.0,4.0,0.5443189,0.5443189,0.8924636,2026-01-26-13:14:40
7.0,30.0,17.0,3.0,0.58163077,0.5816307,0.6798078,2026-01-26-13:14:40
10.0,10.0,17.0,3.0,0.5050438,1.0,0.54436064,2026-01-26-13:14:40
8.0,30.0,17.0,3.0,0.60175645,0.60175645,0.63204217,2026-01-26-13:14:40
4.0,30.0,19.0,4.0,0.5521546,0.5521546,0.8396143,2026-01-26-13:15:12
4.0,30.0,10.0,6.0,0.5521546,0.5521546,0.8396143,2026-01-26-13:15:12
9.0,20.0,19.0,4.0,0.5236681,0.8026969,0.5987096,2026-01-26-13:15:12
4.0,30.0,18.0,4.0,0.5521546,0.5521546,0.8396143,2026-01-26-13:15:12
2.0,30.0,7.0,6.0,0.53959596,0.53959596,0.94604754,2026-01-26-13:15:12
9.0,30.0,10.0,3.0,0.6246026,0.62460256,0.5867901,2026-01-26-13:15:39
10.0,30.0,2.0,6.0,0.66010886,0.66010886,0.5575041,2026-01-26-13:15:39
9.0,50.0,20.0,5.0,1.0,0.4895268,0.60268277,2026-01-26-13:15:39
10.0,40.0,5.0,4.0,0.81605226,0.5559108,0.5575041,2026-01-26-13:15:39
9.0,50.0,3.0,5.0,1.0,0.4895268,0.60268277,2026-01-26-13:15:39
4.0,30.0,8.0,6.0,0.5521546,0.5521546,0.8396143,2026-01-26-13:16:07
11.0,30.0,12.0,4.0,0.6871082,0.68710816,0.5193213,2026-01-26-13:16:07
11.0,10.0,7.0,6.0,0.5575041,1.0,0.5193213,2026-01-26-13:16:07
1.0,30.0,17.0,7.0,0.52429587,0.52429587,1.0,2026-01-26-13:16:07
11.0,50.0,2.0,4.0,1.0,0.5575041,0.5193213,2026-01-26-13:16:07
3.0,30.0,14.0,4.0,0.5443189,0.5443189,0.8924636,2026-01-26-13:16:35
10.0,20.0,9.0,4.0,0.5559108,0.81605226,0.5575041,2026-01-26-13:16:35
11.0,20.0,4.0,6.0,0.5911871,0.83066416,0.5193213,2026-01-26-13:16:35
11.0,30.0,19.0,6.0,0.6871082,0.68710816,0.5193213,2026-01-26-13:16:35
10.0,30.0,6.0,6.0,0.66010886,0.66010886,0.5575041,2026-01-26-13:16:35
11.0,30.0,5.0,4.0,0.6871082,0.68710816,0.5193213,2026-01-26-13:17:03
11.0,40.0,10.0,4.0,0.83066416,0.5911871,0.5193213,2026-01-26-13:17:03
1.0,30.0,4.0,3.0,0.52429587,0.52429587,1.0,2026-01-26-13:17:03
11.0,40.0,16.0,4.0,0.83066416,0.5911871,0.5193213,2026-01-26-13:17:03
11.0,20.0,16.0,4.0,0.5911871,0.83066416,0.5193213,2026-01-26-13:17:03
12.0,50.0,6.0,5.0,1.0,0.60268277,0.4895268,2026-01-26-13:17:34
9.0,30.0,2.0,4.0,0.6354314,0.63543135,0.5987096,2026-01-26-13:17:34
10.0,20.0,12.0,6.0,0.5559108,0.81605226,0.5575041,2026-01-26-13:17:34
12.0,50.0,8.0,5.0,1.0,0.60268277,0.4895268,2026-01-26-13:17:34
12.0,50.0,14.0,6.0,1.0,0.59870964,0.48442206,2026-01-26-13:17:34
11.0,10.0,16.0,7.0,0.5443607,1.0,0.50504375,2026-01-26-13:18:04
11.0,30.0,20.0,6.0,0.6871082,0.68710816,0.5193213,2026-01-26-13:18:04
1.0,30.0,6.0,7.0,0.52429587,0.52429587,1.0,2026-01-26-13:18:04
11.0,20.0,17.0,4.0,0.5911871,0.83066416,0.5193213,2026-01-26-13:18:04
11.0,40.0,8.0,4.0,0.83066416,0.5911871,0.5193213,2026-01-26-13:18:04
10.0,10.0,7.0,7.0,0.5050438,1.0,0.54436064,2026-01-26-13:18:30
2.0,30.0,5.0,4.0,0.53959596,0.53959596,0.94604754,2026-01-26-13:18:30
10.0,30.0,3.0,4.0,0.66010886,0.66010886,0.5575041,2026-01-26-13:18:30
10.0,10.0,12.0,7.0,0.5050438,1.0,0.54436064,2026-01-26-13:18:30
12.0,20.0,15.0,5.0,0.63292676,0.8479533,0.4895268,2026-01-26-13:18:30
4.0,30.0,12.0,4.0,0.5521546,0.5521546,0.8396143,2026-01-26-13:19:00
10.0,30.0,4.0,4.0,0.66010886,0.66010886,0.5575041,2026-01-26-13:19:00
11.0,40.0,1.0,4.0,0.83066416,0.5911871,0.5193213,2026-01-26-13:19:00
2.0,30.0,8.0,6.0,0.53959596,0.53959596,0.94604754,2026-01-26-13:19:00
8.0,40.0,16.0,4.0,0.7906893,0.4946792,0.6426563,2026-01-26-13:19:00
10.0,50.0,9.0,3.0,1.0,0.5050438,0.54436064,2026-01-26-13:19:31
11.0,50.0,6.0,3.0,1.0,0.5443607,0.50504375,2026-01-26-13:19:31
4.0,30.0,1.0,6.0,0.5521546,0.5521546,0.8396143,2026-01-26-13:19:31
3.0,30.0,5.0,6.0,0.5443189,0.5443189,0.8924636,2026-01-26-13:19:31
1.0,30.0,3.0,3.0,0.52429587,0.52429587,1.0,2026-01-26-13:19:31
9.0,20.0,8.0,7.0,0.50951964,0.7968364,0.5867901,2026-01-26-13:20:04
11.0,30.0,13.0,4.0,0.6871082,0.68710816,0.5193213,2026-01-26-13:20:04
10.0,20.0,8.0,4.0,0.5559108,0.81605226,0.5575041,2026-01-26-13:20:04
11.0,20.0,15.0,4.0,0.5911871,0.83066416,0.5193213,2026-01-26-13:20:04
15.0,20.0,10.0,6.0,0.75753325,0.89956695,0.40168768,2026-01-26-13:20:04
3.0,30.0,10.0,6.0,0.5443189,0.5443189,0.8924636,2026-01-26-13:20:35
2.0,30.0,1.0,4.0,0.53959596,0.53959596,0.94604754,2026-01-26-13:20:35
10.0,20.0,2.0,4.0,0.5559108,0.81605226,0.5575041,2026-01-26-13:20:35
10.0,20.0,15.0,6.0,0.5559108,0.81605226,0.5575041,2026-01-26-13:20:35
10.0,40.0,8.0,6.0,0.81605226,0.5559108,0.5575041,2026-01-26-13:20:35
10.0,10.0,3.0,7.0,0.5050438,1.0,0.54436064,2026-01-26-13:21:03
10.0,20.0,6.0,4.0,0.5559108,0.81605226,0.5575041,2026-01-26-13:21:03
11.0,30.0,2.0,4.0,0.6871082,0.68710816,0.5193213,2026-01-26-13:21:03
10.0,30.0,18.0,6.0,0.66010886,0.66010886,0.5575041,2026-01-26-13:21:03
3.0,30.0,12.0,6.0,0.5443189,0.5443189,0.8924636,2026-01-26-13:21:03
