metal_a_type,metal_a_concentration,metal_b_type,metal_molar_ratio_b_a,Adhesion,Coverage,Uniformity,Timestamp
20.0,10.0,16.0,4.0,0.56129616,0.42697018,0.30897778,2026-01-26-11:12:41
10.0,40.0,1.0,6.0,0.46039724,0.26531363,0.4113631,2026-01-26-11:12:41
5.0,20.0,14.0,2.0,0.31518596,0.20042905,0.2950017,2026-01-26-11:12:41
15.0,30.0,9.0,9.0,0.6409088,0.40720543,0.5599375,2026-01-26-11:12:41
12.0,30.0,3.0,9.0,0.5809394,0.21307637,0.35795105,2026-01-26-11:12:41
3.0,40.0,18.0,1.0,0.35185516,0.13834749,0.3081357,2026-01-26-11:12:41
8.0,20.0,6.0,7.0,0.28888392,0.10178115,0.24476656,2026-01-26-11:12:41
17.0,50.0,11.0,4.0,0.6367292,0.7192749,0.36749673,2026-01-26-11:12:41
16.0,20.0,6.0,1.0,0.3923288,0.2812326,0.17649052,2026-01-26-11:12:41
6.0,30.0,11.0,10.0,0.37531874,0.2739211,0.48005733,2026-01-26-11:12:41
17.0,50.0,9.0,4.0,0.57172066,0.68209404,0.33254105,2026-01-26-11:12:43
17.0,30.0,9.0,4.0,0.38123465,0.34798333,0.37019712,2026-01-26-11:12:43
17.0,50.0,12.0,4.0,0.6670912,0.7352127,0.3896736,2026-01-26-11:12:43
17.0,50.0,13.0,4.0,0.69337165,0.74904174,0.41278094,2026-01-26-11:12:43
6.0,30.0,9.0,9.0,0.44113863,0.23900628,0.42108625,2026-01-26-11:12:43
8.0,50.0,13.0,4.0,0.6490519,0.39515805,0.544297,2026-01-26-11:12:45
3.0,50.0,13.0,4.0,0.64886403,0.32292852,0.39150298,2026-01-26-11:12:45
17.0,50.0,13.0,1.0,0.5552479,0.6770486,0.28242457,2026-01-26-11:12:45
1.0,50.0,13.0,4.0,0.5370892,0.3416192,0.35866335,2026-01-26-11:12:45
15.0,30.0,11.0,9.0,0.619376,0.45221686,0.582968,2026-01-26-11:12:45
17.0,50.0,13.0,10.0,0.7221827,0.69383484,0.6057889,2026-01-26-11:12:47
15.0,30.0,13.0,9.0,0.5828591,0.49243242,0.5836429,2026-01-26-11:12:47
15.0,30.0,11.0,10.0,0.60903853,0.48505357,0.61175805,2026-01-26-11:12:47
17.0,50.0,13.0,9.0,0.72481567,0.70827156,0.5894028,2026-01-26-11:12:47
17.0,50.0,13.0,6.0,0.7394667,0.7517157,0.49933842,2026-01-26-11:12:47
17.0,50.0,12.0,10.0,0.7386193,0.6794058,0.61378354,2026-01-26-11:12:49
15.0,50.0,13.0,10.0,0.59412843,0.62808585,0.6660675,2026-01-26-11:12:49
17.0,50.0,12.0,6.0,0.73446167,0.7376867,0.48156303,2026-01-26-11:12:49
17.0,50.0,3.0,10.0,0.7656182,0.4911861,0.4937464,2026-01-26-11:12:49
17.0,50.0,13.0,5.0,0.7237254,0.7550538,0.45765278,2026-01-26-11:12:49
8.0,50.0,12.0,10.0,0.6034642,0.3264901,0.7469696,2026-01-26-11:12:51
17.0,50.0,13.0,8.0,0.73408484,0.7251532,0.5661744,2026-01-26-11:12:51
15.0,50.0,12.0,10.0,0.6115497,0.6086573,0.67558736,2026-01-26-11:12:51
17.0,50.0,16.0,6.0,0.71342355,0.7795887,0.52425855,2026-01-26-11:12:51
17.0,50.0,15.0,6.0,0.7280743,0.77275795,0.5214008,2026-01-26-11:12:51
8.0,50.0,16.0,10.0,0.5449476,0.3901609,0.67831683,2026-01-26-11:12:53
17.0,50.0,15.0,3.0,0.7037527,0.7536599,0.41390494,2026-01-26-11:12:53
15.0,50.0,16.0,10.0,0.5661634,0.67428523,0.61223197,2026-01-26-11:12:53
17.0,50.0,15.0,10.0,0.7006063,0.71567696,0.576305,2026-01-26-11:12:53
8.0,50.0,15.0,10.0,0.5513095,0.37195942,0.70161474,2026-01-26-11:12:53
17.0,50.0,3.0,6.0,0.50427926,0.553067,0.37563097,2026-01-26-11:12:55
17.0,50.0,18.0,6.0,0.6739113,0.785947,0.5136296,2026-01-26-11:12:55
19.0,50.0,12.0,10.0,0.8483501,0.7276591,0.5804795,2026-01-26-11:12:55
17.0,50.0,13.0,2.0,0.6030346,0.7084982,0.32275766,2026-01-26-11:12:55
15.0,10.0,16.0,6.0,0.34184846,0.42345855,0.22309422,2026-01-26-11:12:55
19.0,50.0,16.0,6.0,0.8033995,0.80331206,0.49943393,2026-01-26-11:12:57
19.0,50.0,18.0,10.0,0.8279543,0.74423885,0.49985713,2026-01-26-11:12:57
19.0,50.0,18.0,5.0,0.78671867,0.8029578,0.48368916,2026-01-26-11:12:57
20.0,50.0,12.0,10.0,0.881837,0.7421911,0.5807822,2026-01-26-11:12:57
2.0,50.0,18.0,10.0,0.55520123,0.27859685,0.4760646,2026-01-26-11:12:57
20.0,50.0,16.0,5.0,0.83433515,0.8096597,0.4810562,2026-01-26-11:12:59
20.0,50.0,15.0,6.0,0.8407686,0.80769885,0.49801052,2026-01-26-11:12:59
19.0,50.0,12.0,9.0,0.84823996,0.7421957,0.55723494,2026-01-26-11:12:59
20.0,50.0,12.0,8.0,0.8775897,0.77370936,0.52727765,2026-01-26-11:12:59
20.0,50.0,2.0,10.0,0.88779974,0.5979851,0.43077564,2026-01-26-11:12:59
20.0,50.0,15.0,9.0,0.83006865,0.76485467,0.54756397,2026-01-26-11:13:02
20.0,50.0,18.0,6.0,0.79193753,0.8003382,0.50038624,2026-01-26-11:13:02
20.0,50.0,16.0,7.0,0.81727284,0.7960085,0.5204594,2026-01-26-11:13:02
20.0,50.0,13.0,10.0,0.8659654,0.74687195,0.5758684,2026-01-26-11:13:02
20.0,50.0,0.0,0.0,0.6789107,0.5178711,0.36141044,2026-01-26-11:13:02
20.0,50.0,16.0,8.0,0.81164706,0.7806591,0.53039074,2026-01-26-11:13:04
5.0,50.0,12.0,10.0,0.67088705,0.27179837,0.65228295,2026-01-26-11:13:04
19.0,50.0,15.0,8.0,0.79870903,0.77596664,0.53380775,2026-01-26-11:13:04
10.0,50.0,16.0,8.0,0.49974066,0.5047088,0.69730526,2026-01-26-11:13:04
4.0,50.0,16.0,8.0,0.6424664,0.31211218,0.55417955,2026-01-26-11:13:04
20.0,50.0,14.0,5.0,0.83521944,0.8103643,0.44975758,2026-01-26-11:13:07
20.0,50.0,10.0,5.0,0.7562291,0.78962237,0.3532287,2026-01-26-11:13:07
13.0,50.0,16.0,9.0,0.46588397,0.61752295,0.66733813,2026-01-26-11:13:07
10.0,50.0,12.0,10.0,0.53348005,0.39495173,0.77498674,2026-01-26-11:13:07
18.0,50.0,12.0,10.0,0.7990915,0.7066644,0.592089,2026-01-26-11:13:07
20.0,50.0,15.0,5.0,0.8382927,0.8108369,0.46787596,2026-01-26-11:13:09
19.0,50.0,16.0,5.0,0.8132898,0.80635005,0.47624773,2026-01-26-11:13:09
18.0,50.0,16.0,6.0,0.7638817,0.79449457,0.50667727,2026-01-26-11:13:09
10.0,50.0,16.0,9.0,0.47812375,0.48812726,0.702328,2026-01-26-11:13:09
19.0,50.0,14.0,7.0,0.823631,0.78807366,0.5138808,2026-01-26-11:13:09
20.0,50.0,4.0,5.0,0.5919734,0.7034503,0.30347753,2026-01-26-11:13:12
20.0,50.0,7.0,5.0,0.6617379,0.753763,0.30123532,2026-01-26-11:13:12
20.0,50.0,5.0,5.0,0.60968405,0.7215154,0.29604548,2026-01-26-11:13:12
20.0,50.0,8.0,5.0,0.69297165,0.7675344,0.3135386,2026-01-26-11:13:12
20.0,50.0,17.0,10.0,0.8512178,0.7478084,0.5215342,2026-01-26-11:13:12
20.0,50.0,14.0,10.0,0.85372347,0.74964535,0.56620383,2026-01-26-11:13:14
20.0,50.0,19.0,6.0,0.7729801,0.79564327,0.49165922,2026-01-26-11:13:14
19.0,50.0,20.0,6.0,0.7290961,0.7910935,0.47087574,2026-01-26-11:13:14
16.0,50.0,12.0,10.0,0.67356724,0.64644015,0.6427717,2026-01-26-11:13:14
11.0,50.0,12.0,10.0,0.5124569,0.43582946,0.7728622,2026-01-26-11:13:14
7.0,50.0,12.0,10.0,0.6376425,0.3011904,0.7197044,2026-01-26-11:13:17
14.0,50.0,12.0,10.0,0.5598975,0.56723493,0.70844835,2026-01-26-11:13:17
20.0,50.0,15.0,10.0,0.8465739,0.7506179,0.5529147,2026-01-26-11:13:17
9.0,50.0,12.0,10.0,0.5661898,0.35807928,0.7660521,2026-01-26-11:13:17
9.0,50.0,16.0,6.0,0.60606366,0.48742467,0.6628571,2026-01-26-11:13:17
20.0,50.0,12.0,7.0,0.8672982,0.78945875,0.49053657,2026-01-26-11:13:20
19.0,50.0,14.0,5.0,0.8148961,0.80212474,0.44722915,2026-01-26-11:13:20
20.0,50.0,12.0,3.0,0.7053936,0.7822739,0.31144556,2026-01-26-11:13:20
19.0,50.0,12.0,8.0,0.8481568,0.75917745,0.5269749,2026-01-26-11:13:20
20.0,50.0,1.0,10.0,0.8593212,0.5773877,0.42300296,2026-01-26-11:13:20
19.0,50.0,12.0,7.0,0.8407743,0.77492684,0.4902339,2026-01-26-11:13:22
20.0,50.0,3.0,10.0,0.9125777,0.6182005,0.44407046,2026-01-26-11:13:22
20.0,50.0,6.0,10.0,0.9519165,0.67364174,0.5046627,2026-01-26-11:13:22
20.0,50.0,15.0,7.0,0.8350571,0.7969857,0.5212105,2026-01-26-11:13:22
20.0,50.0,14.0,8.0,0.84661305,0.7807637,0.539623,2026-01-26-11:13:22
18.0,50.0,15.0,5.0,0.7818268,0.7937564,0.47258565,2026-01-26-11:13:25
19.0,50.0,6.0,10.0,0.91743577,0.63899744,0.50973207,2026-01-26-11:13:25
20.0,50.0,16.0,6.0,0.82768714,0.8066217,0.5042424,2026-01-26-11:13:25
20.0,50.0,6.0,8.0,0.84023786,0.70636004,0.40569577,2026-01-26-11:13:25
8.0,50.0,13.0,9.0,0.61118513,0.35438788,0.7209188,2026-01-26-11:13:25
15.0,30.0,14.0,8.0,0.58102953,0.47431818,0.56037074,2026-01-26-11:13:28
8.0,50.0,12.0,8.0,0.66460335,0.35800844,0.69346505,2026-01-26-11:13:28
20.0,50.0,15.0,4.0,0.8226238,0.80462486,0.43156397,2026-01-26-11:13:28
15.0,30.0,12.0,10.0,0.59031117,0.5060406,0.60804886,2026-01-26-11:13:28
15.0,30.0,12.0,8.0,0.6156415,0.4377223,0.55754435,2026-01-26-11:13:28
9.0,50.0,14.0,9.0,0.5491915,0.40660313,0.7297297,2026-01-26-11:13:31
7.0,50.0,12.0,8.0,0.7017484,0.3327087,0.66619986,2026-01-26-11:13:31
19.0,50.0,13.0,9.0,0.8304514,0.75005573,0.5580801,2026-01-26-11:13:31
20.0,50.0,11.0,10.0,0.8995731,0.73554075,0.58024436,2026-01-26-11:13:31
19.0,50.0,16.0,4.0,0.81220126,0.80003804,0.44616932,2026-01-26-11:13:31
20.0,40.0,6.0,10.0,0.77888244,0.6767714,0.50482273,2026-01-26-11:13:34
20.0,50.0,19.0,10.0,0.8819879,0.7401624,0.49526003,2026-01-26-11:13:34
18.0,50.0,16.0,5.0,0.7769173,0.7975326,0.4834911,2026-01-26-11:13:34
19.0,50.0,17.0,5.0,0.80254775,0.8055144,0.4827717,2026-01-26-11:13:34
20.0,40.0,12.0,9.0,0.707773,0.7472903,0.55844766,2026-01-26-11:13:34
12.0,50.0,11.0,10.0,0.5291012,0.4575746,0.76441824,2026-01-26-11:13:37
19.0,40.0,15.0,5.0,0.6139886,0.6628944,0.4947712,2026-01-26-11:13:37
20.0,40.0,14.0,5.0,0.6659355,0.67077506,0.45366755,2026-01-26-11:13:37
20.0,50.0,13.0,7.0,0.8616064,0.7938397,0.5060294,2026-01-26-11:13:37
18.0,50.0,14.0,9.0,0.76534295,0.74125594,0.5629085,2026-01-26-11:13:37
12.0,50.0,15.0,9.0,0.46646,0.55669546,0.70771354,2026-01-26-11:13:40
20.0,40.0,12.0,10.0,0.70880306,0.7453207,0.58094215,2026-01-26-11:13:40
20.0,40.0,11.0,10.0,0.7265391,0.7386704,0.58040434,2026-01-26-11:13:40
18.0,40.0,12.0,10.0,0.58167946,0.7051318,0.63597816,2026-01-26-11:13:40
19.0,40.0,17.0,9.0,0.57335424,0.74811125,0.54254174,2026-01-26-11:13:40
19.0,50.0,11.0,10.0,0.8660496,0.7175512,0.581002,2026-01-26-11:13:42
20.0,30.0,6.0,10.0,0.60070646,0.561465,0.55146295,2026-01-26-11:13:42
18.0,50.0,11.0,10.0,0.8168614,0.69318855,0.5935902,2026-01-26-11:13:42
9.0,50.0,12.0,8.0,0.62346005,0.38959762,0.7125476,2026-01-26-11:13:42
20.0,50.0,17.0,5.0,0.8241197,0.80702734,0.4887078,2026-01-26-11:13:42
20.0,40.0,15.0,8.0,0.6571537,0.7475645,0.539136,2026-01-26-11:13:46
9.0,40.0,12.0,8.0,0.6943207,0.37620315,0.55421287,2026-01-26-11:13:46
15.0,40.0,12.0,8.0,0.5305896,0.60182303,0.6489858,2026-01-26-11:13:46
20.0,40.0,12.0,8.0,0.70605576,0.73973763,0.52893764,2026-01-26-11:13:46
9.0,50.0,11.0,10.0,0.5886542,0.343107,0.7697116,2026-01-26-11:13:46
20.0,40.0,13.0,10.0,0.6929315,0.75000155,0.5760284,2026-01-26-11:13:49
20.0,40.0,17.0,7.0,0.62813336,0.7265484,0.5170818,2026-01-26-11:13:49
20.0,50.0,14.0,6.0,0.8485628,0.8071262,0.48622626,2026-01-26-11:13:49
20.0,40.0,16.0,4.0,0.6616885,0.63444394,0.45563778,2026-01-26-11:13:49
7.0,50.0,12.0,9.0,0.6705312,0.31572708,0.69645983,2026-01-26-11:13:49
16.0,50.0,11.0,10.0,0.69185036,0.6273435,0.6458868,2026-01-26-11:13:52
16.0,40.0,19.0,9.0,0.44669574,0.71648186,0.5673145,2026-01-26-11:13:52
20.0,50.0,12.0,9.0,0.8800569,0.75672776,0.5575376,2026-01-26-11:13:52
16.0,40.0,11.0,10.0,0.530381,0.6249903,0.68903035,2026-01-26-11:13:52
7.0,50.0,13.0,8.0,0.68191266,0.34260648,0.67106783,2026-01-26-11:13:52
7.0,50.0,11.0,10.0,0.66090834,0.29321772,0.72203827,2026-01-26-11:13:55
15.0,50.0,11.0,10.0,0.630277,0.5876703,0.6792966,2026-01-26-11:13:55
20.0,50.0,13.0,5.0,0.8248848,0.80809087,0.42773235,2026-01-26-11:13:55
7.0,50.0,6.0,10.0,0.7316733,0.282929,0.64187527,2026-01-26-11:13:55
13.0,50.0,11.0,10.0,0.5443457,0.50126016,0.74204755,2026-01-26-11:13:55
18.0,50.0,16.0,4.0,0.7786122,0.7912205,0.45341265,2026-01-26-11:13:59
17.0,50.0,11.0,10.0,0.75658166,0.662868,0.61615634,2026-01-26-11:13:59
20.0,50.0,14.0,4.0,0.8077325,0.8042522,0.4083804,2026-01-26-11:13:59
20.0,50.0,6.0,7.0,0.7682165,0.72270954,0.36191857,2026-01-26-11:13:59
18.0,50.0,17.0,7.0,0.7275117,0.78559566,0.5148373,2026-01-26-11:13:59
20.0,50.0,12.0,5.0,0.8076191,0.80390996,0.4031907,2026-01-26-11:14:04
18.0,50.0,16.0,7.0,0.74700725,0.7838814,0.5228943,2026-01-26-11:14:04
18.0,50.0,15.0,8.0,0.75335455,0.76445585,0.54218566,2026-01-26-11:14:04
18.0,50.0,17.0,5.0,0.7655616,0.7990469,0.48887336,2026-01-26-11:14:04
19.0,50.0,17.0,6.0,0.7860016,0.8025764,0.49894714,2026-01-26-11:14:04
15.0,30.0,17.0,5.0,0.6002138,0.42622018,0.4979531,2026-01-26-11:14:07
20.0,20.0,12.0,9.0,0.563433,0.41806838,0.560604,2026-01-26-11:14:07
5.0,20.0,12.0,5.0,0.43663445,0.14850187,0.37869564,2026-01-26-11:14:07
20.0,20.0,13.0,9.0,0.54570895,0.4226493,0.5625487,2026-01-26-11:14:07
19.0,50.0,16.0,3.0,0.7958935,0.78391397,0.41002852,2026-01-26-11:14:07
19.0,50.0,15.0,5.0,0.8176678,0.8052672,0.4642077,2026-01-26-11:14:11
17.0,40.0,12.0,9.0,0.54264283,0.67893124,0.64082545,2026-01-26-11:14:11
17.0,40.0,11.0,10.0,0.55536973,0.6604238,0.6656928,2026-01-26-11:14:11
7.0,40.0,11.0,10.0,0.62395847,0.32964033,0.55106294,2026-01-26-11:14:11
19.0,30.0,14.0,9.0,0.48286033,0.5942094,0.61542654,2026-01-26-11:14:11
20.0,40.0,15.0,3.0,0.62449664,0.6008119,0.39592463,2026-01-26-11:14:15
17.0,40.0,15.0,3.0,0.5077908,0.560297,0.46869132,2026-01-26-11:14:15
18.0,50.0,19.0,5.0,0.72913784,0.7959418,0.4832526,2026-01-26-11:14:15
19.0,50.0,15.0,4.0,0.80502313,0.7990552,0.42789578,2026-01-26-11:14:15
20.0,50.0,13.0,6.0,0.84997624,0.8047528,0.46941793,2026-01-26-11:14:15
19.0,50.0,17.0,4.0,0.8118359,0.79910237,0.4596001,2026-01-26-11:14:18
19.0,50.0,18.0,6.0,0.7665134,0.80011976,0.49334812,2026-01-26-11:14:18
19.0,40.0,14.0,10.0,0.61256295,0.74175185,0.5904889,2026-01-26-11:14:18
19.0,50.0,10.0,5.0,0.73599595,0.7680897,0.35499525,2026-01-26-11:14:18
18.0,50.0,13.0,5.0,0.7696348,0.7791636,0.43690377,2026-01-26-11:14:18
20.0,50.0,17.0,9.0,0.81334335,0.7618451,0.52091426,2026-01-26-11:14:22
20.0,50.0,17.0,8.0,0.7973027,0.77832675,0.5193862,2026-01-26-11:14:22
20.0,10.0,12.0,9.0,0.59613067,0.3803503,0.40053767,2026-01-26-11:14:22
20.0,30.0,15.0,7.0,0.48834705,0.5350735,0.5725108,2026-01-26-11:14:22
15.0,30.0,6.0,10.0,0.65971094,0.37001315,0.55052346,2026-01-26-11:14:22
18.0,50.0,14.0,5.0,0.7794817,0.7876381,0.45672143,2026-01-26-11:14:26
16.0,50.0,15.0,6.0,0.6737331,0.7485048,0.5476706,2026-01-26-11:14:26
18.0,50.0,16.0,3.0,0.764505,0.77509654,0.41727185,2026-01-26-11:14:26
19.0,50.0,16.0,2.0,0.76380163,0.75889444,0.36932713,2026-01-26-11:14:26
17.0,50.0,18.0,7.0,0.654182,0.77553385,0.5180547,2026-01-26-11:14:26
19.0,40.0,20.0,10.0,0.66113645,0.7363587,0.50584656,2026-01-26-11:14:30
10.0,50.0,11.0,10.0,0.55537945,0.37707305,0.7790884,2026-01-26-11:14:30
8.0,50.0,12.0,9.0,0.634462,0.34102678,0.7237251,2026-01-26-11:14:30
20.0,40.0,19.0,10.0,0.708954,0.7432921,0.49542007,2026-01-26-11:14:30
11.0,40.0,20.0,10.0,0.5949764,0.60294944,0.5103835,2026-01-26-11:14:30
19.0,40.0,12.0,10.0,0.6409208,0.7280051,0.60729295,2026-01-26-11:14:34
15.0,50.0,12.0,9.0,0.62187123,0.623194,0.6523428,2026-01-26-11:14:34
7.0,50.0,14.0,8.0,0.65919673,0.3545988,0.6691332,2026-01-26-11:14:34
14.0,50.0,11.0,10.0,0.5791759,0.54515004,0.7125889,2026-01-26-11:14:34
14.0,40.0,11.0,10.0,0.53854173,0.5459926,0.71082646,2026-01-26-11:14:34
13.0,40.0,11.0,10.0,0.5646266,0.5051417,0.7066383,2026-01-26-11:14:38
8.0,50.0,11.0,10.0,0.6263901,0.3148859,0.7500339,2026-01-26-11:14:38
13.0,40.0,15.0,10.0,0.49928692,0.58933973,0.6563084,2026-01-26-11:14:38
15.0,40.0,11.0,10.0,0.52548665,0.5864192,0.7046996,2026-01-26-11:14:38
8.0,40.0,11.0,10.0,0.6493026,0.34484285,0.5786806,2026-01-26-11:14:38
15.0,30.0,16.0,6.0,0.59100986,0.4381876,0.51747215,2026-01-26-11:14:41
20.0,10.0,6.0,10.0,0.6649902,0.2972643,0.3446627,2026-01-26-11:14:41
20.0,20.0,11.0,10.0,0.5806991,0.43178773,0.5810607,2026-01-26-11:14:41
20.0,40.0,16.0,2.0,0.6103188,0.5686115,0.3802956,2026-01-26-11:14:41
20.0,10.0,13.0,8.0,0.58259857,0.4018128,0.382254,2026-01-26-11:14:41
18.0,50.0,20.0,5.0,0.70773715,0.79180485,0.47354212,2026-01-26-11:14:45
9.0,50.0,12.0,9.0,0.5948858,0.37261596,0.7428076,2026-01-26-11:14:45
18.0,30.0,14.0,10.0,0.49213287,0.61287886,0.6274034,2026-01-26-11:14:45
14.0,50.0,12.0,9.0,0.57340825,0.5817716,0.68520385,2026-01-26-11:14:45
18.0,30.0,14.0,9.0,0.48873624,0.5797422,0.6186441,2026-01-26-11:14:45
20.0,50.0,13.0,4.0,0.7862566,0.8020788,0.3828605,2026-01-26-11:14:50
6.0,50.0,16.0,5.0,0.7287403,0.382579,0.5665007,2026-01-26-11:14:50
6.0,50.0,16.0,6.0,0.7081006,0.37954095,0.58968693,2026-01-26-11:14:50
20.0,40.0,10.0,10.0,0.74421436,0.73003316,0.5741946,2026-01-26-11:14:50
11.0,50.0,12.0,9.0,0.5355773,0.45036614,0.7496177,2026-01-26-11:14:50
6.0,50.0,11.0,10.0,0.6852761,0.27856576,0.68853414,2026-01-26-11:14:54
18.0,50.0,10.0,5.0,0.7011143,0.740401,0.36849356,2026-01-26-11:14:54
20.0,50.0,17.0,6.0,0.81081575,0.8040893,0.5048833,2026-01-26-11:14:54
20.0,50.0,14.0,7.0,0.8503992,0.7963131,0.5164093,2026-01-26-11:14:54
20.0,50.0,12.0,6.0,0.8444061,0.80047196,0.44856167,2026-01-26-11:14:54
6.0,50.0,12.0,9.0,0.6961159,0.29739347,0.6638,2026-01-26-11:14:58
6.0,50.0,12.0,8.0,0.72788775,0.3143751,0.63354003,2026-01-26-11:14:58
15.0,30.0,16.0,3.0,0.6142172,0.39998558,0.4325667,2026-01-26-11:14:58
15.0,30.0,18.0,3.0,0.62428874,0.41768423,0.45812586,2026-01-26-11:14:58
20.0,40.0,9.0,10.0,0.7598998,0.71943504,0.5625885,2026-01-26-11:14:58
19.0,50.0,15.0,6.0,0.8169015,0.80212927,0.49434233,2026-01-26-11:15:03
16.0,50.0,13.0,9.0,0.6621254,0.6780813,0.6175604,2026-01-26-11:15:03
20.0,40.0,18.0,10.0,0.6905102,0.747587,0.5070553,2026-01-26-11:15:03
20.0,50.0,15.0,8.0,0.8286878,0.7815363,0.53747594,2026-01-26-11:15:03
19.0,50.0,13.0,5.0,0.8047413,0.7968379,0.4263301,2026-01-26-11:15:03
20.0,40.0,17.0,10.0,0.67818373,0.7509381,0.5216942,2026-01-26-11:15:07
20.0,40.0,8.0,10.0,0.7718204,0.7069451,0.5463336,2026-01-26-11:15:07
18.0,40.0,8.0,10.0,0.6439048,0.63993603,0.6087201,2026-01-26-11:15:07
5.0,40.0,8.0,10.0,0.5997269,0.32946342,0.47791746,2026-01-26-11:15:07
18.0,40.0,11.0,10.0,0.5994494,0.691656,0.6374793,2026-01-26-11:15:07
20.0,40.0,3.0,10.0,0.7395437,0.62133014,0.4442305,2026-01-26-11:15:12
20.0,40.0,0.0,0.0,0.5133767,0.35322455,0.36907044,2026-01-26-11:15:12
15.0,30.0,14.0,2.0,0.5323999,0.37877312,0.3487611,2026-01-26-11:15:12
15.0,30.0,2.0,2.0,0.44043055,0.13537806,0.40484154,2026-01-26-11:15:12
20.0,40.0,2.0,10.0,0.7147657,0.6011147,0.43093562,2026-01-26-11:15:12
15.0,30.0,18.0,1.0,0.59106666,0.43565342,0.3954331,2026-01-26-11:15:17
15.0,30.0,18.0,10.0,0.5565692,0.5907671,0.5030893,2026-01-26-11:15:17
15.0,30.0,20.0,1.0,0.61769396,0.44336414,0.4260008,2026-01-26-11:15:17
20.0,40.0,7.0,10.0,0.7784999,0.69267374,0.52658755,2026-01-26-11:15:17
20.0,40.0,8.0,6.0,0.58897,0.6597336,0.35787353,2026-01-26-11:15:17
20.0,20.0,15.0,8.0,0.51431376,0.4150481,0.54279226,2026-01-26-11:15:21
20.0,40.0,16.0,10.0,0.6725249,0.7530704,0.53762376,2026-01-26-11:15:21
20.0,20.0,15.0,4.0,0.5172498,0.4508914,0.4458803,2026-01-26-11:15:21
5.0,20.0,12.0,9.0,0.40448344,0.13913228,0.5240426,2026-01-26-11:15:21
19.0,40.0,11.0,10.0,0.6586205,0.7178972,0.6078155,2026-01-26-11:15:21
10.0,40.0,9.0,10.0,0.6892979,0.3630796,0.62987816,2026-01-26-11:15:26
12.0,40.0,10.0,10.0,0.6166502,0.4439745,0.690573,2026-01-26-11:15:26
14.0,30.0,15.0,9.0,0.565468,0.49691507,0.5323912,2026-01-26-11:15:26
6.0,50.0,13.0,8.0,0.70795834,0.3207295,0.6391791,2026-01-26-11:15:26
12.0,40.0,9.0,8.0,0.6361829,0.41821414,0.59444904,2026-01-26-11:15:26
18.0,10.0,14.0,7.0,0.5080981,0.41769966,0.2898659,2026-01-26-11:15:31
18.0,10.0,14.0,5.0,0.5117659,0.43175086,0.22921422,2026-01-26-11:15:31
19.0,10.0,18.0,5.0,0.5168976,0.4354444,0.300801,2026-01-26-11:15:31
20.0,10.0,18.0,7.0,0.5039652,0.41354764,0.35381138,2026-01-26-11:15:31
18.0,10.0,14.0,3.0,0.46031776,0.40971485,0.14948723,2026-01-26-11:15:31
19.0,20.0,12.0,10.0,0.5845064,0.4264144,0.55844605,2026-01-26-11:15:36
19.0,20.0,16.0,3.0,0.5477998,0.4646221,0.40374506,2026-01-26-11:15:36
16.0,50.0,12.0,9.0,0.68085283,0.6609768,0.6195272,2026-01-26-11:15:36
19.0,40.0,13.0,10.0,0.62498474,0.735965,0.6012797,2026-01-26-11:15:36
20.0,50.0,14.0,9.0,0.8450492,0.763982,0.5559446,2026-01-26-11:15:36
17.0,40.0,10.0,10.0,0.57297176,0.6420209,0.66219,2026-01-26-11:15:41
11.0,50.0,12.0,8.0,0.5597259,0.4673478,0.71935767,2026-01-26-11:15:41
9.0,50.0,13.0,8.0,0.6041887,0.40584564,0.71627784,2026-01-26-11:15:41
20.0,50.0,18.0,9.0,0.8138284,0.758394,0.5057219,2026-01-26-11:15:41
7.0,50.0,13.0,7.0,0.71001905,0.35825592,0.6408433,2026-01-26-11:15:41
16.0,50.0,13.0,10.0,0.6566923,0.6636446,0.6339464,2026-01-26-11:15:46
8.0,50.0,13.0,7.0,0.67291707,0.38691896,0.66746587,2026-01-26-11:15:46
9.0,50.0,13.0,7.0,0.63141197,0.42149508,0.6860533,2026-01-26-11:15:46
6.0,50.0,13.0,7.0,0.73570186,0.33637893,0.60895455,2026-01-26-11:15:46
20.0,50.0,19.0,5.0,0.7903151,0.7983813,0.487505,2026-01-26-11:15:46
18.0,50.0,13.0,10.0,0.7829693,0.7179447,0.58503985,2026-01-26-11:15:51
16.0,40.0,10.0,10.0,0.54818183,0.60430825,0.68617314,2026-01-26-11:15:51
18.0,40.0,13.0,10.0,0.56555724,0.7164121,0.62892896,2026-01-26-11:15:51
19.0,40.0,13.0,9.0,0.6237722,0.7378347,0.58564365,2026-01-26-11:15:51
18.0,40.0,10.0,10.0,0.61697525,0.6761495,0.6331886,2026-01-26-11:15:51
17.0,40.0,12.0,10.0,0.5374074,0.67696154,0.66332,2026-01-26-11:15:56
13.0,50.0,12.0,10.0,0.5244369,0.5235764,0.73764896,2026-01-26-11:15:56
13.0,40.0,10.0,8.0,0.5984796,0.4773887,0.6267629,2026-01-26-11:15:56
6.0,50.0,12.0,10.0,0.66179866,0.28285682,0.6870445,2026-01-26-11:15:56
15.0,30.0,19.0,6.0,0.5268655,0.46200046,0.4882992,2026-01-26-11:15:56
20.0,20.0,12.0,6.0,0.5345322,0.41364956,0.458378,2026-01-26-11:16:02
20.0,40.0,5.0,10.0,0.77242035,0.65942615,0.4827058,2026-01-26-11:16:02
12.0,40.0,5.0,10.0,0.6450348,0.3528987,0.60769385,2026-01-26-11:16:02
20.0,40.0,4.0,10.0,0.7591199,0.6408611,0.46196136,2026-01-26-11:16:02
16.0,10.0,19.0,1.0,0.4142649,0.36986586,0.13529494,2026-01-26-11:16:02
12.0,40.0,9.0,10.0,0.63365555,0.4231973,0.68241644,2026-01-26-11:16:08
13.0,20.0,16.0,10.0,0.4096571,0.36600742,0.31936088,2026-01-26-11:16:08
9.0,40.0,10.0,10.0,0.67977005,0.3534728,0.60677165,2026-01-26-11:16:08
17.0,10.0,12.0,10.0,0.45800886,0.33763254,0.3247617,2026-01-26-11:16:08
20.0,50.0,18.0,5.0,0.80890065,0.8031762,0.49072728,2026-01-26-11:16:08
19.0,40.0,15.0,9.0,0.59102654,0.747064,0.5714593,2026-01-26-11:16:14
20.0,40.0,14.0,10.0,0.6806896,0.752775,0.5663639,2026-01-26-11:16:14
9.0,50.0,13.0,9.0,0.57195526,0.388964,0.7395062,2026-01-26-11:16:14
18.0,50.0,20.0,10.0,0.8152363,0.7340859,0.48179793,2026-01-26-11:16:14
19.0,50.0,20.0,10.0,0.8685657,0.7360126,0.47903302,2026-01-26-11:16:14
16.0,50.0,14.0,8.0,0.65617466,0.70982146,0.5935755,2026-01-26-11:16:18
14.0,40.0,10.0,9.0,0.56519365,0.52532214,0.6725602,2026-01-26-11:16:18
12.0,40.0,10.0,9.0,0.63121194,0.4461441,0.65435976,2026-01-26-11:16:18
19.0,40.0,10.0,7.0,0.62695247,0.68342716,0.4791015,2026-01-26-11:16:18
20.0,50.0,10.0,10.0,0.9172483,0.7269035,0.57403463,2026-01-26-11:16:18
17.0,50.0,10.0,10.0,0.77418375,0.6444651,0.61265355,2026-01-26-11:16:24
8.0,50.0,14.0,7.0,0.65600544,0.40182623,0.6719956,2026-01-26-11:16:24
7.0,50.0,10.0,10.0,0.68367976,0.2873495,0.7174371,2026-01-26-11:16:24
15.0,30.0,0.0,0.0,0.48989633,0.14039844,0.42124566,2026-01-26-11:16:24
6.0,50.0,10.0,10.0,0.70838106,0.27642956,0.6830263,2026-01-26-11:16:24
16.0,50.0,10.0,10.0,0.70965123,0.6066614,0.6430297,2026-01-26-11:16:29
20.0,50.0,11.0,5.0,0.7842886,0.79775965,0.37777096,2026-01-26-11:16:29
20.0,50.0,17.0,4.0,0.83038366,0.80061525,0.46553624,2026-01-26-11:16:29
9.0,50.0,10.0,10.0,0.61040944,0.3297658,0.76660633,2026-01-26-11:16:29
19.0,10.0,6.0,2.0,0.29113793,0.29174745,0.08865348,2026-01-26-11:16:29
18.0,40.0,14.0,9.0,0.5486809,0.7271563,0.6075476,2026-01-26-11:16:36
18.0,50.0,10.0,10.0,0.83438736,0.67768204,0.5892995,2026-01-26-11:16:36
15.0,50.0,10.0,10.0,0.64840496,0.5654752,0.6769267,2026-01-26-11:16:36
19.0,50.0,10.0,10.0,0.88360715,0.70537084,0.5758012,2026-01-26-11:16:36
16.0,50.0,15.0,7.0,0.6552374,0.73779166,0.57087064,2026-01-26-11:16:36
20.0,50.0,16.0,4.0,0.8302225,0.80334765,0.45097777,2026-01-26-11:16:41
19.0,50.0,17.0,7.0,0.7709006,0.79206324,0.50873566,2026-01-26-11:16:41
18.0,50.0,17.0,6.0,0.74587023,0.79610884,0.5050488,2026-01-26-11:16:41
16.0,50.0,19.0,5.0,0.62539744,0.77578425,0.5193324,2026-01-26-11:16:41
17.0,50.0,19.0,5.0,0.67963785,0.78846014,0.49742776,2026-01-26-11:16:41
18.0,40.0,11.0,9.0,0.60071284,0.6937256,0.60793924,2026-01-26-11:16:48
20.0,30.0,17.0,10.0,0.50000775,0.6356317,0.56833446,2026-01-26-11:16:48
20.0,40.0,11.0,9.0,0.72402483,0.74074006,0.5508643,2026-01-26-11:16:48
6.0,40.0,9.0,10.0,0.6289602,0.319226,0.5120552,2026-01-26-11:16:48
1.0,40.0,9.0,10.0,0.45856202,0.3892755,0.5238854,2026-01-26-11:16:48
20.0,20.0,12.0,3.0,0.40226963,0.46047375,0.32801187,2026-01-26-11:16:54
19.0,20.0,11.0,8.0,0.5983728,0.38528955,0.49632046,2026-01-26-11:16:54
2.0,20.0,11.0,6.0,0.54460293,0.17252216,0.4221431,2026-01-26-11:16:54
5.0,20.0,16.0,6.0,0.42110816,0.1598171,0.45974016,2026-01-26-11:16:54
8.0,20.0,12.0,7.0,0.36734766,0.14071679,0.3697565,2026-01-26-11:16:54
13.0,40.0,9.0,9.0,0.60398644,0.46240485,0.6547432,2026-01-26-11:17:00
8.0,50.0,10.0,10.0,0.6487057,0.3052076,0.74624145,2026-01-26-11:17:00
13.0,40.0,8.0,9.0,0.6062345,0.44059438,0.6369601,2026-01-26-11:17:00
14.0,50.0,10.0,10.0,0.59775394,0.5223099,0.7105359,2026-01-26-11:17:00
15.0,30.0,10.0,10.0,0.6271665,0.46285856,0.6093882,2026-01-26-11:17:00
19.0,20.0,15.0,9.0,0.5361122,0.42313403,0.52411234,2026-01-26-11:17:06
16.0,10.0,13.0,9.0,0.3866202,0.3525681,0.2881689,2026-01-26-11:17:06
14.0,20.0,15.0,9.0,0.47247,0.3521129,0.35697225,2026-01-26-11:17:06
5.0,20.0,6.0,4.0,0.24965833,0.18993172,0.23871809,2026-01-26-11:17:06
19.0,20.0,14.0,9.0,0.5513943,0.41959152,0.53363276,2026-01-26-11:17:06
11.0,50.0,10.0,10.0,0.5541594,0.39629912,0.7750678,2026-01-26-11:17:12
19.0,50.0,14.0,6.0,0.8249973,0.7988868,0.48369786,2026-01-26-11:17:12
16.0,50.0,19.0,4.0,0.6560966,0.76917225,0.5097905,2026-01-26-11:17:12
17.0,50.0,20.0,5.0,0.65763843,0.7861451,0.48658946,2026-01-26-11:17:12
16.0,40.0,19.0,4.0,0.4991272,0.59478575,0.55743396,2026-01-26-11:17:12
2.0,40.0,10.0,10.0,0.44756475,0.36072186,0.5228175,2026-01-26-11:17:19
2.0,40.0,11.0,10.0,0.42431328,0.3527461,0.5323833,2026-01-26-11:17:19
20.0,30.0,8.0,6.0,0.41379404,0.4613578,0.4075138,2026-01-26-11:17:19
2.0,40.0,8.0,8.0,0.48914713,0.37371168,0.38943145,2026-01-26-11:17:19
16.0,30.0,8.0,6.0,0.49340612,0.3234273,0.42190874,2026-01-26-11:17:19
14.0,30.0,10.0,7.0,0.6442973,0.32514688,0.46154353,2026-01-26-11:17:25
15.0,40.0,13.0,9.0,0.4985572,0.6287043,0.67583436,2026-01-26-11:17:25
16.0,50.0,19.0,8.0,0.5804229,0.74768364,0.5232072,2026-01-26-11:17:25
16.0,50.0,19.0,9.0,0.6074152,0.73140204,0.52342105,2026-01-26-11:17:25
19.0,50.0,20.0,5.0,0.7467284,0.7937316,0.4707772,2026-01-26-11:17:25
15.0,50.0,14.0,8.0,0.5992681,0.67677146,0.6249093,2026-01-26-11:17:31
13.0,50.0,10.0,10.0,0.5634795,0.47869033,0.74013394,2026-01-26-11:17:31
17.0,50.0,16.0,7.0,0.693326,0.76897556,0.54047555,2026-01-26-11:17:31
20.0,50.0,18.0,8.0,0.78723705,0.7747756,0.50584036,2026-01-26-11:17:31
17.0,40.0,13.0,9.0,0.5243538,0.6932603,0.63968927,2026-01-26-11:17:31
20.0,50.0,18.0,4.0,0.82353777,0.7966642,0.47458732,2026-01-26-11:17:37
4.0,40.0,9.0,10.0,0.53629076,0.3357922,0.4914714,2026-01-26-11:17:37
12.0,50.0,10.0,10.0,0.54886854,0.43618083,0.76246417,2026-01-26-11:17:37
18.0,10.0,6.0,8.0,0.4879749,0.27700227,0.19051954,2026-01-26-11:17:37
14.0,50.0,15.0,8.0,0.53159475,0.65636533,0.6485324,2026-01-26-11:17:37
20.0,50.0,19.0,4.0,0.81065685,0.79176927,0.47796303,2026-01-26-11:17:43
18.0,50.0,19.0,4.0,0.7552873,0.7893298,0.47371066,2026-01-26-11:17:43
19.0,40.0,10.0,10.0,0.67617786,0.70571685,0.6026147,2026-01-26-11:17:43
20.0,50.0,16.0,9.0,0.8190556,0.7640774,0.5354135,2026-01-26-11:17:43
10.0,40.0,7.0,9.0,0.70265305,0.34027198,0.5468614,2026-01-26-11:17:43
16.0,30.0,7.0,10.0,0.6336358,0.4304789,0.5898636,2026-01-26-11:17:50
6.0,30.0,7.0,6.0,0.3505228,0.1465993,0.23779845,2026-01-26-11:17:50
15.0,30.0,7.0,9.0,0.6372907,0.36056215,0.5221096,2026-01-26-11:17:50
16.0,30.0,5.0,10.0,0.6258617,0.38427818,0.54916614,2026-01-26-11:17:50
13.0,30.0,7.0,10.0,0.6876516,0.32687044,0.5136358,2026-01-26-11:17:50
16.0,30.0,20.0,9.0,0.51115227,0.57621604,0.4957503,2026-01-26-11:17:57
11.0,30.0,20.0,9.0,0.5187767,0.49147895,0.33058253,2026-01-26-11:17:57
11.0,30.0,20.0,7.0,0.4988864,0.42034793,0.33180538,2026-01-26-11:17:57
13.0,30.0,20.0,9.0,0.5569092,0.53604805,0.39647058,2026-01-26-11:17:57
10.0,30.0,20.0,9.0,0.47839814,0.4652467,0.30742756,2026-01-26-11:17:57
16.0,30.0,4.0,10.0,0.61172175,0.36209926,0.5293318,2026-01-26-11:18:04
16.0,30.0,1.0,10.0,0.53692186,0.30351773,0.49045128,2026-01-26-11:18:04
20.0,50.0,13.0,9.0,0.86233294,0.76130867,0.55948234,2026-01-26-11:18:04
16.0,50.0,20.0,5.0,0.60289234,0.775933,0.5073524,2026-01-26-11:18:04
16.0,50.0,20.0,7.0,0.56649524,0.76308185,0.50592965,2026-01-26-11:18:04
17.0,50.0,14.0,5.0,0.7331399,0.76668596,0.476462,2026-01-26-11:18:10
17.0,50.0,14.0,8.0,0.7162528,0.7370854,0.56632745,2026-01-26-11:18:10
17.0,50.0,14.0,6.0,0.73713315,0.76344794,0.5129307,2026-01-26-11:18:10
19.0,50.0,16.0,1.0,0.71866375,0.72714484,0.32609144,2026-01-26-11:18:10
18.0,40.0,14.0,10.0,0.55282754,0.7253867,0.61705685,2026-01-26-11:18:10
19.0,20.0,18.0,10.0,0.56411064,0.44299415,0.47782364,2026-01-26-11:18:16
2.0,20.0,18.0,10.0,0.4312969,0.18899961,0.4788825,2026-01-26-11:18:16
19.0,20.0,20.0,10.0,0.6047221,0.43476793,0.45699957,2026-01-26-11:18:16
18.0,50.0,17.0,2.0,0.7554272,0.7512913,0.39973342,2026-01-26-11:18:16
19.0,20.0,20.0,6.0,0.4742524,0.40677947,0.4578423,2026-01-26-11:18:16
15.0,50.0,16.0,7.0,0.58015555,0.72035295,0.59522766,2026-01-26-11:18:22
15.0,50.0,16.0,6.0,0.6062483,0.7309661,0.57901067,2026-01-26-11:18:22
5.0,50.0,10.0,10.0,0.7177624,0.27232176,0.6463525,2026-01-26-11:18:22
5.0,50.0,12.0,9.0,0.7061313,0.28633502,0.62903845,2026-01-26-11:18:22
20.0,50.0,11.0,6.0,0.83179003,0.79422164,0.42500314,2026-01-26-11:18:22
18.0,40.0,13.0,8.0,0.5734956,0.710629,0.59081453,2026-01-26-11:18:29
19.0,40.0,13.0,8.0,0.62809825,0.730182,0.56316525,2026-01-26-11:18:29
13.0,40.0,10.0,9.0,0.5950895,0.48474145,0.66851145,2026-01-26-11:18:29
17.0,40.0,13.0,8.0,0.53437287,0.68560755,0.61721087,2026-01-26-11:18:29
16.0,40.0,12.0,10.0,0.5120979,0.644087,0.68591523,2026-01-26-11:18:29
8.0,50.0,13.0,8.0,0.6449857,0.37126946,0.6976905,2026-01-26-11:18:35
4.0,50.0,10.0,10.0,0.7095021,0.27454504,0.610898,2026-01-26-11:18:35
4.0,50.0,11.0,10.0,0.68610996,0.27030998,0.6184064,2026-01-26-11:18:35
4.0,50.0,12.0,10.0,0.66256636,0.26793984,0.61884683,2026-01-26-11:18:35
12.0,40.0,11.0,4.0,0.55553025,0.3497418,0.44836745,2026-01-26-11:18:35
19.0,40.0,16.0,9.0,0.5795931,0.74854684,0.55816853,2026-01-26-11:18:41
13.0,50.0,15.0,7.0,0.52849185,0.631826,0.6600136,2026-01-26-11:18:41
19.0,30.0,15.0,10.0,0.48091343,0.6309885,0.6097568,2026-01-26-11:18:41
19.0,30.0,13.0,10.0,0.50078636,0.62155914,0.63497657,2026-01-26-11:18:41
12.0,40.0,1.0,10.0,0.55327284,0.31515703,0.5393688,2026-01-26-11:18:41
14.0,50.0,13.0,10.0,0.541849,0.58819294,0.6983875,2026-01-26-11:18:47
10.0,40.0,6.0,8.0,0.65791,0.3236212,0.4761644,2026-01-26-11:18:47
3.0,50.0,10.0,10.0,0.6843658,0.2822933,0.5799007,2026-01-26-11:18:47
14.0,50.0,15.0,7.0,0.55671424,0.67181474,0.63226694,2026-01-26-11:18:47
3.0,50.0,11.0,10.0,0.6610004,0.27578938,0.58844554,2026-01-26-11:18:47
19.0,20.0,0.0,0.0,0.42447895,0.25949138,0.36883298,2026-01-26-11:18:54
19.0,20.0,2.0,2.0,0.3669302,0.29671,0.34812975,2026-01-26-11:18:54
20.0,50.0,10.0,6.0,0.8126129,0.78598434,0.4003501,2026-01-26-11:18:54
19.0,30.0,7.0,1.0,0.24124855,0.39855984,0.31853443,2026-01-26-11:18:54
19.0,20.0,7.0,1.0,0.31578246,0.40000424,0.24274062,2026-01-26-11:18:54
20.0,50.0,13.0,8.0,0.8635249,0.77819026,0.536254,2026-01-26-11:19:00
7.0,50.0,15.0,7.0,0.6720378,0.38405132,0.64427733,2026-01-26-11:19:00
7.0,50.0,15.0,6.0,0.7017304,0.39476442,0.6210773,2026-01-26-11:19:00
7.0,50.0,13.0,6.0,0.72236985,0.36916906,0.60423183,2026-01-26-11:19:00
16.0,50.0,19.0,7.0,0.5782247,0.76273316,0.5240393,2026-01-26-11:19:00
16.0,20.0,10.0,10.0,0.62580097,0.32811582,0.46158913,2026-01-26-11:19:07
16.0,20.0,11.0,10.0,0.60800016,0.348798,0.4644463,2026-01-26-11:19:07
17.0,40.0,13.0,10.0,0.5209708,0.69139063,0.6553253,2026-01-26-11:19:07
15.0,50.0,13.0,9.0,0.60259753,0.6425225,0.6496814,2026-01-26-11:19:07
13.0,50.0,15.0,8.0,0.50055313,0.6163766,0.67627907,2026-01-26-11:19:07
10.0,50.0,13.0,10.0,0.5128691,0.41383645,0.7644941,2026-01-26-11:19:14
6.0,50.0,14.0,7.0,0.71870214,0.34494767,0.61471856,2026-01-26-11:19:14
11.0,50.0,14.0,7.0,0.5499286,0.52393675,0.6962519,2026-01-26-11:19:14
15.0,40.0,10.0,10.0,0.5436146,0.5642241,0.7023297,2026-01-26-11:19:14
16.0,50.0,14.0,10.0,0.64298874,0.6787032,0.6201563,2026-01-26-11:19:14
16.0,30.0,13.0,10.0,0.54786015,0.5553832,0.6204899,2026-01-26-11:19:21
20.0,30.0,13.0,10.0,0.5147555,0.63469523,0.6226686,2026-01-26-11:19:21
19.0,20.0,17.0,10.0,0.5523942,0.4450508,0.49356464,2026-01-26-11:19:21
20.0,20.0,17.0,10.0,0.5323438,0.44405547,0.52235055,2026-01-26-11:19:21
15.0,30.0,14.0,5.0,0.6199262,0.3883175,0.47500527,2026-01-26-11:19:21
8.0,50.0,16.0,6.0,0.64703274,0.4468418,0.6450955,2026-01-26-11:19:29
8.0,50.0,14.0,6.0,0.6788896,0.4126394,0.64181256,2026-01-26-11:19:29
8.0,50.0,13.0,6.0,0.6860074,0.39783204,0.6308544,2026-01-26-11:19:29
20.0,50.0,9.0,5.0,0.72514385,0.77952427,0.3312953,2026-01-26-11:19:29
8.0,50.0,15.0,6.0,0.6654612,0.42904034,0.6467105,2026-01-26-11:19:29
12.0,50.0,13.0,8.0,0.5323354,0.53213704,0.7096925,2026-01-26-11:19:35
12.0,50.0,15.0,8.0,0.4889572,0.57337713,0.6976255,2026-01-26-11:19:35
15.0,40.0,12.0,10.0,0.5067593,0.60740614,0.7009903,2026-01-26-11:19:35
15.0,50.0,14.0,9.0,0.58322823,0.65998983,0.6412308,2026-01-26-11:19:35
18.0,40.0,16.0,10.0,0.5429828,0.7362811,0.58378774,2026-01-26-11:19:35
20.0,50.0,17.0,7.0,0.7989174,0.7935762,0.5146718,2026-01-26-11:19:42
5.0,50.0,12.0,8.0,0.7379221,0.30331665,0.5987784,2026-01-26-11:19:42
5.0,50.0,13.0,8.0,0.71800935,0.3061545,0.60529464,2026-01-26-11:19:42
14.0,50.0,15.0,6.0,0.58071274,0.6825279,0.60906684,2026-01-26-11:19:42
14.0,50.0,16.0,6.0,0.5640636,0.697911,0.60911417,2026-01-26-11:19:42
16.0,40.0,13.0,8.0,0.5145787,0.6555084,0.63897544,2026-01-26-11:19:49
18.0,40.0,15.0,9.0,0.53297234,0.7336746,0.5969128,2026-01-26-11:19:49
10.0,50.0,14.0,7.0,0.57694703,0.48014674,0.69857764,2026-01-26-11:19:49
3.0,40.0,8.0,10.0,0.5132811,0.35960633,0.4737328,2026-01-26-11:19:49
10.0,50.0,13.0,7.0,0.59328175,0.46080425,0.6946551,2026-01-26-11:19:49
14.0,40.0,12.0,10.0,0.5192633,0.5680775,0.7066859,2026-01-26-11:19:56
16.0,50.0,20.0,3.0,0.66558295,0.752697,0.49401417,2026-01-26-11:19:56
16.0,50.0,17.0,6.0,0.6390553,0.765713,0.5456573,2026-01-26-11:19:56
8.0,50.0,12.0,7.0,0.68416166,0.3737579,0.65672404,2026-01-26-11:19:56
16.0,50.0,14.0,9.0,0.64338005,0.6930398,0.609897,2026-01-26-11:19:56
19.0,20.0,9.0,10.0,0.63527256,0.3899963,0.54310757,2026-01-26-11:20:04
16.0,40.0,9.0,10.0,0.56363225,0.58239007,0.6775814,2026-01-26-11:20:04
12.0,50.0,13.0,7.0,0.5544983,0.5477865,0.6794679,2026-01-26-11:20:04
9.0,40.0,10.0,9.0,0.70302916,0.3556424,0.5705584,2026-01-26-11:20:04
19.0,40.0,14.0,9.0,0.60630864,0.7435215,0.58097965,2026-01-26-11:20:04
16.0,50.0,20.0,8.0,0.5797032,0.74813247,0.5052083,2026-01-26-11:20:12
16.0,50.0,20.0,9.0,0.6184844,0.7319508,0.5077068,2026-01-26-11:20:12
17.0,50.0,20.0,8.0,0.64350605,0.7583445,0.48444533,2026-01-26-11:20:12
10.0,40.0,9.0,7.0,0.6876475,0.3410899,0.49407452,2026-01-26-11:20:12
9.0,50.0,14.0,8.0,0.58179677,0.42338476,0.71340823,2026-01-26-11:20:12
11.0,50.0,13.0,9.0,0.5136834,0.47089598,0.74582374,2026-01-26-11:20:19
8.0,50.0,17.0,5.0,0.656231,0.46875042,0.62084067,2026-01-26-11:20:19
9.0,50.0,15.0,7.0,0.59385407,0.4574522,0.6878328,2026-01-26-11:20:19
17.0,30.0,2.0,10.0,0.54090333,0.35807446,0.50935245,2026-01-26-11:20:19
15.0,50.0,17.0,5.0,0.6139524,0.7442748,0.5579916,2026-01-26-11:20:19
19.0,50.0,16.0,7.0,0.78978246,0.79269886,0.5156509,2026-01-26-11:20:26
15.0,50.0,17.0,6.0,0.58623725,0.7413368,0.574167,2026-01-26-11:20:26
20.0,10.0,0.0,0.0,0.42198443,0.14149362,0.23141047,2026-01-26-11:20:26
20.0,20.0,0.0,0.0,0.3825367,0.29960424,0.3847268,2026-01-26-11:20:26
15.0,10.0,16.0,10.0,0.28976348,0.36677763,0.24431553,2026-01-26-11:20:26
20.0,50.0,18.0,7.0,0.7818915,0.78992504,0.50481135,2026-01-26-11:20:34
19.0,50.0,20.0,4.0,0.7726775,0.7870195,0.4668758,2026-01-26-11:20:34
20.0,50.0,11.0,7.0,0.8665176,0.7831085,0.47085053,2026-01-26-11:20:34
17.0,10.0,18.0,7.0,0.38257152,0.43376058,0.2380329,2026-01-26-11:20:34
18.0,50.0,17.0,4.0,0.7776333,0.79263484,0.46570176,2026-01-26-11:20:34
20.0,50.0,11.0,9.0,0.89630884,0.75017744,0.5499543,2026-01-26-11:20:40
17.0,40.0,14.0,10.0,0.5078086,0.7035228,0.64244473,2026-01-26-11:20:40
14.0,40.0,7.0,8.0,0.53623813,0.44957665,0.57195467,2026-01-26-11:20:40
18.0,20.0,20.0,10.0,0.61594874,0.43796146,0.41854256,2026-01-26-11:20:40
18.0,20.0,19.0,4.0,0.56949973,0.44322506,0.42395523,2026-01-26-11:20:40
7.0,50.0,12.0,7.0,0.72148156,0.34845814,0.62945884,2026-01-26-11:20:47
6.0,50.0,11.0,9.0,0.7181092,0.2932024,0.6582441,2026-01-26-11:20:47
7.0,50.0,11.0,9.0,0.69231296,0.3078544,0.69174814,2026-01-26-11:20:47
8.0,50.0,11.0,9.0,0.6559039,0.3295226,0.7197438,2026-01-26-11:20:47
20.0,50.0,11.0,8.0,0.8871858,0.76725906,0.5130962,2026-01-26-11:20:47
19.0,50.0,17.0,3.0,0.8073637,0.7828784,0.42958614,2026-01-26-11:20:55
20.0,50.0,14.0,3.0,0.767197,0.7883282,0.3640306,2026-01-26-11:20:55
20.0,50.0,13.0,3.0,0.73761505,0.78625476,0.33708036,2026-01-26-11:20:55
20.0,50.0,17.0,3.0,0.8233454,0.7843913,0.43552226,2026-01-26-11:20:55
19.0,50.0,14.0,4.0,0.79043347,0.79601276,0.40585196,2026-01-26-11:20:55
9.0,50.0,11.0,9.0,0.6158661,0.35774368,0.7394215,2026-01-26-11:21:03
16.0,40.0,12.0,9.0,0.5201334,0.64605665,0.6634207,2026-01-26-11:21:03
5.0,50.0,11.0,9.0,0.72821236,0.28565997,0.62254876,2026-01-26-11:21:03
10.0,50.0,15.0,6.0,0.58661574,0.51070046,0.67291474,2026-01-26-11:21:03
6.0,50.0,11.0,8.0,0.7432252,0.31028408,0.62138605,2026-01-26-11:21:03
11.0,50.0,15.0,6.0,0.5590965,0.5550473,0.6706673,2026-01-26-11:21:10
11.0,50.0,15.0,8.0,0.49706057,0.52888477,0.7101327,2026-01-26-11:21:10
7.0,50.0,14.0,7.0,0.6930077,0.3701482,0.6459194,2026-01-26-11:21:10
19.0,10.0,20.0,4.0,0.50585645,0.41950616,0.2869876,2026-01-26-11:21:10
17.0,20.0,19.0,10.0,0.5928731,0.44174185,0.3868005,2026-01-26-11:21:10
20.0,50.0,10.0,9.0,0.90928125,0.74164015,0.5370714,2026-01-26-11:21:18
13.0,40.0,9.0,10.0,0.60020536,0.46013522,0.69672704,2026-01-26-11:21:18
18.0,40.0,12.0,9.0,0.58442706,0.70710146,0.6134836,2026-01-26-11:21:18
18.0,50.0,15.0,7.0,0.7657436,0.7799053,0.5259202,2026-01-26-11:21:18
12.0,40.0,11.0,10.0,0.5968829,0.46536827,0.69252706,2026-01-26-11:21:18
4.0,50.0,11.0,9.0,0.7202704,0.28494668,0.58811635,2026-01-26-11:21:26
6.0,50.0,10.0,9.0,0.73651135,0.29116625,0.64606315,2026-01-26-11:21:26
7.0,50.0,10.0,9.0,0.7103816,0.30208614,0.68047386,2026-01-26-11:21:26
18.0,40.0,13.0,9.0,0.5664524,0.71828175,0.61329293,2026-01-26-11:21:26
10.0,50.0,11.0,9.0,0.57994133,0.39170974,0.74879825,2026-01-26-11:21:26
20.0,50.0,10.0,8.0,0.89103436,0.7588218,0.4945729,2026-01-26-11:21:33
19.0,50.0,14.0,8.0,0.8169359,0.7725242,0.5370946,2026-01-26-11:21:33
19.0,50.0,13.0,10.0,0.832414,0.73561907,0.57446617,2026-01-26-11:21:33
8.0,50.0,10.0,9.0,0.6735167,0.31994426,0.70927817,2026-01-26-11:21:33
7.0,50.0,11.0,8.0,0.71687424,0.32493603,0.6548902,2026-01-26-11:21:33
14.0,50.0,11.0,9.0,0.5912025,0.55978674,0.6822988,2026-01-26-11:21:41
15.0,20.0,19.0,10.0,0.5412723,0.43279633,0.30784187,2026-01-26-11:21:41
12.0,30.0,9.0,10.0,0.66008437,0.3390278,0.51391613,2026-01-26-11:21:41
13.0,50.0,15.0,6.0,0.5547421,0.64253914,0.6368135,2026-01-26-11:21:41
13.0,40.0,8.0,6.0,0.51093805,0.39101323,0.4948939,2026-01-26-11:21:41
20.0,40.0,14.0,8.0,0.6750791,0.74679184,0.5412831,2026-01-26-11:21:50
8.0,50.0,11.0,8.0,0.67938936,0.34660423,0.68288577,2026-01-26-11:21:50
17.0,40.0,16.0,8.0,0.47874093,0.7140805,0.6014433,2026-01-26-11:21:50
15.0,40.0,13.0,8.0,0.5149751,0.62105155,0.653356,2026-01-26-11:21:50
20.0,40.0,14.0,9.0,0.6727652,0.7545446,0.5568546,2026-01-26-11:21:50
20.0,50.0,10.0,7.0,0.8588098,0.7747712,0.44827148,2026-01-26-11:21:58
5.0,50.0,10.0,7.0,0.75937736,0.32018948,0.5205894,2026-01-26-11:21:58
20.0,50.0,10.0,4.0,0.69640416,0.78391033,0.30932724,2026-01-26-11:21:58
5.0,50.0,10.0,4.0,0.6307344,0.3293286,0.3816452,2026-01-26-11:21:58
4.0,50.0,10.0,7.0,0.7496053,0.32241282,0.4851349,2026-01-26-11:21:58
7.0,50.0,16.0,5.0,0.7060771,0.41347936,0.5966098,2026-01-26-11:22:06
20.0,20.0,8.0,10.0,0.62598044,0.4000624,0.54699,2026-01-26-11:22:06
17.0,50.0,14.0,10.0,0.7090206,0.70596707,0.59290826,2026-01-26-11:22:06
19.0,20.0,8.0,10.0,0.64698094,0.37408248,0.527725,2026-01-26-11:22:06
19.0,10.0,8.0,2.0,0.29351604,0.3264771,0.06498963,2026-01-26-11:22:06
15.0,50.0,11.0,9.0,0.63911444,0.602307,0.64900655,2026-01-26-11:22:14
9.0,50.0,11.0,8.0,0.6377845,0.3748253,0.7025634,2026-01-26-11:22:14
9.0,50.0,10.0,9.0,0.63291854,0.34450248,0.72964317,2026-01-26-11:22:14
12.0,50.0,11.0,9.0,0.5476157,0.4722113,0.7341281,2026-01-26-11:22:14
15.0,50.0,14.0,10.0,0.57980084,0.6456532,0.6514901,2026-01-26-11:22:14
7.0,50.0,16.0,6.0,0.6833963,0.4104413,0.6197959,2026-01-26-11:22:24
9.0,50.0,14.0,7.0,0.6147247,0.43893418,0.6901944,2026-01-26-11:22:24
7.0,50.0,10.0,8.0,0.725819,0.3192678,0.63797545,2026-01-26-11:22:24
9.0,50.0,17.0,5.0,0.61627775,0.51020366,0.63855994,2026-01-26-11:22:24
8.0,50.0,10.0,8.0,0.68787825,0.3371259,0.66677976,2026-01-26-11:22:24
18.0,50.0,12.0,9.0,0.8010891,0.7212011,0.56884444,2026-01-26-11:22:33
5.0,50.0,10.0,9.0,0.74681973,0.2870584,0.6093893,2026-01-26-11:22:33
18.0,40.0,9.0,10.0,0.6323704,0.6588249,0.62335974,2026-01-26-11:22:33
13.0,50.0,12.0,9.0,0.5412029,0.53811306,0.71440446,2026-01-26-11:22:33
14.0,40.0,10.0,10.0,0.5571198,0.5231525,0.7087734,2026-01-26-11:22:33
11.0,50.0,10.0,9.0,0.5710929,0.41103578,0.7381045,2026-01-26-11:22:40
12.0,50.0,15.0,6.0,0.54749167,0.5995397,0.65816003,2026-01-26-11:22:40
14.0,50.0,17.0,5.0,0.5731414,0.7140917,0.5871861,2026-01-26-11:22:40
12.0,50.0,6.0,6.0,0.42106664,0.42083117,0.5217265,2026-01-26-11:22:40
9.0,30.0,7.0,10.0,0.56865144,0.25954375,0.41381958,2026-01-26-11:22:40
20.0,50.0,2.0,9.0,0.80424994,0.61352175,0.39523518,2026-01-26-11:22:48
3.0,50.0,2.0,9.0,0.6395852,0.35870668,0.3398712,2026-01-26-11:22:48
8.0,50.0,2.0,3.0,0.4840429,0.34002915,0.49029353,2026-01-26-11:22:48
10.0,50.0,12.0,8.0,0.5860845,0.42647007,0.72148216,2026-01-26-11:22:48
8.0,50.0,14.0,8.0,0.6223694,0.3862768,0.6952093,2026-01-26-11:22:48
13.0,40.0,12.0,10.0,0.5447178,0.5274579,0.7022397,2026-01-26-11:22:57
10.0,50.0,11.0,8.0,0.59984386,0.4087913,0.7119402,2026-01-26-11:22:57
17.0,50.0,14.0,9.0,0.70661175,0.7203037,0.582649,2026-01-26-11:22:57
14.0,50.0,13.0,8.0,0.5724236,0.6195113,0.658773,2026-01-26-11:22:57
9.0,50.0,12.0,7.0,0.6423103,0.40534702,0.67580664,2026-01-26-11:22:57
15.0,30.0,9.0,7.0,0.6009283,0.3382744,0.4676178,2026-01-26-11:23:07
1.0,30.0,9.0,10.0,0.510386,0.3556332,0.5705256,2026-01-26-11:23:07
15.0,30.0,9.0,10.0,0.642822,0.43984213,0.60117143,2026-01-26-11:23:07
12.0,30.0,20.0,1.0,0.6491142,0.39214453,0.3203759,2026-01-26-11:23:07
20.0,30.0,9.0,7.0,0.4975518,0.5025609,0.47567514,2026-01-26-11:23:07
16.0,50.0,17.0,5.0,0.66440845,0.768651,0.5294819,2026-01-26-11:23:16
16.0,50.0,17.0,7.0,0.6143727,0.75519985,0.55544585,2026-01-26-11:23:16
19.0,40.0,15.0,10.0,0.60511166,0.74539435,0.57606,2026-01-26-11:23:16
19.0,40.0,9.0,10.0,0.691687,0.69158703,0.5919545,2026-01-26-11:23:16
19.0,50.0,15.0,7.0,0.8079873,0.79141605,0.5175423,2026-01-26-11:23:16
19.0,40.0,18.0,9.0,0.5732292,0.7459546,0.5262473,2026-01-26-11:23:26
3.0,40.0,13.0,1.0,0.22235063,0.12344358,0.19829398,2026-01-26-11:23:26
17.0,40.0,18.0,8.0,0.45056823,0.7208388,0.5701202,2026-01-26-11:23:26
17.0,40.0,18.0,9.0,0.46833253,0.72899157,0.56925184,2026-01-26-11:23:26
17.0,40.0,18.0,2.0,0.5313931,0.54156303,0.49027118,2026-01-26-11:23:26
20.0,50.0,14.0,2.0,0.7179738,0.7635086,0.31901342,2026-01-26-11:23:34
18.0,40.0,15.0,10.0,0.5449498,0.73200494,0.6015135,2026-01-26-11:23:34
20.0,50.0,8.0,2.0,0.56746465,0.7224787,0.23529303,2026-01-26-11:23:34
20.0,10.0,6.0,2.0,0.3026111,0.31752762,0.12147228,2026-01-26-11:23:34
20.0,20.0,2.0,2.0,0.32613128,0.3362911,0.36418813,2026-01-26-11:23:34
13.0,40.0,12.0,7.0,0.5934314,0.5045682,0.6142441,2026-01-26-11:23:43
18.0,40.0,15.0,7.0,0.55058163,0.7082153,0.57205933,2026-01-26-11:23:43
20.0,40.0,13.0,9.0,0.69004893,0.7518712,0.5603924,2026-01-26-11:23:43
17.0,50.0,15.0,7.0,0.71267956,0.7620447,0.5446008,2026-01-26-11:23:43
16.0,40.0,15.0,7.0,0.496018,0.66528106,0.6162641,2026-01-26-11:23:43
13.0,50.0,14.0,8.0,0.5223606,0.59711695,0.6849244,2026-01-26-11:23:51
6.0,50.0,10.0,8.0,0.7525035,0.30834785,0.6035646,2026-01-26-11:23:51
13.0,50.0,14.0,7.0,0.5477162,0.61266637,0.6617106,2026-01-26-11:23:51
13.0,50.0,11.0,9.0,0.55962765,0.51589686,0.7117575,2026-01-26-11:23:51
18.0,50.0,14.0,8.0,0.77200806,0.7580375,0.54658693,2026-01-26-11:23:51
13.0,40.0,11.0,9.0,0.58065844,0.5072113,0.67709816,2026-01-26-11:23:59
18.0,40.0,17.0,10.0,0.5475015,0.7382953,0.5655889,2026-01-26-11:23:59
14.0,50.0,13.0,9.0,0.5535073,0.60262966,0.6820014,2026-01-26-11:23:59
10.0,50.0,17.0,5.0,0.57910246,0.5535389,0.64699745,2026-01-26-11:23:59
19.0,50.0,14.0,10.0,0.8199922,0.74140584,0.5636754,2026-01-26-11:23:59
18.0,50.0,19.0,6.0,0.70541537,0.79320383,0.48740685,2026-01-26-11:24:10
20.0,50.0,19.0,7.0,0.7679758,0.7853301,0.49221188,2026-01-26-11:24:10
20.0,50.0,19.0,3.0,0.8246742,0.77534527,0.46185315,2026-01-26-11:24:10
18.0,50.0,20.0,6.0,0.6869594,0.7891668,0.47364065,2026-01-26-11:24:10
19.0,50.0,18.0,4.0,0.80437994,0.7964457,0.4675492,2026-01-26-11:24:10
18.0,50.0,15.0,6.0,0.77791524,0.7906184,0.5027202,2026-01-26-11:24:19
6.0,10.0,19.0,10.0,0.37094682,0.22860968,0.38485697,2026-01-26-11:24:19
19.0,50.0,18.0,7.0,0.7532646,0.7897066,0.49777323,2026-01-26-11:24:19
19.0,50.0,20.0,7.0,0.72871995,0.7808804,0.46935445,2026-01-26-11:24:19
19.0,50.0,20.0,3.0,0.79680884,0.7704955,0.4574389,2026-01-26-11:24:19
20.0,50.0,12.0,4.0,0.75941104,0.79799795,0.35667226,2026-01-26-11:24:28
17.0,50.0,19.0,4.0,0.70825404,0.78184813,0.48788583,2026-01-26-11:24:28
20.0,50.0,9.0,6.0,0.7878725,0.77578616,0.37634274,2026-01-26-11:24:28
17.0,50.0,18.0,5.0,0.70022446,0.78878504,0.5039706,2026-01-26-11:24:28
17.0,50.0,20.0,4.0,0.68883777,0.779433,0.482688,2026-01-26-11:24:28
12.0,50.0,10.0,9.0,0.56268024,0.45091748,0.72550094,2026-01-26-11:24:35
17.0,40.0,9.0,10.0,0.58834016,0.622043,0.6530564,2026-01-26-11:24:35
16.0,50.0,11.0,9.0,0.6976518,0.6419802,0.6155968,2026-01-26-11:24:35
15.0,50.0,10.0,9.0,0.6525396,0.58021194,0.6399635,2026-01-26-11:24:35
17.0,10.0,2.0,1.0,0.3198441,0.12151186,0.13561475,2026-01-26-11:24:35
20.0,20.0,5.0,10.0,0.62658036,0.3525435,0.4833621,2026-01-26-11:24:44
19.0,40.0,12.0,9.0,0.64156073,0.72997475,0.58479846,2026-01-26-11:24:44
17.0,20.0,8.0,2.0,0.36750144,0.35202068,0.17821229,2026-01-26-11:24:44
20.0,20.0,5.0,9.0,0.5689548,0.33287385,0.43620762,2026-01-26-11:24:44
14.0,20.0,5.0,5.0,0.3402055,0.1508653,0.15148456,2026-01-26-11:24:44
9.0,50.0,17.0,4.0,0.63359475,0.50379163,0.6153884,2026-01-26-11:24:53
14.0,50.0,10.0,9.0,0.6050778,0.5370466,0.67357266,2026-01-26-11:24:53
13.0,50.0,17.0,5.0,0.5476042,0.67878735,0.6134523,2026-01-26-11:24:53
9.0,40.0,19.0,4.0,0.6797129,0.39537048,0.45309368,2026-01-26-11:24:53
12.0,40.0,8.0,10.0,0.64615893,0.4033827,0.6687685,2026-01-26-11:24:53
20.0,40.0,15.0,10.0,0.6735399,0.7537476,0.55307466,2026-01-26-11:25:03
9.0,50.0,15.0,6.0,0.6244934,0.46816537,0.66463274,2026-01-26-11:25:03
18.0,50.0,16.0,8.0,0.7353618,0.768532,0.5328256,2026-01-26-11:25:03
19.0,50.0,16.0,8.0,0.78124774,0.7773495,0.52558225,2026-01-26-11:25:03
18.0,40.0,15.0,8.0,0.53744256,0.72582185,0.5875748,2026-01-26-11:25:03
10.0,40.0,11.0,10.0,0.6498611,0.39490557,0.6414204,2026-01-26-11:25:13
9.0,50.0,13.0,10.0,0.54511166,0.37452734,0.7558923,2026-01-26-11:25:13
11.0,40.0,10.0,10.0,0.6481149,0.40878218,0.667813,2026-01-26-11:25:13
11.0,40.0,10.0,9.0,0.66579837,0.41095185,0.63159984,2026-01-26-11:25:13
18.0,40.0,19.0,10.0,0.57565254,0.7361904,0.53489685,2026-01-26-11:25:13
11.0,50.0,17.0,5.0,0.5519893,0.59712857,0.64526284,2026-01-26-11:25:24
11.0,50.0,6.0,5.0,0.39438307,0.3968186,0.5029877,2026-01-26-11:25:24
11.0,50.0,17.0,9.0,0.44527003,0.55194634,0.6774693,2026-01-26-11:25:24
19.0,50.0,13.0,8.0,0.83402765,0.7669374,0.5348518,2026-01-26-11:25:24
10.0,50.0,13.0,8.0,0.5672803,0.44515476,0.72487974,2026-01-26-11:25:24
20.0,20.0,4.0,10.0,0.61328,0.33397835,0.4626177,2026-01-26-11:25:33
20.0,20.0,4.0,7.0,0.39396745,0.30406806,0.35044706,2026-01-26-11:25:33
3.0,20.0,4.0,7.0,0.41394472,0.20746374,0.29908797,2026-01-26-11:25:33
19.0,20.0,4.0,10.0,0.633442,0.29714584,0.4459219,2026-01-26-11:25:33
20.0,20.0,3.0,10.0,0.5937037,0.31444752,0.4448868,2026-01-26-11:25:33
12.0,40.0,7.0,10.0,0.6527641,0.3848626,0.65076023,2026-01-26-11:25:41
20.0,30.0,7.0,7.0,0.4509315,0.47639966,0.43083262,2026-01-26-11:25:41
15.0,40.0,9.0,10.0,0.55927026,0.54120773,0.6941129,2026-01-26-11:25:41
19.0,50.0,17.0,10.0,0.81623787,0.7462955,0.51559806,2026-01-26-11:25:41
10.0,50.0,12.0,9.0,0.5595261,0.4094884,0.7517422,2026-01-26-11:25:41
18.0,40.0,20.0,9.0,0.53126687,0.733723,0.5185356,2026-01-26-11:25:50
18.0,40.0,20.0,10.0,0.5978242,0.73255336,0.5256871,2026-01-26-11:25:50
17.0,40.0,20.0,10.0,0.5490485,0.72598195,0.5443818,2026-01-26-11:25:50
17.0,40.0,20.0,9.0,0.48497888,0.72715163,0.5372303,2026-01-26-11:25:50
3.0,30.0,20.0,10.0,0.3546663,0.33709154,0.42257166,2026-01-26-11:25:50
16.0,50.0,18.0,6.0,0.61756647,0.77057445,0.5366687,2026-01-26-11:25:59
20.0,50.0,11.0,3.0,0.6725865,0.7763236,0.2888513,2026-01-26-11:25:59
19.0,20.0,11.0,3.0,0.40996763,0.43904215,0.28332546,2026-01-26-11:25:59
16.0,40.0,18.0,9.0,0.44221908,0.71371007,0.5858979,2026-01-26-11:25:59
17.0,50.0,12.0,3.0,0.6196155,0.7194887,0.34444696,2026-01-26-11:25:59
16.0,50.0,14.0,7.0,0.6724647,0.7253709,0.57036173,2026-01-26-11:26:08
19.0,50.0,14.0,9.0,0.81298786,0.75574255,0.55341613,2026-01-26-11:26:08
18.0,50.0,13.0,9.0,0.78311443,0.73238134,0.56865376,2026-01-26-11:26:08
13.0,40.0,11.0,8.0,0.59317243,0.4997586,0.6409901,2026-01-26-11:26:08
6.0,50.0,15.0,6.0,0.72627145,0.36653423,0.5904724,2026-01-26-11:26:08
19.0,40.0,16.0,10.0,0.60367626,0.74697715,0.55946875,2026-01-26-11:26:18
20.0,50.0,11.0,4.0,0.72882277,0.7919476,0.3315848,2026-01-26-11:26:18
17.0,50.0,18.0,4.0,0.72313607,0.782273,0.4878307,2026-01-26-11:26:18
18.0,50.0,19.0,3.0,0.7740713,0.7729058,0.45760074,2026-01-26-11:26:18
17.0,50.0,16.0,5.0,0.72942173,0.78262675,0.5010723,2026-01-26-11:26:18
20.0,50.0,9.0,10.0,0.93293387,0.7163053,0.5624285,2026-01-26-11:26:28
20.0,50.0,9.0,9.0,0.91741884,0.73114204,0.51969457,2026-01-26-11:26:28
20.0,40.0,9.0,5.0,0.55585986,0.6399351,0.33520535,2026-01-26-11:26:28
2.0,50.0,9.0,10.0,0.6672497,0.30320212,0.5397016,2026-01-26-11:26:28
19.0,50.0,9.0,10.0,0.8991162,0.69124097,0.565141,2026-01-26-11:26:28
20.0,50.0,19.0,8.0,0.7826779,0.7702807,0.49137974,2026-01-26-11:26:35
7.0,50.0,9.0,10.0,0.7038623,0.283517,0.70616525,2026-01-26-11:26:35
16.0,40.0,0.0,0.0,0.39028412,0.18689962,0.49200356,2026-01-26-11:26:35
17.0,50.0,9.0,10.0,0.7895522,0.62448716,0.6035199,2026-01-26-11:26:35
20.0,50.0,16.0,3.0,0.8113487,0.78722364,0.414837,2026-01-26-11:26:35
17.0,50.0,19.0,6.0,0.65295273,0.78572214,0.501582,2026-01-26-11:26:45
18.0,50.0,9.0,10.0,0.8497824,0.66035753,0.57947063,2026-01-26-11:26:45
16.0,50.0,9.0,10.0,0.72510165,0.5847432,0.6344379,2026-01-26-11:26:45
19.0,50.0,15.0,3.0,0.77724594,0.7830312,0.38684645,2026-01-26-11:26:45
19.0,50.0,12.0,5.0,0.78754014,0.78937805,0.402888,2026-01-26-11:26:45
6.0,50.0,9.0,10.0,0.72901356,0.27628762,0.67079705,2026-01-26-11:26:53
18.0,50.0,19.0,7.0,0.693951,0.7828907,0.48795953,2026-01-26-11:26:53
15.0,50.0,9.0,10.0,0.66406065,0.5424589,0.6687099,2026-01-26-11:26:53
19.0,50.0,13.0,6.0,0.82659054,0.79349995,0.46801567,2026-01-26-11:26:53
20.0,10.0,2.0,3.0,0.3306104,0.2686906,0.20194513,2026-01-26-11:26:53
8.0,50.0,9.0,10.0,0.66833246,0.29748356,0.7358462,2026-01-26-11:27:04
10.0,50.0,9.0,10.0,0.5948162,0.345247,0.76754606,2026-01-26-11:27:04
18.0,50.0,15.0,4.0,0.7719656,0.78754437,0.43627366,2026-01-26-11:27:04
18.0,50.0,20.0,4.0,0.7364696,0.7850928,0.4696407,2026-01-26-11:27:04
14.0,50.0,9.0,10.0,0.61374307,0.49911404,0.7025185,2026-01-26-11:27:04
19.0,50.0,15.0,2.0,0.73627174,0.7581116,0.34304202,2026-01-26-11:27:14
19.0,50.0,18.0,3.0,0.81116956,0.7801217,0.44439366,2026-01-26-11:27:14
20.0,50.0,18.0,3.0,0.8277613,0.7803402,0.45143184,2026-01-26-11:27:14
15.0,30.0,12.0,3.0,0.51737016,0.3371577,0.3492122,2026-01-26-11:27:14
19.0,50.0,14.0,3.0,0.7524639,0.7800887,0.36150217,2026-01-26-11:27:14
17.0,40.0,14.0,7.0,0.5303244,0.68003315,0.59490013,2026-01-26-11:27:24
16.0,40.0,15.0,2.0,0.4618531,0.5054118,0.4455138,2026-01-26-11:27:24
10.0,40.0,18.0,2.0,0.6809285,0.34610945,0.4389507,2026-01-26-11:27:24
17.0,40.0,3.0,7.0,0.35499293,0.46855226,0.44439277,2026-01-26-11:27:24
15.0,30.0,16.0,10.0,0.5449249,0.57166845,0.54469347,2026-01-26-11:27:24
18.0,50.0,14.0,6.0,0.7864376,0.7844001,0.4931901,2026-01-26-11:27:34
16.0,30.0,10.0,8.0,0.59790146,0.4304816,0.5531115,2026-01-26-11:27:34
15.0,50.0,19.0,4.0,0.6061916,0.75090486,0.5361415,2026-01-26-11:27:34
19.0,50.0,15.0,9.0,0.79770577,0.75928503,0.5438957,2026-01-26-11:27:34
16.0,30.0,2.0,8.0,0.42388344,0.2550859,0.43902412,2026-01-26-11:27:34
19.0,50.0,17.0,2.0,0.7859863,0.75775886,0.39363176,2026-01-26-11:27:44
6.0,50.0,9.0,9.0,0.74959594,0.2911243,0.6280631,2026-01-26-11:27:44
19.0,40.0,17.0,2.0,0.58455706,0.56138265,0.42644522,2026-01-26-11:27:44
19.0,50.0,17.0,8.0,0.76637685,0.7768138,0.5134501,2026-01-26-11:27:44
20.0,50.0,10.0,3.0,0.6412823,0.76838636,0.27082872,2026-01-26-11:27:44
20.0,20.0,1.0,10.0,0.54044724,0.27363464,0.4238192,2026-01-26-11:27:55
13.0,20.0,3.0,1.0,0.3588845,0.15497273,0.17272945,2026-01-26-11:27:55
19.0,20.0,1.0,10.0,0.5602599,0.23350306,0.407903,2026-01-26-11:27:55
13.0,20.0,9.0,1.0,0.28943068,0.2604903,0.05776903,2026-01-26-11:27:55
20.0,20.0,7.0,10.0,0.6326599,0.3857911,0.52724385,2026-01-26-11:27:55
13.0,50.0,9.0,10.0,0.57992446,0.45625365,0.73213637,2026-01-26-11:28:04
19.0,50.0,16.0,9.0,0.7862723,0.7607678,0.530605,2026-01-26-11:28:04
18.0,50.0,17.0,3.0,0.77536166,0.7764108,0.43568778,2026-01-26-11:28:04
17.0,50.0,15.0,8.0,0.69706285,0.7465953,0.56086624,2026-01-26-11:28:04
18.0,50.0,16.0,9.0,0.7376693,0.7519503,0.53784835,2026-01-26-11:28:04
13.0,40.0,14.0,7.0,0.570247,0.5463905,0.6285513,2026-01-26-11:28:15
17.0,50.0,13.0,7.0,0.7414137,0.74080265,0.5359499,2026-01-26-11:28:15
13.0,40.0,14.0,8.0,0.54414153,0.5638971,0.65101516,2026-01-26-11:28:15
2.0,50.0,3.0,7.0,0.5285586,0.3981278,0.26880115,2026-01-26-11:28:15
17.0,40.0,12.0,7.0,0.54870856,0.65407187,0.57532436,2026-01-26-11:28:15
8.0,30.0,9.0,10.0,0.4957473,0.26884872,0.44429302,2026-01-26-11:28:23
17.0,50.0,12.0,9.0,0.74310476,0.6939424,0.590539,2026-01-26-11:28:23
14.0,50.0,18.0,6.0,0.5208913,0.7221505,0.59233564,2026-01-26-11:28:23
4.0,20.0,2.0,4.0,0.2826882,0.24250513,0.2786454,2026-01-26-11:28:23
7.0,50.0,9.0,9.0,0.72301614,0.29835367,0.6634313,2026-01-26-11:28:23
19.0,50.0,12.0,6.0,0.8210849,0.78594,0.44825897,2026-01-26-11:28:30
18.0,50.0,11.0,9.0,0.8173748,0.7078252,0.56330013,2026-01-26-11:28:30
12.0,10.0,19.0,10.0,0.20910418,0.36440042,0.22812128,2026-01-26-11:28:30
2.0,50.0,15.0,6.0,0.6478136,0.32623512,0.48260397,2026-01-26-11:28:30
9.0,50.0,14.0,6.0,0.6378161,0.44974735,0.6600114,2026-01-26-11:28:30
20.0,50.0,12.0,2.0,0.6528668,0.7576543,0.26990157,2026-01-26-11:28:42
20.0,50.0,9.0,7.0,0.8442618,0.7644731,0.42437488,2026-01-26-11:28:42
7.0,50.0,9.0,7.0,0.71356833,0.3316848,0.56811166,2026-01-26-11:28:42
15.0,30.0,10.0,9.0,0.63280123,0.43012184,0.573925,2026-01-26-11:28:42
14.0,30.0,15.0,7.0,0.6099308,0.426784,0.50903773,2026-01-26-11:28:42
8.0,50.0,9.0,9.0,0.68559545,0.31232023,0.69311225,2026-01-26-11:28:52
7.0,50.0,18.0,4.0,0.69337875,0.4429434,0.57224613,2026-01-26-11:28:52
7.0,50.0,17.0,5.0,0.69115955,0.430742,0.5957606,2026-01-26-11:28:52
11.0,50.0,13.0,7.0,0.56579036,0.5034271,0.6923708,2026-01-26-11:28:52
16.0,50.0,18.0,5.0,0.6465788,0.77341247,0.5270098,2026-01-26-11:28:52
20.0,50.0,14.0,1.0,0.66627157,0.73195904,0.27577776,2026-01-26-11:29:02
20.0,20.0,7.0,1.0,0.27301586,0.42920658,0.26121706,2026-01-26-11:29:02
15.0,50.0,17.0,7.0,0.5586604,0.73082364,0.5839556,2026-01-26-11:29:02
19.0,20.0,16.0,1.0,0.47507012,0.48070192,0.32430795,2026-01-26-11:29:02
18.0,50.0,19.0,2.0,0.77758044,0.74758625,0.43446368,2026-01-26-11:29:02
14.0,50.0,18.0,4.0,0.5820194,0.7184765,0.5665367,2026-01-26-11:29:13
10.0,40.0,12.0,4.0,0.6512359,0.29655784,0.4177089,2026-01-26-11:29:13
18.0,30.0,19.0,10.0,0.51495785,0.6236827,0.5452434,2026-01-26-11:29:13
16.0,50.0,14.0,6.0,0.6834125,0.736184,0.54017866,2026-01-26-11:29:13
15.0,30.0,19.0,2.0,0.6243523,0.42841804,0.44135597,2026-01-26-11:29:13
14.0,40.0,13.0,10.0,0.50121486,0.5890356,0.696625,2026-01-26-11:29:23
11.0,50.0,9.0,10.0,0.57180125,0.37798697,0.7665794,2026-01-26-11:29:23
11.0,50.0,9.0,5.0,0.4848547,0.44120592,0.53544617,2026-01-26-11:29:23
11.0,50.0,17.0,7.0,0.4836775,0.5836774,0.67122674,2026-01-26-11:29:23
12.0,50.0,9.0,10.0,0.5658739,0.41540354,0.7543076,2026-01-26-11:29:23
10.0,50.0,15.0,7.0,0.5563072,0.49998733,0.6961147,2026-01-26-11:29:34
6.0,50.0,14.0,8.0,0.685254,0.32939824,0.63793236,2026-01-26-11:29:34
10.0,50.0,15.0,8.0,0.5220179,0.48453793,0.7123802,2026-01-26-11:29:34
6.0,50.0,13.0,9.0,0.6725273,0.30384785,0.6624075,2026-01-26-11:29:34
10.0,50.0,9.0,9.0,0.60712737,0.3600837,0.72481215,2026-01-26-11:29:34
5.0,50.0,9.0,10.0,0.73872215,0.27545154,0.63311255,2026-01-26-11:29:44
4.0,40.0,19.0,10.0,0.43728173,0.3730457,0.38975638,2026-01-26-11:29:44
15.0,50.0,19.0,5.0,0.5738502,0.757517,0.54568344,2026-01-26-11:29:44
15.0,40.0,19.0,6.0,0.4403136,0.64643544,0.57824063,2026-01-26-11:29:44
15.0,50.0,17.0,4.0,0.632216,0.7378628,0.53482,2026-01-26-11:29:44
15.0,40.0,14.0,7.0,0.51621443,0.6209124,0.62934846,2026-01-26-11:29:56
16.0,40.0,14.0,7.0,0.5132454,0.6528603,0.61575514,2026-01-26-11:29:56
17.0,40.0,19.0,8.0,0.44400805,0.72081393,0.55233896,2026-01-26-11:29:56
7.0,40.0,19.0,8.0,0.53700066,0.44056436,0.40938133,2026-01-26-11:29:56
17.0,40.0,19.0,7.0,0.43930334,0.70280737,0.55392116,2026-01-26-11:29:56
15.0,40.0,12.0,9.0,0.5178309,0.60937583,0.67849576,2026-01-26-11:30:04
15.0,40.0,11.0,9.0,0.5350741,0.5884889,0.6751595,2026-01-26-11:30:04
18.0,40.0,6.0,6.0,0.41864702,0.5522272,0.39286995,2026-01-26-11:30:04
15.0,50.0,13.0,8.0,0.6182655,0.6594042,0.62645304,2026-01-26-11:30:04
8.0,50.0,18.0,4.0,0.6605715,0.48201323,0.59722406,2026-01-26-11:30:04
17.0,30.0,15.0,8.0,0.50057673,0.5346617,0.5925223,2026-01-26-11:30:15
16.0,30.0,2.0,10.0,0.56594026,0.32140416,0.49872002,2026-01-26-11:30:15
17.0,30.0,11.0,6.0,0.52858573,0.4192901,0.4955711,2026-01-26-11:30:15
17.0,30.0,10.0,10.0,0.57469755,0.53236806,0.64130956,2026-01-26-11:30:15
15.0,30.0,2.0,10.0,0.59163773,0.29004133,0.47824532,2026-01-26-11:30:15
19.0,50.0,11.0,8.0,0.85771644,0.7492695,0.5138539,2026-01-26-11:30:25
13.0,50.0,14.0,9.0,0.4999097,0.5803354,0.70124596,2026-01-26-11:30:25
19.0,20.0,12.0,8.0,0.5888132,0.39519757,0.5094415,2026-01-26-11:30:25
12.0,50.0,14.0,8.0,0.5113429,0.5531141,0.70670134,2026-01-26-11:30:25
13.0,50.0,10.0,9.0,0.57405865,0.49342704,0.7031708,2026-01-26-11:30:25
20.0,50.0,1.0,9.0,0.77355254,0.5930244,0.3942659,2026-01-26-11:30:37
14.0,50.0,18.0,5.0,0.55422604,0.7249885,0.58267665,2026-01-26-11:30:37
14.0,50.0,3.0,9.0,0.52516764,0.39059457,0.55053055,2026-01-26-11:30:37
14.0,50.0,17.0,6.0,0.54346585,0.71115375,0.6033615,2026-01-26-11:30:37
17.0,40.0,14.0,8.0,0.5165408,0.69753975,0.61736387,2026-01-26-11:30:37
17.0,50.0,15.0,9.0,0.6903666,0.72991365,0.5709542,2026-01-26-11:30:48
16.0,50.0,13.0,8.0,0.67454815,0.694963,0.594332,2026-01-26-11:30:48
15.0,50.0,18.0,6.0,0.56415766,0.74926484,0.5641188,2026-01-26-11:30:48
20.0,50.0,9.0,8.0,0.88830435,0.7484237,0.47296107,2026-01-26-11:30:48
5.0,50.0,9.0,9.0,0.7602315,0.2902882,0.5903786,2026-01-26-11:30:48
12.0,50.0,17.0,5.0,0.54050756,0.6393723,0.6336145,2026-01-26-11:30:57
16.0,50.0,12.0,5.0,0.65698314,0.7081591,0.46518025,2026-01-26-11:30:57
15.0,50.0,19.0,3.0,0.6288439,0.7344809,0.5200315,2026-01-26-11:30:57
12.0,50.0,17.0,4.0,0.56067234,0.6329602,0.6104429,2026-01-26-11:30:57
14.0,40.0,9.0,10.0,0.57310885,0.49995658,0.7007561,2026-01-26-11:30:57
18.0,50.0,14.0,10.0,0.77023965,0.7269192,0.57316774,2026-01-26-11:31:08
11.0,50.0,13.0,8.0,0.54149115,0.48777762,0.72259533,2026-01-26-11:31:08
14.0,50.0,12.0,8.0,0.58866537,0.5987533,0.6549438,2026-01-26-11:31:08
19.0,50.0,11.0,9.0,0.8644554,0.7321878,0.55071187,2026-01-26-11:31:08
19.0,40.0,11.0,9.0,0.65777624,0.7199668,0.57827544,2026-01-26-11:31:08
4.0,50.0,9.0,10.0,0.7306606,0.2803364,0.5966231,2026-01-26-11:31:19
12.0,50.0,13.0,10.0,0.4891191,0.5008187,0.74930686,2026-01-26-11:31:19
15.0,40.0,8.0,10.0,0.57076055,0.51778066,0.6807592,2026-01-26-11:31:19
13.0,40.0,7.0,10.0,0.618506,0.41722733,0.6657326,2026-01-26-11:31:19
13.0,40.0,7.0,6.0,0.47928372,0.37041587,0.47935188,2026-01-26-11:31:19
16.0,40.0,8.0,10.0,0.57503474,0.5596165,0.66396886,2026-01-26-11:31:30
14.0,40.0,8.0,10.0,0.5848108,0.4768199,0.6874825,2026-01-26-11:31:30
16.0,30.0,9.0,6.0,0.52279276,0.3458009,0.44089565,2026-01-26-11:31:30
17.0,50.0,11.0,9.0,0.75958294,0.6775047,0.5858662,2026-01-26-11:31:30
7.0,50.0,19.0,3.0,0.6883456,0.4463078,0.5493301,2026-01-26-11:31:30
16.0,50.0,15.0,10.0,0.63395387,0.6914239,0.6025748,2026-01-26-11:31:39
12.0,50.0,14.0,9.0,0.48590082,0.5363325,0.72302294,2026-01-26-11:31:39
8.0,50.0,11.0,7.0,0.688571,0.3624537,0.6406401,2026-01-26-11:31:39
10.0,20.0,20.0,4.0,0.3378833,0.36658016,0.24406625,2026-01-26-11:31:39
13.0,40.0,10.0,10.0,0.5837603,0.48257184,0.7047246,2026-01-26-11:31:39
4.0,30.0,20.0,10.0,0.3308951,0.35040227,0.3878577,2026-01-26-11:31:50
7.0,30.0,20.0,10.0,0.37189254,0.41599065,0.30753094,2026-01-26-11:31:50
4.0,30.0,3.0,4.0,0.19897251,0.18223062,0.22677603,2026-01-26-11:31:50
7.0,30.0,10.0,10.0,0.4310272,0.27096128,0.46019796,2026-01-26-11:31:50
7.0,30.0,9.0,10.0,0.45120966,0.26712883,0.44892612,2026-01-26-11:31:50
10.0,40.0,11.0,9.0,0.6751731,0.39697522,0.6118804,2026-01-26-11:32:00
14.0,10.0,17.0,6.0,0.28117117,0.42294914,0.22361463,2026-01-26-11:32:00
18.0,20.0,16.0,9.0,0.54063183,0.4209197,0.476843,2026-01-26-11:32:00
10.0,50.0,13.0,9.0,0.53706276,0.42827317,0.748108,2026-01-26-11:32:00
11.0,50.0,13.0,10.0,0.49241546,0.4564593,0.7622098,2026-01-26-11:32:00
16.0,40.0,13.0,10.0,0.49522296,0.6612915,0.6770899,2026-01-26-11:32:09
17.0,50.0,11.0,8.0,0.75853705,0.69458634,0.5490082,2026-01-26-11:32:09
7.0,50.0,13.0,9.0,0.64703643,0.32572484,0.6942962,2026-01-26-11:32:09
12.0,40.0,13.0,8.0,0.6016171,0.50282925,0.63930124,2026-01-26-11:32:09
18.0,50.0,14.0,7.0,0.7818139,0.7735869,0.5233731,2026-01-26-11:32:09
12.0,40.0,11.0,7.0,0.63581556,0.4427786,0.5853832,2026-01-26-11:32:20
14.0,40.0,15.0,7.0,0.51833004,0.6024999,0.6327544,2026-01-26-11:32:20
15.0,50.0,20.0,5.0,0.550955,0.7606135,0.5325776,2026-01-26-11:32:20
18.0,50.0,15.0,10.0,0.7623618,0.73353755,0.5576244,2026-01-26-11:32:20
14.0,50.0,16.0,7.0,0.5353623,0.6872979,0.62533116,2026-01-26-11:32:20
12.0,50.0,17.0,6.0,0.5083172,0.6364342,0.64978987,2026-01-26-11:32:31
9.0,50.0,10.0,8.0,0.645713,0.36168408,0.6871447,2026-01-26-11:32:31
12.0,50.0,15.0,4.0,0.5621341,0.5964657,0.59171355,2026-01-26-11:32:31
12.0,50.0,13.0,9.0,0.50726527,0.5152554,0.7329209,2026-01-26-11:32:31
7.0,50.0,11.0,7.0,0.72623074,0.34078547,0.6126445,2026-01-26-11:32:31
17.0,40.0,11.0,9.0,0.559121,0.66249347,0.63615274,2026-01-26-11:32:43
17.0,40.0,8.0,10.0,0.5997644,0.6008169,0.6390117,2026-01-26-11:32:43
17.0,20.0,11.0,2.0,0.4242868,0.40922755,0.18724698,2026-01-26-11:32:43
2.0,30.0,10.0,10.0,0.44541103,0.32617912,0.5705915,2026-01-26-11:32:43
2.0,30.0,9.0,10.0,0.4666141,0.3348976,0.5542925,2026-01-26-11:32:43
12.0,20.0,19.0,10.0,0.37334028,0.39103302,0.24467789,2026-01-26-11:32:55
15.0,20.0,17.0,10.0,0.5167997,0.41855413,0.34522137,2026-01-26-11:32:55
5.0,30.0,10.0,10.0,0.38309333,0.2786188,0.49580213,2026-01-26-11:32:55
12.0,20.0,2.0,7.0,0.25076014,0.062866636,0.16899842,2026-01-26-11:32:55
20.0,20.0,19.0,10.0,0.563114,0.43640935,0.49607638,2026-01-26-11:32:55
19.0,40.0,8.0,10.0,0.7033953,0.6756732,0.5765719,2026-01-26-11:33:04
16.0,50.0,10.0,9.0,0.71074986,0.62139803,0.60606647,2026-01-26-11:33:04
17.0,40.0,14.0,9.0,0.5061498,0.70529246,0.6329355,2026-01-26-11:33:04
15.0,50.0,14.0,7.0,0.61875486,0.69232094,0.6016955,2026-01-26-11:33:04
11.0,50.0,16.0,6.0,0.5410157,0.5749501,0.66910714,2026-01-26-11:33:04
9.0,50.0,19.0,3.0,0.6223636,0.5272728,0.59231853,2026-01-26-11:33:15
13.0,40.0,8.0,10.0,0.6122471,0.4382247,0.683354,2026-01-26-11:33:15
11.0,20.0,14.0,10.0,0.31277955,0.273239,0.35841206,2026-01-26-11:33:15
11.0,20.0,10.0,2.0,0.2303891,0.22792806,0.07086429,2026-01-26-11:33:15
11.0,20.0,13.0,10.0,0.32967606,0.25242928,0.37457535,2026-01-26-11:33:15
5.0,50.0,15.0,6.0,0.73397017,0.3452361,0.5581282,2026-01-26-11:33:26
5.0,50.0,15.0,1.0,0.549381,0.26956895,0.36259833,2026-01-26-11:33:26
19.0,50.0,13.0,7.0,0.835018,0.7825868,0.50462717,2026-01-26-11:33:26
5.0,30.0,15.0,6.0,0.40530112,0.16137138,0.41357777,2026-01-26-11:33:26
13.0,10.0,12.0,4.0,0.26103562,0.31129572,0.1302385,2026-01-26-11:33:26
11.0,40.0,9.0,10.0,0.6657567,0.39047003,0.6593246,2026-01-26-11:33:37
11.0,40.0,9.0,9.0,0.67589223,0.39273965,0.6173407,2026-01-26-11:33:37
17.0,50.0,16.0,8.0,0.67845285,0.75362617,0.5504068,2026-01-26-11:33:37
15.0,50.0,18.0,5.0,0.595532,0.7521028,0.55445987,2026-01-26-11:33:37
15.0,50.0,19.0,6.0,0.54210395,0.7547789,0.5498377,2026-01-26-11:33:37
11.0,50.0,9.0,9.0,0.5811867,0.39282364,0.7238454,2026-01-26-11:33:48
16.0,50.0,14.0,5.0,0.6821184,0.739422,0.50371,2026-01-26-11:33:48
11.0,50.0,10.0,8.0,0.5794617,0.4282174,0.6956061,2026-01-26-11:33:48
11.0,40.0,8.0,10.0,0.6788251,0.37350062,0.64523524,2026-01-26-11:33:48
11.0,40.0,12.0,8.0,0.6551814,0.4427294,0.6136029,2026-01-26-11:33:48
5.0,50.0,14.0,7.0,0.7279646,0.32693428,0.58164334,2026-01-26-11:33:57
19.0,40.0,15.0,8.0,0.59277976,0.73921126,0.5621212,2026-01-26-11:33:57
18.0,40.0,16.0,9.0,0.5210073,0.7378507,0.5824875,2026-01-26-11:33:57
11.0,30.0,1.0,3.0,0.46297207,0.07017491,0.2889498,2026-01-26-11:33:57
6.0,20.0,9.0,10.0,0.3931486,0.15194744,0.50147575,2026-01-26-11:33:57
20.0,40.0,15.0,9.0,0.65778464,0.7554173,0.54847395,2026-01-26-11:34:08
15.0,50.0,12.0,8.0,0.63388,0.64017564,0.6220828,2026-01-26-11:34:08
19.0,40.0,14.0,8.0,0.6110066,0.73576874,0.5654081,2026-01-26-11:34:08
14.0,40.0,12.0,9.0,0.5335241,0.57004714,0.68419135,2026-01-26-11:34:08
14.0,40.0,13.0,9.0,0.5136232,0.5909052,0.6809889,2026-01-26-11:34:08
19.0,50.0,18.0,8.0,0.7557012,0.7745571,0.49880227,2026-01-26-11:34:20
19.0,50.0,11.0,5.0,0.76417315,0.7797701,0.3785286,2026-01-26-11:34:20
19.0,40.0,18.0,8.0,0.5497719,0.73780173,0.5271157,2026-01-26-11:34:20
10.0,50.0,18.0,8.0,0.46592474,0.54465413,0.6549676,2026-01-26-11:34:20
15.0,30.0,11.0,5.0,0.5736219,0.33183464,0.41678467,2026-01-26-11:34:20
12.0,50.0,9.0,9.0,0.57213765,0.43024027,0.71157366,2026-01-26-11:34:31
5.0,50.0,11.0,10.0,0.6944522,0.2710233,0.6528388,2026-01-26-11:34:31
5.0,30.0,11.0,10.0,0.35978314,0.27732038,0.50228846,2026-01-26-11:34:31
20.0,50.0,18.0,10.0,0.8635442,0.7444573,0.50689524,2026-01-26-11:34:31
5.0,50.0,11.0,8.0,0.7533474,0.30274165,0.58569074,2026-01-26-11:34:31
18.0,50.0,14.0,4.0,0.7578025,0.7815261,0.41534424,2026-01-26-11:34:43
18.0,50.0,20.0,7.0,0.68332595,0.7789537,0.47211933,2026-01-26-11:34:43
17.0,50.0,20.0,6.0,0.63389814,0.78350705,0.48668802,2026-01-26-11:34:43
18.0,30.0,14.0,4.0,0.48869574,0.44547206,0.4785799,2026-01-26-11:34:43
18.0,40.0,14.0,4.0,0.5448904,0.6079601,0.46373335,2026-01-26-11:34:43
8.0,50.0,17.0,6.0,0.625299,0.46581239,0.63701606,2026-01-26-11:34:55
8.0,50.0,15.0,7.0,0.6350291,0.41832718,0.6699105,2026-01-26-11:34:55
8.0,50.0,14.0,5.0,0.6831744,0.41587743,0.6053439,2026-01-26-11:34:55
10.0,40.0,8.0,10.0,0.7030057,0.34953746,0.61519444,2026-01-26-11:34:55
14.0,50.0,15.0,9.0,0.51525146,0.63968366,0.65862036,2026-01-26-11:34:55
17.0,40.0,15.0,10.0,0.49939442,0.71323276,0.6258414,2026-01-26-11:35:06
16.0,50.0,15.0,9.0,0.6265144,0.7056606,0.5972241,2026-01-26-11:35:06
19.0,50.0,15.0,10.0,0.81254095,0.74504834,0.54924643,2026-01-26-11:35:06
7.0,50.0,14.0,6.0,0.71515226,0.3809614,0.61573637,2026-01-26-11:35:06
18.0,50.0,15.0,9.0,0.7496343,0.74777424,0.55227363,2026-01-26-11:35:06
20.0,10.0,15.0,10.0,0.55964756,0.3742405,0.39291468,2026-01-26-11:35:17
11.0,50.0,15.0,7.0,0.5296476,0.5443342,0.6938673,2026-01-26-11:35:17
19.0,50.0,10.0,9.0,0.8773102,0.7201075,0.53883797,2026-01-26-11:35:17
19.0,40.0,18.0,10.0,0.620525,0.74458486,0.52667063,2026-01-26-11:35:17
18.0,50.0,10.0,9.0,0.830198,0.69241875,0.5523363,2026-01-26-11:35:17
14.0,50.0,19.0,3.0,0.5885717,0.710561,0.54721326,2026-01-26-11:35:29
11.0,50.0,14.0,10.0,0.47551894,0.47726908,0.7460465,2026-01-26-11:35:29
7.0,50.0,9.0,8.0,0.72758603,0.3156353,0.61669785,2026-01-26-11:35:29
11.0,50.0,14.0,8.0,0.51992476,0.5083873,0.7194657,2026-01-26-11:35:29
14.0,50.0,18.0,3.0,0.5951389,0.7021525,0.5433812,2026-01-26-11:35:29
13.0,50.0,12.0,8.0,0.55962276,0.5550947,0.68414444,2026-01-26-11:35:39
17.0,50.0,14.0,7.0,0.7292864,0.7526348,0.54311365,2026-01-26-11:35:39
18.0,50.0,13.0,8.0,0.7894076,0.74926305,0.5454254,2026-01-26-11:35:39
8.0,50.0,15.0,8.0,0.59880996,0.40287778,0.68617594,2026-01-26-11:35:39
15.0,50.0,16.0,8.0,0.5588292,0.7050035,0.605159,2026-01-26-11:35:39
16.0,40.0,7.0,10.0,0.5809986,0.5363872,0.6464636,2026-01-26-11:35:49
6.0,50.0,12.0,7.0,0.7472582,0.33012456,0.596799,2026-01-26-11:35:49
14.0,50.0,10.0,5.0,0.52315867,0.5850288,0.48972997,2026-01-26-11:35:49
16.0,50.0,19.0,6.0,0.5960132,0.77304626,0.5234867,2026-01-26-11:35:49
8.0,50.0,6.0,10.0,0.6941616,0.28575447,0.67447823,2026-01-26-11:35:49
13.0,50.0,19.0,4.0,0.54012656,0.69769824,0.5877746,2026-01-26-11:36:01
13.0,40.0,16.0,4.0,0.5964997,0.48864132,0.551993,2026-01-26-11:36:01
13.0,50.0,18.0,4.0,0.5567441,0.6860476,0.59193254,2026-01-26-11:36:01
14.0,50.0,15.0,10.0,0.5164657,0.625447,0.66397107,2026-01-26-11:36:01
16.0,50.0,15.0,8.0,0.6363641,0.72234225,0.5871361,2026-01-26-11:36:01
11.0,50.0,19.0,4.0,0.5436659,0.6258313,0.6167291,2026-01-26-11:36:12
12.0,40.0,8.0,7.0,0.59679204,0.381693,0.52572936,2026-01-26-11:36:12
18.0,40.0,17.0,8.0,0.50396526,0.7317122,0.56494087,2026-01-26-11:36:12
19.0,50.0,9.0,5.0,0.7047342,0.75445986,0.33400786,2026-01-26-11:36:12
13.0,50.0,14.0,10.0,0.4900379,0.5659987,0.71150523,2026-01-26-11:36:12
11.0,50.0,20.0,3.0,0.55107296,0.6249493,0.59604406,2026-01-26-11:36:25
20.0,10.0,11.0,10.0,0.61264676,0.3591633,0.42024437,2026-01-26-11:36:25
12.0,10.0,15.0,7.0,0.25832373,0.34116444,0.29481792,2026-01-26-11:36:25
11.0,50.0,10.0,3.0,0.4190005,0.437782,0.4718619,2026-01-26-11:36:25
6.0,10.0,15.0,7.0,0.44937813,0.20954964,0.4540729,2026-01-26-11:36:25
20.0,10.0,10.0,5.0,0.48430285,0.41324496,0.2082287,2026-01-26-11:36:36
9.0,50.0,11.0,7.0,0.64625806,0.39067477,0.6603177,2026-01-26-11:36:36
10.0,50.0,17.0,4.0,0.5978769,0.5471269,0.62382585,2026-01-26-11:36:36
20.0,10.0,10.0,7.0,0.58088356,0.39839378,0.29727146,2026-01-26-11:36:36
6.0,10.0,18.0,10.0,0.35549548,0.20951703,0.4065124,2026-01-26-11:36:36
8.0,50.0,19.0,3.0,0.65818304,0.48587576,0.5743251,2026-01-26-11:36:48
11.0,40.0,5.0,8.0,0.5997375,0.32886526,0.48929152,2026-01-26-11:36:48
17.0,30.0,16.0,9.0,0.47979832,0.5774741,0.5855857,2026-01-26-11:36:48
14.0,40.0,13.0,8.0,0.5332893,0.58325243,0.6585105,2026-01-26-11:36:48
13.0,40.0,5.0,8.0,0.5193496,0.37523213,0.5307997,2026-01-26-11:36:48
18.0,40.0,17.0,9.0,0.5141548,0.7397649,0.565719,2026-01-26-11:37:01
13.0,50.0,20.0,4.0,0.5194153,0.7072669,0.57822084,2026-01-26-11:37:01
13.0,50.0,19.0,10.0,0.49824348,0.6460914,0.60507154,2026-01-26-11:37:01
10.0,50.0,12.0,7.0,0.60371274,0.44221947,0.68474114,2026-01-26-11:37:01
18.0,40.0,17.0,4.0,0.56472117,0.61906886,0.51409084,2026-01-26-11:37:01
20.0,10.0,9.0,10.0,0.6460075,0.3399279,0.40242848,2026-01-26-11:37:12
18.0,50.0,17.0,8.0,0.71987736,0.7703463,0.5195517,2026-01-26-11:37:12
8.0,50.0,14.0,9.0,0.588197,0.36949518,0.7115309,2026-01-26-11:37:12
2.0,10.0,9.0,7.0,0.4295702,0.22481999,0.27769965,2026-01-26-11:37:12
14.0,10.0,5.0,6.0,0.15170437,0.1839062,0.086785816,2026-01-26-11:37:12
20.0,50.0,8.0,4.0,0.63425124,0.76202226,0.27919757,2026-01-26-11:37:22
20.0,50.0,7.0,4.0,0.60839343,0.7483509,0.27341074,2026-01-26-11:37:22
16.0,50.0,18.0,7.0,0.5947362,0.7601613,0.5410938,2026-01-26-11:37:22
13.0,50.0,20.0,6.0,0.45042744,0.71134096,0.5822208,2026-01-26-11:37:22
17.0,50.0,3.0,5.0,0.47684234,0.55740505,0.36664242,2026-01-26-11:37:22
19.0,50.0,11.0,6.0,0.80843234,0.77623206,0.42576078,2026-01-26-11:37:34
17.0,50.0,11.0,6.0,0.7220718,0.7215489,0.4609151,2026-01-26-11:37:34
20.0,50.0,8.0,6.0,0.759004,0.76369625,0.35471356,2026-01-26-11:37:34
19.0,20.0,11.0,6.0,0.5535887,0.3919179,0.4127273,2026-01-26-11:37:34
20.0,50.0,8.0,9.0,0.9195456,0.7187521,0.49902964,2026-01-26-11:37:34
14.0,50.0,20.0,5.0,0.5090022,0.739936,0.5586785,2026-01-26-11:37:46
14.0,40.0,20.0,10.0,0.5171894,0.68305963,0.5651719,2026-01-26-11:37:46
14.0,10.0,20.0,1.0,0.33542752,0.37092623,0.14139336,2026-01-26-11:37:46
16.0,50.0,13.0,7.0,0.68513364,0.71061236,0.5641074,2026-01-26-11:37:46
15.0,50.0,10.0,8.0,0.64876854,0.5973936,0.597465,2026-01-26-11:37:46
18.0,50.0,12.0,8.0,0.8037231,0.7381828,0.5385845,2026-01-26-11:37:57
16.0,40.0,13.0,9.0,0.501406,0.6631611,0.66145384,2026-01-26-11:37:57
18.0,50.0,11.0,7.0,0.79870445,0.7407563,0.48419636,2026-01-26-11:37:57
10.0,50.0,14.0,8.0,0.545241,0.4645973,0.72179145,2026-01-26-11:37:57
1.0,20.0,10.0,6.0,0.531635,0.19874394,0.37708715,2026-01-26-11:37:57
17.0,40.0,16.0,10.0,0.4968102,0.72046363,0.6070163,2026-01-26-11:38:07
17.0,50.0,9.0,9.0,0.7803027,0.63932383,0.560786,2026-01-26-11:38:07
8.0,50.0,16.0,5.0,0.67130893,0.4498798,0.6219094,2026-01-26-11:38:07
16.0,40.0,11.0,9.0,0.5369324,0.62706,0.6594902,2026-01-26-11:38:07
6.0,50.0,8.0,9.0,0.75604254,0.29287058,0.60546637,2026-01-26-11:38:07
19.0,40.0,16.0,7.0,0.58460325,0.7228875,0.5447144,2026-01-26-11:38:20
6.0,50.0,18.0,4.0,0.71380335,0.4079954,0.54280394,2026-01-26-11:38:20
7.0,50.0,8.0,9.0,0.72891176,0.2965449,0.64183056,2026-01-26-11:38:20
15.0,30.0,9.0,2.0,0.39892137,0.2795788,0.2846444,2026-01-26-11:38:20
9.0,50.0,8.0,9.0,0.64895487,0.32338047,0.6944242,2026-01-26-11:38:20
20.0,50.0,8.0,10.0,0.94485444,0.7038154,0.54617363,2026-01-26-11:38:31
17.0,50.0,12.0,8.0,0.7487147,0.7109241,0.560279,2026-01-26-11:38:31
9.0,50.0,8.0,8.0,0.6391338,0.34076208,0.64519745,2026-01-26-11:38:31
20.0,40.0,3.0,6.0,0.4479315,0.57611865,0.32911503,2026-01-26-11:38:31
11.0,50.0,17.0,3.0,0.5711787,0.5744926,0.59207726,2026-01-26-11:38:31
19.0,50.0,8.0,10.0,0.9108246,0.6753271,0.54975843,2026-01-26-11:38:44
7.0,50.0,8.0,10.0,0.7195517,0.28160825,0.68897456,2026-01-26-11:38:44
6.0,50.0,8.0,10.0,0.745254,0.2779339,0.6526103,2026-01-26-11:38:44
6.0,10.0,8.0,5.0,0.38763785,0.19538137,0.26637584,2026-01-26-11:38:44
20.0,10.0,8.0,2.0,0.30453837,0.34610128,0.09929302,2026-01-26-11:38:44
20.0,50.0,16.0,10.0,0.8455588,0.74994075,0.5374637,2026-01-26-11:38:56
16.0,50.0,17.0,8.0,0.60025406,0.7399504,0.5601603,2026-01-26-11:38:56
17.0,50.0,8.0,10.0,0.80097634,0.60326105,0.5894753,2026-01-26-11:38:56
18.0,50.0,13.0,6.0,0.7883387,0.77582556,0.47858933,2026-01-26-11:38:56
16.0,50.0,8.0,10.0,0.73650414,0.56196964,0.6208253,2026-01-26-11:38:56
15.0,40.0,14.0,9.0,0.47918785,0.6461717,0.6673838,2026-01-26-11:39:06
13.0,50.0,9.0,9.0,0.58295566,0.47109038,0.68940246,2026-01-26-11:39:06
15.0,50.0,8.0,10.0,0.67555094,0.5190318,0.6553563,2026-01-26-11:39:06
14.0,50.0,0.0,0.0,0.45601586,0.2990991,0.5042753,2026-01-26-11:39:06
19.0,50.0,5.0,10.0,0.9107667,0.6190862,0.48821092,2026-01-26-11:39:06
17.0,50.0,16.0,4.0,0.7335835,0.7763147,0.47099388,2026-01-26-11:39:17
12.0,50.0,14.0,7.0,0.5392104,0.56866354,0.68348753,2026-01-26-11:39:17
14.0,50.0,20.0,4.0,0.54508334,0.733224,0.5547771,2026-01-26-11:39:17
9.0,50.0,16.0,7.0,0.5707215,0.47681153,0.6790741,2026-01-26-11:39:17
20.0,50.0,5.0,10.0,0.9454544,0.6562965,0.48254582,2026-01-26-11:39:17
11.0,40.0,13.0,7.0,0.6619958,0.4457527,0.587366,2026-01-26-11:39:30
8.0,50.0,13.0,10.0,0.5820398,0.3399512,0.73730487,2026-01-26-11:39:30
15.0,50.0,20.0,6.0,0.5221536,0.7579755,0.53267616,2026-01-26-11:39:30
20.0,50.0,15.0,3.0,0.7922807,0.78860086,0.39051467,2026-01-26-11:39:30
5.0,50.0,13.0,9.0,0.6825593,0.28927284,0.62852305,2026-01-26-11:39:30
19.0,50.0,9.0,9.0,0.8852712,0.70607764,0.52240705,2026-01-26-11:39:43
9.0,50.0,8.0,10.0,0.6437875,0.30844375,0.74156815,2026-01-26-11:39:43
16.0,50.0,8.0,1.0,0.43834516,0.54968333,0.30068517,2026-01-26-11:39:43
6.0,50.0,9.0,5.0,0.6579427,0.33950657,0.43966386,2026-01-26-11:39:43
3.0,10.0,4.0,9.0,0.44529623,0.22054513,0.2645381,2026-01-26-11:39:43
8.0,40.0,12.0,9.0,0.6581244,0.3584167,0.55312175,2026-01-26-11:39:55
18.0,50.0,8.0,10.0,0.86131686,0.64146864,0.56483096,2026-01-26-11:39:55
19.0,50.0,6.0,8.0,0.80981123,0.6717158,0.41076514,2026-01-26-11:39:55
12.0,50.0,11.0,8.0,0.5623708,0.48929292,0.6972701,2026-01-26-11:39:55
17.0,50.0,6.0,10.0,0.8067691,0.55849636,0.55150187,2026-01-26-11:39:55
18.0,50.0,11.0,8.0,0.81335294,0.7249068,0.5264421,2026-01-26-11:40:06
18.0,40.0,14.0,8.0,0.55609596,0.7194035,0.59197605,2026-01-26-11:40:06
17.0,50.0,10.0,9.0,0.7724822,0.65920174,0.57569027,2026-01-26-11:40:06
20.0,50.0,8.0,8.0,0.8786832,0.73613375,0.44980294,2026-01-26-11:40:06
20.0,50.0,19.0,2.0,0.8248363,0.75002563,0.43871605,2026-01-26-11:40:06
14.0,50.0,8.0,10.0,0.62544495,0.47597733,0.689245,2026-01-26-11:40:20
10.0,50.0,8.0,10.0,0.60852396,0.33170485,0.7528623,2026-01-26-11:40:20
9.0,50.0,16.0,10.0,0.5083483,0.43074375,0.69607836,2026-01-26-11:40:20
15.0,40.0,13.0,10.0,0.48933807,0.6268347,0.69147044,2026-01-26-11:40:20
10.0,50.0,8.0,9.0,0.61104137,0.34664154,0.7057183,2026-01-26-11:40:20
13.0,50.0,18.0,5.0,0.52831113,0.69255966,0.6080725,2026-01-26-11:40:31
11.0,50.0,8.0,10.0,0.58486956,0.36101755,0.75249004,2026-01-26-11:40:31
8.0,50.0,1.0,1.0,0.5308202,0.29170096,0.5062469,2026-01-26-11:40:31
8.0,50.0,9.0,8.0,0.68908954,0.32960188,0.6463789,2026-01-26-11:40:31
11.0,50.0,8.0,9.0,0.5844613,0.37595418,0.705346,2026-01-26-11:40:31
16.0,50.0,6.0,10.0,0.74202174,0.5154625,0.5833701,2026-01-26-11:40:42
16.0,50.0,6.0,8.0,0.6506394,0.5481809,0.48440313,2026-01-26-11:40:42
9.0,50.0,13.0,6.0,0.6447096,0.4324082,0.6494418,2026-01-26-11:40:42
6.0,20.0,2.0,1.0,0.24662286,0.2337604,0.2688557,2026-01-26-11:40:42
13.0,50.0,8.0,10.0,0.5919663,0.43434316,0.71876335,2026-01-26-11:40:42
12.0,50.0,16.0,6.0,0.529776,0.6186083,0.65697324,2026-01-26-11:40:57
14.0,50.0,9.0,9.0,0.6135189,0.5139507,0.6597846,2026-01-26-11:40:57
10.0,50.0,14.0,10.0,0.49549967,0.43347904,0.7483722,2026-01-26-11:40:57
19.0,50.0,16.0,10.0,0.8111055,0.74663115,0.53265524,2026-01-26-11:40:57
12.0,40.0,16.0,8.0,0.53656393,0.563338,0.6127304,2026-01-26-11:40:57
17.0,30.0,14.0,10.0,0.5095345,0.59387004,0.6215643,2026-01-26-11:41:10
16.0,50.0,11.0,8.0,0.6997595,0.6590618,0.5787387,2026-01-26-11:41:10
18.0,30.0,2.0,8.0,0.370374,0.33240405,0.44940305,2026-01-26-11:41:10
20.0,30.0,14.0,10.0,0.5025135,0.63746864,0.6130041,2026-01-26-11:41:10
15.0,30.0,19.0,9.0,0.52443135,0.5630446,0.48373348,2026-01-26-11:41:10
19.0,50.0,10.0,8.0,0.86144733,0.7372892,0.4963395,2026-01-26-11:41:23
15.0,50.0,18.0,7.0,0.5384332,0.73885167,0.5685439,2026-01-26-11:41:23
1.0,50.0,11.0,6.0,0.60528624,0.35993308,0.39625642,2026-01-26-11:41:23
17.0,50.0,16.0,9.0,0.6777844,0.7370445,0.5554296,2026-01-26-11:41:23
7.0,50.0,14.0,9.0,0.6239486,0.33781716,0.6854547,2026-01-26-11:41:23
12.0,50.0,19.0,3.0,0.5545835,0.6472454,0.5902565,2026-01-26-11:41:37
12.0,40.0,11.0,9.0,0.6161474,0.46743792,0.66298693,2026-01-26-11:41:37
6.0,50.0,11.0,7.0,0.7522189,0.3261335,0.57914037,2026-01-26-11:41:37
10.0,50.0,14.0,9.0,0.51465154,0.44781575,0.7381129,2026-01-26-11:41:37
9.0,50.0,14.0,10.0,0.52738965,0.39226648,0.739989,2026-01-26-11:41:37
19.0,50.0,8.0,9.0,0.8871858,0.6902638,0.5026144,2026-01-26-11:41:51
13.0,50.0,16.0,6.0,0.5375106,0.6600672,0.636167,2026-01-26-11:41:51
13.0,50.0,15.0,9.0,0.48104703,0.59969497,0.68636703,2026-01-26-11:41:51
16.0,40.0,14.0,10.0,0.48151937,0.67634994,0.6632998,2026-01-26-11:41:51
16.0,40.0,14.0,9.0,0.48266065,0.6781196,0.6537905,2026-01-26-11:41:51
9.0,50.0,6.0,10.0,0.6532348,0.294722,0.6983208,2026-01-26-11:42:05
9.0,30.0,6.0,8.0,0.5226536,0.18653163,0.29465327,2026-01-26-11:42:05
20.0,40.0,18.0,5.0,0.6396166,0.66358703,0.4946373,2026-01-26-11:42:05
5.0,50.0,8.0,10.0,0.7554068,0.28012607,0.6138958,2026-01-26-11:42:05
15.0,50.0,11.0,4.0,0.54389423,0.6440772,0.43063703,2026-01-26-11:42:05
18.0,50.0,9.0,9.0,0.8380451,0.6751942,0.53673667,2026-01-26-11:42:16
14.0,50.0,19.0,5.0,0.5321604,0.733597,0.5728651,2026-01-26-11:42:16
1.0,10.0,2.0,6.0,0.18238595,0.2881444,0.08525799,2026-01-26-11:42:16
9.0,50.0,8.0,6.0,0.57352424,0.36832467,0.5501081,2026-01-26-11:42:16
10.0,50.0,3.0,6.0,0.38944978,0.35498515,0.5247232,2026-01-26-11:42:16
18.0,50.0,8.0,9.0,0.8397857,0.6564053,0.51768696,2026-01-26-11:42:31
15.0,50.0,9.0,9.0,0.66064733,0.55729556,0.625976,2026-01-26-11:42:31
17.0,40.0,15.0,9.0,0.48990473,0.7149024,0.62124074,2026-01-26-11:42:31
12.0,50.0,15.0,7.0,0.51940787,0.58882654,0.68136007,2026-01-26-11:42:31
7.0,10.0,3.0,9.0,0.3937891,0.15166613,0.31719825,2026-01-26-11:42:31
11.0,50.0,16.0,7.0,0.50686395,0.564337,0.6853242,2026-01-26-11:42:42
6.0,50.0,9.0,8.0,0.75472057,0.30840594,0.5813296,2026-01-26-11:42:42
15.0,50.0,6.0,10.0,0.6809495,0.47262987,0.618062,2026-01-26-11:42:42
15.0,50.0,6.0,8.0,0.59584844,0.5053482,0.51909506,2026-01-26-11:42:42
14.0,30.0,10.0,1.0,0.42637315,0.27910092,0.23862216,2026-01-26-11:42:42
15.0,40.0,18.0,7.0,0.43589282,0.66744304,0.5961969,2026-01-26-11:42:56
15.0,40.0,18.0,3.0,0.5354869,0.53709704,0.5458173,2026-01-26-11:42:56
14.0,40.0,18.0,7.0,0.45417404,0.64242244,0.59724826,2026-01-26-11:42:56
14.0,40.0,15.0,10.0,0.4758316,0.62628955,0.66220856,2026-01-26-11:42:56
15.0,40.0,18.0,5.0,0.49449164,0.6081328,0.58361286,2026-01-26-11:42:56
15.0,40.0,7.0,10.0,0.5767077,0.4943644,0.66339433,2026-01-26-11:43:10
13.0,50.0,6.0,10.0,0.5977647,0.39363,0.6807234,2026-01-26-11:43:10
12.0,50.0,8.0,10.0,0.57837725,0.39558902,0.7406597,2026-01-26-11:43:10
19.0,50.0,12.0,4.0,0.7423562,0.783466,0.35636958,2026-01-26-11:43:10
19.0,40.0,16.0,8.0,0.57531846,0.740594,0.5538957,2026-01-26-11:43:10
15.0,50.0,16.0,9.0,0.5517619,0.6884219,0.61018175,2026-01-26-11:43:23
20.0,40.0,16.0,9.0,0.64677167,0.75464004,0.53632355,2026-01-26-11:43:23
20.0,40.0,14.0,4.0,0.6391986,0.6353485,0.41304037,2026-01-26-11:43:23
6.0,50.0,15.0,7.0,0.6978307,0.35582113,0.6136724,2026-01-26-11:43:23
18.0,40.0,16.0,8.0,0.5194498,0.729898,0.5782147,2026-01-26-11:43:23
10.0,50.0,17.0,6.0,0.54647756,0.5506009,0.6631729,2026-01-26-11:43:36
16.0,50.0,18.0,4.0,0.6715733,0.7669004,0.5108698,2026-01-26-11:43:36
10.0,50.0,17.0,7.0,0.5099821,0.5400877,0.6729614,2026-01-26-11:43:36
9.0,50.0,18.0,5.0,0.5966877,0.5302489,0.63116074,2026-01-26-11:43:36
10.0,50.0,14.0,6.0,0.59970766,0.4909599,0.66839457,2026-01-26-11:43:36
11.0,40.0,7.0,10.0,0.68589747,0.35812953,0.62668204,2026-01-26-11:43:50
14.0,50.0,17.0,7.0,0.5132805,0.70064056,0.61315006,2026-01-26-11:43:50
13.0,50.0,16.0,7.0,0.5065575,0.64945406,0.652384,2026-01-26-11:43:50
14.0,40.0,11.0,9.0,0.5513184,0.54806226,0.68128633,2026-01-26-11:43:50
11.0,50.0,14.0,9.0,0.49174505,0.4916058,0.7357873,2026-01-26-11:43:50
18.0,40.0,10.0,9.0,0.61353594,0.67831916,0.59697545,2026-01-26-11:44:03
10.0,50.0,11.0,7.0,0.60709554,0.42464077,0.6696945,2026-01-26-11:44:03
6.0,50.0,5.0,10.0,0.7541545,0.29103136,0.575734,2026-01-26-11:44:03
13.0,50.0,17.0,6.0,0.5164232,0.6758493,0.62962776,2026-01-26-11:44:03
20.0,20.0,19.0,4.0,0.5052829,0.43803585,0.49227938,2026-01-26-11:44:03
14.0,50.0,6.0,10.0,0.63092566,0.43154028,0.65175307,2026-01-26-11:44:16
13.0,40.0,6.0,4.0,0.37200236,0.28488505,0.41960448,2026-01-26-11:44:16
2.0,20.0,1.0,9.0,0.45259053,0.24254303,0.30204532,2026-01-26-11:44:16
14.0,40.0,6.0,9.0,0.55792624,0.4349525,0.6001234,2026-01-26-11:44:16
17.0,50.0,19.0,7.0,0.63826525,0.77540904,0.5021347,2026-01-26-11:44:16
10.0,40.0,11.0,8.0,0.6958256,0.38952243,0.57577235,2026-01-26-11:44:28
19.0,50.0,17.0,9.0,0.78003347,0.7603322,0.5149782,2026-01-26-11:44:28
17.0,50.0,18.0,3.0,0.7339014,0.765949,0.46467522,2026-01-26-11:44:28
20.0,50.0,16.0,2.0,0.77735287,0.76220405,0.3741356,2026-01-26-11:44:28
20.0,40.0,18.0,9.0,0.64154434,0.7489566,0.50663203,2026-01-26-11:44:28
14.0,50.0,13.0,7.0,0.5892552,0.63516074,0.62854844,2026-01-26-11:44:40
14.0,50.0,16.0,8.0,0.5109863,0.6719485,0.6352625,2026-01-26-11:44:40
5.0,50.0,16.0,5.0,0.73421425,0.35822096,0.5347999,2026-01-26-11:44:40
14.0,50.0,16.0,10.0,0.51188314,0.64123017,0.6423355,2026-01-26-11:44:40
5.0,40.0,16.0,5.0,0.5822844,0.26483947,0.4025715,2026-01-26-11:44:40
11.0,40.0,12.0,7.0,0.6718574,0.42542285,0.57761186,2026-01-26-11:44:54
19.0,40.0,13.0,7.0,0.62983876,0.71277535,0.53369063,2026-01-26-11:44:54
16.0,50.0,12.0,8.0,0.6896163,0.6779585,0.5892672,2026-01-26-11:44:54
11.0,40.0,9.0,7.0,0.65706867,0.36848032,0.52352095,2026-01-26-11:44:54
17.0,40.0,13.0,7.0,0.5424518,0.66820097,0.5877363,2026-01-26-11:44:54
18.0,50.0,10.0,8.0,0.8170521,0.7096004,0.5098378,2026-01-26-11:45:07
17.0,50.0,16.0,10.0,0.69802207,0.7229078,0.55747986,2026-01-26-11:45:07
4.0,10.0,1.0,1.0,0.3252637,0.20147769,0.24156374,2026-01-26-11:45:07
11.0,40.0,12.0,10.0,0.60641235,0.44831258,0.6656075,2026-01-26-11:45:07
14.0,50.0,8.0,4.0,0.41442198,0.5341843,0.42226893,2026-01-26-11:45:07
9.0,50.0,17.0,6.0,0.58423954,0.5072656,0.6547353,2026-01-26-11:45:23
8.0,50.0,16.0,7.0,0.6118979,0.43622866,0.6613126,2026-01-26-11:45:23
9.0,50.0,15.0,4.0,0.63613594,0.46509132,0.59818625,2026-01-26-11:45:23
9.0,50.0,10.0,4.0,0.5349398,0.38677263,0.501899,2026-01-26-11:45:23
9.0,50.0,17.0,7.0,0.54741335,0.4967525,0.6645239,2026-01-26-11:45:23
12.0,50.0,20.0,3.0,0.5414004,0.65991694,0.5864674,2026-01-26-11:45:38
12.0,50.0,20.0,10.0,0.4994465,0.6254341,0.60806155,2026-01-26-11:45:38
12.0,20.0,20.0,1.0,0.4558057,0.43612018,0.18853186,2026-01-26-11:45:38
12.0,30.0,19.0,1.0,0.6396119,0.379673,0.3103709,2026-01-26-11:45:38
10.0,40.0,7.0,10.0,0.7106475,0.33780232,0.5959546,2026-01-26-11:45:38
6.0,50.0,17.0,5.0,0.7140277,0.39758694,0.5660409,2026-01-26-11:45:53
6.0,50.0,13.0,5.0,0.735701,0.3506301,0.5306575,2026-01-26-11:45:53
15.0,50.0,13.0,7.0,0.6320476,0.6750536,0.5962285,2026-01-26-11:45:53
4.0,50.0,15.0,6.0,0.72246045,0.33139554,0.52740175,2026-01-26-11:45:53
6.0,50.0,17.0,4.0,0.72443444,0.3911749,0.54286927,2026-01-26-11:45:53
18.0,40.0,7.0,10.0,0.6501463,0.6197696,0.590409,2026-01-26-11:46:05
18.0,40.0,7.0,8.0,0.5713966,0.61518645,0.49228564,2026-01-26-11:46:05
16.0,40.0,20.0,10.0,0.5190344,0.715861,0.55875176,2026-01-26-11:46:05
17.0,40.0,7.0,10.0,0.6058346,0.57869637,0.62118864,2026-01-26-11:46:05
5.0,50.0,8.0,9.0,0.7671223,0.29506272,0.5667518,2026-01-26-11:46:05
18.0,50.0,13.0,7.0,0.7935088,0.7649125,0.5152008,2026-01-26-11:46:19
19.0,50.0,13.0,4.0,0.76913726,0.7908259,0.38145822,2026-01-26-11:46:19
8.0,50.0,16.0,4.0,0.6763322,0.44356772,0.5918309,2026-01-26-11:46:19
20.0,50.0,1.0,2.0,0.64647716,0.60165095,0.36645898,2026-01-26-11:46:19
8.0,50.0,17.0,4.0,0.67163086,0.46233833,0.59766906,2026-01-26-11:46:19
15.0,50.0,19.0,7.0,0.52142125,0.7444658,0.55039036,2026-01-26-11:46:32
16.0,50.0,9.0,9.0,0.7186523,0.59957993,0.591704,2026-01-26-11:46:32
16.0,50.0,9.0,8.0,0.7007685,0.6168615,0.5449705,2026-01-26-11:46:32
8.0,50.0,12.0,6.0,0.6859902,0.384771,0.61474913,2026-01-26-11:46:32
16.0,40.0,9.0,9.0,0.5579329,0.58465976,0.63559747,2026-01-26-11:46:32
15.0,50.0,20.0,4.0,0.58587945,0.7539014,0.52867615,2026-01-26-11:46:46
13.0,50.0,20.0,3.0,0.5495996,0.6907429,0.568784,2026-01-26-11:46:46
16.0,50.0,20.0,6.0,0.57645285,0.77329504,0.507451,2026-01-26-11:46:46
7.0,50.0,5.0,10.0,0.72647417,0.28576687,0.6151898,2026-01-26-11:46:46
13.0,50.0,19.0,3.0,0.5627628,0.6812743,0.57166463,2026-01-26-11:46:46
13.0,40.0,14.0,10.0,0.51031876,0.5698802,0.6760959,2026-01-26-11:47:00
13.0,40.0,14.0,9.0,0.52094054,0.5716498,0.66658664,2026-01-26-11:47:00
13.0,40.0,15.0,8.0,0.522334,0.58315665,0.64236975,2026-01-26-11:47:00
16.0,40.0,10.0,9.0,0.55003047,0.60647786,0.64996,2026-01-26-11:47:00
16.0,40.0,3.0,9.0,0.47038388,0.44980785,0.52783877,2026-01-26-11:47:00
18.0,50.0,12.0,7.0,0.79945123,0.7539322,0.50184345,2026-01-26-11:47:13
14.0,50.0,19.0,6.0,0.4984537,0.730859,0.5770194,2026-01-26-11:47:13
14.0,50.0,19.0,4.0,0.5656584,0.726985,0.5633232,2026-01-26-11:47:13
14.0,40.0,19.0,6.0,0.46081957,0.6246091,0.57825685,2026-01-26-11:47:13
7.0,50.0,10.0,7.0,0.7236192,0.33521727,0.591674,2026-01-26-11:47:13
15.0,40.0,17.0,10.0,0.4638922,0.6838048,0.616221,2026-01-26-11:47:27
8.0,50.0,5.0,10.0,0.68831486,0.2853912,0.6488227,2026-01-26-11:47:27
15.0,20.0,8.0,10.0,0.6236681,0.25252998,0.4097596,2026-01-26-11:47:27
12.0,50.0,5.0,5.0,0.35247967,0.4103239,0.4930847,2026-01-26-11:47:27
19.0,50.0,3.0,10.0,0.87756014,0.5772196,0.4506012,2026-01-26-11:47:27
17.0,50.0,15.0,5.0,0.7349485,0.7758959,0.49126622,2026-01-26-11:47:40
15.0,40.0,14.0,8.0,0.49597767,0.6384189,0.6518122,2026-01-26-11:47:40
16.0,50.0,18.0,8.0,0.5875778,0.74501187,0.54212284,2026-01-26-11:47:40
14.0,50.0,6.0,4.0,0.3667485,0.49094716,0.42154342,2026-01-26-11:47:40
16.0,10.0,1.0,5.0,0.16183889,0.15348491,0.12102051,2026-01-26-11:47:40
17.0,30.0,15.0,9.0,0.49238056,0.5703433,0.60111034,2026-01-26-11:47:53
17.0,30.0,15.0,10.0,0.5011202,0.60357994,0.604961,2026-01-26-11:47:53
13.0,50.0,9.0,8.0,0.57472825,0.48837197,0.64266896,2026-01-26-11:47:53
7.0,20.0,20.0,9.0,0.2476624,0.27303183,0.32531074,2026-01-26-11:47:53
17.0,30.0,16.0,10.0,0.49853602,0.61081076,0.58613586,2026-01-26-11:47:53
11.0,50.0,12.0,7.0,0.57565194,0.4830972,0.68261665,2026-01-26-11:48:09
12.0,50.0,14.0,10.0,0.47279644,0.5219958,0.73328215,2026-01-26-11:48:09
12.0,40.0,14.0,10.0,0.54057807,0.5297895,0.661391,2026-01-26-11:48:09
12.0,10.0,7.0,7.0,0.23974405,0.17817451,0.18921408,2026-01-26-11:48:09
7.0,50.0,16.0,7.0,0.649001,0.39982817,0.636013,2026-01-26-11:48:09
20.0,50.0,9.0,3.0,0.61344177,0.7584882,0.25859153,2026-01-26-11:48:23
8.0,50.0,2.0,10.0,0.6286669,0.29294622,0.5801241,2026-01-26-11:48:23
19.0,50.0,13.0,3.0,0.7230618,0.77500194,0.3356781,2026-01-26-11:48:23
14.0,40.0,9.0,3.0,0.36734298,0.35122085,0.4021691,2026-01-26-11:48:23
18.0,50.0,13.0,3.0,0.69293934,0.75732756,0.34625173,2026-01-26-11:48:23
18.0,50.0,6.0,10.0,0.8674904,0.60017127,0.5259937,2026-01-26-11:48:37
15.0,50.0,17.0,8.0,0.5413451,0.7155742,0.58867,2026-01-26-11:48:37
11.0,10.0,16.0,10.0,0.18943724,0.29082677,0.3272329,2026-01-26-11:48:37
16.0,40.0,13.0,7.0,0.5259142,0.63810176,0.6095009,2026-01-26-11:48:37
16.0,50.0,6.0,6.0,0.53181624,0.57614344,0.40335727,2026-01-26-11:48:37
7.0,50.0,15.0,8.0,0.6356437,0.36860186,0.6605428,2026-01-26-11:48:52
9.0,50.0,15.0,8.0,0.55834293,0.4420028,0.7040982,2026-01-26-11:48:52
12.0,40.0,13.0,9.0,0.57579696,0.510482,0.6617797,2026-01-26-11:48:52
12.0,40.0,11.0,8.0,0.6316525,0.45998514,0.6268789,2026-01-26-11:48:52
19.0,50.0,11.0,7.0,0.8399572,0.7651189,0.47160816,2026-01-26-11:48:52
20.0,50.0,7.0,10.0,0.9515339,0.6895441,0.5264275,2026-01-26-11:49:05
20.0,50.0,2.0,4.0,0.5771965,0.65979195,0.33682668,2026-01-26-11:49:05
15.0,50.0,7.0,10.0,0.6814981,0.4956156,0.6379913,2026-01-26-11:49:05
16.0,50.0,20.0,4.0,0.6361745,0.769221,0.503451,2026-01-26-11:49:05
16.0,40.0,7.0,4.0,0.3103493,0.4231607,0.39794675,2026-01-26-11:49:05
19.0,50.0,7.0,10.0,0.9172771,0.65783334,0.53080094,2026-01-26-11:49:20
15.0,30.0,7.0,1.0,0.39162308,0.24778509,0.297676,2026-01-26-11:49:20
6.0,50.0,7.0,10.0,0.7555161,0.28112483,0.629656,2026-01-26-11:49:20
19.0,50.0,7.0,6.0,0.70367926,0.71811426,0.34142017,2026-01-26-11:49:20
6.0,30.0,10.0,6.0,0.42251596,0.14070398,0.30686495,2026-01-26-11:49:20
20.0,50.0,19.0,9.0,0.8209009,0.7539991,0.4915936,2026-01-26-11:49:31
5.0,50.0,11.0,4.0,0.657518,0.3274302,0.40417928,2026-01-26-11:49:31
18.0,50.0,19.0,8.0,0.7026334,0.7678413,0.4871274,2026-01-26-11:49:31
3.0,20.0,1.0,10.0,0.46980572,0.25139174,0.33998293,2026-01-26-11:49:31
4.0,10.0,14.0,7.0,0.47416526,0.18611088,0.4374836,2026-01-26-11:49:31
19.0,50.0,18.0,9.0,0.7799085,0.7581755,0.49868384,2026-01-26-11:49:46
11.0,50.0,6.0,6.0,0.4377397,0.39278057,0.53237075,2026-01-26-11:49:46
17.0,50.0,20.0,3.0,0.7169448,0.762909,0.4732512,2026-01-26-11:49:46
18.0,50.0,12.0,6.0,0.78301924,0.7649453,0.45986855,2026-01-26-11:49:46
17.0,50.0,19.0,3.0,0.72881323,0.76542413,0.4717759,2026-01-26-11:49:46
19.0,50.0,10.0,7.0,0.83213174,0.7532386,0.45003802,2026-01-26-11:50:01
10.0,50.0,7.0,10.0,0.6161658,0.31996974,0.73362243,2026-01-26-11:50:01
11.0,50.0,16.0,9.0,0.45581335,0.5324059,0.7002783,2026-01-26-11:50:01
16.0,50.0,7.0,10.0,0.74246794,0.5387403,0.6033201,2026-01-26-11:50:01
8.0,50.0,7.0,10.0,0.6923534,0.2878209,0.6986347,2026-01-26-11:50:01
18.0,50.0,20.0,3.0,0.7628016,0.7685688,0.4602038,2026-01-26-11:50:15
8.0,50.0,16.0,8.0,0.5764222,0.42087922,0.67124385,2026-01-26-11:50:15
9.0,10.0,17.0,5.0,0.36750937,0.32056886,0.3532073,2026-01-26-11:50:15
18.0,50.0,12.0,5.0,0.75261974,0.7683833,0.41449755,2026-01-26-11:50:15
19.0,50.0,10.0,6.0,0.78913754,0.7644517,0.40211663,2026-01-26-11:50:15
20.0,40.0,10.0,9.0,0.7369973,0.7322028,0.53798145,2026-01-26-11:50:30
18.0,50.0,15.0,3.0,0.74638903,0.77152044,0.39522433,2026-01-26-11:50:30
15.0,50.0,18.0,4.0,0.6221687,0.7455908,0.5383199,2026-01-26-11:50:30
10.0,10.0,20.0,7.0,0.20160116,0.38929623,0.27490515,2026-01-26-11:50:30
17.0,50.0,7.0,10.0,0.80704653,0.5811406,0.57165223,2026-01-26-11:50:30
19.0,40.0,17.0,10.0,0.6088086,0.7466416,0.54241157,2026-01-26-11:50:45
15.0,40.0,17.0,9.0,0.43886945,0.6852744,0.61635107,2026-01-26-11:50:45
19.0,40.0,17.0,8.0,0.5604477,0.7400585,0.54176354,2026-01-26-11:50:45
19.0,20.0,17.0,8.0,0.5070332,0.41283396,0.4959166,2026-01-26-11:50:45
18.0,50.0,17.0,9.0,0.73081684,0.75386465,0.52107984,2026-01-26-11:50:45
5.0,50.0,7.0,10.0,0.7662151,0.28602433,0.589905,2026-01-26-11:50:58
16.0,50.0,17.0,10.0,0.63387275,0.70943207,0.56230825,2026-01-26-11:50:58
9.0,20.0,5.0,6.0,0.21011063,0.09895093,0.17600268,2026-01-26-11:50:58
5.0,40.0,7.0,10.0,0.6105353,0.33536172,0.4539267,2026-01-26-11:50:58
20.0,50.0,5.0,9.0,0.8855789,0.67153317,0.4331413,2026-01-26-11:50:58
19.0,10.0,14.0,8.0,0.5381149,0.40501085,0.34520647,2026-01-26-11:51:13
17.0,50.0,15.0,4.0,0.7275541,0.7696839,0.45495424,2026-01-26-11:51:13
15.0,50.0,16.0,5.0,0.62730765,0.73400414,0.55582446,2026-01-26-11:51:13
15.0,50.0,20.0,7.0,0.50930166,0.7477623,0.5311548,2026-01-26-11:51:13
9.0,50.0,7.0,10.0,0.6520716,0.3006158,0.7215202,2026-01-26-11:51:13
13.0,50.0,7.0,10.0,0.5982252,0.41334575,0.70114195,2026-01-26-11:51:25
6.0,50.0,15.0,10.0,0.6093491,0.30945337,0.64537656,2026-01-26-11:51:25
9.0,30.0,3.0,10.0,0.52884007,0.24727982,0.31923842,2026-01-26-11:51:25
17.0,10.0,6.0,4.0,0.23129906,0.27613,0.050270446,2026-01-26-11:51:25
5.0,40.0,19.0,4.0,0.54994714,0.2722318,0.37430564,2026-01-26-11:51:25
18.0,40.0,19.0,9.0,0.5190932,0.73746,0.53198034,2026-01-26-11:51:40
17.0,50.0,19.0,9.0,0.67386585,0.7440779,0.50151634,2026-01-26-11:51:40
18.0,40.0,19.0,4.0,0.54237527,0.6157639,0.5220998,2026-01-26-11:51:40
16.0,40.0,19.0,10.0,0.49796718,0.7152122,0.57023096,2026-01-26-11:51:40
18.0,50.0,7.0,10.0,0.86755836,0.6213022,0.5465198,2026-01-26-11:51:40
17.0,50.0,12.0,7.0,0.7476705,0.72667354,0.523538,2026-01-26-11:51:54
14.0,50.0,7.0,10.0,0.6314859,0.45331722,0.6718404,2026-01-26-11:51:54
16.0,50.0,14.0,4.0,0.66498893,0.73331,0.46233281,2026-01-26-11:51:54
10.0,50.0,17.0,10.0,0.4775109,0.49432,0.6798238,2026-01-26-11:51:54
6.0,50.0,14.0,6.0,0.739595,0.35576084,0.5845356,2026-01-26-11:51:54
19.0,50.0,9.0,8.0,0.8585409,0.7233593,0.4756736,2026-01-26-11:52:07
19.0,50.0,20.0,8.0,0.7515229,0.76593095,0.46863312,2026-01-26-11:52:07
15.0,30.0,6.0,4.0,0.38932115,0.20740628,0.3293138,2026-01-26-11:52:07
9.0,10.0,17.0,7.0,0.29264498,0.30711764,0.3731712,2026-01-26-11:52:07
18.0,50.0,13.0,4.0,0.73681426,0.7731515,0.3920319,2026-01-26-11:52:07
10.0,50.0,6.0,10.0,0.6167551,0.31017175,0.7112993,2026-01-26-11:52:22
16.0,50.0,18.0,9.0,0.60293853,0.72863024,0.54200447,2026-01-26-11:52:22
10.0,50.0,6.0,9.0,0.59617513,0.3253084,0.660682,2026-01-26-11:52:22
15.0,40.0,6.0,8.0,0.4925581,0.46699563,0.54599804,2026-01-26-11:52:22
13.0,50.0,15.0,10.0,0.4790061,0.5854582,0.69171774,2026-01-26-11:52:22
20.0,50.0,6.0,9.0,0.90351033,0.68877846,0.4540455,2026-01-26-11:52:37
18.0,50.0,16.0,10.0,0.7603948,0.7378137,0.53989863,2026-01-26-11:52:37
7.0,50.0,13.0,10.0,0.6160001,0.31128815,0.7106823,2026-01-26-11:52:37
17.0,40.0,12.0,8.0,0.54900277,0.67137843,0.6113154,2026-01-26-11:52:37
17.0,40.0,10.0,9.0,0.5720203,0.64419055,0.6259768,2026-01-26-11:52:37
17.0,50.0,8.0,9.0,0.781933,0.61819774,0.5423312,2026-01-26-11:52:51
20.0,40.0,13.0,8.0,0.691991,0.74421847,0.537914,2026-01-26-11:52:51
13.0,50.0,20.0,5.0,0.48269475,0.713979,0.58212227,2026-01-26-11:52:51
5.0,50.0,6.0,10.0,0.7699974,0.29280165,0.56267357,2026-01-26-11:52:51
15.0,50.0,12.0,4.0,0.57349116,0.6644642,0.45147747,2026-01-26-11:52:51
13.0,40.0,12.0,9.0,0.56223375,0.5294275,0.67974514,2026-01-26-11:53:05
7.0,10.0,4.0,2.0,0.26485085,0.15319982,0.24085328,2026-01-26-11:53:05
11.0,50.0,7.0,10.0,0.591942,0.34564647,0.7339368,2026-01-26-11:53:05
17.0,40.0,16.0,7.0,0.49436408,0.69637394,0.59226197,2026-01-26-11:53:05
11.0,50.0,7.0,6.0,0.46964976,0.4059274,0.5445561,2026-01-26-11:53:05
18.0,50.0,17.0,1.0,0.7181177,0.71944165,0.35940024,2026-01-26-11:53:20
3.0,40.0,17.0,1.0,0.32932907,0.13033724,0.28897575,2026-01-26-11:53:20
15.0,50.0,18.0,8.0,0.5280781,0.7237022,0.5695729,2026-01-26-11:53:20
17.0,50.0,18.0,8.0,0.65028024,0.76038444,0.51908374,2026-01-26-11:53:20
18.0,40.0,17.0,1.0,0.50745565,0.5292798,0.4100394,2026-01-26-11:53:20
15.0,40.0,14.0,10.0,0.47501054,0.644402,0.67689306,2026-01-26-11:53:35
17.0,40.0,19.0,10.0,0.5274755,0.72779715,0.5547193,2026-01-26-11:53:35
15.0,40.0,7.0,3.0,0.29789454,0.34702873,0.39639905,2026-01-26-11:53:35
16.0,40.0,15.0,4.0,0.52102554,0.57104427,0.5288676,2026-01-26-11:53:35
20.0,40.0,14.0,7.0,0.67961526,0.7292853,0.5188193,2026-01-26-11:53:35
20.0,40.0,11.0,8.0,0.71565175,0.7332873,0.51475626,2026-01-26-11:53:49
18.0,50.0,5.0,10.0,0.86059695,0.5784072,0.50490546,2026-01-26-11:53:49
17.0,50.0,5.0,10.0,0.7996493,0.5357066,0.5306735,2026-01-26-11:53:49
11.0,40.0,13.0,8.0,0.6369467,0.46315926,0.61684054,2026-01-26-11:53:49
20.0,50.0,17.0,2.0,0.80006397,0.75927174,0.3995679,2026-01-26-11:53:49
19.0,50.0,11.0,4.0,0.7117315,0.773958,0.33234245,2026-01-26-11:54:05
13.0,50.0,11.0,8.0,0.5713917,0.5329785,0.6748994,2026-01-26-11:54:05
12.0,50.0,16.0,7.0,0.4969895,0.60799515,0.67319024,2026-01-26-11:54:05
12.0,50.0,13.0,6.0,0.56524026,0.5586996,0.6428564,2026-01-26-11:54:05
12.0,50.0,14.0,6.0,0.55974615,0.5794767,0.6533046,2026-01-26-11:54:05
16.0,40.0,15.0,10.0,0.4724845,0.6890707,0.6457183,2026-01-26-11:54:21
17.0,40.0,15.0,7.0,0.51371765,0.6894431,0.5963872,2026-01-26-11:54:21
10.0,50.0,9.0,8.0,0.6070385,0.37736535,0.6780786,2026-01-26-11:54:21
18.0,40.0,16.0,7.0,0.5318453,0.7121914,0.56903344,2026-01-26-11:54:21
20.0,50.0,7.0,6.0,0.72777027,0.74982494,0.3370468,2026-01-26-11:54:21
19.0,50.0,6.0,9.0,0.87069964,0.65413415,0.45911488,2026-01-26-11:54:36
15.0,50.0,20.0,3.0,0.61607975,0.73737746,0.5192393,2026-01-26-11:54:36
19.0,50.0,12.0,3.0,0.6909048,0.7677419,0.31114286,2026-01-26-11:54:36
18.0,50.0,14.0,3.0,0.7220335,0.7656021,0.37099442,2026-01-26-11:54:36
9.0,30.0,10.0,5.0,0.50779146,0.1359747,0.2455999,2026-01-26-11:54:36
18.0,50.0,9.0,8.0,0.81403184,0.69247586,0.49000317,2026-01-26-11:54:51
18.0,50.0,17.0,10.0,0.7649135,0.739828,0.5216998,2026-01-26-11:54:51
8.0,50.0,10.0,7.0,0.6855036,0.35307533,0.6204783,2026-01-26-11:54:51
8.0,10.0,4.0,7.0,0.29141825,0.16326346,0.2593667,2026-01-26-11:54:51
8.0,50.0,14.0,10.0,0.5640934,0.35515848,0.72179013,2026-01-26-11:54:51
20.0,50.0,7.0,9.0,0.91496325,0.7045808,0.47658432,2026-01-26-11:55:07
19.0,50.0,20.0,9.0,0.79915065,0.7497493,0.47113156,2026-01-26-11:55:07
19.0,40.0,12.0,8.0,0.64222765,0.722422,0.55528843,2026-01-26-11:55:07
19.0,40.0,7.0,10.0,0.7098478,0.6581794,0.5576144,2026-01-26-11:55:07
13.0,50.0,15.0,3.0,0.546546,0.62344116,0.52931774,2026-01-26-11:55:07
16.0,50.0,17.0,9.0,0.60506403,0.7234687,0.56168836,2026-01-26-11:55:20
16.0,20.0,17.0,9.0,0.5234638,0.41001695,0.38249782,2026-01-26-11:55:20
10.0,40.0,8.0,9.0,0.7062731,0.3519071,0.56880045,2026-01-26-11:55:20
19.0,40.0,15.0,7.0,0.60280806,0.7216047,0.54660577,2026-01-26-11:55:20
9.0,50.0,12.0,6.0,0.6443461,0.41636017,0.6338316,2026-01-26-11:55:20
20.0,50.0,15.0,2.0,0.74940234,0.76368123,0.3467102,2026-01-26-11:55:33
17.0,50.0,20.0,7.0,0.62704146,0.77329385,0.4851667,2026-01-26-11:55:33
19.0,50.0,8.0,8.0,0.84870744,0.7076455,0.4533877,2026-01-26-11:55:33
19.0,50.0,7.0,9.0,0.8823765,0.67287004,0.4809577,2026-01-26-11:55:33
20.0,40.0,16.0,8.0,0.640113,0.74668735,0.5320507,2026-01-26-11:55:33
20.0,50.0,18.0,2.0,0.8161754,0.7551206,0.42149138,2026-01-26-11:55:47
8.0,50.0,7.0,9.0,0.6885608,0.3028576,0.6487915,2026-01-26-11:55:47
16.0,50.0,15.0,5.0,0.68330646,0.7516428,0.5175361,2026-01-26-11:55:47
2.0,30.0,7.0,3.0,0.20897287,0.18754031,0.24343827,2026-01-26-11:55:47
13.0,50.0,7.0,9.0,0.58020073,0.42838246,0.6512987,2026-01-26-11:55:47
20.0,50.0,4.0,10.0,0.93215394,0.6377314,0.46180135,2026-01-26-11:56:02
18.0,50.0,19.0,10.0,0.79306465,0.737723,0.4910077,2026-01-26-11:56:02
12.0,50.0,18.0,6.0,0.48511493,0.6528044,0.6371527,2026-01-26-11:56:02
13.0,50.0,16.0,8.0,0.47936234,0.6341046,0.6623153,2026-01-26-11:56:02
14.0,50.0,11.0,8.0,0.5998037,0.57686836,0.6454408,2026-01-26-11:56:02
18.0,50.0,7.0,9.0,0.8347654,0.6363389,0.49667665,2026-01-26-11:56:17
18.0,40.0,12.0,8.0,0.587811,0.6995487,0.58397365,2026-01-26-11:56:17
11.0,50.0,14.0,6.0,0.57182956,0.5347499,0.6660689,2026-01-26-11:56:17
19.0,40.0,10.0,9.0,0.6706309,0.70788646,0.5664015,2026-01-26-11:56:17
14.0,10.0,3.0,4.0,0.08819562,0.14816013,0.088919684,2026-01-26-11:56:17
20.0,50.0,8.0,7.0,0.8234993,0.75228316,0.4008845,2026-01-26-11:56:31
12.0,50.0,8.0,3.0,0.35697797,0.43847188,0.4474236,2026-01-26-11:56:31
17.0,50.0,18.0,10.0,0.71224475,0.7300661,0.5201387,2026-01-26-11:56:31
17.0,50.0,10.0,8.0,0.7623124,0.67638344,0.5331918,2026-01-26-11:56:31
12.0,50.0,16.0,5.0,0.5553104,0.62164634,0.63378704,2026-01-26-11:56:31
18.0,50.0,11.0,6.0,0.77043694,0.75186944,0.43834895,2026-01-26-11:56:48
18.0,50.0,6.0,9.0,0.82286197,0.6153079,0.4753765,2026-01-26-11:56:48
12.0,50.0,7.0,10.0,0.58498234,0.37706888,0.72265136,2026-01-26-11:56:48
10.0,50.0,15.0,9.0,0.4943733,0.46785626,0.72246814,2026-01-26-11:56:48
12.0,50.0,7.0,8.0,0.5415106,0.4095872,0.6230281,2026-01-26-11:56:48
20.0,40.0,9.0,9.0,0.74513483,0.72170466,0.5206046,2026-01-26-11:57:04
14.0,50.0,18.0,7.0,0.49255824,0.71173733,0.59676075,2026-01-26-11:57:04
16.0,50.0,17.0,4.0,0.68102986,0.762239,0.5063103,2026-01-26-11:57:04
17.0,40.0,9.0,3.0,0.33153778,0.47330725,0.35446945,2026-01-26-11:57:04
14.0,40.0,18.0,5.0,0.51734185,0.5831122,0.58466417,2026-01-26-11:57:04
20.0,40.0,17.0,9.0,0.64105934,0.7524077,0.52182436,2026-01-26-11:57:20
19.0,50.0,9.0,7.0,0.8174073,0.7394087,0.42708746,2026-01-26-11:57:20
20.0,40.0,17.0,4.0,0.6618497,0.6317116,0.47019625,2026-01-26-11:57:20
20.0,40.0,17.0,8.0,0.62576866,0.744355,0.52104616,2026-01-26-11:57:20
13.0,50.0,19.0,5.0,0.50598896,0.7043103,0.5973165,2026-01-26-11:57:20
19.0,50.0,5.0,9.0,0.8525611,0.63432294,0.4388064,2026-01-26-11:57:34
17.0,50.0,16.0,3.0,0.7212515,0.76019067,0.4348531,2026-01-26-11:57:34
20.0,50.0,7.0,8.0,0.8624052,0.7220624,0.42680424,2026-01-26-11:57:34
10.0,50.0,16.0,6.0,0.56829774,0.5306714,0.671157,2026-01-26-11:57:34
11.0,50.0,18.0,5.0,0.53232235,0.6153565,0.63854945,2026-01-26-11:57:34
18.0,50.0,10.0,7.0,0.79084736,0.7255498,0.46353632,2026-01-26-11:57:48
19.0,50.0,4.0,10.0,0.8972857,0.5983905,0.46795535,2026-01-26-11:57:48
18.0,50.0,12.0,4.0,0.7102193,0.76247126,0.36797914,2026-01-26-11:57:48
17.0,40.0,15.0,8.0,0.49735093,0.7070496,0.61190265,2026-01-26-11:57:48
8.0,50.0,10.0,4.0,0.57458264,0.36221445,0.48153403,2026-01-26-11:57:48
18.0,50.0,4.0,10.0,0.84690785,0.55635315,0.48496854,2026-01-26-11:58:03
17.0,50.0,19.0,8.0,0.6437199,0.7603596,0.50130254,2026-01-26-11:58:03
8.0,50.0,15.0,5.0,0.68061346,0.43217835,0.616576,2026-01-26-11:58:03
16.0,40.0,14.0,8.0,0.49620524,0.6703669,0.63821894,2026-01-26-11:58:03
12.0,50.0,6.0,10.0,0.5847462,0.36015025,0.7017393,2026-01-26-11:58:03
19.0,50.0,8.0,7.0,0.79643255,0.7237949,0.40446928,2026-01-26-11:58:17
16.0,50.0,5.0,10.0,0.7346939,0.4925396,0.56262267,2026-01-26-11:58:17
18.0,50.0,20.0,8.0,0.7030182,0.76400423,0.471398,2026-01-26-11:58:17
17.0,40.0,18.0,10.0,0.5110328,0.7276219,0.5696751,2026-01-26-11:58:17
1.0,10.0,10.0,8.0,0.39797986,0.2124443,0.3074937,2026-01-26-11:58:17
20.0,40.0,8.0,9.0,0.7472616,0.7093147,0.49993965,2026-01-26-11:58:32
9.0,50.0,5.0,10.0,0.6468099,0.29075184,0.6736611,2026-01-26-11:58:32
16.0,50.0,10.0,8.0,0.70373356,0.63857967,0.563568,2026-01-26-11:58:32
14.0,50.0,16.0,5.0,0.58708334,0.7009491,0.58592796,2026-01-26-11:58:32
17.0,50.0,7.0,9.0,0.7767414,0.5961773,0.521809,2026-01-26-11:58:32
20.0,50.0,7.0,7.0,0.7976415,0.7383118,0.3795324,2026-01-26-11:58:48
12.0,50.0,7.0,3.0,0.34062564,0.4206518,0.45040622,2026-01-26-11:58:48
17.0,50.0,7.0,7.0,0.6767441,0.6299083,0.42475703,2026-01-26-11:58:48
20.0,50.0,11.0,2.0,0.6233634,0.75180405,0.25171736,2026-01-26-11:58:48
16.0,40.0,11.0,2.0,0.34071136,0.44453138,0.3665033,2026-01-26-11:58:48
18.0,50.0,19.0,9.0,0.73575526,0.7515596,0.4873412,2026-01-26-11:59:03
18.0,50.0,8.0,8.0,0.80402446,0.673787,0.46846026,2026-01-26-11:59:03
8.0,50.0,19.0,4.0,0.6442476,0.5022997,0.5904351,2026-01-26-11:59:03
16.0,50.0,19.0,3.0,0.677957,0.75274825,0.49368057,2026-01-26-11:59:03
13.0,50.0,8.0,8.0,0.5652282,0.4666615,0.62239265,2026-01-26-11:59:03
18.0,50.0,20.0,2.0,0.7771783,0.7431492,0.4441193,2026-01-26-11:59:18
16.0,50.0,8.0,9.0,0.72026104,0.5769063,0.57368135,2026-01-26-11:59:18
11.0,20.0,17.0,2.0,0.402164,0.36393857,0.18648842,2026-01-26-11:59:18
19.0,50.0,20.0,2.0,0.8097425,0.7450759,0.4413544,2026-01-26-11:59:18
19.0,10.0,16.0,2.0,0.50298065,0.39138106,0.19543895,2026-01-26-11:59:18
20.0,40.0,10.0,8.0,0.7195003,0.72485,0.4962329,2026-01-26-11:59:32
13.0,50.0,6.0,7.0,0.4750672,0.44269773,0.53797936,2026-01-26-11:59:32
18.0,50.0,11.0,5.0,0.729323,0.7554075,0.3911168,2026-01-26-11:59:32
5.0,10.0,20.0,9.0,0.37377086,0.2391344,0.36196464,2026-01-26-11:59:32
20.0,50.0,8.0,3.0,0.59074616,0.74669826,0.25293756,2026-01-26-11:59:32
