metal_a_type,metal_a_concentration,metal_b_type,metal_molar_ratio_b_a,Adhesion,Coverage,Uniformity,Timestamp
20.0,10.0,16.0,4.0,-0.016000107,3.0276,2.4044,2026-01-27-05:13:28
10.0,40.0,1.0,6.0,0.17833371,1.1505691,1.4184535,2026-01-27-05:13:28
5.0,20.0,14.0,2.0,-0.32317048,-0.014024083,0.7426624,2026-01-27-05:13:28
15.0,30.0,9.0,9.0,0.686183,1.5042758,2.0297961,2026-01-27-05:13:28
12.0,30.0,3.0,9.0,0.56816006,0.9156734,1.3881626,2026-01-27-05:13:28
3.0,40.0,18.0,1.0,-0.8368446,-0.1566073,1.216712,2026-01-27-05:13:28
8.0,20.0,6.0,7.0,0.26423654,0.28978044,0.6704825,2026-01-27-05:13:28
17.0,50.0,11.0,4.0,0.027361475,3.1586578,2.9351826,2026-01-27-05:13:28
16.0,20.0,6.0,1.0,0.22321633,2.1657577,1.0687834,2026-01-27-05:13:28
6.0,30.0,11.0,10.0,0.3326857,0.2841995,1.2360015,2026-01-27-05:13:28
17.0,40.0,11.0,4.0,0.199276,2.7313092,2.4102745,2026-01-27-05:13:31
17.0,20.0,11.0,4.0,0.27310488,2.1841118,1.7017088,2026-01-27-05:13:31
20.0,30.0,11.0,4.0,0.4352499,3.362725,2.42815,2026-01-27-05:13:31
20.0,20.0,13.0,4.0,0.307925,3.1312,2.2772498,2026-01-27-05:13:31
20.0,50.0,7.0,4.0,0.32359987,4.1953745,3.2239,2026-01-27-05:13:31
20.0,50.0,6.0,4.0,0.3439999,4.1991,3.1894002,2026-01-27-05:13:33
20.0,50.0,9.0,4.0,0.26959988,4.180575,3.3097,2026-01-27-05:13:33
20.0,50.0,3.0,4.0,0.37879997,4.195575,3.1194997,2026-01-27-05:13:33
20.0,50.0,1.0,4.0,0.3799999,4.180975,3.1009,2026-01-27-05:13:33
20.0,50.0,8.0,4.0,0.2987999,4.1892,3.264,2026-01-27-05:13:33
14.0,50.0,9.0,4.0,-0.058164574,2.3710427,2.4098828,2026-01-27-05:13:35
15.0,50.0,9.0,4.0,-0.010185458,2.6276178,2.5453093,2026-01-27-05:13:35
12.0,50.0,9.0,4.0,-0.1461452,1.91191,2.1564813,2026-01-27-05:13:35
10.0,50.0,9.0,4.0,-0.22348869,1.5247993,1.9263483,2026-01-27-05:13:35
5.0,50.0,9.0,4.0,-0.37030998,0.87211937,1.4528164,2026-01-27-05:13:35
20.0,30.0,11.0,9.0,0.9329999,2.8154747,2.92515,2026-01-27-05:13:37
20.0,50.0,11.0,6.0,0.4560999,3.9800754,3.6787002,2026-01-27-05:13:37
20.0,50.0,11.0,10.0,0.9722999,3.6282752,4.2002997,2026-01-27-05:13:37
20.0,50.0,11.0,3.0,0.06894992,4.243925,3.2875001,2026-01-27-05:13:37
20.0,50.0,14.0,5.0,0.19429994,4.0174003,3.7568002,2026-01-27-05:13:37
20.0,50.0,14.0,10.0,0.8777999,3.6009002,4.4298,2026-01-27-05:13:39
17.0,50.0,11.0,10.0,0.761872,2.7711685,3.667372,2026-01-27-05:13:39
20.0,50.0,4.0,10.0,1.0388,3.6064,3.8607998,2026-01-27-05:13:39
20.0,50.0,14.0,9.0,0.74109995,3.6842003,4.2952003,2026-01-27-05:13:39
16.0,50.0,11.0,10.0,0.69704777,2.5214772,3.5013635,2026-01-27-05:13:39
20.0,30.0,1.0,10.0,1.1340499,2.485525,2.4810498,2026-01-27-05:13:41
20.0,40.0,4.0,10.0,1.1393,3.04065,3.166175,2026-01-27-05:13:41
20.0,50.0,3.0,10.0,1.0307,3.5934749,3.8346999,2026-01-27-05:13:41
20.0,50.0,3.0,8.0,0.8134,3.794175,3.5963001,2026-01-27-05:13:41
20.0,50.0,2.0,10.0,1.0181999,3.5780997,3.8142002,2026-01-27-05:13:41
20.0,20.0,3.0,10.0,1.0730749,2.18085,2.0706997,2026-01-27-05:13:43
20.0,40.0,17.0,10.0,0.7970749,3.08485,4.1077003,2026-01-27-05:13:43
20.0,50.0,11.0,8.0,0.7141999,3.8041751,3.9395,2026-01-27-05:13:43
20.0,50.0,5.0,10.0,1.0425,3.616875,3.8925,2026-01-27-05:13:43
20.0,40.0,5.0,10.0,1.139375,3.0587497,3.2049997,2026-01-27-05:13:43
20.0,50.0,17.0,10.0,0.7436999,3.5514748,4.7096996,2026-01-27-05:13:45
20.0,50.0,10.0,10.0,0.9949999,3.6325002,4.135,2026-01-27-05:13:45
20.0,40.0,12.0,10.0,1.0166999,3.1168501,3.6335752,2026-01-27-05:13:45
20.0,50.0,15.0,10.0,0.8374999,3.5868752,4.5175004,2026-01-27-05:13:45
20.0,50.0,19.0,10.0,0.63229996,3.5062752,4.9242997,2026-01-27-05:13:45
20.0,50.0,5.0,7.0,0.70124996,3.9086246,3.5265002,2026-01-27-05:13:47
11.0,50.0,5.0,10.0,0.43612182,1.6354415,2.5104637,2026-01-27-05:13:47
1.0,50.0,5.0,10.0,0.014999934,1.1443751,1.5275002,2026-01-27-05:13:47
20.0,50.0,13.0,10.0,0.9136999,3.6124752,4.3477,2026-01-27-05:13:47
20.0,30.0,5.0,10.0,1.14625,2.6031249,2.63125,2026-01-27-05:13:47
20.0,30.0,4.0,10.0,1.1498,2.5773997,2.5853,2026-01-27-05:13:49
20.0,50.0,5.0,9.0,0.9287499,3.714125,3.7705002,2026-01-27-05:13:49
20.0,40.0,10.0,10.0,1.0737499,3.1125002,3.483125,2026-01-27-05:13:49
20.0,50.0,10.0,7.0,0.6155,3.901,3.7480001,2026-01-27-05:13:49
20.0,50.0,0.0,0.0,-0.030000031,4.59,2.64,2026-01-27-05:13:49
20.0,50.0,18.0,10.0,0.6901999,3.5301,4.8142,2026-01-27-05:13:51
18.0,50.0,5.0,10.0,0.8891342,3.0505178,3.5446606,2026-01-27-05:13:51
20.0,50.0,5.0,8.0,0.815,3.811375,3.6485002,2026-01-27-05:13:51
2.0,50.0,5.0,10.0,0.04514534,1.1124568,1.5996193,2026-01-27-05:13:51
20.0,50.0,12.0,10.0,0.94519985,3.6216004,4.2712007,2026-01-27-05:13:51
7.0,50.0,5.0,10.0,0.23576167,1.2229483,2.0474722,2026-01-27-05:13:54
4.0,50.0,5.0,10.0,0.11341406,1.1026368,1.7613089,2026-01-27-05:13:54
4.0,10.0,16.0,2.0,-0.49805433,-0.13750142,0.8575668,2026-01-27-05:13:54
7.0,40.0,4.0,10.0,0.3571933,0.76064444,1.4518316,2026-01-27-05:13:54
9.0,50.0,5.0,10.0,0.3306232,1.3931837,2.2673337,2026-01-27-05:13:54
20.0,40.0,6.0,10.0,1.1350498,3.0744,3.2494252,2026-01-27-05:13:56
20.0,50.0,5.0,2.0,0.13249996,4.394875,2.9165,2026-01-27-05:13:56
18.0,40.0,4.0,9.0,0.8976947,2.5857902,2.7389197,2026-01-27-05:13:56
13.0,40.0,4.0,10.0,0.66232073,1.4348383,2.1209064,2026-01-27-05:13:56
18.0,30.0,4.0,9.0,0.92847097,2.1469746,2.1914394,2026-01-27-05:13:56
20.0,30.0,6.0,10.0,1.1383,2.6263998,2.6828,2026-01-27-05:13:58
20.0,40.0,1.0,10.0,1.112675,2.97165,3.0833,2026-01-27-05:13:58
20.0,50.0,6.0,10.0,1.0417999,3.6248999,3.9298005,2026-01-27-05:13:58
18.0,40.0,20.0,10.0,0.49071324,2.425945,4.0962725,2026-01-27-05:13:58
20.0,40.0,7.0,10.0,1.1263249,3.0876,3.29945,2026-01-27-05:13:58
20.0,30.0,7.0,10.0,1.1259499,2.647225,2.7399497,2026-01-27-05:14:01
19.0,50.0,6.0,10.0,0.964656,3.3307974,3.7518668,2026-01-27-05:14:01
20.0,50.0,13.0,9.0,0.77954996,3.697325,4.2145,2026-01-27-05:14:01
19.0,40.0,4.0,10.0,1.0631822,2.7572317,2.9993997,2026-01-27-05:14:01
19.0,30.0,7.0,1.0,0.2709454,3.3356302,1.759711,2026-01-27-05:14:01
19.0,20.0,6.0,9.0,0.91285574,2.1274843,2.004723,2026-01-27-05:14:04
19.0,30.0,6.0,10.0,1.0666822,2.3459814,2.5227613,2026-01-27-05:14:04
19.0,20.0,5.0,9.0,0.9261124,2.1000555,1.9485533,2026-01-27-05:14:04
19.0,30.0,1.0,10.0,1.0580902,2.214712,2.3265374,2026-01-27-05:14:04
19.0,50.0,5.0,9.0,0.85294795,3.414154,3.5964613,2026-01-27-05:14:04
19.0,50.0,7.0,8.0,0.72714543,3.5071726,3.5496404,2026-01-27-05:14:06
20.0,50.0,16.0,10.0,0.79279983,3.5704,4.6108003,2026-01-27-05:14:06
19.0,50.0,4.0,8.0,0.74194014,3.4981606,3.4494562,2026-01-27-05:14:06
19.0,50.0,7.0,7.0,0.6105059,3.593533,3.4276297,2026-01-27-05:14:06
19.0,50.0,7.0,10.0,0.96042436,3.3344514,3.793661,2026-01-27-05:14:06
20.0,50.0,6.0,7.0,0.69289994,3.9119997,3.5596,2026-01-27-05:14:09
20.0,50.0,7.0,10.0,1.0366998,3.6304748,3.9727,2026-01-27-05:14:09
20.0,30.0,3.0,10.0,1.1489501,2.5492249,2.5449498,2026-01-27-05:14:09
20.0,50.0,5.0,6.0,0.5875,4.0058746,3.4045002,2026-01-27-05:14:09
20.0,50.0,1.0,10.0,1.0012999,3.560275,3.7993002,2026-01-27-05:14:09
20.0,50.0,6.0,8.0,0.80919987,3.8163,3.683,2026-01-27-05:14:11
20.0,50.0,4.0,7.0,0.7051999,3.9027998,3.499,2026-01-27-05:14:11
20.0,40.0,3.0,10.0,1.134825,3.0200999,3.1329498,2026-01-27-05:14:11
20.0,50.0,6.0,9.0,0.9254999,3.7206,3.8064,2026-01-27-05:14:11
20.0,40.0,8.0,10.0,1.1132,3.09835,3.355075,2026-01-27-05:14:11
19.0,40.0,3.0,10.0,1.0578389,2.7386029,2.9672794,2026-01-27-05:14:14
19.0,50.0,20.0,10.0,0.5050138,3.1590028,4.846593,2026-01-27-05:14:14
18.0,50.0,5.0,9.0,0.7798052,3.1321888,3.4282393,2026-01-27-05:14:14
20.0,40.0,4.0,9.0,1.0428499,3.1502,3.061075,2026-01-27-05:14:14
19.0,30.0,4.0,10.0,1.0764453,2.3008235,2.4274719,2026-01-27-05:14:14
20.0,30.0,8.0,10.0,1.1091999,2.6656,2.8026996,2026-01-27-05:14:17
20.0,50.0,8.0,10.0,1.0271999,3.6336,4.0212,2026-01-27-05:14:17
20.0,30.0,2.0,10.0,1.1437,2.5185997,2.5102,2026-01-27-05:14:17
20.0,40.0,11.0,10.0,1.0474249,3.1159,3.5555496,2026-01-27-05:14:17
20.0,50.0,4.0,9.0,0.9275999,3.7052,3.7402,2026-01-27-05:14:17
20.0,50.0,4.0,8.0,0.8164,3.804,3.6196,2026-01-27-05:14:20
20.0,50.0,7.0,7.0,0.68015,3.9129248,3.5982997,2026-01-27-05:14:20
20.0,50.0,6.0,6.0,0.5765999,4.0077,3.4362001,2026-01-27-05:14:20
20.0,50.0,12.0,8.0,0.6819999,3.7944002,4.0076,2026-01-27-05:14:20
20.0,50.0,7.0,9.0,0.9178499,3.7246249,3.8479,2026-01-27-05:14:20
17.0,40.0,4.0,9.0,0.8291062,2.3305936,2.586568,2026-01-27-05:14:23
16.0,40.0,4.0,9.0,0.7631768,2.0934024,2.4400334,2026-01-27-05:14:23
19.0,40.0,5.0,10.0,1.0641257,2.7734106,3.0371192,2026-01-27-05:14:23
20.0,40.0,2.0,10.0,1.12595,2.9970999,3.1053252,2026-01-27-05:14:23
16.0,40.0,7.0,9.0,0.75297284,2.1126497,2.5558453,2026-01-27-05:14:23
20.0,50.0,7.0,8.0,0.7989999,3.818775,3.7231,2026-01-27-05:14:26
18.0,20.0,5.0,8.0,0.7961803,1.9525373,1.7372527,2026-01-27-05:14:26
20.0,50.0,10.0,9.0,0.86849993,3.7220001,4.006,2026-01-27-05:14:26
20.0,50.0,3.0,7.0,0.70474994,3.8945248,3.4771001,2026-01-27-05:14:26
20.0,50.0,3.0,9.0,0.9220499,3.693825,3.7155,2026-01-27-05:14:26
20.0,50.0,8.0,7.0,0.6629999,3.9114,3.6426,2026-01-27-05:14:29
20.0,50.0,8.0,9.0,0.9057999,3.7261999,3.8950002,2026-01-27-05:14:29
20.0,50.0,8.0,8.0,0.78439987,3.8188,3.7688003,2026-01-27-05:14:29
20.0,40.0,5.0,9.0,1.0403749,3.1667497,3.0984998,2026-01-27-05:14:29
20.0,50.0,4.0,6.0,0.59400004,4.0016,3.3784,2026-01-27-05:14:29
19.0,30.0,2.0,10.0,1.0686085,2.2458656,2.354582,2026-01-27-05:14:32
20.0,50.0,16.0,9.0,0.6509998,3.6506002,4.4734,2026-01-27-05:14:32
19.0,50.0,2.0,8.0,0.72980326,3.4799027,3.4106667,2026-01-27-05:14:32
20.0,50.0,7.0,6.0,0.5612999,4.007075,3.4735,2026-01-27-05:14:32
19.0,40.0,1.0,10.0,1.033952,2.693995,2.91984,2026-01-27-05:14:32
17.0,30.0,4.0,10.0,0.9377141,1.8016883,2.1292667,2026-01-27-05:14:35
19.0,50.0,18.0,10.0,0.623477,3.2129452,4.623003,2026-01-27-05:14:35
19.0,40.0,8.0,10.0,1.040556,2.8072476,3.1838784,2026-01-27-05:14:35
17.0,30.0,5.0,10.0,0.93676937,1.82165,2.1719007,2026-01-27-05:14:35
19.0,20.0,8.0,10.0,0.9480822,2.0579317,2.210773,2026-01-27-05:14:35
20.0,50.0,13.0,8.0,0.6453999,3.7821753,4.0813003,2026-01-27-05:14:38
20.0,50.0,10.0,8.0,0.74199986,3.8115003,3.877,2026-01-27-05:14:38
20.0,50.0,3.0,6.0,0.59610003,3.9948747,3.3579,2026-01-27-05:14:38
19.0,50.0,3.0,6.0,0.52519286,3.6753776,3.1944401,2026-01-27-05:14:38
10.0,40.0,1.0,1.0,-0.15514,1.3320955,1.0534272,2026-01-27-05:14:38
15.0,40.0,4.0,10.0,0.78530407,1.803614,2.3904686,2026-01-27-05:14:42
20.0,50.0,15.0,8.0,0.5589999,3.7503753,4.2455006,2026-01-27-05:14:42
13.0,30.0,3.0,9.0,0.6215575,1.0720792,1.5013759,2026-01-27-05:14:42
20.0,50.0,2.0,9.0,0.91209984,3.6799998,3.6964002,2026-01-27-05:14:42
19.0,10.0,7.0,10.0,0.789977,1.8053198,1.8189508,2026-01-27-05:14:42
20.0,40.0,9.0,10.0,1.095675,3.1066499,3.4162998,2026-01-27-05:14:45
20.0,50.0,1.0,9.0,0.89774984,3.6637251,3.6829,2026-01-27-05:14:45
20.0,50.0,12.0,7.0,0.5504,3.8808,3.8758001,2026-01-27-05:14:45
20.0,50.0,9.0,10.0,1.0133,3.6342745,4.0752997,2026-01-27-05:14:45
20.0,50.0,8.0,6.0,0.5415999,4.004,3.5164,2026-01-27-05:14:45
19.0,40.0,9.0,10.0,1.0238993,2.8136265,3.243998,2026-01-27-05:14:48
19.0,30.0,9.0,10.0,1.0190375,2.3953433,2.7076952,2026-01-27-05:14:48
15.0,40.0,14.0,9.0,0.52057767,1.833414,2.8703027,2026-01-27-05:14:48
14.0,40.0,4.0,10.0,0.7224828,1.6102234,2.252779,2026-01-27-05:14:48
19.0,50.0,9.0,10.0,0.9387612,3.3344092,3.8940506,2026-01-27-05:14:48
20.0,50.0,9.0,9.0,0.88934994,3.7253249,3.9477,2026-01-27-05:14:52
20.0,50.0,9.0,8.0,0.7653999,3.8163745,3.8201,2026-01-27-05:14:52
20.0,50.0,9.0,7.0,0.6414499,3.907425,3.6925,2026-01-27-05:14:52
20.0,50.0,17.0,9.0,0.59934986,3.6301248,4.5709,2026-01-27-05:14:52
20.0,50.0,14.0,8.0,0.6043999,3.7675002,4.1606,2026-01-27-05:14:52
20.0,50.0,11.0,7.0,0.58514994,3.892125,3.8091002,2026-01-27-05:14:55
20.0,50.0,9.0,6.0,0.5174999,3.9984748,3.5649,2026-01-27-05:14:55
10.0,30.0,9.0,6.0,0.228214,0.768581,1.2244562,2026-01-27-05:14:55
20.0,40.0,6.0,9.0,1.0334998,3.18085,3.1415246,2026-01-27-05:14:55
20.0,40.0,3.0,9.0,1.0409249,3.1312,3.02925,2026-01-27-05:14:55
19.0,50.0,11.0,10.0,0.89949805,3.3245673,4.0168405,2026-01-27-05:14:58
19.0,40.0,10.0,10.0,1.0028428,2.8175554,3.309718,2026-01-27-05:14:58
17.0,20.0,6.0,10.0,0.85296404,1.514188,1.7941022,2026-01-27-05:14:58
16.0,30.0,3.0,10.0,0.8680136,1.5586379,1.9529611,2026-01-27-05:14:58
16.0,10.0,20.0,4.0,-0.50472575,1.7685708,2.3853793,2026-01-27-05:14:58
20.0,50.0,4.0,1.0,0.037999976,4.4955997,2.7754,2026-01-27-05:15:02
19.0,50.0,4.0,2.0,0.08800328,4.0442243,2.742593,2026-01-27-05:15:02
18.0,50.0,5.0,1.0,-0.09482625,3.785557,2.4968712,2026-01-27-05:15:02
20.0,50.0,5.0,1.0,0.018749978,4.492125,2.7945,2026-01-27-05:15:02
3.0,40.0,18.0,2.0,-0.74227357,-0.11203622,1.2939909,2026-01-27-05:15:02
19.0,50.0,16.0,10.0,0.7243401,3.257087,4.421814,2026-01-27-05:15:06
4.0,10.0,20.0,2.0,-0.8048754,-0.27844876,1.2852299,2026-01-27-05:15:06
19.0,50.0,16.0,1.0,-0.5319652,3.9087822,3.210319,2026-01-27-05:15:06
4.0,10.0,11.0,2.0,-0.21352799,-0.016442172,0.44898784,2026-01-27-05:15:06
19.0,40.0,16.0,9.0,0.65926373,2.87284,3.7025259,2026-01-27-05:15:06
20.0,50.0,2.0,8.0,0.8059999,3.7819,3.5786002,2026-01-27-05:15:10
20.0,50.0,12.0,9.0,0.8135999,3.7080002,4.1394,2026-01-27-05:15:10
20.0,50.0,1.0,8.0,0.79419994,3.767175,3.5665,2026-01-27-05:15:10
17.0,30.0,7.0,8.0,0.7562431,2.0387871,2.103106,2026-01-27-05:15:10
20.0,50.0,2.0,7.0,0.6998999,3.8837996,3.4608002,2026-01-27-05:15:10
20.0,50.0,1.0,7.0,0.6906499,3.870625,3.4501,2026-01-27-05:15:15
18.0,30.0,3.0,10.0,1.0031632,2.0179203,2.2373211,2026-01-27-05:15:15
20.0,30.0,4.0,9.0,1.0680999,2.6976998,2.4957001,2026-01-27-05:15:15
20.0,50.0,13.0,7.0,0.51125,3.8670251,3.9481,2026-01-27-05:15:15
18.0,50.0,3.0,7.0,0.5611737,3.2891147,3.1504185,2026-01-27-05:15:15
19.0,50.0,12.0,10.0,0.87326646,3.3159716,4.0866356,2026-01-27-05:15:18
19.0,50.0,12.0,4.0,0.096929625,3.7876348,3.3125718,2026-01-27-05:15:18
19.0,50.0,13.0,10.0,0.8426349,3.3049252,4.1620297,2026-01-27-05:15:18
18.0,40.0,12.0,10.0,0.8810185,2.5372822,3.2881567,2026-01-27-05:15:18
18.0,20.0,2.0,10.0,0.92945266,1.6288215,1.7413013,2026-01-27-05:15:18
20.0,50.0,15.0,9.0,0.69824994,3.668625,4.3815002,2026-01-27-05:15:22
20.0,50.0,14.0,7.0,0.4677,3.8508003,4.026,2026-01-27-05:15:22
20.0,50.0,2.0,6.0,0.5938,3.9856997,3.3430002,2026-01-27-05:15:22
10.0,20.0,2.0,6.0,0.3088561,0.51895064,0.6502732,2026-01-27-05:15:22
19.0,50.0,14.0,10.0,0.8076033,3.2914293,4.243025,2026-01-27-05:15:22
20.0,40.0,4.0,8.0,0.9464,3.2597497,2.955975,2026-01-27-05:15:26
20.0,40.0,3.0,8.0,0.947025,3.2422998,2.92555,2026-01-27-05:15:26
20.0,40.0,7.0,8.0,0.9181248,3.2974,3.0808494,2026-01-27-05:15:26
3.0,50.0,18.0,2.0,-0.9569973,0.14464793,1.6127608,2026-01-27-05:15:26
20.0,40.0,5.0,8.0,0.94137496,3.2747495,2.9919999,2026-01-27-05:15:26
20.0,50.0,10.0,6.0,0.48899993,3.9905005,3.6190002,2026-01-27-05:15:30
20.0,50.0,11.0,9.0,0.8432499,3.7162251,4.0699,2026-01-27-05:15:30
19.0,30.0,11.0,10.0,0.96527433,2.416001,2.858985,2026-01-27-05:15:30
20.0,50.0,18.0,9.0,0.5432999,3.6072001,4.674,2026-01-27-05:15:30
20.0,50.0,16.0,8.0,0.50919986,3.7308002,4.3360004,2026-01-27-05:15:30
19.0,50.0,15.0,10.0,0.7681717,3.2754834,4.3296194,2026-01-27-05:15:34
20.0,40.0,13.0,10.0,0.98157495,3.11535,3.7172,2026-01-27-05:15:34
20.0,20.0,8.0,4.0,0.5522999,3.08445,1.885875,2026-01-27-05:15:34
19.0,50.0,15.0,3.0,-0.19110456,3.793207,3.3971455,2026-01-27-05:15:34
19.0,50.0,15.0,8.0,0.49409276,3.4234045,4.0631986,2026-01-27-05:15:34
20.0,40.0,2.0,9.0,1.0345999,3.10975,3.003025,2026-01-27-05:15:38
20.0,20.0,4.0,9.0,1.0033499,2.3477,2.044075,2026-01-27-05:15:38
18.0,20.0,2.0,9.0,0.87202364,1.7473927,1.6755803,2026-01-27-05:15:38
20.0,40.0,7.0,9.0,1.0222249,3.1925,3.1901498,2026-01-27-05:15:38
18.0,50.0,6.0,6.0,0.44265532,3.3751843,3.108466,2026-01-27-05:15:38
20.0,30.0,10.0,10.0,1.0624999,2.695,2.9450002,2026-01-27-05:15:43
20.0,20.0,10.0,6.0,0.63224995,2.867,2.1906252,2026-01-27-05:15:43
19.0,50.0,17.0,10.0,0.67610854,3.236241,4.5196085,2026-01-27-05:15:43
19.0,30.0,7.0,10.0,1.0552006,2.3648853,2.578806,2026-01-27-05:15:43
19.0,30.0,17.0,3.0,-0.09009144,3.065699,2.7121797,2026-01-27-05:15:43
20.0,40.0,1.0,9.0,1.023875,3.08585,2.9823997,2026-01-27-05:15:47
20.0,50.0,1.0,6.0,0.58709997,3.974075,3.3337,2026-01-27-05:15:47
20.0,40.0,1.0,6.0,0.75747496,3.4284499,2.6797,2026-01-27-05:15:47
20.0,50.0,17.0,8.0,0.45499995,3.7087753,4.4321003,2026-01-27-05:15:47
20.0,50.0,12.0,6.0,0.41879994,3.9672005,3.744,2026-01-27-05:15:47
20.0,20.0,5.0,10.0,1.0631249,2.25,2.1712499,2026-01-27-05:15:50
17.0,50.0,6.0,10.0,0.81834567,2.7966092,3.4134512,2026-01-27-05:15:50
19.0,50.0,5.0,10.0,0.9644875,3.3246937,3.715672,2026-01-27-05:15:50
19.0,40.0,6.0,10.0,1.0606691,2.7871397,3.0804389,2026-01-27-05:15:50
20.0,20.0,6.0,10.0,1.0515499,2.2809002,2.2299252,2026-01-27-05:15:50
20.0,30.0,9.0,10.0,1.0880499,2.6815248,2.87105,2026-01-27-05:15:54
20.0,40.0,8.0,9.0,1.00655,3.2017,3.244375,2026-01-27-05:15:54
20.0,50.0,3.0,5.0,0.48744994,4.095225,3.2387,2026-01-27-05:15:54
20.0,50.0,18.0,8.0,0.3963999,3.6843004,4.5338,2026-01-27-05:15:54
17.0,30.0,18.0,8.0,0.302551,2.008667,3.0340824,2026-01-27-05:15:54
20.0,50.0,4.0,5.0,0.48279995,4.1004,3.2578,2026-01-27-05:15:59
20.0,50.0,14.0,1.0,-0.35250002,4.3506007,3.2184,2026-01-27-05:15:59
19.0,50.0,14.0,2.0,-0.26831245,3.8955138,3.1885405,2026-01-27-05:15:59
19.0,50.0,3.0,2.0,0.0994349,4.0456204,2.7287982,2026-01-27-05:15:59
20.0,40.0,4.0,5.0,0.65704995,3.5883996,2.6406753,2026-01-27-05:15:59
20.0,50.0,5.0,5.0,0.47374994,4.103125,3.2825,2026-01-27-05:16:03
20.0,50.0,6.0,5.0,0.46029988,4.1034007,3.3128002,2026-01-27-05:16:03
20.0,50.0,14.0,2.0,-0.21580003,4.2673,3.3530002,2026-01-27-05:16:03
20.0,50.0,7.0,5.0,0.4424499,4.1012244,3.3486998,2026-01-27-05:16:03
19.0,50.0,6.0,5.0,0.39420858,3.77035,3.148814,2026-01-27-05:16:03
19.0,40.0,7.0,10.0,1.0528126,2.7984185,3.1293583,2026-01-27-05:16:07
20.0,50.0,2.0,5.0,0.48769996,4.0875998,3.2252002,2026-01-27-05:16:07
19.0,40.0,2.0,5.0,0.602398,3.2418265,2.4432073,2026-01-27-05:16:07
20.0,50.0,1.0,5.0,0.48354992,4.077525,3.2173,2026-01-27-05:16:07
19.0,40.0,1.0,5.0,0.6010046,3.2260475,2.4292877,2026-01-27-05:16:07
20.0,50.0,19.0,9.0,0.48284993,3.581825,4.7827,2026-01-27-05:16:12
16.0,10.0,7.0,4.0,0.30421636,1.7433404,1.1142532,2026-01-27-05:16:12
20.0,50.0,15.0,7.0,0.41974995,3.8321252,4.1095,2026-01-27-05:16:12
20.0,40.0,15.0,7.0,0.52462494,3.3825,3.5397499,2026-01-27-05:16:12
19.0,50.0,4.0,3.0,0.19699278,3.9532132,2.8604035,2026-01-27-05:16:12
18.0,50.0,7.0,10.0,0.88680786,3.0564334,3.6204395,2026-01-27-05:16:15
18.0,30.0,5.0,9.0,0.9241079,2.1673071,2.233779,2026-01-27-05:16:15
18.0,40.0,7.0,8.0,0.78260136,2.7058847,2.757642,2026-01-27-05:16:15
18.0,40.0,5.0,8.0,0.80237764,2.6909187,2.6732132,2026-01-27-05:16:15
3.0,20.0,5.0,1.0,-0.047793288,0.054326873,0.15991066,2026-01-27-05:16:15
20.0,30.0,3.0,9.0,1.0698,2.671075,2.45675,2026-01-27-05:16:19
19.0,50.0,4.0,10.0,0.9599191,3.3161397,3.6850772,2026-01-27-05:16:19
20.0,30.0,3.0,7.0,0.9114999,2.9147751,2.28035,2026-01-27-05:16:19
19.0,30.0,3.0,10.0,1.0747269,2.2745697,2.3882267,2026-01-27-05:16:19
20.0,50.0,8.0,5.0,0.42019987,4.0965996,3.3902001,2026-01-27-05:16:19
19.0,50.0,8.0,10.0,0.9517928,3.3356557,3.841056,2026-01-27-05:16:22
20.0,30.0,5.0,9.0,1.0619999,2.721875,2.54025,2026-01-27-05:16:22
20.0,40.0,9.0,9.0,0.98647493,3.20845,3.3042,2026-01-27-05:16:22
19.0,50.0,7.0,9.0,0.8437848,3.4208121,3.671651,2026-01-27-05:16:22
20.0,50.0,4.0,4.0,0.37159994,4.1991997,3.1371999,2026-01-27-05:16:22
20.0,30.0,2.0,9.0,1.0670999,2.642,2.4234,2026-01-27-05:16:27
20.0,50.0,9.0,5.0,0.3935499,4.0895247,3.4373,2026-01-27-05:16:27
19.0,30.0,9.0,5.0,0.5578401,2.9191463,2.2386427,2026-01-27-05:16:27
20.0,50.0,14.0,4.0,0.05759996,4.1007004,3.6221998,2026-01-27-05:16:27
20.0,40.0,6.0,8.0,0.9319498,3.2872999,3.0336246,2026-01-27-05:16:27
20.0,20.0,7.0,10.0,1.0355749,2.3093503,2.2942,2026-01-27-05:16:31
19.0,40.0,2.0,10.0,1.0480953,2.7175238,2.9407601,2026-01-27-05:16:31
19.0,50.0,6.0,9.0,0.8505664,3.418708,3.6312559,2026-01-27-05:16:31
19.0,50.0,3.0,10.0,0.9509507,3.3051357,3.660082,2026-01-27-05:16:31
20.0,50.0,5.0,4.0,0.35999995,4.200375,3.1605,2026-01-27-05:16:31
20.0,20.0,8.0,10.0,1.0151999,2.3353503,2.3640747,2026-01-27-05:16:35
18.0,40.0,6.0,10.0,0.9889474,2.5178845,2.91727,2026-01-27-05:16:35
18.0,10.0,6.0,7.0,0.5866395,1.8918004,1.4448658,2026-01-27-05:16:35
18.0,50.0,12.0,6.0,0.29527634,3.311632,3.4030027,2026-01-27-05:16:35
18.0,10.0,6.0,5.0,0.4808817,2.1380424,1.3332238,2026-01-27-05:16:35
20.0,30.0,6.0,9.0,1.0514998,2.7436,2.5904,2026-01-27-05:16:39
19.0,50.0,4.0,9.0,0.8509295,3.4071503,3.5672665,2026-01-27-05:16:39
19.0,50.0,10.0,10.0,0.9213296,3.3307133,3.9526458,2026-01-27-05:16:39
19.0,40.0,17.0,10.0,0.7322467,2.776458,3.9265559,2026-01-27-05:16:39
19.0,30.0,5.0,10.0,1.0737638,2.3246274,2.4723163,2026-01-27-05:16:39
20.0,40.0,10.0,9.0,0.96199995,3.2127502,3.3696249,2026-01-27-05:16:43
20.0,30.0,1.0,9.0,1.06,2.610475,2.39565,2026-01-27-05:16:43
20.0,30.0,3.0,8.0,0.99065,2.792925,2.3685498,2026-01-27-05:16:43
19.0,50.0,8.0,9.0,0.8326033,3.420466,3.7176454,2026-01-27-05:16:43
20.0,30.0,12.0,10.0,0.99819994,2.7145998,3.1097,2026-01-27-05:16:43
18.0,40.0,5.0,10.0,0.99153554,2.5060766,2.875055,2026-01-27-05:16:46
20.0,40.0,14.0,10.0,0.9420499,3.1114001,3.8064249,2026-01-27-05:16:46
20.0,30.0,7.0,9.0,1.0366,2.762875,2.64615,2026-01-27-05:16:46
20.0,30.0,11.0,10.0,1.0325499,2.706025,3.02455,2026-01-27-05:16:46
15.0,40.0,5.0,9.0,0.70177376,1.8811615,2.3312144,2026-01-27-05:16:46
18.0,40.0,8.0,10.0,0.9705711,2.5341504,3.0184984,2026-01-27-05:16:51
20.0,30.0,8.0,9.0,1.0172999,2.7797,2.7074997,2026-01-27-05:16:51
19.0,50.0,3.0,9.0,0.84451115,3.3976965,3.5436718,2026-01-27-05:16:51
18.0,30.0,2.0,10.0,0.99617636,1.9911374,2.2047818,2026-01-27-05:16:51
19.0,30.0,8.0,10.0,1.039319,2.3813396,2.6404505,2026-01-27-05:16:51
20.0,40.0,11.0,9.0,0.93312496,3.2146,3.4406495,2026-01-27-05:16:55
20.0,20.0,4.0,10.0,1.0703,2.2166502,2.118175,2026-01-27-05:16:55
19.0,50.0,9.0,9.0,0.8170217,3.41767,3.7692404,2026-01-27-05:16:55
18.0,40.0,4.0,10.0,0.98972374,2.491819,2.838441,2026-01-27-05:16:55
20.0,40.0,2.0,8.0,0.94324994,3.2224,2.9007251,2026-01-27-05:16:55
20.0,20.0,2.0,10.0,1.07145,2.1426,2.028825,2026-01-27-05:16:59
19.0,50.0,2.0,10.0,0.9375822,3.2916815,3.6406877,2026-01-27-05:16:59
20.0,50.0,2.0,4.0,0.38159993,4.1895003,3.1074,2026-01-27-05:16:59
20.0,20.0,9.0,10.0,0.99042493,2.3589,2.43955,2026-01-27-05:16:59
20.0,40.0,15.0,10.0,0.8981249,3.105,3.90125,2026-01-27-05:16:59
18.0,40.0,7.0,10.0,0.9819593,2.5272424,2.965084,2026-01-27-05:17:03
20.0,40.0,12.0,9.0,0.89984995,3.2140002,3.5172746,2026-01-27-05:17:03
19.0,30.0,4.0,9.0,0.9969559,2.4133341,2.340661,2026-01-27-05:17:03
20.0,50.0,10.0,5.0,0.36249992,4.08,3.4899998,2026-01-27-05:17:03
20.0,20.0,10.0,5.0,0.54999995,2.9887502,2.108125,2026-01-27-05:17:03
19.0,40.0,11.0,10.0,0.97738624,2.8190343,3.3810377,2026-01-27-05:17:08
20.0,20.0,2.0,9.0,1.0095999,2.27675,1.9575249,2026-01-27-05:17:08
19.0,50.0,3.0,8.0,0.73807174,3.4902568,3.4272614,2026-01-27-05:17:08
19.0,50.0,9.0,7.0,0.5735427,3.5841913,3.5196192,2026-01-27-05:17:08
17.0,20.0,11.0,9.0,0.663947,1.6999538,2.0793667,2026-01-27-05:17:08
20.0,30.0,9.0,9.0,0.9935999,2.794075,2.77445,2026-01-27-05:17:12
20.0,20.0,1.0,10.0,1.0654249,2.1019,1.9925499,2026-01-27-05:17:12
18.0,50.0,9.0,10.0,0.86688155,3.052549,3.7186184,2026-01-27-05:17:12
19.0,40.0,7.0,9.0,0.95092297,2.8955293,3.0228481,2026-01-27-05:17:12
20.0,50.0,3.0,2.0,0.16149998,4.3962755,2.8811,2026-01-27-05:17:12
18.0,50.0,19.0,10.0,0.50325006,2.886128,4.545513,2026-01-27-05:17:16
18.0,30.0,19.0,8.0,0.28549486,2.2761884,3.3095107,2026-01-27-05:17:16
20.0,30.0,13.0,10.0,0.95944995,2.7207246,3.2004497,2026-01-27-05:17:16
18.0,30.0,1.0,10.0,0.98478955,1.9619045,2.1778421,2026-01-27-05:17:16
20.0,50.0,13.0,4.0,0.10879998,4.121575,3.5484998,2026-01-27-05:17:16
20.0,30.0,10.0,9.0,0.96549994,2.806,2.847,2026-01-27-05:17:21
16.0,20.0,4.0,8.0,0.6876742,1.445531,1.4316703,2026-01-27-05:17:21
19.0,50.0,10.0,9.0,0.79704005,3.4124238,3.8264349,2026-01-27-05:17:21
19.0,30.0,3.0,9.0,0.9977875,2.3886306,2.3028162,2026-01-27-05:17:21
19.0,50.0,1.0,10.0,0.9198138,3.275778,3.626893,2026-01-27-05:17:21
19.0,40.0,5.0,9.0,0.9673362,2.873621,2.9334087,2026-01-27-05:17:25
20.0,20.0,3.0,9.0,1.0086749,2.31345,1.9979998,2026-01-27-05:17:25
20.0,50.0,13.0,6.0,0.3771,3.951875,3.8149004,2026-01-27-05:17:25
4.0,50.0,13.0,6.0,-0.29935426,0.6932157,1.7207615,2026-01-27-05:17:25
10.0,50.0,13.0,6.0,-0.12546231,1.3750467,2.3315482,2026-01-27-05:17:25
18.0,40.0,3.0,10.0,0.9835119,2.4751108,2.8074262,2026-01-27-05:17:30
19.0,50.0,2.0,9.0,0.83369267,3.385792,3.5256772,2026-01-27-05:17:30
20.0,40.0,5.0,6.0,0.743375,3.4907496,2.779,2026-01-27-05:17:30
20.0,40.0,16.0,10.0,0.8497998,3.09615,4.0016747,2026-01-27-05:17:30
18.0,40.0,10.0,10.0,0.93459475,2.540616,3.1421278,2026-01-27-05:17:30
20.0,40.0,1.0,8.0,0.935075,3.2000496,2.8814998,2026-01-27-05:17:34
18.0,40.0,2.0,10.0,0.97290003,2.455953,2.782012,2026-01-27-05:17:34
20.0,50.0,11.0,5.0,0.3270499,4.068025,3.5482998,2026-01-27-05:17:34
19.0,40.0,12.0,10.0,0.9475296,2.8180635,3.4579575,2026-01-27-05:17:34
18.0,30.0,4.0,10.0,1.0057501,2.0422533,2.2754605,2026-01-27-05:17:34
20.0,40.0,7.0,2.0,0.2935249,3.9268,2.4250498,2026-01-27-05:17:38
19.0,40.0,4.0,9.0,0.9689427,2.8589923,2.8970888,2026-01-27-05:17:38
20.0,30.0,14.0,10.0,0.9162999,2.7243998,3.2968,2026-01-27-05:17:38
18.0,50.0,17.0,10.0,0.6111763,2.9390118,4.335335,2026-01-27-05:17:38
20.0,50.0,16.0,7.0,0.36739984,3.811,4.1986,2026-01-27-05:17:38
20.0,50.0,19.0,8.0,0.33339995,3.6573753,4.6411004,2026-01-27-05:17:43
8.0,50.0,19.0,7.0,-0.35121349,0.8119554,2.6762311,2026-01-27-05:17:43
18.0,30.0,4.0,8.0,0.8511922,2.2516952,2.1074185,2026-01-27-05:17:43
18.0,30.0,9.0,10.0,0.9526842,2.1271675,2.550158,2026-01-27-05:17:43
19.0,40.0,6.0,9.0,0.96132946,2.8858004,2.9753282,2026-01-27-05:17:43
20.0,40.0,4.0,3.0,0.46414998,3.8075,2.430475,2026-01-27-05:17:46
19.0,30.0,17.0,9.0,0.58574533,2.5115354,3.342243,2026-01-27-05:17:46
19.0,30.0,10.0,10.0,0.9943559,2.4068973,2.7805402,2026-01-27-05:17:46
19.0,40.0,4.0,3.0,0.40350595,3.4695554,2.2832258,2026-01-27-05:17:46
20.0,10.0,4.0,10.0,0.9008,1.9583999,1.7648,2026-01-27-05:17:46
20.0,20.0,1.0,9.0,1.0061249,2.2376,1.9226499,2026-01-27-05:17:51
18.0,50.0,6.0,10.0,0.89017105,3.0547004,3.5797505,2026-01-27-05:17:51
20.0,30.0,2.0,8.0,0.9905,2.7654,2.3365998,2026-01-27-05:17:51
20.0,40.0,8.0,8.0,0.89989996,3.30505,3.133675,2026-01-27-05:17:51
19.0,30.0,11.0,8.0,0.7705954,2.6193223,2.6657636,2026-01-27-05:17:51
20.0,30.0,4.0,8.0,0.9864,2.8179996,2.4061,2026-01-27-05:17:55
20.0,40.0,13.0,9.0,0.862175,3.2109501,3.5995,2026-01-27-05:17:55
19.0,50.0,11.0,9.0,0.77265847,3.4047277,3.8892298,2026-01-27-05:17:55
20.0,50.0,4.0,3.0,0.2604,4.298,3.0166001,2026-01-27-05:17:55
18.0,50.0,8.0,10.0,0.8790448,3.0557163,3.6667292,2026-01-27-05:17:55
19.0,40.0,3.0,9.0,0.96614933,2.8419137,2.866369,2026-01-27-05:17:59
19.0,50.0,5.0,8.0,0.7414085,3.5036147,3.477251,2026-01-27-05:17:59
18.0,50.0,11.0,10.0,0.82935524,3.0388649,3.8391979,2026-01-27-05:17:59
18.0,40.0,11.0,10.0,0.91000664,2.540174,3.212342,2026-01-27-05:17:59
20.0,20.0,10.0,10.0,0.9612498,2.38,2.520625,2026-01-27-05:17:59
18.0,50.0,4.0,10.0,0.8836974,3.043885,3.515171,2026-01-27-05:18:03
18.0,30.0,5.0,10.0,1.0039369,2.0641363,2.3192,2026-01-27-05:18:03
18.0,40.0,9.0,10.0,0.95478296,2.538608,3.0775132,2026-01-27-05:18:03
19.0,50.0,12.0,9.0,0.7438769,3.3945823,3.9576247,2026-01-27-05:18:03
20.0,50.0,12.0,5.0,0.2871999,4.0536003,3.6122003,2026-01-27-05:18:03
19.0,40.0,2.0,9.0,0.9589558,2.8223844,2.8412495,2026-01-27-05:18:08
18.0,50.0,10.0,10.0,0.85031843,3.0469317,3.7761078,2026-01-27-05:18:08
19.0,30.0,5.0,9.0,0.99172425,2.435588,2.384106,2026-01-27-05:18:08
20.0,40.0,4.0,7.0,0.8499499,3.3693,2.8508751,2026-01-27-05:18:08
19.0,50.0,6.0,8.0,0.73647696,3.5066185,3.5106456,2026-01-27-05:18:08
19.0,40.0,13.0,10.0,0.9132731,2.8146422,3.540477,2026-01-27-05:18:12
19.0,30.0,2.0,9.0,0.99421906,2.3614764,2.2705715,2026-01-27-05:18:12
17.0,40.0,7.0,10.0,0.9137654,2.2740724,2.8066273,2026-01-27-05:18:12
20.0,40.0,9.0,8.0,0.87727493,3.3102498,3.1921,2026-01-27-05:18:12
20.0,20.0,11.0,10.0,0.92767483,2.3986502,2.6073,2026-01-27-05:18:12
19.0,40.0,8.0,9.0,0.93611646,2.902808,3.0759676,2026-01-27-05:18:16
18.0,30.0,6.0,10.0,0.9977237,2.0835688,2.3685396,2026-01-27-05:18:16
18.0,50.0,12.0,10.0,0.80399203,3.0283482,3.9078872,2026-01-27-05:18:16
20.0,40.0,5.0,7.0,0.8423749,3.3827496,2.8855,2026-01-27-05:18:16
20.0,50.0,10.0,4.0,0.23599991,4.1695004,3.3609998,2026-01-27-05:18:16
20.0,30.0,5.0,8.0,0.97775,2.8406248,2.44925,2026-01-27-05:18:21
19.0,50.0,1.0,9.0,0.81847435,3.3714385,3.5132823,2026-01-27-05:18:21
20.0,30.0,15.0,10.0,0.8687499,2.7256248,3.3987498,2026-01-27-05:18:21
20.0,40.0,18.0,10.0,0.73994994,3.0711,4.219325,2026-01-27-05:18:21
20.0,50.0,13.0,5.0,0.24294996,4.036725,3.6817002,2026-01-27-05:18:21
19.0,40.0,1.0,9.0,0.9473625,2.8004055,2.8217294,2026-01-27-05:18:26
19.0,50.0,8.0,8.0,0.71341383,3.5052767,3.5942352,2026-01-27-05:18:26
20.0,40.0,19.0,10.0,0.67842495,3.0549002,4.3365498,2026-01-27-05:18:26
19.0,20.0,4.0,10.0,0.99970853,1.946916,1.9692942,2026-01-27-05:18:26
18.0,40.0,1.0,10.0,0.9578882,2.434345,2.7621975,2026-01-27-05:18:26
19.0,40.0,9.0,9.0,0.9169099,2.9076374,3.1346877,2026-01-27-05:18:30
20.0,40.0,14.0,9.0,0.82009995,3.20545,3.6873248,2026-01-27-05:18:30
20.0,40.0,3.0,7.0,0.8531249,3.3534,2.8218498,2026-01-27-05:18:30
20.0,30.0,1.0,8.0,0.98595,2.7354248,2.3102498,2026-01-27-05:18:30
19.0,50.0,13.0,9.0,0.7106954,3.381986,4.031619,2026-01-27-05:18:30
19.0,40.0,14.0,10.0,0.87461644,2.8087714,3.6285965,2026-01-27-05:18:35
19.0,30.0,6.0,9.0,0.9820926,2.4553921,2.4331505,2026-01-27-05:18:35
20.0,40.0,10.0,8.0,0.8502499,3.3130002,3.256125,2026-01-27-05:18:35
19.0,20.0,3.0,10.0,1.001615,1.9130371,1.9229244,2026-01-27-05:18:35
19.0,50.0,9.0,8.0,0.6952823,3.5009305,3.64443,2026-01-27-05:18:35
20.0,40.0,6.0,7.0,0.8304,3.39375,2.9257247,2026-01-27-05:18:39
18.0,50.0,3.0,10.0,0.87386054,3.0348017,3.4912817,2026-01-27-05:18:39
20.0,30.0,6.0,8.0,0.9646999,2.8607998,2.498,2026-01-27-05:18:39
19.0,50.0,14.0,9.0,0.6731138,3.3669395,4.111214,2026-01-27-05:18:39
20.0,20.0,2.0,8.0,0.9477499,2.4109,1.8862249,2026-01-27-05:18:39
18.0,50.0,2.0,10.0,0.8596237,3.0232687,3.4729922,2026-01-27-05:18:43
19.0,30.0,1.0,9.0,0.9862507,2.3318727,2.2439268,2026-01-27-05:18:43
20.0,20.0,5.0,9.0,0.9936249,2.3795,2.0957499,2026-01-27-05:18:43
20.0,40.0,4.0,6.0,0.75350004,3.47885,2.7457752,2026-01-27-05:18:43
20.0,30.0,7.0,8.0,0.94725,2.878525,2.5523498,2026-01-27-05:18:43
20.0,30.0,8.0,8.0,0.92539996,2.8938,2.6123,2026-01-27-05:18:48
18.0,50.0,13.0,10.0,0.774229,3.0153806,3.982176,2026-01-27-05:18:48
18.0,30.0,7.0,10.0,0.98711056,2.1005518,2.423479,2026-01-27-05:18:48
20.0,50.0,5.0,3.0,0.24624997,4.297625,3.0385,2026-01-27-05:18:48
20.0,40.0,7.0,7.0,0.8140249,3.4023,2.9715497,2026-01-27-05:18:48
19.0,30.0,7.0,9.0,0.9680612,2.4727461,2.4877954,2026-01-27-05:18:52
19.0,40.0,15.0,10.0,0.83155984,2.8004503,3.7223167,2026-01-27-05:18:52
20.0,40.0,2.0,7.0,0.8518999,3.3350499,2.7984247,2026-01-27-05:18:52
20.0,50.0,3.0,3.0,0.27014995,4.295925,3.0003,2026-01-27-05:18:52
19.0,50.0,15.0,9.0,0.6311321,3.349444,4.1964087,2026-01-27-05:18:52
20.0,40.0,11.0,8.0,0.8188249,3.3133,3.3257496,2026-01-27-05:18:56
18.0,20.0,4.0,10.0,0.9317764,1.6951873,1.8262304,2026-01-27-05:18:56
18.0,30.0,8.0,10.0,0.9720974,2.1150846,2.4840183,2026-01-27-05:18:56
20.0,30.0,9.0,8.0,0.89914995,2.9066248,2.67785,2026-01-27-05:18:56
19.0,30.0,12.0,10.0,0.93179274,2.4226553,2.9430296,2026-01-27-05:18:56
20.0,20.0,12.0,10.0,0.8896999,2.4148502,2.6995747,2026-01-27-05:19:01
20.0,40.0,1.0,7.0,0.8462749,3.3142498,2.7805998,2026-01-27-05:19:01
19.0,40.0,16.0,10.0,0.7841033,2.789679,3.8216362,2026-01-27-05:19:01
19.0,30.0,8.0,9.0,0.9496296,2.48765,2.54804,2026-01-27-05:19:01
19.0,20.0,5.0,10.0,0.99340194,1.9783448,2.0212638,2026-01-27-05:19:01
18.0,50.0,1.0,10.0,0.8409868,3.0092862,3.4603028,2026-01-27-05:19:06
18.0,50.0,14.0,10.0,0.7400658,2.9999638,4.062066,2026-01-27-05:19:06
20.0,30.0,12.0,9.0,0.8961,2.8224998,3.0089,2026-01-27-05:19:06
17.0,30.0,7.0,10.0,0.9216799,1.8542238,2.2739692,2026-01-27-05:19:06
20.0,50.0,6.0,3.0,0.22769992,4.2948008,3.0660002,2026-01-27-05:19:06
19.0,40.0,10.0,9.0,0.8933032,2.910016,3.1990073,2026-01-27-05:19:10
20.0,40.0,3.0,6.0,0.75922495,3.4645,2.7181497,2026-01-27-05:19:10
20.0,40.0,15.0,9.0,0.7736249,3.1975,3.7807496,2026-01-27-05:19:10
19.0,40.0,11.0,9.0,0.86529666,2.9099448,3.2689266,2026-01-27-05:19:10
20.0,20.0,6.0,9.0,0.9794998,2.4088502,2.153025,2026-01-27-05:19:10
20.0,20.0,7.0,9.0,0.96097493,2.4357502,2.2159,2026-01-27-05:19:15
20.0,40.0,12.0,8.0,0.7829999,3.3111498,3.4009748,2026-01-27-05:19:15
19.0,40.0,4.0,8.0,0.87470335,2.9607525,2.7947783,2026-01-27-05:19:15
20.0,30.0,16.0,10.0,0.8167998,2.7243996,3.5063,2026-01-27-05:19:15
18.0,50.0,15.0,10.0,0.7015026,2.9820964,4.1475554,2026-01-27-05:19:15
20.0,20.0,8.0,9.0,0.9380499,2.4602,2.2843747,2026-01-27-05:19:20
20.0,40.0,16.0,9.0,0.7227498,3.1871002,3.8797748,2026-01-27-05:19:20
19.0,20.0,2.0,10.0,0.99912167,1.876708,1.8821545,2026-01-27-05:19:20
20.0,30.0,13.0,9.0,0.8548,2.8270748,3.0982497,2026-01-27-05:19:20
20.0,40.0,8.0,7.0,0.79324996,3.4084,3.022975,2026-01-27-05:19:20
20.0,30.0,2.0,7.0,0.91389996,2.8888,2.2497997,2026-01-27-05:19:24
20.0,40.0,13.0,8.0,0.74277496,3.30655,3.4818003,2026-01-27-05:19:24
19.0,50.0,16.0,9.0,0.58475053,3.3294978,4.287204,2026-01-27-05:19:24
19.0,20.0,1.0,10.0,0.99222827,1.8379291,1.8469849,2026-01-27-05:19:24
19.0,40.0,5.0,8.0,0.87054676,2.9738314,2.829698,2026-01-27-05:19:24
19.0,30.0,13.0,10.0,0.8939112,2.426859,3.032674,2026-01-27-05:19:29
20.0,40.0,2.0,6.0,0.76054996,3.4477,2.6961248,2026-01-27-05:19:29
17.0,50.0,8.0,10.0,0.80895615,2.7937832,3.4982193,2026-01-27-05:19:29
20.0,50.0,17.0,7.0,0.31064993,3.7874248,4.2933006,2026-01-27-05:19:29
17.0,40.0,5.0,10.0,0.9216049,2.2567487,2.718809,2026-01-27-05:19:29
20.0,30.0,4.0,7.0,0.9046999,2.9383,2.3165002,2026-01-27-05:19:33
19.0,40.0,12.0,9.0,0.8328901,2.907424,3.344447,2026-01-27-05:19:33
20.0,50.0,7.0,3.0,0.20474993,4.2895246,3.0991004,2026-01-27-05:19:33
20.0,20.0,1.0,8.0,0.9468249,2.3732998,1.8527498,2026-01-27-05:19:33
20.0,40.0,9.0,7.0,0.768075,3.41205,3.0800002,2026-01-27-05:19:33
18.0,40.0,5.0,9.0,0.89695656,2.5984979,2.7741342,2026-01-27-05:19:38
19.0,50.0,10.0,8.0,0.6727507,3.4941344,3.7002246,2026-01-27-05:19:38
17.0,40.0,6.0,10.0,0.91988516,2.2666354,2.759918,2026-01-27-05:19:38
20.0,20.0,3.0,8.0,0.94427496,2.44605,1.9252998,2026-01-27-05:19:38
18.0,50.0,6.0,9.0,0.77829206,3.1348214,3.461929,2026-01-27-05:19:38
19.0,20.0,6.0,10.0,0.98269534,2.0073237,2.0788336,2026-01-27-05:19:43
19.0,50.0,1.0,8.0,0.7171349,3.467099,3.3996718,2026-01-27-05:19:43
19.0,40.0,3.0,8.0,0.8744599,2.9452238,2.7654586,2026-01-27-05:19:43
20.0,40.0,6.0,6.0,0.7288499,3.5002,2.8178248,2026-01-27-05:19:43
20.0,40.0,17.0,9.0,0.66747487,3.17425,3.9843998,2026-01-27-05:19:43
19.0,20.0,7.0,10.0,0.9675888,2.0338526,2.1420033,2026-01-27-05:19:47
20.0,40.0,10.0,7.0,0.73849994,3.4132502,3.142625,2026-01-27-05:19:47
19.0,40.0,13.0,9.0,0.79608357,2.902453,3.4255664,2026-01-27-05:19:47
20.0,20.0,4.0,8.0,0.93639994,2.47875,1.969975,2026-01-27-05:19:47
19.0,30.0,9.0,9.0,0.926798,2.5001042,2.6138847,2026-01-27-05:19:47
18.0,40.0,6.0,9.0,0.8918184,2.6087558,2.8149483,2026-01-27-05:19:52
17.0,40.0,4.0,10.0,0.9189247,2.244412,2.6832995,2026-01-27-05:19:52
20.0,40.0,7.0,6.0,0.70992494,3.5072,2.8622496,2026-01-27-05:19:52
18.0,50.0,7.0,9.0,0.7723789,3.1350045,3.5012183,2026-01-27-05:19:52
20.0,50.0,15.0,6.0,0.28049994,3.913875,3.9735003,2026-01-27-05:19:52
19.0,30.0,10.0,9.0,0.89956635,2.510108,2.6853297,2026-01-27-05:19:57
18.0,50.0,8.0,9.0,0.76206577,3.1327374,3.546108,2026-01-27-05:19:57
19.0,40.0,6.0,8.0,0.86199015,2.9844606,2.8702178,2026-01-27-05:19:57
20.0,30.0,1.0,7.0,0.9118999,2.860375,2.22485,2026-01-27-05:19:57
20.0,50.0,11.0,4.0,0.19799992,4.1559753,3.4178998,2026-01-27-05:19:57
20.0,30.0,5.0,7.0,0.8935,2.959375,2.35825,2026-01-27-05:20:01
17.0,50.0,7.0,10.0,0.8158509,2.7964213,3.4530349,2026-01-27-05:20:01
20.0,20.0,9.0,9.0,0.91072494,2.4822001,2.35845,2026-01-27-05:20:01
20.0,40.0,14.0,8.0,0.6981499,3.2995,3.568225,2026-01-27-05:20:01
17.0,40.0,3.0,10.0,0.9118444,2.229625,2.6533904,2026-01-27-05:20:01
16.0,40.0,6.0,10.0,0.853482,2.0333915,2.6083837,2026-01-27-05:20:06
17.0,50.0,5.0,10.0,0.8164404,2.7943475,3.379467,2026-01-27-05:20:06
20.0,40.0,15.0,3.0,0.026624955,3.7525,3.05775,2026-01-27-05:20:06
18.0,30.0,10.0,10.0,0.92887104,2.1368005,2.6218975,2026-01-27-05:20:06
20.0,20.0,13.0,6.0,0.48772496,2.897,2.4506497,2026-01-27-05:20:06
18.0,40.0,13.0,10.0,0.8476304,2.5319397,3.369571,2026-01-27-05:20:11
19.0,20.0,3.0,9.0,0.9394256,2.0378478,1.8530139,2026-01-27-05:20:11
19.0,50.0,11.0,8.0,0.64581907,3.4848883,3.7616193,2026-01-27-05:20:11
20.0,30.0,6.0,7.0,0.8779,2.978,2.4056,2026-01-27-05:20:11
19.0,30.0,3.0,8.0,0.9208481,2.5026908,2.2174058,2026-01-27-05:20:11
18.0,40.0,7.0,9.0,0.88228023,2.6165638,2.8613634,2026-01-27-05:20:15
19.0,50.0,12.0,8.0,0.6144875,3.4731925,3.8286142,2026-01-27-05:20:15
20.0,30.0,7.0,7.0,0.85789996,2.994175,2.4585497,2026-01-27-05:20:15
20.0,50.0,2.0,3.0,0.27549997,4.2914004,2.9896002,2026-01-27-05:20:15
19.0,30.0,4.0,8.0,0.9174665,2.5258443,2.2538507,2026-01-27-05:20:15
17.0,50.0,4.0,10.0,0.8101351,2.789636,3.3510828,2026-01-27-05:20:20
18.0,20.0,5.0,10.0,0.9263382,1.7246952,1.8770949,2026-01-27-05:20:20
20.0,40.0,3.0,5.0,0.6653249,3.5756001,2.6144497,2026-01-27-05:20:20
17.0,40.0,8.0,10.0,0.90324575,2.2790592,2.8589363,2026-01-27-05:20:20
20.0,20.0,5.0,8.0,0.9241249,2.5089998,2.02025,2026-01-27-05:20:20
19.0,40.0,2.0,8.0,0.8698164,2.927245,2.7417386,2026-01-27-05:20:24
18.0,50.0,9.0,9.0,0.7473526,3.12802,3.5965977,2026-01-27-05:20:24
18.0,50.0,16.0,10.0,0.6585394,2.9617794,4.238645,2026-01-27-05:20:24
20.0,50.0,8.0,3.0,0.1773999,4.2818,3.1378002,2026-01-27-05:20:24
19.0,20.0,4.0,9.0,0.93496907,2.0701766,1.8979838,2026-01-27-05:20:24
17.0,40.0,2.0,10.0,0.90036416,2.2123878,2.6290812,2026-01-27-05:20:29
18.0,50.0,4.0,9.0,0.7769184,3.127106,3.4001498,2026-01-27-05:20:29
19.0,30.0,2.0,8.0,0.9198296,2.4770868,2.1865609,2026-01-27-05:20:29
20.0,40.0,18.0,9.0,0.6078,3.15895,4.094625,2026-01-27-05:20:29
20.0,50.0,12.0,4.0,0.1555999,4.14,3.4803998,2026-01-27-05:20:29
18.0,40.0,3.0,9.0,0.89403296,2.5706322,2.709305,2026-01-27-05:20:33
20.0,40.0,8.0,6.0,0.6865999,3.51175,2.912275,2026-01-27-05:20:33
18.0,50.0,10.0,9.0,0.7282394,3.120853,3.6526868,2026-01-27-05:20:33
20.0,50.0,1.0,3.0,0.27644995,4.2844253,2.9845002,2026-01-27-05:20:33
17.0,30.0,6.0,10.0,0.9314246,1.8391619,2.2201352,2026-01-27-05:20:33
18.0,40.0,8.0,9.0,0.86834216,2.6219215,2.9133775,2026-01-27-05:20:38
20.0,40.0,11.0,7.0,0.70452493,3.412,3.2108498,2026-01-27-05:20:38
19.0,30.0,5.0,8.0,0.9096849,2.5465484,2.2958953,2026-01-27-05:20:38
17.0,50.0,10.0,10.0,0.7819667,2.7811568,3.6053877,2026-01-27-05:20:38
18.0,50.0,20.0,10.0,0.4426868,2.856011,4.659003,2026-01-27-05:20:38
17.0,40.0,9.0,10.0,0.8883259,2.281596,2.9168456,2026-01-27-05:20:43
20.0,20.0,10.0,9.0,0.8789999,2.50175,2.438125,2026-01-27-05:20:43
19.0,50.0,4.0,7.0,0.6329506,3.5891712,3.3316457,2026-01-27-05:20:43
20.0,30.0,17.0,10.0,0.76044995,2.7207248,3.6194499,2026-01-27-05:20:43
17.0,30.0,3.0,10.0,0.9342588,1.7792764,2.0922325,2026-01-27-05:20:43
20.0,30.0,14.0,9.0,0.8090999,2.8291998,3.1931999,2026-01-27-05:20:48
20.0,20.0,6.0,8.0,0.9074499,2.5368001,2.076125,2026-01-27-05:20:48
20.0,50.0,14.0,6.0,0.33099997,3.9341002,3.8914,2026-01-27-05:20:48
19.0,50.0,3.0,7.0,0.63163227,3.5828173,3.3108509,2026-01-27-05:20:48
19.0,40.0,18.0,10.0,0.67599016,2.760787,4.0370755,2026-01-27-05:20:48
17.0,50.0,9.0,10.0,0.7976615,2.7886949,3.5490036,2026-01-27-05:20:53
20.0,10.0,7.0,10.0,0.8552,2.073975,1.9621999,2026-01-27-05:20:53
18.0,30.0,3.0,9.0,0.92843425,2.1241915,2.1547,2026-01-27-05:20:53
20.0,50.0,16.0,6.0,0.22559986,3.8912,4.0612,2026-01-27-05:20:53
18.0,40.0,2.0,9.0,0.88597107,2.5530243,2.6852908,2026-01-27-05:20:53
19.0,40.0,4.0,7.0,0.78046376,3.0625134,2.692468,2026-01-27-05:20:58
20.0,30.0,10.0,8.0,0.8684999,2.917,2.7489998,2026-01-27-05:20:58
19.0,50.0,5.0,7.0,0.6298691,3.5930753,3.3580403,2026-01-27-05:20:58
19.0,20.0,2.0,9.0,0.93948215,2.0030687,1.8136439,2026-01-27-05:20:58
19.0,50.0,20.0,9.0,0.35522425,3.2252135,4.7063823,2026-01-27-05:20:58
20.0,40.0,12.0,7.0,0.66615,3.4083002,3.2846746,2026-01-27-05:21:03
19.0,30.0,6.0,8.0,0.8975033,2.5648024,2.34354,2026-01-27-05:21:03
19.0,40.0,7.0,8.0,0.8490336,2.9926395,2.9163373,2026-01-27-05:21:03
20.0,30.0,18.0,10.0,0.69969994,2.7145998,3.7381997,2026-01-27-05:21:03
18.0,30.0,2.0,9.0,0.9239974,2.0989585,2.1235604,2026-01-27-05:21:03
19.0,40.0,1.0,8.0,0.860773,2.9068158,2.723619,2026-01-27-05:21:07
19.0,50.0,13.0,8.0,0.578756,3.4590461,3.901209,2026-01-27-05:21:07
20.0,50.0,9.0,3.0,0.14564994,4.271625,3.1821003,2026-01-27-05:21:07
19.0,20.0,1.0,9.0,0.9351387,1.9658397,1.7798743,2026-01-27-05:21:07
18.0,50.0,3.0,9.0,0.7696315,3.1195729,3.3776605,2026-01-27-05:21:07
18.0,40.0,9.0,9.0,0.850004,2.6248295,2.970992,2026-01-27-05:21:13
19.0,20.0,9.0,10.0,0.9241756,2.0795608,2.2851427,2026-01-27-05:21:13
18.0,50.0,11.0,9.0,0.7047262,3.111236,3.7143764,2026-01-27-05:21:13
20.0,40.0,5.0,5.0,0.64437497,3.5987496,2.6725001,2026-01-27-05:21:13
20.0,50.0,18.0,7.0,0.2495,3.7613997,4.3936005,2026-01-27-05:21:13
18.0,40.0,10.0,9.0,0.8272658,2.6252873,3.0342066,2026-01-27-05:21:17
19.0,30.0,1.0,8.0,0.91441125,2.4490328,2.1613162,2026-01-27-05:21:17
20.0,40.0,2.0,5.0,0.6691999,3.56035,2.5938249,2026-01-27-05:21:17
19.0,40.0,14.0,9.0,0.754877,2.895032,3.512286,2026-01-27-05:21:17
20.0,20.0,1.0,7.0,0.8875249,2.5089998,1.7828498,2026-01-27-05:21:17
20.0,20.0,7.0,8.0,0.88637495,2.5621502,2.1375997,2026-01-27-05:21:22
19.0,40.0,8.0,8.0,0.8316771,2.9983685,2.9680572,2026-01-27-05:21:22
19.0,50.0,6.0,7.0,0.6223875,3.5945292,3.3900352,2026-01-27-05:21:22
17.0,50.0,12.0,10.0,0.73737717,2.7587306,3.7349565,2026-01-27-05:21:22
20.0,50.0,4.0,2.0,0.14919998,4.3968,2.896,2026-01-27-05:21:22
18.0,50.0,2.0,9.0,0.7579447,3.1095898,3.3607712,2026-01-27-05:21:27
19.0,30.0,11.0,9.0,0.86793476,2.5176618,2.7623744,2026-01-27-05:21:27
20.0,50.0,10.0,3.0,0.10949993,4.259001,3.232,2026-01-27-05:21:27
18.0,20.0,3.0,10.0,0.9328145,1.6632293,1.7809659,2026-01-27-05:21:27
20.0,40.0,9.0,6.0,0.658875,3.51385,2.9679,2026-01-27-05:21:27
20.0,30.0,3.0,6.0,0.83234996,3.036625,2.1921496,2026-01-27-05:21:32
17.0,50.0,3.0,10.0,0.7994299,2.7824738,3.3282983,2026-01-27-05:21:32
19.0,50.0,14.0,8.0,0.5386244,3.4424503,3.9794037,2026-01-27-05:21:32
20.0,10.0,5.0,10.0,0.89,1.9993749,1.825,2026-01-27-05:21:32
20.0,10.0,4.0,9.0,0.8485999,2.1002,1.7062,2026-01-27-05:21:32
17.0,50.0,2.0,10.0,0.7843245,2.7728617,3.3111145,2026-01-27-05:21:37
20.0,30.0,8.0,7.0,0.83349997,3.0079002,2.5170996,2026-01-27-05:21:37
16.0,30.0,4.0,10.0,0.87233734,1.5791286,1.9888899,2026-01-27-05:21:37
19.0,30.0,7.0,8.0,0.8809217,2.5806065,2.3967845,2026-01-27-05:21:37
19.0,50.0,2.0,7.0,0.6259138,3.5740132,3.295656,2026-01-27-05:21:37
20.0,30.0,11.0,8.0,0.8334499,2.9249249,2.8257496,2026-01-27-05:21:42
18.0,30.0,6.0,9.0,0.9153447,2.18519,2.2817183,2026-01-27-05:21:42
17.0,50.0,13.0,10.0,0.70848256,2.743842,3.80814,2026-01-27-05:21:42
19.0,50.0,17.0,9.0,0.53396904,3.3071015,4.3835983,2026-01-27-05:21:42
20.0,40.0,1.0,5.0,0.66867495,3.5426497,2.5788,2026-01-27-05:21:42
19.0,40.0,9.0,8.0,0.8099205,3.0016475,3.0253773,2026-01-27-05:21:47
18.0,20.0,6.0,10.0,0.9165,1.7517531,1.9335593,2026-01-27-05:21:47
20.0,40.0,6.0,5.0,0.62729985,3.6066499,2.709925,2026-01-27-05:21:47
19.0,50.0,8.0,7.0,0.59422433,3.5900872,3.4708245,2026-01-27-05:21:47
19.0,50.0,17.0,8.0,0.39182958,3.3779619,4.247588,2026-01-27-05:21:47
19.0,20.0,10.0,10.0,0.895869,2.0987396,2.3651125,2026-01-27-05:21:52
18.0,40.0,14.0,10.0,0.80984217,2.524148,3.4565856,2026-01-27-05:21:52
20.0,40.0,10.0,6.0,0.6267499,3.5135002,3.0291252,2026-01-27-05:21:52
20.0,30.0,2.0,6.0,0.8373,3.0121999,2.1629999,2026-01-27-05:21:52
20.0,50.0,6.0,2.0,0.111399904,4.3905,2.9426,2026-01-27-05:21:52
18.0,30.0,11.0,10.0,0.9006579,2.1439834,2.6992369,2026-01-27-05:21:57
19.0,50.0,4.0,6.0,0.52396125,3.6801815,3.2138352,2026-01-27-05:21:57
19.0,40.0,15.0,9.0,0.70927036,2.885161,3.6046054,2026-01-27-05:21:57
19.0,40.0,3.0,7.0,0.7827704,3.0485346,2.6645482,2026-01-27-05:21:57
20.0,50.0,19.0,7.0,0.18394998,3.732925,4.4995003,2026-01-27-05:21:57
17.0,40.0,10.0,10.0,0.8690063,2.281683,2.980355,2026-01-27-05:22:02
20.0,40.0,19.0,9.0,0.5437249,3.1412,4.2104497,2026-01-27-05:22:02
19.0,40.0,10.0,8.0,0.78376377,3.0024765,3.088297,2026-01-27-05:22:02
20.0,40.0,4.0,4.0,0.5605999,3.69795,2.5355752,2026-01-27-05:22:02
18.0,30.0,1.0,9.0,0.9151606,2.0712757,2.098021,2026-01-27-05:22:02
18.0,40.0,1.0,9.0,0.87350917,2.5329664,2.6668763,2026-01-27-05:22:08
20.0,50.0,2.0,2.0,0.16939995,4.3933,2.8718002,2026-01-27-05:22:08
20.0,30.0,4.0,6.0,0.823,3.0585997,2.2269,2026-01-27-05:22:08
19.0,50.0,1.0,7.0,0.61579543,3.5627594,3.2860613,2026-01-27-05:22:08
20.0,40.0,15.0,8.0,0.6491249,3.29,3.66025,2026-01-27-05:22:08
18.0,40.0,11.0,9.0,0.8001277,2.6232953,3.1030207,2026-01-27-05:22:13
16.0,40.0,7.0,10.0,0.8482308,2.0389073,2.6539874,2026-01-27-05:22:13
20.0,40.0,13.0,7.0,0.623375,3.4021502,3.3641,2026-01-27-05:22:13
17.0,50.0,14.0,10.0,0.67518777,2.726504,3.8869247,2026-01-27-05:22:13
20.0,50.0,1.0,2.0,0.17289995,4.387875,2.8681,2026-01-27-05:22:13
20.0,20.0,14.0,10.0,0.8005499,2.4399002,2.900925,2026-01-27-05:22:18
18.0,50.0,12.0,9.0,0.67681307,3.0991693,3.781666,2026-01-27-05:22:18
17.0,30.0,2.0,10.0,0.92640364,1.7544144,2.0607984,2026-01-27-05:22:18
18.0,50.0,1.0,9.0,0.7418578,3.0971572,3.3494816,2026-01-27-05:22:18
20.0,40.0,3.0,4.0,0.57142496,3.6866999,2.5107498,2026-01-27-05:22:18
19.0,30.0,14.0,10.0,0.85162956,2.4286132,3.127919,2026-01-27-05:22:23
20.0,40.0,16.0,8.0,0.5956999,3.27805,3.7578747,2026-01-27-05:22:23
20.0,50.0,12.0,3.0,0.023999944,4.2264,3.3486001,2026-01-27-05:22:23
20.0,20.0,2.0,7.0,0.88589996,2.54505,1.8149248,2026-01-27-05:22:23
17.0,30.0,1.0,10.0,0.9141483,1.7271028,2.0349638,2026-01-27-05:22:23
17.0,40.0,1.0,10.0,0.8844838,2.1927013,2.610372,2026-01-27-05:22:28
20.0,30.0,15.0,9.0,0.75899994,2.8288748,3.2937496,2026-01-27-05:22:28
20.0,50.0,17.0,6.0,0.16629994,3.8660755,4.1545,2026-01-27-05:22:28
20.0,40.0,7.0,5.0,0.6058248,3.6121001,2.75295,2026-01-27-05:22:28
18.0,20.0,1.0,10.0,0.9216908,1.5919635,1.7072369,2026-01-27-05:22:28
17.0,40.0,11.0,10.0,0.8452865,2.2793195,3.049464,2026-01-27-05:22:34
19.0,50.0,18.0,9.0,0.47878745,3.282256,4.485593,2026-01-27-05:22:34
20.0,30.0,9.0,7.0,0.80469996,3.019175,2.5812502,2026-01-27-05:22:34
18.0,50.0,6.0,8.0,0.6664131,3.2149422,3.344108,2026-01-27-05:22:34
20.0,50.0,7.0,2.0,0.08589993,4.3836746,2.9743,2026-01-27-05:22:34
17.0,30.0,8.0,10.0,0.9075352,1.8668355,2.3334033,2026-01-27-05:22:39
18.0,50.0,5.0,8.0,0.6704764,3.2138598,3.3118186,2026-01-27-05:22:39
19.0,40.0,5.0,7.0,0.7737572,3.074042,2.7259877,2026-01-27-05:22:39
20.0,50.0,8.0,2.0,0.055999916,4.3743997,3.0116,2026-01-27-05:22:39
18.0,50.0,13.0,9.0,0.6445,3.0846517,3.8545554,2026-01-27-05:22:39
19.0,40.0,2.0,7.0,0.78067696,3.0321054,2.6422281,2026-01-27-05:22:45
20.0,20.0,8.0,8.0,0.86089987,2.58505,2.204675,2026-01-27-05:22:45
18.0,50.0,14.0,9.0,0.6077868,3.0676847,3.9330447,2026-01-27-05:22:45
20.0,30.0,1.0,6.0,0.83785,2.9853249,2.1394498,2026-01-27-05:22:45
20.0,20.0,13.0,10.0,0.8473249,2.4286,2.7974498,2026-01-27-05:22:45
18.0,30.0,7.0,9.0,0.9021816,2.200623,2.335258,2026-01-27-05:22:50
19.0,50.0,10.0,7.0,0.5484612,3.5758448,3.574014,2026-01-27-05:22:50
20.0,30.0,16.0,9.0,0.70449984,2.8260999,3.3999,2026-01-27-05:22:50
20.0,50.0,7.0,1.0,-0.032950066,4.4778247,2.8494997,2026-01-27-05:22:50
17.0,40.0,7.0,9.0,0.81629694,2.3556042,2.7056956,2026-01-27-05:22:50
20.0,20.0,3.0,7.0,0.8798749,2.57865,1.8525999,2026-01-27-05:22:55
17.0,50.0,1.0,10.0,0.7648193,2.7608004,3.29953,2026-01-27-05:22:55
18.0,50.0,15.0,9.0,0.56667364,3.0482676,4.0171347,2026-01-27-05:22:55
20.0,30.0,5.0,6.0,0.80925,3.0781248,2.26725,2026-01-27-05:22:55
19.0,20.0,11.0,10.0,0.86316246,2.1154687,2.4506824,2026-01-27-05:22:55
17.0,40.0,5.0,9.0,0.8292364,2.3413801,2.6206772,2026-01-27-05:23:01
19.0,30.0,8.0,8.0,0.85994023,2.5939605,2.4556296,2026-01-27-05:23:01
20.0,40.0,17.0,8.0,0.53787494,3.2636497,3.8610997,2026-01-27-05:23:01
20.0,30.0,12.0,8.0,0.7939999,2.9303997,2.9080997,2026-01-27-05:23:01
20.0,40.0,2.0,4.0,0.5778499,3.6729999,2.491525,2026-01-27-05:23:01
17.0,40.0,12.0,10.0,0.8171668,2.2745066,3.1241734,2026-01-27-05:23:06
18.0,50.0,7.0,8.0,0.65795004,3.2135756,3.3819973,2026-01-27-05:23:06
17.0,50.0,15.0,10.0,0.6374931,2.706716,3.9713092,2026-01-27-05:23:06
19.0,30.0,3.0,7.0,0.84390855,2.6167517,2.1319952,2026-01-27-05:23:06
19.0,20.0,7.0,9.0,0.8951993,2.1524632,2.0664928,2026-01-27-05:23:06
19.0,30.0,12.0,9.0,0.8319033,2.522766,2.845019,2026-01-27-05:23:11
20.0,40.0,11.0,6.0,0.59022486,3.5107,3.09595,2026-01-27-05:23:11
18.0,50.0,8.0,8.0,0.6450869,3.2097583,3.425487,2026-01-27-05:23:11
20.0,50.0,9.0,2.0,0.021699931,4.362675,3.0545,2026-01-27-05:23:11
20.0,30.0,6.0,6.0,0.7910999,3.0951998,2.3132002,2026-01-27-05:23:11
18.0,40.0,4.0,8.0,0.8056659,2.6797607,2.6393988,2026-01-27-05:23:17
18.0,30.0,8.0,9.0,0.88461846,2.2136059,2.3943973,2026-01-27-05:23:17
18.0,50.0,4.0,8.0,0.6701395,3.2103267,3.285129,2026-01-27-05:23:17
18.0,40.0,15.0,10.0,0.767654,2.5139055,3.5492,2026-01-27-05:23:17
20.0,50.0,15.0,5.0,0.14124992,3.9956253,3.8375,2026-01-27-05:23:17
19.0,40.0,6.0,7.0,0.7626507,3.0831213,2.7651074,2026-01-27-05:23:22
19.0,50.0,11.0,7.0,0.5189796,3.565049,3.634009,2026-01-27-05:23:22
18.0,30.0,9.0,9.0,0.8626553,2.2241387,2.4591367,2026-01-27-05:23:22
20.0,30.0,19.0,10.0,0.6345499,2.7060246,3.86255,2026-01-27-05:23:22
19.0,20.0,2.0,8.0,0.8798427,2.129429,1.7451334,2026-01-27-05:23:22
19.0,40.0,11.0,8.0,0.7532072,3.0008552,3.1568162,2026-01-27-05:23:28
20.0,20.0,4.0,7.0,0.8694499,2.6098,1.8958749,2026-01-27-05:23:28
20.0,40.0,1.0,4.0,0.57987493,3.6568499,2.4779,2026-01-27-05:23:28
18.0,50.0,16.0,9.0,0.5211605,3.0264006,4.1068234,2026-01-27-05:23:28
19.0,50.0,20.0,8.0,0.20543486,3.2914236,4.566172,2026-01-27-05:23:28
19.0,30.0,4.0,7.0,0.83797693,2.6383553,2.16704,2026-01-27-05:23:34
18.0,30.0,12.0,10.0,0.86804485,2.1487167,2.7821763,2026-01-27-05:23:34
20.0,40.0,14.0,7.0,0.57619995,3.3935502,3.4491248,2026-01-27-05:23:34
17.0,50.0,16.0,10.0,0.5953982,2.6844778,4.061293,2026-01-27-05:23:34
20.0,50.0,11.0,2.0,-0.06010006,4.331876,3.1571002,2026-01-27-05:23:34
19.0,30.0,15.0,10.0,0.80494803,2.4279172,3.228764,2026-01-27-05:23:39
18.0,50.0,9.0,8.0,0.6278237,3.203491,3.4745765,2026-01-27-05:23:39
19.0,30.0,2.0,7.0,0.84544015,2.5926974,2.1025505,2026-01-27-05:23:39
20.0,50.0,10.0,2.0,-0.01700008,4.3485007,3.1030002,2026-01-27-05:23:39
20.0,30.0,7.0,6.0,0.76855,3.109825,2.3647501,2026-01-27-05:23:39
17.0,40.0,6.0,9.0,0.82496667,2.3497171,2.6603863,2026-01-27-05:23:45
19.0,40.0,20.0,10.0,0.550277,2.7220948,4.274915,2026-01-27-05:23:45
19.0,20.0,3.0,8.0,0.8772362,2.162658,1.7831031,2026-01-27-05:23:45
20.0,50.0,16.0,5.0,0.08379987,3.9714003,3.9237998,2026-01-27-05:23:45
19.0,40.0,7.0,7.0,0.74714404,3.08975,2.809827,2026-01-27-05:23:45
18.0,40.0,6.0,8.0,0.7946896,2.6996264,2.7126274,2026-01-27-05:23:51
20.0,10.0,6.0,10.0,0.87479997,2.0379,1.8908,2026-01-27-05:23:51
19.0,50.0,16.0,8.0,0.44516113,3.4019082,4.152593,2026-01-27-05:23:51
17.0,50.0,7.0,9.0,0.7036325,2.867203,3.3366036,2026-01-27-05:23:51
19.0,50.0,5.0,6.0,0.5183296,3.6825356,3.2388299,2026-01-27-05:23:51
18.0,40.0,3.0,8.0,0.80455405,2.6661527,2.6111841,2026-01-27-05:23:56
17.0,50.0,8.0,9.0,0.6941877,2.8630147,3.380388,2026-01-27-05:23:56
16.0,30.0,6.0,10.0,0.86778474,1.6127601,2.077548,2026-01-27-05:23:56
19.0,50.0,12.0,7.0,0.48509797,3.5518029,3.6996036,2026-01-27-05:23:56
18.0,30.0,3.0,8.0,0.85370535,2.2304623,2.072079,2026-01-27-05:23:56
20.0,30.0,10.0,7.0,0.77149993,3.028,2.651,2026-01-27-05:24:02
20.0,10.0,3.0,10.0,0.9072,1.9149749,1.7102,2026-01-27-05:24:02
18.0,40.0,16.0,10.0,0.7210658,2.5012136,3.6474142,2026-01-27-05:24:02
20.0,40.0,8.0,5.0,0.5799499,3.6151,2.801575,2026-01-27-05:24:02
20.0,20.0,5.0,7.0,0.854625,2.6384997,1.94475,2026-01-27-05:24:02
19.0,40.0,12.0,8.0,0.71825063,2.9967844,3.2309365,2026-01-27-05:24:07
20.0,20.0,1.0,6.0,0.82822496,2.6447,1.7129499,2026-01-27-05:24:07
19.0,20.0,8.0,9.0,0.8731427,2.1749923,2.1338625,2026-01-27-05:24:07
19.0,50.0,6.0,6.0,0.5082981,3.6824396,3.2694247,2026-01-27-05:24:07
20.0,40.0,18.0,8.0,0.47564998,3.2468,3.9699252,2026-01-27-05:24:07
17.0,30.0,9.0,10.0,0.88899034,1.8769975,2.3984375,2026-01-27-05:24:13
19.0,50.0,13.0,7.0,0.4468165,3.5361068,3.7707982,2026-01-27-05:24:13
19.0,40.0,1.0,7.0,0.7741836,3.0132265,2.6255085,2026-01-27-05:24:13
20.0,40.0,5.0,4.0,0.54537493,3.7067494,2.5660002,2026-01-27-05:24:13
18.0,40.0,12.0,9.0,0.7685895,2.618853,3.1774356,2026-01-27-05:24:13
17.0,40.0,13.0,10.0,0.78464705,2.2672431,3.2044823,2026-01-27-05:24:19
18.0,20.0,7.0,10.0,0.9022619,1.776361,1.9956237,2026-01-27-05:24:19
20.0,30.0,13.0,8.0,0.75014997,2.9334247,2.9960496,2026-01-27-05:24:19
19.0,50.0,7.0,6.0,0.4938665,3.6798935,3.305619,2026-01-27-05:24:19
18.0,50.0,17.0,9.0,0.4712473,3.002083,4.202113,2026-01-27-05:24:19
20.0,30.0,2.0,5.0,0.7606999,3.1356,2.0762,2026-01-27-05:24:25
20.0,20.0,15.0,10.0,0.74937487,2.4487503,3.0099998,2026-01-27-05:24:25
18.0,50.0,10.0,8.0,0.6061605,3.194774,3.5292659,2026-01-27-05:24:25
17.0,30.0,4.0,9.0,0.8626456,1.8986199,2.0480351,2026-01-27-05:24:25
19.0,50.0,2.0,6.0,0.5220244,3.6681237,3.1806455,2026-01-27-05:24:25
19.0,30.0,9.0,8.0,0.8345586,2.6048644,2.5200744,2026-01-27-05:24:31
20.0,40.0,12.0,6.0,0.54929996,3.50545,3.168375,2026-01-27-05:24:31
16.0,30.0,7.0,10.0,0.8589084,1.6259009,2.1302767,2026-01-27-05:24:31
18.0,50.0,19.0,9.0,0.35822108,2.946099,4.409492,2026-01-27-05:24:31
18.0,50.0,3.0,8.0,0.6654027,3.2043436,3.2640398,2026-01-27-05:24:31
16.0,50.0,7.0,10.0,0.74755305,2.554414,3.2914476,2026-01-27-05:24:37
19.0,40.0,8.0,7.0,0.72723746,3.0939293,2.8601465,2026-01-27-05:24:37
20.0,20.0,11.0,9.0,0.8428749,2.51885,2.5233998,2026-01-27-05:24:37
17.0,50.0,18.0,10.0,0.4980088,2.6326516,4.2580614,2026-01-27-05:24:37
20.0,40.0,9.0,5.0,0.549675,3.61565,2.8558002,2026-01-27-05:24:37
17.0,40.0,8.0,9.0,0.8032273,2.3590407,2.756605,2026-01-27-05:24:43
19.0,50.0,8.0,6.0,0.4750349,3.6748974,3.347414,2026-01-27-05:24:43
20.0,10.0,2.0,10.0,0.90919995,1.8691,1.6611999,2026-01-27-05:24:43
20.0,30.0,3.0,5.0,0.75319993,3.1584752,2.1039498,2026-01-27-05:24:43
16.0,50.0,6.0,10.0,0.7491795,2.556523,3.2529693,2026-01-27-05:24:43
18.0,40.0,2.0,8.0,0.7990421,2.650095,2.5885699,2026-01-27-05:24:49
17.0,40.0,14.0,10.0,0.74772733,2.2575302,3.2903917,2026-01-27-05:24:49
20.0,10.0,8.0,10.0,0.8312,2.1076,2.0392,2026-01-27-05:24:49
20.0,40.0,10.0,5.0,0.51499987,3.6137502,2.915625,2026-01-27-05:24:49
18.0,40.0,17.0,10.0,0.6700777,2.4860713,3.751229,2026-01-27-05:24:49
18.0,30.0,13.0,10.0,0.8310316,2.1509993,2.8707159,2026-01-27-05:24:55
18.0,50.0,2.0,8.0,0.6562658,3.195911,3.2485502,2026-01-27-05:24:55
18.0,20.0,8.0,10.0,0.8836237,1.7985188,2.0632882,2026-01-27-05:24:55
19.0,40.0,17.0,9.0,0.6048572,2.8580687,3.8060455,2026-01-27-05:24:55
19.0,30.0,5.0,7.0,0.8276454,2.657509,2.2076848,2026-01-27-05:24:55
16.0,40.0,4.0,10.0,0.8507847,2.0150099,2.5339756,2026-01-27-05:25:01
17.0,50.0,6.0,9.0,0.7086772,2.8689408,3.2984192,2026-01-27-05:25:01
20.0,50.0,6.0,1.0,-0.0049000774,4.486201,2.8192,2026-01-27-05:25:01
19.0,40.0,18.0,9.0,0.54605067,2.8408475,3.915165,2026-01-27-05:25:01
20.0,40.0,6.0,4.0,0.5257499,3.7131,2.602025,2026-01-27-05:25:01
17.0,40.0,3.0,9.0,0.8245759,2.3173568,2.5580587,2026-01-27-05:25:07
20.0,30.0,4.0,5.0,0.7412999,3.1788998,2.1373,2026-01-27-05:25:07
20.0,30.0,17.0,9.0,0.64559984,2.820875,3.51165,2026-01-27-05:25:07
20.0,50.0,18.0,6.0,0.10260001,3.8385005,4.2534,2026-01-27-05:25:07
20.0,20.0,6.0,7.0,0.83539987,2.66475,1.9992249,2026-01-27-05:25:07
20.0,20.0,12.0,9.0,0.8023499,2.5335002,2.6142747,2026-01-27-05:25:13
18.0,50.0,11.0,8.0,0.5800973,3.1836069,3.5895555,2026-01-27-05:25:13
18.0,20.0,9.0,10.0,0.8605856,1.8182267,2.1365526,2026-01-27-05:25:13
17.0,50.0,5.0,9.0,0.709322,2.8682292,3.2658353,2026-01-27-05:25:13
19.0,50.0,4.0,5.0,0.4149717,3.771192,3.0960245,2026-01-27-05:25:13
16.0,50.0,4.0,10.0,0.73923206,2.553392,3.192811,2026-01-27-05:25:19
20.0,10.0,3.0,9.0,0.8575499,2.058325,1.6529999,2026-01-27-05:25:19
20.0,40.0,19.0,8.0,0.409025,3.2275,4.08435,2026-01-27-05:25:19
20.0,20.0,9.0,8.0,0.83102494,2.6055,2.27735,2026-01-27-05:25:19
20.0,50.0,13.0,3.0,-0.025350012,4.206425,3.4153001,2026-01-27-05:25:19
17.0,30.0,10.0,10.0,0.8660457,1.8847094,2.4690719,2026-01-27-05:25:24
20.0,30.0,1.0,5.0,0.7637999,3.110275,2.05405,2026-01-27-05:25:24
17.0,50.0,9.0,9.0,0.68034303,2.8563764,3.429772,2026-01-27-05:25:24
20.0,50.0,19.0,6.0,0.034500062,3.8084755,4.3579,2026-01-27-05:25:24
18.0,30.0,5.0,8.0,0.844279,2.270478,2.1483579,2026-01-27-05:25:24
18.0,40.0,13.0,9.0,0.73265135,2.6119611,3.2574499,2026-01-27-05:25:31
20.0,20.0,7.0,7.0,0.8117749,2.68855,2.0592997,2026-01-27-05:25:31
16.0,40.0,3.0,10.0,0.842836,2.0021443,2.5051713,2026-01-27-05:25:31
19.0,50.0,14.0,7.0,0.40413487,3.5179608,3.8475928,2026-01-27-05:25:31
20.0,50.0,1.0,1.0,0.06934996,4.4913254,2.7517,2026-01-27-05:25:31
17.0,50.0,4.0,9.0,0.70556664,2.8650675,3.238851,2026-01-27-05:25:37
17.0,30.0,5.0,9.0,0.8591509,1.9170316,2.0892692,2026-01-27-05:25:37
20.0,30.0,8.0,6.0,0.7415999,3.122,2.4218998,2026-01-27-05:25:37
20.0,50.0,15.0,4.0,0.0019999146,4.0773754,3.7015,2026-01-27-05:25:37
16.0,40.0,8.0,10.0,0.8385795,2.0419734,2.7051911,2026-01-27-05:25:37
18.0,40.0,14.0,9.0,0.6923132,2.6026192,3.343064,2026-01-27-05:25:43
17.0,40.0,2.0,9.0,0.8156457,2.3016696,2.5351496,2026-01-27-05:25:43
20.0,50.0,17.0,5.0,0.021949917,3.944725,4.0157,2026-01-27-05:25:43
19.0,20.0,1.0,8.0,0.87804925,2.0937502,1.7127637,2026-01-27-05:25:43
20.0,40.0,7.0,4.0,0.5017249,3.717,2.6436498,2026-01-27-05:25:43
16.0,50.0,8.0,10.0,0.7415268,2.5498552,3.3355267,2026-01-27-05:25:50
19.0,20.0,4.0,8.0,0.87022966,2.193437,1.8266732,2026-01-27-05:25:50
18.0,30.0,10.0,9.0,0.8362921,2.2322216,2.5294762,2026-01-27-05:25:50
19.0,50.0,1.0,6.0,0.514456,3.6584198,3.1724508,2026-01-27-05:25:50
19.0,40.0,20.0,9.0,0.41523743,2.7990556,4.1502047,2026-01-27-05:25:50
19.0,40.0,9.0,7.0,0.7029309,3.0956583,2.9160666,2026-01-27-05:25:56
16.0,40.0,5.0,10.0,0.8543334,2.025426,2.5683792,2026-01-27-05:25:56
20.0,50.0,16.0,4.0,-0.058000103,4.0516,3.7863998,2026-01-27-05:25:56
19.0,50.0,9.0,6.0,0.45180333,3.6674511,3.3948085,2026-01-27-05:25:56
17.0,50.0,19.0,10.0,0.44271415,2.603063,4.3648453,2026-01-27-05:25:56
20.0,20.0,13.0,9.0,0.75742495,2.5457,2.7107499,2026-01-27-05:26:02
19.0,40.0,13.0,8.0,0.67889416,2.9902632,3.3106563,2026-01-27-05:26:02
18.0,30.0,2.0,8.0,0.85181844,2.2067795,2.0423393,2026-01-27-05:26:02
19.0,30.0,6.0,7.0,0.8129139,2.6742132,2.2539296,2026-01-27-05:26:02
19.0,50.0,15.0,7.0,0.35705325,3.497365,3.9299877,2026-01-27-05:26:02
18.0,40.0,8.0,8.0,0.7661133,2.7096922,2.8082566,2026-01-27-05:26:08
17.0,30.0,3.0,9.0,0.86174035,1.877758,2.0124009,2026-01-27-05:26:08
19.0,50.0,10.0,6.0,0.42417178,3.657555,3.4478035,2026-01-27-05:26:08
18.0,50.0,20.0,9.0,0.29510784,2.914432,4.5215816,2026-01-27-05:26:08
16.0,50.0,9.0,10.0,0.7311005,2.5428457,3.3852057,2026-01-27-05:26:08
19.0,20.0,12.0,10.0,0.8260559,2.1297479,2.541852,2026-01-27-05:26:15
18.0,50.0,1.0,8.0,0.6427289,3.1850278,3.2386606,2026-01-27-05:26:15
20.0,20.0,10.0,8.0,0.79674983,2.6235,2.355625,2026-01-27-05:26:15
20.0,50.0,3.0,1.0,0.052849967,4.4966254,2.7619,2026-01-27-05:26:15
17.0,50.0,20.0,10.0,0.38301933,2.571025,4.47723,2026-01-27-05:26:15
18.0,40.0,1.0,8.0,0.7891303,2.6315868,2.5715554,2026-01-27-05:26:21
17.0,50.0,10.0,9.0,0.66209817,2.8472884,3.4847562,2026-01-27-05:26:21
18.0,20.0,3.0,9.0,0.8728355,1.7802505,1.7138447,2026-01-27-05:26:21
20.0,50.0,2.0,1.0,0.06329997,4.4952,2.7540002,2026-01-27-05:26:21
18.0,50.0,12.0,8.0,0.5496342,3.16999,3.6554446,2026-01-27-05:26:21
17.0,50.0,3.0,9.0,0.6974114,2.8594556,3.2174666,2026-01-27-05:26:27
19.0,20.0,5.0,8.0,0.858823,2.2217658,1.8758428,2026-01-27-05:26:27
19.0,30.0,16.0,10.0,0.7538664,2.4247708,3.3352084,2026-01-27-05:26:27
19.0,50.0,3.0,5.0,0.41875333,3.7679384,3.0780294,2026-01-27-05:26:27
19.0,50.0,18.0,8.0,0.334098,3.3515663,4.3481827,2026-01-27-05:26:27
20.0,30.0,14.0,8.0,0.70189995,2.9339998,3.0895998,2026-01-27-05:26:34
20.0,20.0,2.0,6.0,0.82405,2.6792002,1.7436249,2026-01-27-05:26:34
16.0,40.0,9.0,10.0,0.8245281,2.042589,2.7619953,2026-01-27-05:26:34
20.0,50.0,8.0,1.0,-0.06540008,4.467,2.8854,2026-01-27-05:26:34
17.0,50.0,12.0,9.0,0.6124087,2.821762,3.6115248,2026-01-27-05:26:34
17.0,40.0,9.0,9.0,0.7857575,2.3600278,2.813114,2026-01-27-05:26:41
20.0,40.0,13.0,6.0,0.503975,3.49775,3.2464004,2026-01-27-05:26:41
20.0,10.0,1.0,10.0,0.9068,1.8207749,1.6178,2026-01-27-05:26:41
20.0,30.0,5.0,5.0,0.7249999,3.1968749,2.17625,2026-01-27-05:26:41
16.0,50.0,12.0,10.0,0.6734215,2.5071182,3.5678427,2026-01-27-05:26:41
18.0,40.0,9.0,8.0,0.74522513,2.7110503,2.8644712,2026-01-27-05:26:47
20.0,40.0,16.0,7.0,0.46864983,3.369,3.635975,2026-01-27-05:26:47
16.0,30.0,5.0,10.0,0.87226105,1.5971694,2.030419,2026-01-27-05:26:47
18.0,40.0,19.0,10.0,0.5549014,2.4484372,3.9756582,2026-01-27-05:26:47
20.0,20.0,3.0,6.0,0.815475,2.71125,1.7799,2026-01-27-05:26:47
17.0,50.0,2.0,9.0,0.68485606,2.8513935,3.2016826,2026-01-27-05:26:54
16.0,40.0,2.0,10.0,0.8304874,1.9868283,2.481968,2026-01-27-05:26:54
19.0,30.0,1.0,7.0,0.84257174,2.5661936,2.0787058,2026-01-27-05:26:54
20.0,40.0,3.0,3.0,0.47752494,3.7978,2.4070497,2026-01-27-05:26:54
19.0,50.0,16.0,7.0,0.30557165,3.4743187,4.017982,2026-01-27-05:26:54
16.0,50.0,5.0,10.0,0.7464057,2.5561826,3.22009,2026-01-27-05:27:00
20.0,10.0,2.0,9.0,0.86209995,2.014,1.6054,2026-01-27-05:27:00
19.0,40.0,10.0,7.0,0.6742244,3.094937,2.9775865,2026-01-27-05:27:00
20.0,50.0,12.0,2.0,-0.107600056,4.3128,3.2168005,2026-01-27-05:27:00
20.0,10.0,9.0,10.0,0.8028,2.1387749,2.1218,2026-01-27-05:27:00
20.0,30.0,9.0,6.0,0.71024996,3.1317248,2.48465,2026-01-27-05:27:07
16.0,40.0,10.0,10.0,0.8060769,2.0407548,2.8243992,2026-01-27-05:27:07
18.0,50.0,13.0,8.0,0.5147711,3.1539228,3.7269347,2026-01-27-05:27:07
17.0,20.0,4.0,10.0,0.8665036,1.4614644,1.6889838,2026-01-27-05:27:07
19.0,50.0,5.0,5.0,0.40679014,3.771996,3.1196194,2026-01-27-05:27:07
17.0,40.0,10.0,9.0,0.7638878,2.3585646,2.8752234,2026-01-27-05:27:13
18.0,30.0,1.0,8.0,0.8455317,2.1806464,2.0182,2026-01-27-05:27:13
17.0,50.0,11.0,9.0,0.63945353,2.83575,3.5453405,2026-01-27-05:27:13
20.0,50.0,9.0,1.0,-0.10225006,4.453725,2.9269,2026-01-27-05:27:13
20.0,30.0,11.0,7.0,0.73389995,3.0343747,2.7263498,2026-01-27-05:27:13
18.0,30.0,6.0,8.0,0.8329659,2.2868109,2.1948974,2026-01-27-05:27:21
19.0,40.0,14.0,8.0,0.63513756,2.9812922,3.3959756,2026-01-27-05:27:21
19.0,50.0,2.0,5.0,0.4181349,3.7622342,3.065635,2026-01-27-05:27:21
18.0,40.0,10.0,8.0,0.71993685,2.709958,2.9262857,2026-01-27-05:27:21
19.0,50.0,20.0,7.0,0.055645347,3.3576343,4.4259615,2026-01-27-05:27:21
16.0,50.0,3.0,10.0,0.7276584,2.548151,3.1711318,2026-01-27-05:27:27
17.0,30.0,2.0,9.0,0.8564352,1.854446,1.9823667,2026-01-27-05:27:27
20.0,10.0,2.0,8.0,0.81499994,2.1589,1.5496,2026-01-27-05:27:27
9.0,30.0,18.0,3.0,-0.4787925,0.45713523,1.6022128,2026-01-27-05:27:27
16.0,10.0,7.0,8.0,0.508248,1.3193718,1.3208216,2026-01-27-05:27:27
20.0,30.0,6.0,5.0,0.7043,3.2124,2.2208002,2026-01-27-05:27:35
17.0,40.0,1.0,9.0,0.80231535,2.283533,2.5178404,2026-01-27-05:27:35
17.0,50.0,13.0,9.0,0.5809641,2.8053238,3.6833088,2026-01-27-05:27:35
17.0,30.0,6.0,9.0,0.85125613,1.9329934,2.1361034,2026-01-27-05:27:35
20.0,50.0,10.0,1.0,-0.14350006,4.4380007,2.974,2026-01-27-05:27:35
19.0,40.0,4.0,6.0,0.6862244,3.1642737,2.5901575,2026-01-27-05:27:41
19.0,20.0,9.0,9.0,0.8466862,2.1950712,2.2068322,2026-01-27-05:27:41
17.0,40.0,15.0,10.0,0.7064075,2.2453673,3.3819008,2026-01-27-05:27:41
20.0,20.0,4.0,6.0,0.8025,2.7408502,1.821775,2026-01-27-05:27:41
20.0,50.0,17.0,4.0,-0.12240006,4.0233755,3.8769,2026-01-27-05:27:41
17.0,30.0,11.0,10.0,0.8387009,1.889971,2.5453062,2026-01-27-05:27:48
19.0,40.0,15.0,8.0,0.58698094,2.9698713,3.4868953,2026-01-27-05:27:48
20.0,30.0,7.0,5.0,0.67919993,3.225475,2.27095,2026-01-27-05:27:48
20.0,50.0,18.0,5.0,-0.04430005,3.9155998,4.1132,2026-01-27-05:27:48
20.0,50.0,13.0,2.0,-0.1595,4.291275,3.2821,2026-01-27-05:27:48
19.0,30.0,7.0,7.0,0.79378223,2.688467,2.305774,2026-01-27-05:27:55
16.0,50.0,10.0,10.0,0.71627414,2.5333865,3.4404845,2026-01-27-05:27:55
19.0,50.0,7.0,5.0,0.37722698,3.766254,3.1836088,2026-01-27-05:27:55
18.0,50.0,14.0,8.0,0.47550792,3.1354058,3.804024,2026-01-27-05:27:55
17.0,20.0,5.0,10.0,0.8619338,1.4890511,1.7387431,2026-01-27-05:27:55
16.0,50.0,2.0,10.0,0.71168464,2.5404599,3.1550534,2026-01-27-05:28:02
19.0,40.0,3.0,6.0,0.691081,3.151845,2.5636375,2026-01-27-05:28:02
18.0,20.0,4.0,9.0,0.8692474,1.8106585,1.7577094,2026-01-27-05:28:02
19.0,50.0,11.0,6.0,0.39214015,3.6452093,3.5063984,2026-01-27-05:28:02
20.0,50.0,19.0,5.0,-0.11495,3.8840249,4.2163,2026-01-27-05:28:02
19.0,40.0,5.0,6.0,0.6769678,3.1742525,2.622277,2026-01-27-05:28:09
17.0,20.0,3.0,10.0,0.8666733,1.4314276,1.6448246,2026-01-27-05:28:09
19.0,30.0,13.0,9.0,0.7914717,2.5254197,2.9332635,2026-01-27-05:28:09
19.0,50.0,17.0,7.0,0.24969012,3.4488227,4.1115775,2026-01-27-05:28:09
18.0,20.0,5.0,9.0,0.8612592,1.8386164,1.8071737,2026-01-27-05:28:09
19.0,20.0,6.0,8.0,0.8430163,2.247645,1.9306126,2026-01-27-05:28:16
17.0,50.0,1.0,9.0,0.6679009,2.840882,3.1914983,2026-01-27-05:28:16
19.0,50.0,12.0,6.0,0.3557086,3.6304133,3.5705929,2026-01-27-05:28:16
18.0,20.0,1.0,9.0,0.8668119,1.7120848,1.6429157,2026-01-27-05:28:16
20.0,20.0,16.0,10.0,0.69379985,2.4551501,3.1246748,2026-01-27-05:28:16
18.0,30.0,7.0,8.0,0.81725276,2.3006938,2.2470367,2026-01-27-05:28:23
19.0,40.0,11.0,7.0,0.64111775,3.0917659,3.0447059,2026-01-27-05:28:23
17.0,50.0,14.0,9.0,0.5451193,2.7864356,3.7606933,2026-01-27-05:28:23
19.0,50.0,1.0,5.0,0.41311648,3.7540805,3.05884,2026-01-27-05:28:23
20.0,50.0,14.0,3.0,-0.07910002,4.1840005,3.4876,2026-01-27-05:28:23
20.0,10.0,11.0,10.0,0.73279995,2.193775,2.3037999,2026-01-27-05:28:30
20.0,40.0,17.0,7.0,0.4082749,3.35305,3.7378,2026-01-27-05:28:30
18.0,40.0,11.0,8.0,0.6902487,2.706416,2.9936998,2026-01-27-05:28:30
16.0,40.0,1.0,10.0,0.81373864,1.9690626,2.4643636,2026-01-27-05:28:30
20.0,40.0,3.0,2.0,0.38362494,3.9089,2.3033495,2026-01-27-05:28:30
19.0,40.0,2.0,6.0,0.69153756,3.136966,2.5427177,2026-01-27-05:28:38
18.0,30.0,14.0,10.0,0.78961843,2.150832,2.9648554,2026-01-27-05:28:38
18.0,50.0,15.0,8.0,0.4318447,3.1144385,3.8867133,2026-01-27-05:28:38
20.0,10.0,1.0,9.0,0.86225,1.967225,1.5633999,2026-01-27-05:28:38
20.0,40.0,4.0,2.0,0.36769995,3.91705,2.3253748,2026-01-27-05:28:38
19.0,30.0,3.0,6.0,0.7669691,2.7308118,2.0465846,2026-01-27-05:28:45
19.0,40.0,16.0,8.0,0.5344243,2.956,3.5834153,2026-01-27-05:28:45
19.0,30.0,14.0,9.0,0.7466401,2.5256238,3.0271084,2026-01-27-05:28:45
16.0,30.0,8.0,10.0,0.8456321,1.6365918,2.1886058,2026-01-27-05:28:45
19.0,40.0,6.0,6.0,0.6633111,3.1817818,2.659997,2026-01-27-05:28:45
19.0,40.0,1.0,6.0,0.6875941,3.119637,2.527398,2026-01-27-05:28:52
20.0,20.0,5.0,6.0,0.78512496,2.768,1.86925,2026-01-27-05:28:52
20.0,40.0,14.0,6.0,0.45424998,3.4876,3.330025,2026-01-27-05:28:52
16.0,40.0,11.0,10.0,0.78322554,2.0364704,2.8924031,2026-01-27-05:28:52
19.0,20.0,7.0,8.0,0.8228098,2.2710738,1.9909822,2026-01-27-05:28:52
19.0,30.0,2.0,6.0,0.7710507,2.7083077,2.01854,2026-01-27-05:28:59
20.0,30.0,15.0,8.0,0.6492499,2.9321249,3.1887496,2026-01-27-05:28:59
20.0,40.0,8.0,4.0,0.47329992,3.7184498,2.690875,2026-01-27-05:28:59
16.0,50.0,14.0,10.0,0.6129689,2.4710498,3.7176008,2026-01-27-05:28:59
16.0,40.0,12.0,10.0,0.7559742,2.0297365,2.966007,2026-01-27-05:28:59
18.0,30.0,8.0,8.0,0.7971396,2.3121269,2.3047764,2026-01-27-05:29:06
18.0,50.0,5.0,7.0,0.56114733,3.2955308,3.1953976,2026-01-27-05:29:06
17.0,50.0,15.0,9.0,0.5048746,2.7650976,3.8436773,2026-01-27-05:29:06
20.0,10.0,5.0,9.0,0.8352499,2.1396248,1.765,2026-01-27-05:29:06
18.0,40.0,5.0,7.0,0.7077987,2.7833397,2.5722923,2026-01-27-05:29:06
20.0,20.0,11.0,8.0,0.7580748,2.63905,2.4394999,2026-01-27-05:29:13
20.0,30.0,18.0,9.0,0.58229995,2.8131998,3.6289997,2026-01-27-05:29:13
18.0,20.0,10.0,10.0,0.8331474,1.8354845,2.2154174,2026-01-27-05:29:13
20.0,30.0,12.0,7.0,0.6919,3.0382998,2.8073,2026-01-27-05:29:13
20.0,50.0,11.0,1.0,-0.18915005,4.4198256,3.0267,2026-01-27-05:29:13
19.0,20.0,10.0,9.0,0.8158296,2.2127,2.285402,2026-01-27-05:29:20
20.0,30.0,19.0,9.0,0.5145999,2.8030746,3.7519498,2026-01-27-05:29:20
19.0,40.0,7.0,6.0,0.6452546,3.1868606,2.7033165,2026-01-27-05:29:20
20.0,40.0,9.0,4.0,0.44047496,3.71745,2.7437003,2026-01-27-05:29:20
19.0,30.0,8.0,7.0,0.7702506,2.7002714,2.3632188,2026-01-27-05:29:20
19.0,30.0,17.0,10.0,0.6983848,2.419175,3.4472532,2026-01-27-05:29:27
18.0,30.0,9.0,8.0,0.7726264,2.3211093,2.368116,2026-01-27-05:29:27
20.0,30.0,3.0,4.0,0.6740499,3.280325,2.01575,2026-01-27-05:29:27
16.0,30.0,2.0,10.0,0.85929,1.5356969,1.9226321,2026-01-27-05:29:27
20.0,50.0,12.0,1.0,-0.23920007,4.3992004,3.085,2026-01-27-05:29:27
17.0,40.0,11.0,9.0,0.737618,2.3546512,2.9429321,2026-01-27-05:29:35
18.0,50.0,6.0,7.0,0.5545342,3.2950635,3.226287,2026-01-27-05:29:35
20.0,10.0,1.0,8.0,0.81769997,2.1136749,1.509,2026-01-27-05:29:35
17.0,30.0,7.0,9.0,0.8389615,1.9465055,2.1885376,2026-01-27-05:29:35
18.0,50.0,16.0,8.0,0.38378158,3.0910215,3.9750025,2026-01-27-05:29:35
19.0,40.0,12.0,7.0,0.60361123,3.0861452,3.1174254,2026-01-27-05:29:42
17.0,30.0,8.0,9.0,0.82226676,1.9575672,2.2465718,2026-01-27-05:29:42
19.0,30.0,15.0,9.0,0.69740844,2.523378,3.1265528,2026-01-27-05:29:42
19.0,50.0,8.0,5.0,0.3558454,3.7597082,3.2240033,2026-01-27-05:29:42
20.0,20.0,8.0,7.0,0.78374994,2.7099001,2.1249747,2026-01-27-05:29:42
20.0,30.0,13.0,7.0,0.64550006,3.039775,2.8938498,2026-01-27-05:29:50
20.0,20.0,17.0,10.0,0.6338249,2.4591,3.2449498,2026-01-27-05:29:50
20.0,10.0,6.0,9.0,0.8174999,2.1766,1.8294001,2026-01-27-05:29:50
20.0,40.0,18.0,7.0,0.34350005,3.33465,3.845225,2026-01-27-05:29:50
20.0,40.0,2.0,2.0,0.39514995,3.8983002,2.2869248,2026-01-27-05:29:50
16.0,50.0,1.0,10.0,0.691311,2.5303195,3.1445742,2026-01-27-05:29:57
18.0,50.0,7.0,7.0,0.54352105,3.2921462,3.2627761,2026-01-27-05:29:57
19.0,20.0,2.0,7.0,0.82020324,2.2557895,1.676623,2026-01-27-05:29:57
20.0,40.0,0.0,0.0,0.23249996,4.1012497,2.071875,2026-01-27-05:29:57
15.0,40.0,6.0,10.0,0.7897382,1.8181535,2.462666,2026-01-27-05:29:57
18.0,40.0,4.0,7.0,0.7136368,2.7737322,2.5398777,2026-01-27-05:30:04
19.0,20.0,13.0,10.0,0.78454936,2.1415768,2.6386216,2026-01-27-05:30:04
16.0,50.0,13.0,10.0,0.6453952,2.4903085,3.6399214,2026-01-27-05:30:04
20.0,40.0,11.0,5.0,0.47592494,3.6094,2.9810498,2026-01-27-05:30:04
20.0,50.0,13.0,1.0,-0.29365003,4.376126,3.1489,2026-01-27-05:30:04
20.0,20.0,9.0,7.0,0.751325,2.7288,2.19625,2026-01-27-05:30:12
19.0,30.0,18.0,10.0,0.63850325,2.4111288,3.5648978,2026-01-27-05:30:12
16.0,30.0,9.0,10.0,0.8279558,1.6448326,2.2525346,2026-01-27-05:30:12
19.0,50.0,9.0,5.0,0.33006388,3.750712,3.269998,2026-01-27-05:30:12
20.0,30.0,10.0,6.0,0.67449987,3.139,2.5530002,2026-01-27-05:30:12
19.0,30.0,4.0,6.0,0.7584875,2.7508655,2.0802298,2026-01-27-05:30:19
19.0,30.0,10.0,8.0,0.804777,2.6133184,2.5901191,2026-01-27-05:30:19
20.0,30.0,16.0,8.0,0.5921999,2.9277997,3.2934997,2026-01-27-05:30:19
20.0,40.0,19.0,7.0,0.27432492,3.3138,3.9582498,2026-01-27-05:30:19
17.0,30.0,1.0,9.0,0.8467298,1.8286844,1.9579322,2026-01-27-05:30:19
18.0,40.0,3.0,7.0,0.7150751,2.7616742,2.5130632,2026-01-27-05:30:27
18.0,20.0,6.0,9.0,0.848871,1.8641243,1.8622383,2026-01-27-05:30:27
17.0,50.0,16.0,9.0,0.46022972,2.7413096,3.9322617,2026-01-27-05:30:27
18.0,30.0,11.0,9.0,0.80552894,2.2378542,2.6054158,2026-01-27-05:30:27
19.0,40.0,8.0,6.0,0.6227981,3.1894896,2.7522361,2026-01-27-05:30:27
19.0,20.0,11.0,9.0,0.7805729,2.2278793,2.3695717,2026-01-27-05:30:35
17.0,50.0,7.0,8.0,0.5914141,2.9379845,3.2201722,2026-01-27-05:30:35
20.0,40.0,5.0,2.0,0.34737495,3.9227498,2.353,2026-01-27-05:30:35
20.0,30.0,2.0,4.0,0.6840999,3.2589998,1.9893999,2026-01-27-05:30:35
16.0,50.0,15.0,10.0,0.5761426,2.4493406,3.8008795,2026-01-27-05:30:35
20.0,20.0,14.0,9.0,0.70809996,2.55545,2.8128247,2026-01-27-05:30:42
20.0,40.0,15.0,6.0,0.40012497,3.475,3.41925,2026-01-27-05:30:42
18.0,30.0,3.0,7.0,0.7789764,2.3367336,1.989458,2026-01-27-05:30:42
19.0,20.0,1.0,7.0,0.82095987,2.2216606,1.6456532,2026-01-27-05:30:42
16.0,50.0,17.0,10.0,0.48928994,2.3985717,3.9842374,2026-01-27-05:30:42
17.0,30.0,12.0,10.0,0.8069563,1.892783,2.6271403,2026-01-27-05:30:50
18.0,40.0,15.0,9.0,0.647575,2.5908267,3.4342787,2026-01-27-05:30:50
19.0,50.0,4.0,4.0,0.3059822,3.862203,2.9782138,2026-01-27-05:30:50
19.0,50.0,18.0,7.0,0.18940857,3.4208765,4.210772,2026-01-27-05:30:50
20.0,30.0,1.0,4.0,0.68974996,3.235225,1.9686499,2026-01-27-05:30:50
16.0,40.0,6.0,9.0,0.76077414,2.1086838,2.5116415,2026-01-27-05:30:57
17.0,50.0,6.0,8.0,0.59900886,2.9412723,3.183388,2026-01-27-05:30:57
20.0,50.0,16.0,3.0,-0.19980012,4.1318,3.649,2026-01-27-05:30:57
19.0,20.0,3.0,7.0,0.8150467,2.2874687,1.7131927,2026-01-27-05:30:57
20.0,30.0,8.0,5.0,0.64969987,3.2361002,2.3267,2026-01-27-05:30:57
19.0,30.0,12.0,8.0,0.7320138,2.6228762,2.7470083,2026-01-27-05:31:05
19.0,50.0,13.0,6.0,0.3148771,3.613167,3.640388,2026-01-27-05:31:05
20.0,20.0,6.0,6.0,0.7633499,2.7927003,1.922325,2026-01-27-05:31:05
17.0,20.0,7.0,10.0,0.83959436,1.536875,1.8550614,2026-01-27-05:31:05
18.0,50.0,4.0,7.0,0.5633605,3.2935479,3.170108,2026-01-27-05:31:05
19.0,30.0,1.0,6.0,0.7707323,2.683354,1.9960953,2026-01-27-05:31:13
17.0,50.0,5.0,8.0,0.60220355,2.9421105,3.1522038,2026-01-27-05:31:13
20.0,40.0,2.0,3.0,0.48649997,3.78565,2.3892248,2026-01-27-05:31:13
18.0,30.0,12.0,9.0,0.7703658,2.2410374,2.6869552,2026-01-27-05:31:13
20.0,50.0,17.0,3.0,-0.26675004,4.1020255,3.7381,2026-01-27-05:31:13
20.0,10.0,10.0,10.0,0.77,2.1675,2.21,2026-01-27-05:31:20
18.0,50.0,8.0,7.0,0.5281079,3.2867796,3.3048658,2026-01-27-05:31:20
16.0,50.0,6.0,9.0,0.6417215,2.6210651,3.1407268,2026-01-27-05:31:20
20.0,40.0,5.0,3.0,0.44637495,3.8147497,2.4594998,2026-01-27-05:31:20
20.0,50.0,18.0,4.0,-0.19120003,3.9926999,3.9729998,2026-01-27-05:31:20
19.0,30.0,9.0,7.0,0.74231905,2.7096252,2.4262638,2026-01-27-05:31:28
18.0,50.0,9.0,7.0,0.5082947,3.2789621,3.3525555,2026-01-27-05:31:28
19.0,20.0,8.0,8.0,0.7982033,2.2920527,2.056952,2026-01-27-05:31:28
18.0,30.0,15.0,10.0,0.74380535,2.148215,3.0645947,2026-01-27-05:31:28
20.0,50.0,15.0,2.0,-0.27650005,4.2408752,3.4295003,2026-01-27-05:31:28
18.0,40.0,6.0,7.0,0.69756067,2.7904978,2.6103065,2026-01-27-05:31:36
19.0,20.0,4.0,7.0,0.8054901,2.3166978,1.7553626,2026-01-27-05:31:36
18.0,50.0,10.0,7.0,0.4840816,3.2686949,3.4058447,2026-01-27-05:31:36
18.0,20.0,7.0,9.0,0.8320829,1.8871822,1.9229026,2026-01-27-05:31:36
19.0,40.0,20.0,8.0,0.28019804,2.8760157,4.025494,2026-01-27-05:31:36
20.0,20.0,12.0,8.0,0.7149999,2.65215,2.528975,2026-01-27-05:31:44
19.0,50.0,14.0,6.0,0.26964545,3.593471,3.7157824,2026-01-27-05:31:44
19.0,20.0,14.0,10.0,0.73864275,2.1509554,2.7409916,2026-01-27-05:31:44
19.0,40.0,13.0,7.0,0.5617047,3.078074,3.1957455,2026-01-27-05:31:44
17.0,30.0,9.0,9.0,0.8011719,1.9661791,2.310206,2026-01-27-05:31:44
18.0,40.0,2.0,7.0,0.7121132,2.7471662,2.4918485,2026-01-27-05:31:52
18.0,50.0,2.0,7.0,0.5545869,3.2822318,3.136329,2026-01-27-05:31:52
19.0,30.0,5.0,6.0,0.74560595,2.7684693,2.1194744,2026-01-27-05:31:52
17.0,20.0,2.0,10.0,0.86244303,1.3989407,1.6062653,2026-01-27-05:31:52
20.0,40.0,6.0,2.0,0.32264993,3.926,2.3862247,2026-01-27-05:31:52
17.0,40.0,5.0,8.0,0.7368681,2.4260116,2.5225456,2026-01-27-05:32:00
19.0,50.0,10.0,5.0,0.29988226,3.739266,3.3215928,2026-01-27-05:32:00
20.0,20.0,7.0,6.0,0.737175,2.8149502,1.9809998,2026-01-27-05:32:00
19.0,10.0,4.0,10.0,0.83297175,1.6955081,1.6248665,2026-01-27-05:32:00
18.0,40.0,16.0,9.0,0.59843683,2.5765848,3.5310934,2026-01-27-05:32:00
17.0,40.0,6.0,8.0,0.73004836,2.4327986,2.560855,2026-01-27-05:32:08
19.0,40.0,14.0,7.0,0.51539797,3.067553,3.279665,2026-01-27-05:32:08
19.0,50.0,15.0,6.0,0.22001387,3.5713253,3.7967772,2026-01-27-05:32:08
16.0,30.0,4.0,9.0,0.79947937,1.6682707,1.9104478,2026-01-27-05:32:08
19.0,10.0,3.0,10.0,0.8385033,1.6540041,1.5713718,2026-01-27-05:32:08
19.0,30.0,10.0,7.0,0.70998746,2.7165291,2.4949086,2026-01-27-05:32:16
18.0,50.0,17.0,8.0,0.3313184,3.0651538,4.0688925,2026-01-27-05:32:16
17.0,30.0,10.0,9.0,0.77567726,1.972341,2.37944,2026-01-27-05:32:16
17.0,50.0,8.0,8.0,0.5794194,2.9322462,3.2625566,2026-01-27-05:32:16
15.0,40.0,7.0,10.0,0.7853554,1.8217483,2.5071645,2026-01-27-05:32:16
17.0,40.0,12.0,9.0,0.70694834,2.348288,3.0162418,2026-01-27-05:32:24
20.0,40.0,1.0,3.0,0.49107492,3.77105,2.3769999,2026-01-27-05:32:24
18.0,20.0,8.0,9.0,0.8108947,1.9077901,1.9891672,2026-01-27-05:32:24
17.0,50.0,18.0,9.0,0.3577403,2.686383,4.12623,2026-01-27-05:32:24
19.0,30.0,6.0,6.0,0.7283243,2.7836235,2.1643193,2026-01-27-05:32:24
18.0,40.0,7.0,7.0,0.68292236,2.7952056,2.653921,2026-01-27-05:32:32
20.0,10.0,3.0,8.0,0.8079,2.201675,1.5957999,2026-01-27-05:32:32
19.0,50.0,3.0,4.0,0.31231388,3.860499,2.961619,2026-01-27-05:32:32
18.0,50.0,19.0,8.0,0.21319216,3.00607,4.2734714,2026-01-27-05:32:32
15.0,40.0,8.0,10.0,0.7765725,1.822893,2.5572631,2026-01-27-05:32:32
17.0,40.0,16.0,10.0,0.6606878,2.2307537,3.47901,2026-01-27-05:32:40
20.0,40.0,6.0,3.0,0.42419994,3.81955,2.4941247,2026-01-27-05:32:40
18.0,20.0,11.0,10.0,0.8013093,1.8502924,2.2998817,2026-01-27-05:32:40
20.0,20.0,10.0,7.0,0.7144999,2.74525,2.273125,2026-01-27-05:32:40
18.0,50.0,1.0,7.0,0.5436,3.2728992,3.1278396,2026-01-27-05:32:40
18.0,40.0,12.0,8.0,0.6561606,2.700424,3.0667143,2026-01-27-05:32:48
17.0,30.0,4.0,8.0,0.7875773,1.9955515,1.9668036,2026-01-27-05:32:48
20.0,40.0,1.0,2.0,0.40227494,3.8852499,2.2761,2026-01-27-05:32:48
19.0,30.0,20.0,10.0,0.50554013,2.3876865,3.8169873,2026-01-27-05:32:48
20.0,10.0,7.0,9.0,0.79534996,2.2111251,1.8993999,2026-01-27-05:32:48
20.0,30.0,4.0,4.0,0.6595999,3.2991998,2.0476997,2026-01-27-05:32:56
17.0,50.0,9.0,8.0,0.5630246,2.9240577,3.3105407,2026-01-27-05:32:56
20.0,40.0,7.0,3.0,0.3976249,3.8219001,2.5343497,2026-01-27-05:32:56
16.0,40.0,5.0,9.0,0.7641754,2.102268,2.4730372,2026-01-27-05:32:56
18.0,40.0,19.0,9.0,0.4246224,2.5191584,3.8551364,2026-01-27-05:32:56
19.0,30.0,13.0,8.0,0.6890323,2.62398,2.833853,2026-01-27-05:33:04
18.0,50.0,11.0,7.0,0.45546836,3.2559779,3.4647343,2026-01-27-05:33:04
16.0,30.0,1.0,10.0,0.8461663,1.5103061,1.8979031,2026-01-27-05:33:04
19.0,20.0,9.0,8.0,0.76919675,2.3105817,2.1285217,2026-01-27-05:33:04
18.0,50.0,20.0,8.0,0.14752895,2.972853,4.3841605,2026-01-27-05:33:04
18.0,40.0,1.0,7.0,0.7047513,2.7302082,2.4762342,2026-01-27-05:33:12
19.0,50.0,5.0,4.0,0.29525065,3.8614564,3.000409,2026-01-27-05:33:12
15.0,40.0,3.0,10.0,0.776487,1.7926693,2.3627698,2026-01-27-05:33:12
20.0,20.0,18.0,10.0,0.5694499,2.4606004,3.3708248,2026-01-27-05:33:12
17.0,50.0,19.0,9.0,0.29989567,2.6552448,4.231614,2026-01-27-05:33:12
17.0,40.0,4.0,8.0,0.7392878,2.416775,2.4898367,2026-01-27-05:33:20
17.0,50.0,4.0,8.0,0.60099834,2.9404988,3.1266196,2026-01-27-05:33:20
20.0,40.0,8.0,3.0,0.3666499,3.8218,2.580175,2026-01-27-05:33:20
16.0,30.0,10.0,10.0,0.8058795,1.6506233,2.3220637,2026-01-27-05:33:20
16.0,50.0,19.0,10.0,0.38483733,2.3380036,4.189995,2026-01-27-05:33:20
15.0,50.0,7.0,10.0,0.6819145,2.3304126,3.1356778,2026-01-27-05:33:28
19.0,40.0,9.0,6.0,0.5959415,3.1896687,2.8067558,2026-01-27-05:33:28
19.0,20.0,5.0,7.0,0.7915336,2.3434763,1.8031324,2026-01-27-05:33:28
20.0,40.0,16.0,6.0,0.3415999,3.45995,3.5140748,2026-01-27-05:33:28
18.0,20.0,3.0,8.0,0.8128566,1.8972714,1.6467236,2026-01-27-05:33:28
16.0,50.0,7.0,9.0,0.63754517,2.6174061,3.1778054,2026-01-27-05:33:36
18.0,30.0,4.0,7.0,0.77391315,2.3564165,2.0233974,2026-01-27-05:33:36
20.0,40.0,12.0,5.0,0.43244994,3.6026003,3.052075,2026-01-27-05:33:36
20.0,30.0,5.0,4.0,0.64074993,3.3156247,2.0852501,2026-01-27-05:33:36
20.0,30.0,19.0,8.0,0.39464998,2.9001245,3.6413498,2026-01-27-05:33:36
18.0,40.0,13.0,8.0,0.61767256,2.6919818,3.1453292,2026-01-27-05:33:44
19.0,20.0,6.0,7.0,0.7731769,2.3678055,1.856502,2026-01-27-05:33:44
20.0,40.0,10.0,4.0,0.4032499,3.7140002,2.8021252,2026-01-27-05:33:44
17.0,30.0,13.0,10.0,0.7708115,1.8931446,2.7145746,2026-01-27-05:33:44
20.0,50.0,19.0,4.0,-0.26439998,3.959575,4.0747,2026-01-27-05:33:44
16.0,40.0,13.0,10.0,0.724323,2.0205522,3.045211,2026-01-27-05:33:53
19.0,40.0,3.0,5.0,0.59939146,3.2551556,2.4627268,2026-01-27-05:33:53
17.0,20.0,8.0,10.0,0.8218246,1.5571116,1.9216206,2026-01-27-05:33:53
19.0,50.0,2.0,4.0,0.31424543,3.8563445,2.9506245,2026-01-27-05:33:53
19.0,40.0,17.0,8.0,0.4774678,2.939679,3.685535,2026-01-27-05:33:53
20.0,30.0,11.0,6.0,0.63434994,3.1438248,2.62695,2026-01-27-05:34:01
18.0,30.0,2.0,7.0,0.77963954,2.3146005,1.9611185,2026-01-27-05:34:01
18.0,30.0,16.0,10.0,0.69359213,2.1431475,3.1699343,2026-01-27-05:34:01
19.0,50.0,11.0,5.0,0.26530063,3.7253697,3.3787875,2026-01-27-05:34:01
20.0,20.0,2.0,5.0,0.76219994,2.8133502,1.6723249,2026-01-27-05:34:01
18.0,30.0,5.0,7.0,0.7644501,2.3736491,2.062937,2026-01-27-05:34:09
17.0,50.0,3.0,8.0,0.595393,2.936437,3.1066353,2026-01-27-05:34:09
20.0,30.0,9.0,5.0,0.6157999,3.244275,2.38805,2026-01-27-05:34:09
19.0,50.0,16.0,6.0,0.16598219,3.546729,3.8833718,2026-01-27-05:34:09
16.0,30.0,5.0,9.0,0.79685307,1.6847615,1.9505769,2026-01-27-05:34:09
17.0,40.0,3.0,8.0,0.7373076,2.4050882,2.462727,2026-01-27-05:34:18
19.0,50.0,12.0,5.0,0.22631907,3.709024,3.4415827,2026-01-27-05:34:18
16.0,50.0,8.0,9.0,0.6289689,2.6112971,3.2204845,2026-01-27-05:34:18
20.0,30.0,12.0,6.0,0.58979994,3.1461997,2.7065,2026-01-27-05:34:18
16.0,50.0,20.0,10.0,0.32601094,2.3040442,4.3012743,2026-01-27-05:34:18
17.0,40.0,7.0,8.0,0.7188287,2.4371357,2.6047637,2026-01-27-05:34:26
18.0,50.0,12.0,7.0,0.42245528,3.240811,3.529224,2026-01-27-05:34:26
18.0,20.0,2.0,8.0,0.81459475,1.8659635,1.6098592,2026-01-27-05:34:26
19.0,50.0,6.0,4.0,0.2801191,3.8582606,3.0282035,2026-01-27-05:34:26
20.0,20.0,8.0,6.0,0.7065999,2.8347502,2.045275,2026-01-27-05:34:26
20.0,30.0,14.0,7.0,0.5947,3.0388,2.986,2026-01-27-05:34:34
18.0,20.0,3.0,7.0,0.75287765,2.0142927,1.5796027,2026-01-27-05:34:34
15.0,40.0,5.0,10.0,0.78972113,1.8121089,2.423767,2026-01-27-05:34:34
20.0,40.0,17.0,6.0,0.27867496,3.44245,3.6145,2026-01-27-05:34:34
20.0,10.0,8.0,9.0,0.76879996,2.2432,1.975,2026-01-27-05:34:34
15.0,50.0,6.0,10.0,0.6826725,2.3344426,3.0983043,2026-01-27-05:34:43
19.0,40.0,4.0,5.0,0.59198487,3.2660344,2.487847,2026-01-27-05:34:43
16.0,40.0,3.0,9.0,0.75777805,2.0820868,2.4126294,2026-01-27-05:34:43
20.0,50.0,15.0,3.0,-0.13725004,4.1591253,3.5655,2026-01-27-05:34:43
17.0,40.0,18.0,10.0,0.5560484,2.1941776,3.6900287,2026-01-27-05:34:43
16.0,50.0,5.0,9.0,0.64149785,2.6222746,3.1092477,2026-01-27-05:34:51
20.0,10.0,12.0,10.0,0.69119996,2.2176,2.4032,2026-01-27-05:34:51
19.0,50.0,1.0,4.0,0.311777,3.849741,2.9452295,2026-01-27-05:34:51
20.0,30.0,6.0,4.0,0.61749995,3.3295999,2.1284,2026-01-27-05:34:51
18.0,50.0,14.0,7.0,0.34322894,3.2031267,3.675003,2026-01-27-05:34:51
18.0,30.0,10.0,8.0,0.74371326,2.3276427,2.437055,2026-01-27-05:34:59
18.0,50.0,13.0,7.0,0.3850422,3.223194,3.5993133,2026-01-27-05:34:59
15.0,50.0,8.0,10.0,0.6767566,2.3239326,3.1786516,2026-01-27-05:34:59
17.0,30.0,3.0,8.0,0.78922206,1.9762396,1.9325693,2026-01-27-05:34:59
20.0,20.0,11.0,7.0,0.67327493,2.75925,2.3555999,2026-01-27-05:34:59
17.0,40.0,2.0,8.0,0.7309272,2.3909514,2.4412181,2026-01-27-05:35:08
20.0,40.0,13.0,5.0,0.38457498,3.59335,3.1287003,2026-01-27-05:35:08
19.0,40.0,5.0,5.0,0.58017826,3.2744632,2.5185666,2026-01-27-05:35:08
18.0,40.0,17.0,9.0,0.54489875,2.5598924,3.6335082,2026-01-27-05:35:08
19.0,10.0,2.0,10.0,0.8396349,1.6100501,1.523477,2026-01-27-05:35:08
19.0,30.0,11.0,7.0,0.6732559,2.720983,2.5691533,2026-01-27-05:35:17
19.0,50.0,17.0,6.0,0.10755068,3.5196834,3.9755669,2026-01-27-05:35:17
15.0,30.0,6.0,10.0,0.80680406,1.404364,1.9407777,2026-01-27-05:35:17
20.0,20.0,1.0,5.0,0.76892495,2.7804,1.6430498,2026-01-27-05:35:17
15.0,50.0,10.0,10.0,0.6532408,2.3036218,3.2813988,2026-01-27-05:35:17
20.0,20.0,13.0,8.0,0.66752493,2.6628,2.62405,2026-01-27-05:35:25
20.0,40.0,14.0,5.0,0.33229995,3.5816503,3.210925,2026-01-27-05:35:25
20.0,10.0,4.0,8.0,0.7964,2.2419999,1.6476,2026-01-27-05:35:25
17.0,20.0,1.0,10.0,0.85381275,1.3640039,1.5733062,2026-01-27-05:35:25
19.0,40.0,10.0,6.0,0.56468487,3.1873975,2.8668761,2026-01-27-05:35:25
19.0,30.0,7.0,6.0,0.7066428,2.7963274,2.2147639,2026-01-27-05:35:34
15.0,50.0,9.0,10.0,0.6671987,2.3150017,3.2272253,2026-01-27-05:35:34
20.0,10.0,5.0,8.0,0.7805,2.2798748,1.705,2026-01-27-05:35:34
20.0,50.0,18.0,3.0,-0.33810002,4.0698,3.8328,2026-01-27-05:35:34
18.0,50.0,15.0,7.0,0.29701576,3.1806097,3.7562926,2026-01-27-05:35:34
16.0,50.0,4.0,9.0,0.6368741,2.621034,3.0833688,2026-01-27-05:35:43
19.0,10.0,3.0,9.0,0.7910638,1.7895646,1.5169611,2026-01-27-05:35:43
20.0,50.0,16.0,2.0,-0.3416001,4.2120004,3.5116,2026-01-27-05:35:43
20.0,20.0,3.0,5.0,0.7510749,2.8438501,1.7071999,2026-01-27-05:35:43
20.0,40.0,11.0,4.0,0.36162493,3.7081,2.86615,2026-01-27-05:35:43
16.0,50.0,9.0,9.0,0.61599255,2.6027377,3.2687635,2026-01-27-05:35:51
20.0,10.0,6.0,8.0,0.76019996,2.3153,1.7680001,2026-01-27-05:35:51
19.0,40.0,6.0,5.0,0.56397176,3.2804422,2.5548866,2026-01-27-05:35:51
18.0,20.0,9.0,9.0,0.78530663,1.9259479,2.0610316,2026-01-27-05:35:51
19.0,50.0,3.0,3.0,0.20587438,3.9530594,2.8452086,2026-01-27-05:35:51
17.0,40.0,8.0,8.0,0.7032089,2.4390223,2.6542735,2026-01-27-05:36:00
17.0,50.0,10.0,8.0,0.5422299,2.91342,3.3641248,2026-01-27-05:36:00
17.0,30.0,2.0,8.0,0.7864667,1.9544775,1.9039351,2026-01-27-05:36:00
20.0,40.0,8.0,2.0,0.2599999,3.9251502,2.4694746,2026-01-27-05:36:00
18.0,40.0,20.0,9.0,0.3578843,2.4951165,3.9743516,2026-01-27-05:36:00
15.0,50.0,4.0,10.0,0.6709882,2.3351536,3.0403566,2026-01-27-05:36:09
19.0,10.0,5.0,10.0,0.8230401,1.7345619,1.6839613,2026-01-27-05:36:09
17.0,50.0,11.0,8.0,0.5170351,2.9003315,3.423309,2026-01-27-05:36:09
19.0,50.0,2.0,3.0,0.21035597,3.9504552,2.835614,2026-01-27-05:36:09
19.0,20.0,7.0,7.0,0.7504204,2.3896842,1.9154718,2026-01-27-05:36:09
16.0,40.0,14.0,10.0,0.6882716,2.0089178,3.1300151,2026-01-27-05:36:17
17.0,50.0,2.0,8.0,0.58538777,2.929925,3.092251,2026-01-27-05:36:17
16.0,30.0,6.0,9.0,0.78982675,1.6988022,1.9963058,2026-01-27-05:36:17
19.0,50.0,5.0,3.0,0.18371123,3.9509172,2.8811982,2026-01-27-05:36:17
19.0,50.0,20.0,6.0,-0.09414405,3.4238448,4.2857513,2026-01-27-05:36:17
16.0,40.0,8.0,9.0,0.74077153,2.1141655,2.6056492,2026-01-27-05:36:26
18.0,50.0,5.0,6.0,0.45181844,3.3772016,3.0789766,2026-01-27-05:36:26
16.0,20.0,5.0,10.0,0.80018866,1.2714126,1.6062086,2026-01-27-05:36:26
20.0,50.0,19.0,3.0,-0.41384998,4.035125,3.9331,2026-01-27-05:36:26
20.0,30.0,17.0,8.0,0.5307499,2.9210246,3.40385,2026-01-27-05:36:26
20.0,20.0,15.0,9.0,0.65437496,2.56275,2.9204996,2026-01-27-05:36:35
18.0,20.0,4.0,8.0,0.8067185,1.9261293,1.6891884,2026-01-27-05:36:35
18.0,50.0,4.0,6.0,0.45658162,3.376769,3.055087,2026-01-27-05:36:35
20.0,20.0,19.0,10.0,0.50067496,2.45965,3.5023,2026-01-27-05:36:35
15.0,40.0,9.0,10.0,0.7633896,1.8215876,2.6129618,2026-01-27-05:36:35
19.0,20.0,12.0,9.0,0.7409164,2.2406082,2.4593415,2026-01-27-05:36:44
16.0,50.0,10.0,9.0,0.59861624,2.5917284,3.3226426,2026-01-27-05:36:44
19.0,50.0,7.0,4.0,0.26058754,3.8526146,3.061598,2026-01-27-05:36:44
15.0,40.0,2.0,10.0,0.7632698,1.7792745,2.3406713,2026-01-27-05:36:44
19.0,10.0,1.0,10.0,0.8363665,1.5636462,1.4811822,2026-01-27-05:36:44
16.0,40.0,9.0,9.0,0.7241702,2.1132312,2.6610532,2026-01-27-05:36:53
16.0,50.0,11.0,9.0,0.57683986,2.5782692,3.3821216,2026-01-27-05:36:53
19.0,50.0,1.0,3.0,0.21043758,3.9454017,2.8316193,2026-01-27-05:36:53
16.0,30.0,3.0,9.0,0.79770577,1.64933,1.8759189,2026-01-27-05:36:53
17.0,50.0,20.0,9.0,0.23765087,2.621657,4.3425984,2026-01-27-05:36:53
16.0,50.0,3.0,9.0,0.6278504,2.6173432,3.06309,2026-01-27-05:37:02
20.0,40.0,3.0,1.0,0.28972495,4.02,2.1996496,2026-01-27-05:37:02
16.0,50.0,15.0,9.0,0.44573465,2.4999325,3.676037,2026-01-27-05:37:02
18.0,30.0,13.0,9.0,0.73080266,2.2417703,2.7740948,2026-01-27-05:37:02
20.0,20.0,4.0,5.0,0.73555,2.8719,1.747675,2026-01-27-05:37:02
15.0,50.0,5.0,10.0,0.67903036,2.336023,3.0665302,2026-01-27-05:37:10
19.0,10.0,6.0,10.0,0.80870855,1.771166,1.7486559,2026-01-27-05:37:10
19.0,50.0,8.0,4.0,0.23665598,3.8445184,3.1005929,2026-01-27-05:37:10
19.0,30.0,2.0,5.0,0.6966612,2.8239186,1.9345295,2026-01-27-05:37:10
16.0,50.0,14.0,9.0,0.48511103,2.523192,3.5941584,2026-01-27-05:37:10
20.0,30.0,15.0,7.0,0.5395,3.0353749,3.08375,2026-01-27-05:37:19
16.0,40.0,2.0,9.0,0.7479794,2.0683205,2.3908255,2026-01-27-05:37:19
20.0,50.0,17.0,2.0,-0.4111001,4.1806755,3.5993001,2026-01-27-05:37:19
15.0,50.0,11.0,10.0,0.634883,2.2897916,3.3411725,2026-01-27-05:37:19
19.0,50.0,2.0,2.0,0.10646646,4.044566,2.7206035,2026-01-27-05:37:19
17.0,40.0,9.0,8.0,0.6831892,2.4384592,2.7093825,2026-01-27-05:37:28
17.0,30.0,5.0,8.0,0.7815326,2.0124133,2.0066378,2026-01-27-05:37:28
20.0,40.0,2.0,1.0,0.3038,4.01095,2.184625,2026-01-27-05:37:28
15.0,50.0,12.0,10.0,0.61212504,2.2735112,3.4065464,2026-01-27-05:37:28
19.0,40.0,18.0,8.0,0.41611126,2.920908,3.7932546,2026-01-27-05:37:28
17.0,40.0,13.0,9.0,0.6718786,2.339475,3.0951507,2026-01-27-05:37:37
16.0,30.0,7.0,9.0,0.7784005,1.710393,2.0476346,2026-01-27-05:37:37
17.0,50.0,12.0,8.0,0.48744044,2.8847935,3.4880934,2026-01-27-05:37:37
20.0,40.0,9.0,3.0,0.33127502,3.81925,2.6316001,2026-01-27-05:37:37
18.0,40.0,8.0,7.0,0.6638843,2.7974637,2.7031355,2026-01-27-05:37:37
18.0,30.0,11.0,8.0,0.71040004,2.3317251,2.5115948,2026-01-27-05:37:46
18.0,50.0,7.0,6.0,0.42909217,3.3707175,3.1435554,2026-01-27-05:37:46
18.0,20.0,10.0,9.0,0.75531846,1.9416558,2.1384962,2026-01-27-05:37:46
15.0,50.0,14.0,10.0,0.5534093,2.2336009,3.5540938,2026-01-27-05:37:46
20.0,40.0,4.0,1.0,0.27124998,4.0266,2.220275,2026-01-27-05:37:46
17.0,40.0,1.0,8.0,0.7201471,2.3743644,2.4253087,2026-01-27-05:37:55
17.0,50.0,1.0,8.0,0.57098246,2.9209633,3.0834668,2026-01-27-05:37:55
15.0,30.0,5.0,10.0,0.81041193,1.3906943,1.8947542,2026-01-27-05:37:55
20.0,40.0,10.0,3.0,0.2914999,3.8142502,2.688625,2026-01-27-05:37:55
19.0,30.0,16.0,9.0,0.6437768,2.5186818,3.2315981,2026-01-27-05:37:55
17.0,40.0,5.0,7.0,0.64449966,2.5106432,2.4244142,2026-01-27-05:38:04
19.0,40.0,15.0,7.0,0.46469143,3.0545819,3.3691847,2026-01-27-05:38:04
15.0,30.0,7.0,10.0,0.7987962,1.4155836,1.9924015,2026-01-27-05:38:04
17.0,30.0,14.0,10.0,0.73026675,1.8910565,2.8076088,2026-01-27-05:38:04
18.0,30.0,1.0,7.0,0.7759027,2.2900176,1.9383789,2026-01-27-05:38:04
18.0,40.0,9.0,7.0,0.6404462,2.7972715,2.75795,2026-01-27-05:38:13
19.0,50.0,10.0,4.0,0.17559275,3.8209767,3.1953824,2026-01-27-05:38:13
17.0,30.0,6.0,8.0,0.7710878,2.026825,2.052072,2026-01-27-05:38:13
20.0,40.0,5.0,1.0,0.24837497,4.03075,2.2465,2026-01-27-05:38:13
20.0,30.0,7.0,4.0,0.58984995,3.341125,2.17715,2026-01-27-05:38:13
15.0,50.0,3.0,10.0,0.6585461,2.3318336,3.0197833,2026-01-27-05:38:22
20.0,40.0,18.0,6.0,0.21135,3.4225001,3.7205253,2026-01-27-05:38:22
15.0,30.0,4.0,10.0,0.8096198,1.3745744,1.8543303,2026-01-27-05:38:22
20.0,20.0,9.0,6.0,0.671625,2.8521001,2.11515,2026-01-27-05:38:22
18.0,20.0,1.0,8.0,0.8119329,1.8322057,1.5785947,2026-01-27-05:38:22
20.0,20.0,5.0,5.0,0.7156249,2.8974998,1.7937499,2026-01-27-05:38:31
16.0,50.0,12.0,9.0,0.55066353,2.5623603,3.4472005,2026-01-27-05:38:31
19.0,50.0,1.0,2.0,0.10909807,4.0410624,2.7180088,2026-01-27-05:38:31
17.0,30.0,11.0,9.0,0.74578243,1.9760528,2.4542747,2026-01-27-05:38:31
20.0,30.0,10.0,5.0,0.57749987,3.2500002,2.455,2026-01-27-05:38:31
18.0,40.0,10.0,7.0,0.61260796,2.7946293,2.8183644,2026-01-27-05:38:40
20.0,10.0,7.0,8.0,0.7355,2.3482752,1.8366,2026-01-27-05:38:40
19.0,50.0,18.0,6.0,0.04471916,3.4901876,4.073361,2026-01-27-05:38:40
19.0,50.0,0.0,0.0,-0.0902493,4.2295294,2.496593,2026-01-27-05:38:40
18.0,50.0,3.0,6.0,0.45694482,3.3738859,3.0367973,2026-01-27-05:38:40
20.0,20.0,14.0,8.0,0.61564994,2.671,2.724725,2026-01-27-05:38:49
17.0,20.0,4.0,9.0,0.8061851,1.569146,1.6232524,2026-01-27-05:38:49
19.0,50.0,9.0,4.0,0.20832434,3.8339725,3.1451876,2026-01-27-05:38:49
17.0,40.0,19.0,10.0,0.4971286,2.172214,3.8039377,2026-01-27-05:38:49
14.0,40.0,6.0,10.0,0.7286538,1.6209208,2.3227658,2026-01-27-05:38:49
16.0,50.0,2.0,9.0,0.61442673,2.611202,3.048411,2026-01-27-05:38:58
18.0,10.0,5.0,10.0,0.7587396,1.4877545,1.5487397,2026-01-27-05:38:58
20.0,40.0,9.0,2.0,0.22207499,3.92105,2.5194998,2026-01-27-05:38:58
17.0,50.0,13.0,8.0,0.45344564,2.8668053,3.5584776,2026-01-27-05:38:58
19.0,30.0,1.0,5.0,0.69889283,2.8005147,1.9134847,2026-01-27-05:38:58
18.0,30.0,6.0,7.0,0.750587,2.388432,2.1080763,2026-01-27-05:39:07
19.0,40.0,11.0,6.0,0.5290283,3.1826763,2.9325955,2026-01-27-05:39:07
15.0,50.0,13.0,10.0,0.5849672,2.2547808,3.4775198,2026-01-27-05:39:07
16.0,30.0,11.0,10.0,0.7794031,1.653964,2.3971927,2026-01-27-05:39:07
19.0,50.0,6.0,3.0,0.16602968,3.946171,2.907593,2026-01-27-05:39:07
19.0,20.0,10.0,8.0,0.73579013,2.3266606,2.2056913,2026-01-27-05:39:16
18.0,50.0,2.0,6.0,0.452908,3.3685527,3.024108,2026-01-27-05:39:16
15.0,40.0,10.0,10.0,0.7458067,1.8178325,2.6742609,2026-01-27-05:39:16
16.0,50.0,13.0,9.0,0.5200873,2.5440009,3.5178792,2026-01-27-05:39:16
16.0,30.0,2.0,9.0,0.79153204,1.627939,1.84699,2026-01-27-05:39:16
19.0,30.0,3.0,5.0,0.6900296,2.8448727,1.9611742,2026-01-27-05:39:26
18.0,50.0,8.0,6.0,0.41112894,3.3638003,3.1842449,2026-01-27-05:39:26
16.0,40.0,10.0,9.0,0.70316887,2.109847,2.722057,2026-01-27-05:39:26
15.0,40.0,1.0,10.0,0.74565274,1.7634299,2.3241723,2026-01-27-05:39:26
19.0,50.0,5.0,2.0,0.072171725,4.0403786,2.7619877,2026-01-27-05:39:26
19.0,20.0,15.0,10.0,0.68833613,2.1578844,2.8489614,2026-01-27-05:39:35
18.0,50.0,9.0,6.0,0.38876587,3.3544328,3.2305343,2026-01-27-05:39:35
16.0,30.0,1.0,9.0,0.78095835,1.6040983,1.8236609,2026-01-27-05:39:35
20.0,20.0,6.0,5.0,0.6913,2.9206502,1.845425,2026-01-27-05:39:35
17.0,50.0,16.0,8.0,0.32506147,2.798141,3.80323,2026-01-27-05:39:35
15.0,50.0,2.0,10.0,0.64170396,2.3260636,3.0048096,2026-01-27-05:39:44
17.0,20.0,9.0,10.0,0.7996549,1.5748986,1.9937799,2026-01-27-05:39:44
20.0,40.0,12.0,4.0,0.31559992,3.69975,2.935775,2026-01-27-05:39:44
18.0,40.0,14.0,8.0,0.5747843,2.6810899,3.2295432,2026-01-27-05:39:44
16.0,50.0,18.0,10.0,0.43926364,2.3695128,4.084316,2026-01-27-05:39:44
19.0,30.0,8.0,6.0,0.6805612,2.8065815,2.2708085,2026-01-27-05:39:53
19.0,50.0,13.0,5.0,0.18293756,3.6902277,3.5099773,2026-01-27-05:39:53
18.0,20.0,12.0,10.0,0.7650711,1.8626505,2.3899462,2026-01-27-05:39:53
17.0,30.0,1.0,8.0,0.77931154,1.930266,1.8809007,2026-01-27-05:39:53
18.0,30.0,14.0,9.0,0.68683946,2.2400532,2.8668342,2026-01-27-05:39:53
16.0,50.0,1.0,9.0,0.59660304,2.6026115,3.039332,2026-01-27-05:40:02
17.0,30.0,12.0,9.0,0.7114878,1.9773146,2.5347087,2026-01-27-05:40:02
19.0,50.0,14.0,5.0,0.13515598,3.6689818,3.583972,2026-01-27-05:40:02
20.0,10.0,9.0,9.0,0.73784995,2.272825,2.0562,2026-01-27-05:40:02
19.0,40.0,2.0,4.0,0.51325864,3.3466868,2.3436968,2026-01-27-05:40:02
18.0,30.0,17.0,10.0,0.638979,2.1356308,3.2808738,2026-01-27-05:40:11
18.0,30.0,7.0,7.0,0.7323237,2.400765,2.1588156,2026-01-27-05:40:11
18.0,50.0,4.0,5.0,0.34980267,3.4599898,2.9400659,2026-01-27-05:40:11
20.0,40.0,1.0,1.0,0.31347495,3.9994497,2.1752,2026-01-27-05:40:11
16.0,20.0,6.0,10.0,0.7920873,1.2946284,1.6604624,2026-01-27-05:40:11
18.0,40.0,4.0,6.0,0.621608,2.8677032,2.4403567,2026-01-27-05:40:21
16.0,40.0,15.0,10.0,0.6478202,1.9948336,3.220419,2026-01-27-05:40:21
19.0,50.0,7.0,3.0,0.14394806,3.938975,2.9395878,2026-01-27-05:40:21
18.0,50.0,16.0,7.0,0.24640259,3.1556423,3.8431816,2026-01-27-05:40:21
19.0,20.0,2.0,6.0,0.76056385,2.3821502,1.6081126,2026-01-27-05:40:21
20.0,10.0,10.0,9.0,0.7025,2.3,2.143,2026-01-27-05:40:30
17.0,40.0,14.0,9.0,0.63240886,2.3282118,3.17966,2026-01-27-05:40:30
20.0,40.0,6.0,1.0,0.22109994,4.03245,2.2783248,2026-01-27-05:40:30
19.0,10.0,2.0,9.0,0.7947453,1.7471606,1.4704665,2026-01-27-05:40:30
19.0,50.0,20.0,5.0,-0.24393356,3.4900553,4.14554,2026-01-27-05:40:30
20.0,20.0,12.0,7.0,0.62765,2.7707999,2.4436748,2026-01-27-05:40:39
15.0,30.0,8.0,10.0,0.7863883,1.4243534,2.0496254,2026-01-27-05:40:39
18.0,50.0,10.0,6.0,0.3620027,3.342616,3.2824237,2026-01-27-05:40:39
20.0,10.0,2.0,7.0,0.7679,2.3037999,1.4937999,2026-01-27-05:40:39
20.0,40.0,7.0,1.0,0.18942493,4.0316997,2.3157496,2026-01-27-05:40:39
17.0,40.0,10.0,8.0,0.65876937,2.4354463,2.770092,2026-01-27-05:40:48
20.0,40.0,15.0,5.0,0.2756249,3.5674999,3.29875,2026-01-27-05:40:48
19.0,10.0,8.0,10.0,0.7668454,1.8370237,1.8948455,2026-01-27-05:40:48
15.0,50.0,16.0,10.0,0.4770934,2.1838899,3.7240407,2026-01-27-05:40:48
20.0,20.0,7.0,5.0,0.662575,2.9413502,1.9026998,2026-01-27-05:40:48
18.0,40.0,3.0,6.0,0.6255961,2.8571951,2.414942,2026-01-27-05:40:57
20.0,30.0,18.0,8.0,0.4649,2.9118,3.5197997,2026-01-27-05:40:57
18.0,20.0,6.0,8.0,0.7812421,1.976495,1.7909172,2026-01-27-05:40:57
20.0,40.0,10.0,2.0,0.1797499,3.9145,2.5751252,2026-01-27-05:40:57
17.0,20.0,3.0,9.0,0.8089048,1.5406593,1.5804931,2026-01-27-05:40:57
19.0,40.0,7.0,5.0,0.5433651,3.2839713,2.5968063,2026-01-27-05:41:07
18.0,30.0,3.0,6.0,0.7042474,2.4430044,1.906837,2026-01-27-05:41:07
16.0,50.0,17.0,9.0,0.35378197,2.4460638,3.8565953,2026-01-27-05:41:07
20.0,10.0,1.0,7.0,0.77314997,2.260125,1.4545999,2026-01-27-05:41:07
18.0,20.0,13.0,10.0,0.724433,1.8725584,2.4856102,2026-01-27-05:41:07
20.0,20.0,16.0,9.0,0.5962498,2.5676003,3.0337749,2026-01-27-05:41:16
19.0,20.0,1.0,6.0,0.76387036,2.3495712,1.5785427,2026-01-27-05:41:16
18.0,50.0,11.0,6.0,0.3308395,3.328349,3.3399134,2026-01-27-05:41:16
20.0,50.0,15.0,1.0,-0.41575006,4.3226256,3.2935,2026-01-27-05:41:16
15.0,50.0,17.0,10.0,0.43233562,2.15536,3.8174145,2026-01-27-05:41:16
19.0,30.0,12.0,7.0,0.6321243,2.722987,2.6489983,2026-01-27-05:41:25
19.0,10.0,4.0,9.0,0.78298223,1.8295186,1.569056,2026-01-27-05:41:25
19.0,40.0,16.0,7.0,0.40958485,3.0391607,3.4643044,2026-01-27-05:41:25
19.0,50.0,6.0,2.0,0.05194017,4.034082,2.7869825,2026-01-27-05:41:25
16.0,40.0,1.0,9.0,0.73378074,2.052105,2.3746214,2026-01-27-05:41:25
18.0,40.0,15.0,8.0,0.52749616,2.6677475,3.319358,2026-01-27-05:41:35
15.0,40.0,11.0,10.0,0.7238238,1.8116271,2.7411592,2026-01-27-05:41:35
19.0,50.0,8.0,3.0,0.11746649,3.9293294,2.9771826,2026-01-27-05:41:35
19.0,30.0,14.0,8.0,0.64165074,2.6226342,2.9262981,2026-01-27-05:41:35
18.0,50.0,17.0,7.0,0.19138944,3.128225,3.9356713,2026-01-27-05:41:35
20.0,30.0,13.0,6.0,0.54085,3.1461246,2.7916498,2026-01-27-05:41:44
18.0,30.0,15.0,9.0,0.63847625,2.235886,2.9651735,2026-01-27-05:41:44
16.0,30.0,8.0,9.0,0.7625742,1.719534,2.1045637,2026-01-27-05:41:44
19.0,50.0,15.0,5.0,0.082974344,3.645286,3.6635666,2026-01-27-05:41:44
20.0,20.0,1.0,4.0,0.70962495,2.9161,1.5731499,2026-01-27-05:41:44
20.0,10.0,13.0,10.0,0.6452001,2.2389748,2.5082,2026-01-27-05:41:54
19.0,40.0,12.0,6.0,0.48897177,3.1755054,3.0039153,2026-01-27-05:41:54
16.0,30.0,12.0,10.0,0.7485268,1.6548549,2.4779217,2026-01-27-05:41:54
19.0,50.0,11.0,4.0,0.1384612,3.8055305,3.251177,2026-01-27-05:41:54
17.0,50.0,15.0,8.0,0.37225616,2.8234792,3.716046,2026-01-27-05:41:54
18.0,40.0,5.0,6.0,0.6132198,2.8757608,2.4713714,2026-01-27-05:42:04
20.0,40.0,16.0,5.0,0.2145499,3.5509,3.392175,2026-01-27-05:42:04
17.0,30.0,8.0,8.0,0.7369983,2.0482986,2.1597404,2026-01-27-05:42:04
19.0,10.0,1.0,9.0,0.794027,1.7023067,1.4295716,2026-01-27-05:42:04
20.0,40.0,8.0,1.0,0.15334994,4.0284996,2.3587747,2026-01-27-05:42:04
19.0,30.0,9.0,6.0,0.6500796,2.8143854,2.332453,2026-01-27-05:42:13
18.0,50.0,1.0,6.0,0.4444711,3.36077,3.0170186,2026-01-27-05:42:13
17.0,30.0,9.0,8.0,0.71335363,2.0553603,2.2219746,2026-01-27-05:42:13
19.0,30.0,18.0,9.0,0.52331376,2.5019395,3.4584873,2026-01-27-05:42:13
20.0,50.0,17.0,1.0,-0.5554501,4.259326,3.4605,2026-01-27-05:42:13
20.0,30.0,16.0,7.0,0.47989985,3.0294998,3.1871,2026-01-27-05:42:23
18.0,30.0,8.0,7.0,0.7096606,2.410648,2.2151551,2026-01-27-05:42:23
18.0,50.0,19.0,7.0,0.068163246,3.066041,4.13745,2026-01-27-05:42:23
20.0,40.0,9.0,1.0,0.11287501,4.0228496,2.4074,2026-01-27-05:42:23
15.0,30.0,3.0,10.0,0.80442774,1.3560048,1.8195068,2026-01-27-05:42:23
19.0,20.0,13.0,9.0,0.69685984,2.250887,2.554711,2026-01-27-05:42:32
20.0,30.0,8.0,4.0,0.55779994,3.3502,2.2315,2026-01-27-05:42:32
20.0,30.0,17.0,7.0,0.41589993,3.0211747,3.29605,2026-01-27-05:42:32
20.0,10.0,3.0,7.0,0.75824994,2.345025,1.5385998,2026-01-27-05:42:32
17.0,30.0,3.0,7.0,0.7167036,2.0747213,1.8527378,2026-01-27-05:42:32
18.0,40.0,11.0,7.0,0.5803698,2.7895372,2.884379,2026-01-27-05:42:42
20.0,10.0,11.0,9.0,0.66274995,2.324725,2.2353997,2026-01-27-05:42:42
20.0,40.0,17.0,5.0,0.14907494,3.5318503,3.4912,2026-01-27-05:42:42
19.0,10.0,5.0,9.0,0.77050066,1.8670224,1.6267506,2026-01-27-05:42:42
20.0,50.0,19.0,2.0,-0.5633,4.110675,3.7914999,2026-01-27-05:42:42
20.0,30.0,11.0,5.0,0.53479993,3.2532747,2.5275497,2026-01-27-05:42:52
14.0,40.0,7.0,10.0,0.7251393,1.6225944,2.366159,2026-01-27-05:42:52
19.0,50.0,16.0,5.0,0.026392668,3.61914,3.7487612,2026-01-27-05:42:52
17.0,20.0,5.0,9.0,0.79906535,1.5951828,1.6716115,2026-01-27-05:42:52
19.0,30.0,4.0,5.0,0.67899805,2.8633761,1.993419,2026-01-27-05:42:52
19.0,40.0,8.0,5.0,0.5183586,3.2850504,2.6443257,2026-01-27-05:43:02
15.0,40.0,12.0,10.0,0.6974409,1.8029717,2.813658,2026-01-27-05:43:02
19.0,20.0,8.0,7.0,0.72326374,2.4091134,1.9800415,2026-01-27-05:43:02
19.0,50.0,9.0,3.0,0.08658489,3.9172332,3.0203772,2026-01-27-05:43:02
18.0,30.0,19.0,10.0,0.51655275,2.1132464,3.5195525,2026-01-27-05:43:02
15.0,50.0,7.0,9.0,0.5741171,2.3856153,3.024825,2026-01-27-05:43:12
17.0,20.0,6.0,9.0,0.78754556,1.6187696,1.7255708,2026-01-27-05:43:12
19.0,20.0,11.0,8.0,0.69798344,2.3402896,2.2884612,2026-01-27-05:43:12
19.0,40.0,3.0,4.0,0.50770205,3.3584661,2.3618164,2026-01-27-05:43:12
20.0,40.0,19.0,6.0,0.13962501,3.4001002,3.8321502,2026-01-27-05:43:12
19.0,20.0,16.0,10.0,0.63362956,2.1623633,2.962531,2026-01-27-05:43:21
19.0,40.0,4.0,4.0,0.49774536,3.367795,2.3855364,2026-01-27-05:43:21
16.0,50.0,18.0,9.0,0.30120566,2.4154549,3.955274,2026-01-27-05:43:21
15.0,30.0,9.0,10.0,0.7695803,1.4306731,2.1124487,2026-01-27-05:43:21
18.0,50.0,6.0,5.0,0.3307763,3.4553053,2.990645,2026-01-27-05:43:21
17.0,40.0,11.0,8.0,0.6299497,2.4299827,2.8364007,2026-01-27-05:43:31
18.0,20.0,7.0,8.0,0.761904,1.998003,1.8501816,2026-01-27-05:43:31
19.0,50.0,13.0,4.0,0.050998136,3.7672884,3.3795664,2026-01-27-05:43:31
17.0,50.0,5.0,7.0,0.4950851,3.0159922,3.0385723,2026-01-27-05:43:31
16.0,50.0,19.0,9.0,0.2442294,2.3823957,4.059553,2026-01-27-05:43:31
