organic_formula,organic_concentration,organic_temperature,organic_soak_time,organic_ph,organic_curing_time,Adhesion,Coverage,Uniformity,Timestamp
30.0,0.6,35.0,130.0,7.5,15.0,0.7396665,2.9182427,0.15464213,2026-01-26-23:18:12
10.0,3.4,30.0,210.0,6.0,40.0,0.17615724,0.4940312,1.0342891,2026-01-26-23:18:12
4.0,1.8,35.0,70.0,5.5,55.0,0.8013582,0.39492676,0.019523278,2026-01-26-23:18:12
21.0,4.5,25.0,280.0,5.0,35.0,-0.13432798,1.3584474,2.099517,2026-01-26-23:18:12
18.0,2.5,30.0,230.0,2.5,20.0,0.18454707,1.3734486,0.69403225,2026-01-26-23:18:12
6.0,4.1,40.0,40.0,9.0,45.0,0.84860265,0.7581241,0.08399898,2026-01-26-23:18:12
15.0,1.1,25.0,180.0,7.5,55.0,0.78613925,0.8308149,0.9867869,2026-01-26-23:18:12
24.0,2.6,35.0,80.0,5.0,25.0,0.71317655,2.5561519,0.4689989,2026-01-26-23:18:12
25.0,1.6,30.0,20.0,6.0,30.0,0.5282187,2.1254957,0.6308206,2026-01-26-23:18:12
12.0,5.0,35.0,260.0,4.5,60.0,0.59901047,0.5962664,1.6262019,2026-01-26-23:18:12
24.0,2.6,40.0,80.0,5.0,25.0,1.3149772,3.1233933,-0.17774433,2026-01-26-23:19:12
30.0,0.6,40.0,130.0,7.5,15.0,1.3607776,3.5682425,-0.5231356,2026-01-26-23:19:12
25.0,1.6,35.0,20.0,6.0,30.0,0.92212677,2.6065302,0.19001591,2026-01-26-23:19:12
30.0,0.6,35.0,80.0,7.5,15.0,0.81259763,2.882405,0.10134164,2026-01-26-23:19:12
7.0,0.6,35.0,130.0,7.5,15.0,0.3540562,0.64559263,-0.25948787,2026-01-26-23:19:12
25.0,5.0,35.0,80.0,6.0,30.0,0.19711293,2.734419,1.5717616,2026-01-26-23:19:55
30.0,5.0,35.0,80.0,8.5,15.0,0.10060316,3.3379364,1.6910313,2026-01-26-23:19:55
30.0,5.0,40.0,130.0,7.5,15.0,0.65853685,4.0117245,1.0547068,2026-01-26-23:19:55
30.0,4.5,25.0,180.0,7.5,15.0,-0.48337784,2.3918347,2.2434301,2026-01-26-23:19:55
15.0,4.5,25.0,180.0,7.5,60.0,0.24201459,0.76925486,2.047956,2026-01-26-23:19:55
24.0,4.5,40.0,80.0,5.0,25.0,0.86736447,3.161364,0.5800971,2026-01-26-23:20:50
30.0,4.5,40.0,130.0,7.5,15.0,0.8195532,4.0059977,0.79012966,2026-01-26-23:20:50
30.0,4.5,35.0,80.0,7.5,60.0,0.9751022,3.4212437,1.7686439,2026-01-26-23:20:50
30.0,3.4,40.0,80.0,7.5,25.0,1.3298013,3.9397078,0.31040213,2026-01-26-23:20:50
30.0,4.5,30.0,80.0,8.5,25.0,0.02228935,2.8115294,1.9789386,2026-01-26-23:20:50
30.0,4.5,35.0,280.0,9.0,60.0,1.3258657,3.2934852,2.4060576,2026-01-26-23:21:39
30.0,5.0,30.0,280.0,7.5,60.0,0.7454652,2.6479065,3.0358486,2026-01-26-23:21:39
24.0,5.0,25.0,80.0,4.5,60.0,-0.07739779,1.7393107,2.329771,2026-01-26-23:21:39
25.0,5.0,25.0,280.0,4.0,60.0,0.42655566,1.5077982,2.8113632,2026-01-26-23:21:39
30.0,1.3,40.0,280.0,7.5,60.0,2.4749687,3.534308,0.45131657,2026-01-26-23:21:39
30.0,5.0,40.0,280.0,9.0,60.0,1.7859604,3.9492118,1.992857,2026-01-26-23:22:32
25.0,1.1,35.0,280.0,4.0,60.0,1.7508303,2.1724,0.7393822,2026-01-26-23:22:32
30.0,1.1,40.0,280.0,9.0,60.0,2.4896173,3.6007946,0.509038,2026-01-26-23:22:32
30.0,0.1,40.0,280.0,9.0,60.0,2.4659605,3.399212,0.34285718,2026-01-26-23:22:32
24.0,0.1,30.0,280.0,4.0,60.0,1.3314664,1.4474142,1.0105946,2026-01-26-23:22:32
24.0,0.7,40.0,280.0,4.0,60.0,2.34004,2.5804765,0.0022313446,2026-01-26-23:23:28
24.0,1.7,40.0,280.0,4.0,60.0,2.300206,2.7081249,0.19555606,2026-01-26-23:23:28
30.0,3.4,40.0,280.0,9.0,60.0,2.2279096,3.89057,1.2231779,2026-01-26-23:23:28
30.0,4.5,40.0,280.0,9.0,60.0,1.9469769,3.943485,1.7282798,2026-01-26-23:23:28
30.0,5.0,35.0,280.0,9.0,60.0,1.1648495,3.2992122,2.670635,2026-01-26-23:23:28
30.0,4.8,40.0,280.0,9.0,55.0,1.6936147,3.9733007,1.8038458,2026-01-26-23:24:31
30.0,4.8,35.0,280.0,9.0,55.0,1.0725037,3.3233006,2.4816234,2026-01-26-23:24:31
30.0,0.2,40.0,280.0,9.0,55.0,2.3128233,3.4464366,0.2749827,2026-01-26-23:24:31
30.0,2.8,40.0,280.0,9.0,55.0,2.1794124,3.8633463,0.9117173,2026-01-26-23:24:31
30.0,0.3,40.0,280.0,9.0,55.0,2.3181045,3.4681985,0.2885396,2026-01-26-23:24:31
30.0,2.6,40.0,280.0,9.0,60.0,2.3689175,3.8172667,0.9223033,2026-01-26-23:25:30
30.0,5.0,40.0,20.0,9.0,55.0,1.3685024,4.1701775,1.216064,2026-01-26-23:25:30
30.0,5.0,30.0,280.0,9.0,60.0,0.7548495,2.749212,3.1373017,2026-01-26-23:25:30
30.0,4.5,40.0,280.0,8.0,55.0,1.7886124,3.9043815,1.5836593,2026-01-26-23:25:30
30.0,0.5,40.0,280.0,9.0,60.0,2.485419,3.4853427,0.39883387,2026-01-26-23:25:30
24.0,2.2,40.0,280.0,5.0,55.0,2.1246283,2.8610244,0.32638174,2026-01-26-23:26:23
30.0,1.6,40.0,280.0,9.0,55.0,2.3109574,3.7094104,0.5443704,2026-01-26-23:26:23
30.0,5.0,40.0,280.0,9.0,55.0,1.6267092,3.9742167,1.9123003,2026-01-26-23:26:23
30.0,2.9,40.0,280.0,9.0,55.0,2.1630359,3.8731964,0.94801486,2026-01-26-23:26:23
30.0,0.4,40.0,280.0,9.0,55.0,2.3225527,3.4895022,0.30297107,2026-01-26-23:26:23
30.0,2.1,40.0,280.0,9.0,60.0,2.4299755,3.756563,0.7626824,2026-01-26-23:27:20
24.0,0.8,40.0,280.0,6.0,60.0,2.3523173,2.7303772,0.15289892,2026-01-26-23:27:20
30.0,0.9,40.0,280.0,9.0,60.0,2.4915497,3.5641432,0.46880472,2026-01-26-23:27:20
30.0,5.0,40.0,280.0,7.0,60.0,1.7734482,3.814138,1.857586,2026-01-26-23:27:20
30.0,1.0,40.0,280.0,9.0,60.0,2.4910002,3.5826979,0.48848403,2026-01-26-23:27:20
30.0,3.9,40.0,280.0,9.0,60.0,2.1127076,3.9214947,1.4396502,2026-01-26-23:28:11
18.0,3.9,30.0,280.0,2.0,60.0,0.7810802,0.941462,1.6317475,2026-01-26-23:28:11
30.0,4.5,30.0,280.0,9.0,60.0,0.9158657,2.743485,2.8727243,2026-01-26-23:28:11
9.0,3.9,30.0,280.0,3.5,60.0,0.60117674,-0.0012327507,1.4135481,2026-01-26-23:28:11
30.0,4.4,40.0,280.0,9.0,60.0,1.976681,3.940965,1.6779883,2026-01-26-23:28:11
30.0,1.2,40.0,280.0,9.0,60.0,2.4874015,3.618433,0.5304665,2026-01-26-23:29:09
30.0,5.0,40.0,280.0,9.0,10.0,0.19344819,4.199261,1.1872905,2026-01-26-23:29:09
30.0,1.4,40.0,280.0,9.0,60.0,2.4804711,3.6523356,0.5759475,2026-01-26-23:29:09
30.0,1.5,40.0,280.0,9.0,60.0,2.4757564,3.6685996,0.6,2026-01-26-23:29:09
30.0,1.4,35.0,280.0,9.0,60.0,1.85936,3.0023355,1.2537253,2026-01-26-23:29:09
26.0,5.0,40.0,280.0,9.0,60.0,1.6697557,3.4311092,1.8616012,2026-01-26-23:30:06
26.0,4.4,40.0,280.0,10.0,60.0,1.8721371,3.5089784,1.6245017,2026-01-26-23:30:06
30.0,5.0,40.0,230.0,9.0,60.0,1.718719,3.9972415,1.8499998,2026-01-26-23:30:06
5.0,5.0,40.0,280.0,9.0,60.0,1.0471952,0.33651748,1.2349334,2026-01-26-23:30:06
20.0,5.0,40.0,280.0,9.0,60.0,1.484796,2.5262752,1.6515557,2026-01-26-23:30:06
30.0,3.3,40.0,280.0,9.0,60.0,2.2484512,3.8830101,1.1825072,2026-01-26-23:31:05
26.0,3.3,30.0,280.0,10.0,60.0,1.1484517,2.3954287,2.2506642,2026-01-26-23:31:05
30.0,3.6,40.0,280.0,9.0,60.0,2.1843278,3.9043143,1.307143,2026-01-26-23:31:05
26.0,5.0,35.0,280.0,10.0,60.0,1.0677743,2.9038188,2.586325,2026-01-26-23:31:05
30.0,2.4,40.0,280.0,9.0,60.0,2.3958397,3.79436,0.855831,2026-01-26-23:31:05
30.0,2.3,40.0,280.0,9.0,60.0,2.4080513,3.7822192,0.8239068,2026-01-26-23:32:02
30.0,2.0,40.0,280.0,9.0,60.0,2.439688,3.7430477,0.733382,2026-01-26-23:32:02
26.0,1.9,40.0,280.0,10.0,60.0,2.3665433,3.374498,0.6936933,2026-01-26-23:32:02
30.0,3.9,35.0,280.0,9.0,60.0,1.4915966,3.2714946,2.117428,2026-01-26-23:32:02
24.0,2.7,40.0,280.0,6.0,60.0,2.1895854,2.9250324,0.6116152,2026-01-26-23:32:02
30.0,3.0,40.0,280.0,9.0,60.0,2.3050776,3.8575833,1.0657436,2026-01-26-23:33:00
8.0,4.4,35.0,280.0,6.0,60.0,0.77661014,0.24986595,1.3931905,2026-01-26-23:33:00
30.0,5.0,40.0,10.0,9.0,60.0,1.422857,4.2085714,1.2214285,2026-01-26-23:33:00
30.0,5.0,40.0,30.0,9.0,60.0,1.4497535,4.1893597,1.2785714,2026-01-26-23:33:00
30.0,3.1,40.0,280.0,9.0,60.0,2.287035,3.8665173,1.1037903,2026-01-26-23:33:00
1.0,5.0,35.0,280.0,5.0,60.0,0.40315825,-0.5709361,1.450093,2026-01-26-23:33:58
30.0,3.2,40.0,280.0,9.0,60.0,2.2681596,3.8749926,1.1427114,2026-01-26-23:33:58
30.0,3.5,40.0,280.0,9.0,60.0,2.206535,3.897671,1.2647231,2026-01-26-23:33:58
26.0,3.5,25.0,280.0,10.0,60.0,0.91871893,2.0090685,2.564368,2026-01-26-23:33:58
2.0,5.0,35.0,280.0,5.0,60.0,0.42118996,-0.50075686,1.4618422,2026-01-26-23:33:58
30.0,3.7,40.0,280.0,9.0,60.0,2.1612873,3.9104989,1.3504374,2026-01-26-23:34:55
30.0,3.8,40.0,280.0,9.0,60.0,2.137414,3.9162257,1.3946064,2026-01-26-23:34:55
26.0,3.8,35.0,280.0,10.0,60.0,1.4300373,2.9079893,2.0083413,2026-01-26-23:34:55
24.0,3.7,35.0,280.0,5.5,60.0,1.3782256,2.360042,1.5927924,2026-01-26-23:34:55
19.0,3.7,30.0,280.0,6.5,60.0,0.8850987,1.3744243,1.8962718,2026-01-26-23:34:55
30.0,5.0,40.0,130.0,9.0,60.0,1.5842364,4.093301,1.5642856,2026-01-26-23:35:50
30.0,5.0,40.0,260.0,9.0,60.0,1.759064,3.9684234,1.9357141,2026-01-26-23:35:50
12.0,4.8,40.0,130.0,4.5,25.0,0.4007202,1.2876562,0.38288674,2026-01-26-23:35:50
30.0,4.0,40.0,280.0,9.0,60.0,2.0871682,3.926305,1.4855685,2026-01-26-23:35:50
26.0,4.7,40.0,280.0,10.0,60.0,1.7778229,3.5058742,1.7729335,2026-01-26-23:35:50
26.0,4.9,40.0,280.0,10.0,60.0,1.7107818,3.5015137,1.876261,2026-01-26-23:36:49
30.0,4.2,40.0,280.0,9.0,60.0,2.0335906,3.9345515,1.5800294,2026-01-26-23:36:49
30.0,4.2,35.0,280.0,9.0,60.0,1.4124795,3.2845511,2.2578073,2026-01-26-23:36:49
24.0,4.3,40.0,280.0,4.0,60.0,1.8067998,2.8255987,1.1075296,2026-01-26-23:36:49
30.0,5.0,40.0,50.0,9.0,60.0,1.4766502,4.170148,1.3357142,2026-01-26-23:36:49
26.0,4.6,40.0,280.0,10.0,60.0,1.810094,3.507367,1.7225814,2026-01-26-23:37:51
26.0,4.6,35.0,280.0,10.0,60.0,1.2018564,2.9125392,2.3796694,2026-01-26-23:37:51
30.0,4.6,40.0,280.0,9.0,60.0,1.9164395,3.9455464,1.779446,2026-01-26-23:37:51
26.0,4.6,30.0,280.0,10.0,60.0,0.80473006,2.4177115,2.8256464,2026-01-26-23:37:51
21.0,4.6,40.0,180.0,5.0,35.0,0.921039,2.673,0.73776984,2026-01-26-23:37:51
30.0,4.8,40.0,210.0,9.0,60.0,1.758728,4.015537,1.6844023,2026-01-26-23:38:49
30.0,5.0,40.0,60.0,9.0,60.0,1.4900985,4.160542,1.3642856,2026-01-26-23:38:49
30.0,4.8,40.0,219.99998,9.0,60.0,1.7721763,4.0059314,1.7129738,2026-01-26-23:38:49
30.0,4.1,40.0,280.0,9.0,60.0,2.060796,3.9306571,1.5323615,2026-01-26-23:38:49
30.0,5.0,40.0,90.0,9.0,60.0,1.5304432,4.1317244,1.4499998,2026-01-26-23:38:49
30.0,5.0,40.0,100.0,8.0,60.0,1.4941871,4.076749,1.4322166,2026-01-26-23:39:48
30.0,5.0,40.0,110.0,8.0,60.0,1.5100491,4.0659113,1.4596058,2026-01-26-23:39:48
30.0,5.0,40.0,260.0,9.0,35.0,0.9979801,4.0727587,1.550862,2026-01-26-23:39:48
30.0,2.7,40.0,280.0,8.0,60.0,2.347951,3.7604964,0.88921595,2026-01-26-23:39:48
30.0,4.8,35.0,280.0,8.0,60.0,1.2254988,3.230759,2.494545,2026-01-26-23:39:48
30.0,5.0,40.0,219.99998,9.0,30.0,0.87638414,4.082394,1.4026402,2026-01-26-23:40:53
20.0,3.7,30.0,280.0,10.0,60.0,0.9289111,1.7315946,2.1726587,2026-01-26-23:40:53
30.0,5.0,40.0,150.0,9.0,60.0,1.6111329,4.0740886,1.6214285,2026-01-26-23:40:53
20.0,1.7,30.0,150.0,9.5,35.0,0.52873176,1.7407434,0.8493064,2026-01-26-23:40:53
26.0,4.8,40.0,280.0,9.5,60.0,1.7415907,3.4701545,1.7903421,2026-01-26-23:40:53
30.0,4.8,40.0,280.0,9.0,60.0,1.8528659,3.9482958,1.8844024,2026-01-26-23:41:55
30.0,4.8,35.0,260.0,9.0,60.0,1.2048583,3.3175075,2.5050373,2026-01-26-23:41:55
30.0,4.8,30.0,280.0,9.0,60.0,0.821755,2.7482955,3.028847,2026-01-26-23:41:55
30.0,4.9,35.0,280.0,9.0,60.0,1.1987187,3.298983,2.6159704,2026-01-26-23:41:55
3.0,4.8,40.0,280.0,6.0,60.0,1.0598383,-0.035622597,0.9201687,2026-01-26-23:41:55
30.0,4.7,35.0,280.0,9.0,60.0,1.263958,3.2971504,2.509265,2026-01-26-23:43:02
30.0,5.0,40.0,120.0,9.0,60.0,1.5707881,4.102906,1.5357141,2026-01-26-23:43:02
30.0,5.0,40.0,140.0,9.0,60.0,1.5976846,4.083695,1.592857,2026-01-26-23:43:02
30.0,5.0,40.0,160.0,9.0,60.0,1.6245811,4.0644827,1.6499999,2026-01-26-23:43:02
26.0,4.9,35.0,140.0,9.5,55.0,0.8144557,2.993105,2.0340166,2026-01-26-23:43:02
30.0,5.0,40.0,280.0,9.0,50.0,1.467458,3.9992218,1.8317438,2026-01-26-23:44:04
11.0,5.0,30.0,280.0,3.0,60.0,0.2633323,0.04255098,1.9067973,2026-01-26-23:44:04
25.0,3.5,40.0,280.0,6.0,50.0,1.782611,3.1630738,0.78806937,2026-01-26-23:44:04
11.0,2.5,25.0,40.0,2.0,50.0,0.045187533,0.4477502,0.58063924,2026-01-26-23:44:04
30.0,3.7,40.0,280.0,9.0,50.0,1.8427851,3.9605088,1.1893243,2026-01-26-23:44:04
15.999999,4.2,35.0,280.0,10.0,60.0,1.0631827,1.5734222,1.8228419,2026-01-26-23:45:05
30.0,5.0,40.0,290.0,9.0,60.0,1.7994087,3.9396057,2.0214283,2026-01-26-23:45:05
17.0,4.1,35.0,280.0,6.5,60.0,1.0973915,1.4819862,1.5788795,2026-01-26-23:45:05
15.999999,1.8,35.0,290.0,10.0,60.0,1.572906,1.605238,1.0918434,2026-01-26-23:45:05
27.0,4.8,40.0,280.0,10.0,60.0,1.7740675,3.6402647,1.8572612,2026-01-26-23:45:05
27.0,4.9,35.0,290.0,10.0,60.0,1.1399343,3.0216348,2.6017988,2026-01-26-23:46:12
27.0,4.8,30.0,290.0,10.0,60.0,0.7733013,2.5146487,3.0004249,2026-01-26-23:46:12
27.0,4.6,35.0,290.0,9.5,60.0,1.2366498,2.9907813,2.4124432,2026-01-26-23:46:12
27.0,4.7,30.0,290.0,9.5,60.0,0.8042588,2.4814417,2.9143672,2026-01-26-23:46:12
30.0,5.0,40.0,170.0,9.0,60.0,1.6380296,4.0548773,1.6785712,2026-01-26-23:46:12
27.0,4.1,25.0,290.0,10.0,60.0,0.79672676,2.104646,2.8972893,2026-01-26-23:47:17
27.0,1.8,40.0,290.0,10.0,60.0,2.4091177,3.467907,0.71801907,2026-01-26-23:47:17
27.0,3.5,25.0,280.0,10.0,60.0,0.93548495,2.0939677,2.6074975,2026-01-26-23:47:17
30.0,5.0,35.0,290.0,9.0,60.0,1.1782978,3.289606,2.6992064,2026-01-26-23:47:17
30.0,4.1,35.0,290.0,9.0,60.0,1.4531333,3.271051,2.2387106,2026-01-26-23:47:17
30.0,5.0,40.0,190.0,9.0,60.0,1.664926,4.035665,1.7357141,2026-01-26-23:48:28
30.0,2.2,40.0,290.0,9.0,60.0,2.4328783,3.760014,0.82142866,2026-01-26-23:48:28
30.0,5.0,40.0,200.0,9.0,60.0,1.6783743,4.0260596,1.7642856,2026-01-26-23:48:28
27.0,4.8,35.0,280.0,9.0,55.0,0.9971042,2.989112,2.3713293,2026-01-26-23:48:28
21.0,2.2,25.0,200.0,5.5,25.0,0.123301774,1.4394964,1.0452193,2026-01-26-23:48:28
30.0,4.6,35.0,290.0,9.0,60.0,1.3087767,3.2859411,2.4857953,2026-01-26-23:49:44
30.0,1.9,40.0,290.0,9.0,60.0,2.462016,3.7194686,0.73352766,2026-01-26-23:49:44
23.0,4.8,40.0,290.0,10.0,60.0,1.6655768,3.060987,1.7519777,2026-01-26-23:49:44
30.0,5.0,40.0,80.0,9.0,50.0,1.3391821,4.108581,1.3320394,2026-01-26-23:49:44
30.0,4.9,30.0,290.0,9.0,60.0,0.80216694,2.739377,3.1112084,2026-01-26-23:49:44
30.0,2.7,40.0,290.0,9.0,60.0,2.3676555,3.818427,0.98542285,2026-01-26-23:50:57
23.0,4.9,35.0,290.0,10.0,60.0,1.0323818,2.5028074,2.4443831,2026-01-26-23:50:57
13.0,5.0,40.0,290.0,6.0,60.0,1.2706326,1.2069647,1.2435457,2026-01-26-23:50:57
30.0,4.4,35.0,290.0,9.0,60.0,1.3690183,3.2813592,2.3843374,2026-01-26-23:50:57
23.0,4.7,30.0,290.0,10.0,60.0,0.7133027,2.0583637,2.7740488,2026-01-26-23:50:57
30.0,5.0,40.0,240.0,9.0,60.0,1.7321672,3.9876356,1.8785713,2026-01-26-23:52:07
27.0,4.9,40.0,280.0,8.0,50.0,1.4236267,3.560423,1.6205432,2026-01-26-23:52:07
30.0,5.0,40.0,250.00002,9.0,60.0,1.7456157,3.9780295,1.9071428,2026-01-26-23:52:07
30.0,5.0,40.0,300.0,9.0,60.0,1.8128569,3.9300003,2.05,2026-01-26-23:52:07
30.0,5.0,40.0,270.0,9.0,60.0,1.7725122,3.958818,1.9642856,2026-01-26-23:52:07
30.0,5.0,35.0,300.0,9.0,60.0,1.191746,3.2800002,2.7277777,2026-01-26-23:53:03
28.0,3.7,35.0,300.0,8.0,60.0,1.5208719,2.971479,1.9519626,2026-01-26-23:53:03
2.0,3.1,35.0,100.0,5.5,45.0,0.43823487,0.111922845,0.2840781,2026-01-26-23:53:03
28.0,2.5,35.0,70.0,6.5,45.0,1.0949421,3.0427334,0.7042073,2026-01-26-23:53:03
30.0,1.8,40.0,300.0,9.0,60.0,2.483511,3.6954308,0.73454815,2026-01-26-23:53:03
28.0,4.9,30.0,300.0,8.0,60.0,0.77044624,2.4689703,2.985906,2026-01-26-23:54:19
28.0,4.6,30.0,300.0,6.5,60.0,0.86626446,2.3651788,2.7246928,2026-01-26-23:54:19
30.0,5.0,30.0,300.0,9.0,60.0,0.781746,2.73,3.1944444,2026-01-26-23:54:19
30.0,2.5,40.0,300.0,9.0,60.0,2.4096918,3.7868304,0.9457725,2026-01-26-23:54:19
28.0,4.1,25.0,300.0,6.5,60.0,0.82042086,1.9356163,2.7270412,2026-01-26-23:54:19
30.0,5.0,40.0,180.0,9.0,45.0,1.2792413,4.0582166,1.5192659,2026-01-26-23:55:27
22.0,5.0,40.0,300.0,6.0,60.0,1.5698245,2.609663,1.5690253,2026-01-26-23:55:27
30.0,1.7,40.0,300.0,9.0,60.0,2.4907248,3.6805415,0.70787174,2026-01-26-23:55:27
22.0,4.9,35.0,300.0,6.0,60.0,1.0101311,2.0759718,2.154137,2026-01-26-23:55:27
29.0,4.9,40.0,300.0,6.0,60.0,1.8144239,3.5999498,1.7542105,2026-01-26-23:55:27
29.0,4.9,30.0,300.0,6.0,60.0,0.7897496,2.4275355,2.88831,2026-01-26-23:56:46
29.0,4.8,35.0,300.0,5.5,60.0,1.2290785,2.9288297,2.3384478,2026-01-26-23:56:46
29.0,4.1,30.0,300.0,4.0,60.0,1.0296603,2.2754028,2.3458571,2026-01-26-23:56:46
29.0,4.6,40.0,290.0,5.0,55.0,1.7529802,3.5841563,1.4348243,2026-01-26-23:56:46
30.0,4.8,40.0,100.0,9.0,45.0,1.3229744,4.0844927,1.2252744,2026-01-26-23:56:46
30.0,4.8,40.0,300.0,9.0,60.0,1.8797624,3.9290838,1.9415452,2026-01-26-23:58:01
14.0,4.8,40.0,300.0,4.0,60.0,1.3927275,1.2315071,1.0638949,2026-01-26-23:58:01
29.0,4.6,25.0,300.0,6.0,60.0,0.6913644,1.9902151,2.9812133,2026-01-26-23:58:01
30.0,4.2,40.0,300.0,9.0,60.0,2.0604873,3.9153395,1.6371722,2026-01-26-23:58:01
30.0,2.9,40.0,300.0,9.0,60.0,2.3491836,3.82898,1.0857143,2026-01-26-23:58:01
29.0,4.9,40.0,300.0,5.5,55.0,1.6724238,3.6060927,1.6475675,2026-01-26-23:59:17
30.0,5.0,40.0,300.0,8.0,45.0,1.3339999,3.957714,1.7382857,2026-01-26-23:59:17
30.0,5.0,40.0,300.0,8.5,60.0,1.8121428,3.895,2.0149999,2026-01-26-23:59:17
30.0,5.0,40.0,290.0,9.0,40.0,1.148335,4.0479016,1.6920295,2026-01-26-23:59:17
30.0,5.0,40.0,130.0,8.0,45.0,1.243724,4.0364337,1.3641182,2026-01-26-23:59:17
27.0,4.9,25.0,300.0,10.0,60.0,0.56139016,2.096019,3.3227403,2026-01-27-00:00:26
30.0,5.0,35.0,180.0,9.0,60.0,1.0303667,3.3952713,2.3849206,2026-01-27-00:00:26
30.0,4.8,35.0,300.0,9.0,60.0,1.2586515,3.2790837,2.619323,2026-01-27-00:00:26
30.0,4.4,30.0,300.0,9.0,60.0,0.97246665,2.7217531,2.8795755,2026-01-27-00:00:26
30.0,1.3,40.0,300.0,9.0,60.0,2.5112495,3.6164017,0.60991263,2026-01-27-00:00:26
28.0,4.8,40.0,290.0,8.0,55.0,1.6506829,3.6559987,1.7030379,2026-01-27-00:01:29
28.0,4.0,40.0,290.0,8.0,60.0,2.044214,3.615891,1.389738,2026-01-27-00:01:29
28.0,4.9,40.0,300.0,6.0,55.0,1.6409695,3.5132263,1.6487224,2026-01-27-00:01:29
13.0,4.0,25.0,300.0,5.0,60.0,0.56352234,0.28580308,1.899269,2026-01-27-00:01:29
30.0,4.0,35.0,300.0,9.0,60.0,1.4929538,3.257093,2.220489,2026-01-27-00:01:29
30.0,4.7,30.0,300.0,9.0,60.0,0.88085455,2.7279382,3.0330744,2026-01-27-00:02:30
27.0,5.0,40.0,300.0,10.0,60.0,1.7278799,3.619788,2.0226898,2026-01-27-00:02:30
30.0,4.9,25.0,300.0,9.0,60.0,0.6167262,2.279771,3.3953352,2026-01-27-00:02:30
30.0,5.0,40.0,300.0,9.0,20.0,0.48257136,4.163143,1.376857,2026-01-27-00:02:30
29.0,4.4,40.0,40.0,6.0,20.0,1.0071994,3.8266993,0.63101417,2026-01-27-00:02:30
30.0,5.0,40.0,40.0,9.0,60.0,1.4632019,4.179754,1.3071427,2026-01-27-00:03:41
29.0,4.8,40.0,270.0,4.5,50.0,1.5254294,3.617209,1.4007047,2026-01-27-00:03:41
28.0,4.4,40.0,270.0,7.5,50.0,1.6058267,3.6690388,1.3439626,2026-01-27-00:03:41
30.0,4.0,40.0,40.0,9.0,60.0,1.7644098,4.156847,0.7998543,2026-01-27-00:03:41
30.0,4.6,40.0,300.0,9.0,60.0,1.943336,3.9263349,1.8365889,2026-01-27-00:03:41
28.0,5.0,35.0,290.0,7.5,55.0,0.96985257,2.9987352,2.4446135,2026-01-27-00:04:58
29.0,4.9,40.0,280.0,5.0,45.0,1.3747491,3.6751714,1.4377129,2026-01-27-00:04:58
29.0,4.4,40.0,290.0,5.5,60.0,1.9497905,3.5747187,1.436684,2026-01-27-00:04:58
29.0,4.4,40.0,290.0,6.0,55.0,1.8103718,3.6464627,1.3994575,2026-01-27-00:04:58
28.0,5.0,40.0,290.0,6.0,50.0,1.4481378,3.5604985,1.6076757,2026-01-27-00:04:58
26.0,2.8,40.0,300.0,11.0,60.0,2.2720294,3.5091481,1.0953178,2026-01-27-00:05:56
30.0,2.8,40.0,300.0,9.0,60.0,2.36556,3.81913,1.0494169,2026-01-27-00:05:56
27.0,4.1,40.0,270.0,8.5,60.0,1.9626875,3.5477986,1.3846537,2026-01-27-00:05:56
30.0,4.9,30.0,290.0,9.0,55.0,0.6393984,2.7664511,3.0288587,2026-01-27-00:05:56
30.0,1.6,40.0,300.0,9.0,60.0,2.4971054,3.6651936,0.68207,2026-01-27-00:05:56
26.0,5.0,40.0,300.0,11.0,60.0,1.6995094,3.5518975,2.0587442,2026-01-27-00:06:56
30.0,5.0,40.0,40.0,8.5,55.0,1.3598423,4.137828,1.2517757,2026-01-27-00:06:56
30.0,5.0,40.0,270.0,8.5,55.0,1.6160146,3.9503155,1.8540812,2026-01-27-00:06:56
28.0,4.0,40.0,270.0,7.0,55.0,1.8623717,3.6010537,1.1968858,2026-01-27-00:06:56
30.0,5.0,40.0,70.0,9.0,60.0,1.5035467,4.150936,1.3928571,2026-01-27-00:06:56
30.0,4.8,40.0,40.0,9.0,50.0,1.3804326,4.129537,1.1236439,2026-01-27-00:08:11
30.0,4.8,40.0,40.0,9.0,40.0,1.2307576,4.0802364,1.0485995,2026-01-27-00:08:11
26.0,5.0,40.0,300.0,10.5,60.0,1.6987951,3.5168974,2.023744,2026-01-27-00:08:11
30.0,4.4,35.0,300.0,9.0,60.0,1.3824666,3.2717533,2.4129088,2026-01-27-00:08:11
27.0,5.0,35.0,280.0,8.0,60.0,1.0818427,2.892842,2.4901721,2026-01-27-00:08:11
30.0,3.8,40.0,300.0,9.0,60.0,2.1643107,3.8970137,1.4517492,2026-01-27-00:09:31
28.0,4.6,40.0,270.0,8.0,45.0,1.3932852,3.7266126,1.3981941,2026-01-27-00:09:31
30.0,4.0,40.0,180.0,9.0,60.0,1.9526856,4.022364,1.1998543,2026-01-27-00:09:31
27.0,5.0,40.0,270.0,10.0,45.0,1.2061459,3.7034333,1.6864239,2026-01-27-00:09:31
30.0,5.0,40.0,10.0,9.0,55.0,1.3585713,4.1777143,1.1892856,2026-01-27-00:09:31
30.0,5.0,40.0,30.0,8.0,50.0,1.2547979,4.1060295,1.1761773,2026-01-27-00:10:53
30.0,5.0,40.0,290.0,8.5,50.0,1.4790936,3.9627984,1.8258915,2026-01-27-00:10:53
30.0,3.5,40.0,300.0,9.0,60.0,2.2334318,3.8784595,1.3218659,2026-01-27-00:10:53
30.0,5.0,40.0,10.0,8.5,50.0,1.2657142,4.133143,1.1428571,2026-01-27-00:10:53
30.0,5.0,35.0,290.0,8.5,55.0,1.0171795,3.2840104,2.5842335,2026-01-27-00:10:53
30.0,5.0,35.0,210.0,9.0,60.0,1.0707116,3.3664536,2.470635,2026-01-27-00:12:08
26.0,5.0,35.0,300.0,11.0,60.0,1.0912719,2.9570699,2.715832,2026-01-27-00:12:08
30.0,3.8,35.0,300.0,9.0,60.0,1.5431995,3.2470136,2.129527,2026-01-27-00:12:08
29.0,4.8,40.0,260.0,6.0,40.0,1.2417742,3.7778492,1.3357196,2026-01-27-00:12:08
30.0,4.2,35.0,300.0,9.0,60.0,1.4393761,3.2653394,2.31495,2026-01-27-00:12:08
30.0,4.4,40.0,300.0,9.0,60.0,2.0035777,3.9217534,1.7351311,2026-01-27-00:13:25
30.0,4.8,40.0,30.0,9.0,35.0,1.1600581,4.0548472,0.9914714,2026-01-27-00:13:25
29.0,4.9,40.0,260.0,5.0,50.0,1.4732908,3.6572406,1.4634715,2026-01-27-00:13:25
29.0,4.8,40.0,250.00002,5.0,50.0,1.4904835,3.6677213,1.3898478,2026-01-27-00:13:25
29.0,4.8,40.0,280.0,4.5,55.0,1.6698134,3.5657654,1.484855,2026-01-27-00:13:25
30.0,3.1,40.0,300.0,9.0,60.0,2.3139317,3.8473058,1.1609331,2026-01-27-00:14:35
27.0,5.0,40.0,250.00002,9.5,55.0,1.5136878,3.6468222,1.7649139,2026-01-27-00:14:35
27.0,5.0,40.0,280.0,8.5,55.0,1.5407469,3.5619502,1.7829583,2026-01-27-00:14:35
29.0,4.8,40.0,270.0,5.0,35.0,1.1411338,3.7568839,1.2369264,2026-01-27-00:14:35
30.0,4.8,25.0,300.0,9.0,60.0,0.6497626,2.2790837,3.341545,2026-01-27-00:14:35
27.0,5.0,40.0,260.0,10.0,50.0,1.3650228,3.6881623,1.7425913,2026-01-27-00:16:00
29.0,4.9,40.0,290.0,6.0,25.0,0.80435497,3.8747675,1.2277377,2026-01-27-00:16:00
30.0,4.2,30.0,300.0,9.0,60.0,1.029376,2.7153392,2.781617,2026-01-27-00:16:00
30.0,4.0,40.0,300.0,9.0,60.0,2.114065,3.907093,1.5427114,2026-01-27-00:16:00
28.0,4.8,40.0,280.0,7.5,40.0,1.1931705,3.7231562,1.4198111,2026-01-27-00:16:00
26.0,4.8,40.0,290.0,11.0,50.0,1.4054873,3.6047504,1.7437462,2026-01-27-00:17:20
23.0,4.4,25.0,300.0,9.5,60.0,0.64360374,1.6716121,2.843519,2026-01-27-00:17:20
28.0,4.4,40.0,290.0,7.0,45.0,1.4826345,3.6573834,1.2843417,2026-01-27-00:17:20
30.0,0.8,40.0,300.0,9.0,60.0,2.5181632,3.5259185,0.5071429,2026-01-27-00:17:20
29.0,4.7,40.0,240.0,6.0,30.0,1.0134536,3.841557,1.1221821,2026-01-27-00:17:20
30.0,5.0,40.0,10.0,9.0,50.0,1.2942857,4.1468573,1.1571428,2026-01-27-00:18:33
30.0,5.0,40.0,110.0,9.0,50.0,1.3584237,4.0921774,1.4069949,2026-01-27-00:18:33
25.0,3.5,40.0,10.0,6.0,50.0,1.4139214,3.4104629,0.20923193,2026-01-27-00:18:33
30.0,4.5,40.0,20.0,9.0,60.0,1.5973216,4.1932387,0.98542273,2026-01-27-00:18:33
28.0,4.4,40.0,280.0,8.0,35.0,1.1555212,3.7773638,1.166465,2026-01-27-00:18:33
30.0,2.2,40.0,300.0,8.5,60.0,2.4456122,3.7154083,0.81500006,2026-01-27-00:19:34
30.0,4.4,40.0,210.0,9.0,20.0,0.8054989,4.092384,0.93394893,2026-01-27-00:19:34
30.0,3.4,40.0,300.0,8.5,60.0,2.254092,3.836358,1.2453208,2026-01-27-00:19:34
27.0,3.4,40.0,240.0,10.0,55.0,1.9621062,3.6618493,1.0178002,2026-01-27-00:19:34
30.0,4.9,40.0,300.0,9.0,60.0,1.8467262,3.9297714,1.9953352,2026-01-27-00:19:34
30.0,4.9,30.0,300.0,8.5,60.0,0.8149008,2.6947713,3.10478,2026-01-27-00:20:50
29.0,4.9,40.0,240.0,5.0,40.0,1.2079313,3.7389154,1.3047621,2026-01-27-00:20:50
30.0,4.6,35.0,300.0,9.0,60.0,1.322225,3.2763352,2.5143666,2026-01-27-00:20:50
30.0,4.5,40.0,10.0,8.0,60.0,1.5124449,4.168559,0.9211371,2026-01-27-00:20:50
29.0,4.8,40.0,290.0,5.0,30.0,1.0179712,3.7892973,1.1986161,2026-01-27-00:20:50
30.0,4.9,40.0,20.0,8.5,60.0,1.4356673,4.180978,1.176887,2026-01-27-00:22:15
30.0,5.0,40.0,20.0,9.0,40.0,1.1650934,4.083813,1.1142561,2026-01-27-00:22:15
30.0,4.9,40.0,20.0,8.0,60.0,1.4011598,4.1632195,1.1584388,2026-01-27-00:22:15
30.0,5.0,40.0,50.0,8.0,55.0,1.3436649,4.1117835,1.2595271,2026-01-27-00:22:15
30.0,4.5,40.0,219.99998,8.5,60.0,1.8559177,3.9710467,1.5265803,2026-01-27-00:22:15
30.0,3.7,40.0,300.0,9.0,60.0,2.188184,3.8912873,1.4075803,2026-01-27-00:23:27
30.0,4.6,30.0,300.0,9.0,60.0,0.91222495,2.726335,2.9810333,2026-01-27-00:23:27
30.0,3.7,40.0,260.0,9.0,60.0,2.1343908,3.9297104,1.2932945,2026-01-27-00:23:27
22.0,4.4,30.0,300.0,5.5,60.0,0.7910231,1.6242632,2.3011098,2026-01-27-00:23:27
26.0,5.0,40.0,300.0,10.0,60.0,1.6980808,3.4818976,1.9887443,2026-01-27-00:23:27
30.0,4.9,40.0,10.0,8.5,60.0,1.421012,4.1912,1.1489067,2026-01-27-00:24:37
30.0,5.0,40.0,60.0,9.0,55.0,1.4082265,4.14003,1.3231772,2026-01-27-00:24:37
30.0,5.0,40.0,20.0,8.5,45.0,1.2091033,4.099985,1.135101,2026-01-27-00:24:37
30.0,4.9,35.0,300.0,9.0,60.0,1.2256153,3.2797713,2.673113,2026-01-27-00:24:37
30.0,5.0,35.0,270.0,9.0,50.0,0.8399333,3.35469,2.4845364,2026-01-27-00:24:37
30.0,2.2,40.0,300.0,9.0,60.0,2.4463265,3.7504086,0.85,2026-01-27-00:25:51
30.0,4.7,25.0,300.0,9.0,60.0,0.68196565,2.2779384,3.2886298,2026-01-27-00:25:51
20.0,5.0,35.0,300.0,11.0,60.0,0.92562264,2.1349943,2.474752,2026-01-27-00:25:51
20.0,4.6,35.0,290.0,10.5,60.0,1.0545675,2.135052,2.2128856,2026-01-27-00:25:51
30.0,4.9,30.0,300.0,9.0,60.0,0.8156151,2.7297711,3.1397798,2026-01-27-00:25:51
30.0,4.0,40.0,120.0,9.0,60.0,1.8719959,4.0799994,1.0284257,2026-01-27-00:27:11
30.0,2.7,40.0,300.0,9.0,60.0,2.3811038,3.8088217,1.0139942,2026-01-27-00:27:11
30.0,5.0,40.0,40.0,9.0,30.0,1.0141772,4.0318522,1.0820098,2026-01-27-00:27:11
30.0,3.3,40.0,300.0,9.0,60.0,2.2753477,3.8637986,1.23965,2026-01-27-00:27:11
30.0,4.9,40.0,50.0,8.5,30.0,1.0309331,4.025111,1.0356506,2026-01-27-00:27:11
27.0,4.3,35.0,300.0,10.0,60.0,1.3407449,3.0161989,2.3295317,2026-01-27-00:28:17
29.0,2.6,40.0,300.0,5.5,60.0,2.367977,3.451038,0.71303284,2026-01-27-00:28:17
30.0,4.3,35.0,300.0,9.0,60.0,1.4113377,3.2687755,2.3634923,2026-01-27-00:28:17
27.0,4.6,40.0,180.0,10.0,35.0,1.0725391,3.730338,1.1263161,2026-01-27-00:28:17
27.0,4.0,35.0,300.0,10.0,60.0,1.4243877,3.011483,2.1903288,2026-01-27-00:28:17
30.0,4.7,25.0,280.0,9.0,55.0,0.49581784,2.322155,3.1509302,2026-01-27-00:29:27
30.0,4.9,25.0,280.0,9.0,55.0,0.43057847,2.3239877,3.2576356,2026-01-27-00:29:27
30.0,4.3,25.0,280.0,9.0,55.0,0.616301,2.3129923,2.9480147,2026-01-27-00:29:27
15.0,1.1,40.0,180.0,7.5,55.0,1.8713115,1.8601253,-0.18045448,2026-01-27-00:29:27
30.0,4.7,40.0,280.0,7.5,55.0,1.7271478,3.8759925,1.6548344,2026-01-27-00:29:27
30.0,5.0,40.0,219.99998,9.0,55.0,1.5671229,4.0194387,1.7516303,2026-01-27-00:30:49
27.0,4.8,35.0,270.0,10.0,55.0,0.9887003,3.0595257,2.4074328,2026-01-27-00:30:49
30.0,5.0,35.0,219.99998,9.0,60.0,1.0841597,3.3568475,2.4992063,2026-01-27-00:30:49
30.0,4.9,40.0,10.0,9.0,60.0,1.4567263,4.2083426,1.1667639,2026-01-27-00:30:49
30.0,5.0,40.0,10.0,7.5,55.0,1.2621428,4.1314287,1.1410713,2026-01-27-00:30:49
30.0,5.0,35.0,130.0,9.0,60.0,0.96312535,3.4433007,2.2420635,2026-01-27-00:31:59
30.0,0.6,35.0,300.0,7.5,15.0,0.4917011,3.0400898,0.33586377,2026-01-27-00:31:59
30.0,3.7,40.0,219.99998,9.0,60.0,2.0805976,3.9681342,1.1790088,2026-01-27-00:31:59
30.0,1.9,40.0,300.0,9.0,60.0,2.4754643,3.7098627,0.7620991,2026-01-27-00:31:59
30.0,5.0,35.0,250.00002,9.0,60.0,1.1245047,3.3280299,2.5849206,2026-01-27-00:31:59
30.0,4.7,40.0,300.0,9.0,60.0,1.9119656,3.9279385,1.8886299,2026-01-27-00:33:04
30.0,5.0,35.0,260.0,9.0,45.0,0.6813026,3.3810253,2.3825805,2026-01-27-00:33:04
30.0,5.0,40.0,219.99998,9.0,60.0,1.7052708,4.0068474,1.8214283,2026-01-27-00:33:04
2.0,3.1,40.0,100.0,5.5,45.0,0.969231,0.3757159,-0.24887201,2026-01-27-00:33:04
30.0,4.7,35.0,300.0,9.0,60.0,1.2908546,3.2779384,2.5664077,2026-01-27-00:33:04
26.0,4.9,40.0,300.0,11.0,60.0,1.7342794,3.5547647,2.0057683,2026-01-27-00:33:55
30.0,4.8,40.0,20.0,8.5,55.0,1.4044719,4.153217,1.0909469,2026-01-27-00:33:55
30.0,4.8,30.0,300.0,9.0,60.0,0.84865147,2.7290835,3.0859897,2026-01-27-00:33:55
30.0,5.0,35.0,300.0,7.5,55.0,1.0340317,3.2092862,2.543992,2026-01-27-00:33:55
26.0,4.5,40.0,240.0,11.0,45.0,1.3349013,3.6341257,1.3754146,2026-01-27-00:33:55
30.0,4.5,40.0,10.0,7.5,60.0,1.4767306,4.1514163,0.9032799,2026-01-27-00:35:29
30.0,4.9,35.0,270.0,8.5,60.0,1.1809354,3.2754364,2.5541723,2026-01-27-00:35:29
30.0,5.0,40.0,290.0,9.0,55.0,1.6366403,3.9666798,1.9390786,2026-01-27-00:35:29
30.0,4.7,40.0,10.0,9.0,60.0,1.5219656,4.20651,1.0600586,2026-01-27-00:35:29
30.0,4.5,40.0,100.0,9.0,60.0,1.7049079,4.1163917,1.2139941,2026-01-27-00:35:29
30.0,5.0,40.0,10.0,9.0,35.0,1.1014285,4.054286,1.0607142,2026-01-27-00:36:38
30.0,4.1,40.0,300.0,9.0,60.0,2.0876927,3.9114456,1.5895044,2026-01-27-00:36:38
30.0,4.2,40.0,300.0,9.0,55.0,1.8942015,3.9444823,1.5530293,2026-01-27-00:36:38
26.0,3.9,40.0,300.0,11.0,55.0,1.8555936,3.5805259,1.4328299,2026-01-27-00:36:38
30.0,4.2,35.0,300.0,9.0,55.0,1.2730904,3.2944822,2.230807,2026-01-27-00:36:38
30.0,4.6,40.0,300.0,9.0,55.0,1.7770503,3.9554777,1.7524459,2026-01-27-00:37:47
30.0,4.6,40.0,90.0,9.0,55.0,1.5684986,4.113754,1.1901011,2026-01-27-00:37:47
30.0,4.6,30.0,300.0,9.0,55.0,0.7459392,2.755478,2.8968904,2026-01-27-00:37:47
30.0,4.6,35.0,300.0,9.0,55.0,1.1559392,3.305478,2.4302237,2026-01-27-00:37:47
29.0,4.2,40.0,290.0,5.0,55.0,1.871032,3.576257,1.2370967,2026-01-27-00:37:47
30.0,3.6,40.0,300.0,8.5,60.0,2.2105103,3.8501024,1.3292859,2026-01-27-00:39:11
26.0,4.3,30.0,300.0,11.0,60.0,0.92004263,2.4726925,2.8093462,2026-01-27-00:39:11
27.0,3.5,40.0,300.0,9.5,60.0,2.157874,3.5680811,1.2785565,2026-01-27-00:39:11
30.0,4.3,40.0,300.0,9.0,60.0,2.0324488,3.9187756,1.6857145,2026-01-27-00:39:11
30.0,1.8,40.0,300.0,8.5,60.0,2.4827967,3.660431,0.6995481,2026-01-27-00:39:11
30.0,4.9,40.0,40.0,8.5,20.0,0.8948494,3.9770472,0.94695604,2026-01-27-00:40:23
30.0,0.7,40.0,300.0,9.0,60.0,2.5170472,3.5064473,0.48921287,2026-01-27-00:40:23
29.0,4.4,40.0,300.0,6.0,20.0,0.81354415,3.911231,0.908689,2026-01-27-00:40:23
29.0,2.5,40.0,300.0,5.0,60.0,2.3813655,3.4055882,0.6447815,2026-01-27-00:40:23
1.0,4.9,40.0,300.0,4.0,20.0,-0.028457396,-0.02749441,0.32729447,2026-01-27-00:40:23
30.0,3.9,40.0,300.0,9.0,60.0,2.139604,3.9022827,1.496793,2026-01-27-00:41:48
30.0,4.7,40.0,10.0,8.5,60.0,1.4862514,4.1893673,1.0422014,2026-01-27-00:41:48
29.0,4.8,40.0,240.0,6.0,45.0,1.3522863,3.7608838,1.3626851,2026-01-27-00:41:48
30.0,5.0,40.0,260.0,8.5,55.0,1.6048766,3.9584682,1.827894,2026-01-27-00:41:48
30.0,4.0,40.0,230.0,8.5,60.0,2.0107644,3.9436445,1.3118494,2026-01-27-00:41:48
30.0,4.9,35.0,230.0,9.0,60.0,1.1314774,3.3470125,2.473113,2026-01-27-00:43:08
18.0,2.5,30.0,160.0,2.5,20.0,0.17754705,1.3808625,0.64823914,2026-01-27-00:43:08
30.0,5.0,25.0,300.0,9.0,60.0,0.5828571,2.2800002,3.4499998,2026-01-27-00:43:08
30.0,5.0,40.0,50.0,9.0,25.0,0.9281674,4.012079,1.0605073,2026-01-27-00:43:08
30.0,4.7,40.0,50.0,9.0,50.0,1.4190495,4.1229234,1.0957137,2026-01-27-00:43:08
30.0,5.0,30.0,260.0,9.0,60.0,0.72795284,2.7684238,3.0801587,2026-01-27-00:44:20
30.0,4.9,30.0,250.00002,9.0,60.0,0.74837387,2.7778006,2.9969227,2026-01-27-00:44:20
30.0,4.0,40.0,219.99998,9.0,60.0,2.0064785,3.9839404,1.31414,2026-01-27-00:44:20
30.0,2.3,40.0,300.0,9.0,60.0,2.434948,3.7630076,0.88104963,2026-01-27-00:44:20
30.0,3.4,40.0,300.0,9.0,60.0,2.2548063,3.871358,1.2803208,2026-01-27-00:44:20
30.0,4.9,35.0,240.0,9.0,60.0,1.1449256,3.3374069,2.5016844,2026-01-27-00:45:42
30.0,4.5,40.0,300.0,9.0,60.0,1.9738734,3.9242735,1.7854227,2026-01-27-00:45:42
30.0,3.9,35.0,300.0,9.0,60.0,1.5184932,3.2522826,2.1745708,2026-01-27-00:45:42
30.0,4.1,35.0,300.0,9.0,60.0,1.4665816,3.261445,2.267282,2026-01-27-00:45:42
30.0,5.0,35.0,160.0,9.0,60.0,1.0034701,3.414483,2.3277776,2026-01-27-00:45:42
30.0,4.6,40.0,10.0,8.5,60.0,1.5176218,4.187763,0.99016035,2026-01-27-00:47:02
30.0,4.9,40.0,300.0,7.5,50.0,1.5334406,3.8933425,1.7327639,2026-01-27-00:47:02
30.0,4.7,40.0,40.0,8.0,60.0,1.4981233,4.139712,1.1065117,2026-01-27-00:47:02
30.0,4.6,40.0,250.00002,8.5,60.0,1.8693459,3.9424431,1.6616875,2026-01-27-00:47:02
30.0,4.8,40.0,240.0,8.0,55.0,1.645122,3.944266,1.6373976,2026-01-27-00:47:02
30.0,5.0,30.0,219.99998,9.0,60.0,0.67415977,2.8068473,2.965873,2026-01-27-00:48:18
26.0,5.0,40.0,290.0,11.0,60.0,1.6908886,3.5590403,2.0278082,2026-01-27-00:48:18
30.0,4.0,40.0,70.0,9.0,60.0,1.8047545,4.1280293,0.8855686,2026-01-27-00:48:18
30.0,4.5,35.0,300.0,9.0,60.0,1.3527622,3.2742734,2.4632003,2026-01-27-00:48:18
13.0,5.0,40.0,70.0,6.0,60.0,0.8154602,1.4995756,0.69300383,2026-01-27-00:48:18
30.0,5.0,35.0,300.0,9.0,50.0,0.8591746,3.3382862,2.5594919,2026-01-27-00:49:34
29.0,4.8,40.0,300.0,4.5,50.0,1.5772569,3.5841794,1.4596999,2026-01-27-00:49:34
30.0,4.9,40.0,20.0,9.0,60.0,1.4701746,4.1987367,1.1953353,2026-01-27-00:49:34
30.0,4.9,35.0,200.0,9.0,60.0,1.0911324,3.3758304,2.3873987,2026-01-27-00:49:34
27.0,4.4,40.0,160.0,10.0,40.0,1.2714224,3.7297115,1.0484263,2026-01-27-00:49:34
30.0,3.2,40.0,300.0,9.0,60.0,2.295056,3.855781,1.1998543,2026-01-27-00:50:59
30.0,2.6,40.0,300.0,8.5,60.0,2.3950999,3.7630553,0.9444462,2026-01-27-00:50:59
30.0,4.6,25.0,300.0,9.0,60.0,0.71333605,2.276335,3.2365887,2026-01-27-00:50:59
30.0,3.0,40.0,300.0,8.5,60.0,2.33126,3.803372,1.0878865,2026-01-27-00:50:59
30.0,4.3,30.0,300.0,9.0,60.0,1.0013378,2.7187757,2.830159,2026-01-27-00:50:59
30.0,5.0,35.0,100.0,9.0,60.0,0.9227805,3.4721186,2.1563492,2026-01-27-00:52:16
30.0,4.9,35.0,190.0,9.0,60.0,1.0776842,3.3854363,2.3588274,2026-01-27-00:52:16
30.0,4.8,40.0,10.0,9.0,60.0,1.4897625,4.2076554,1.1129739,2026-01-27-00:52:16
30.0,4.5,35.0,270.0,9.0,60.0,1.3124175,3.303091,2.377486,2026-01-27-00:52:16
30.0,3.7,40.0,160.0,9.0,55.0,1.8828638,4.025947,0.9485409,2026-01-27-00:52:16
30.0,5.0,35.0,290.0,8.0,60.0,1.1744554,3.2208378,2.6303887,2026-01-27-00:53:42
30.0,4.8,40.0,70.0,9.0,50.0,1.3996739,4.113133,1.1985996,2026-01-27-00:53:42
30.0,4.6,40.0,90.0,8.0,50.0,1.4382424,4.0621676,1.105584,2026-01-27-00:53:42
29.0,4.9,40.0,250.00002,6.0,35.0,1.074621,3.811871,1.306772,2026-01-27-00:53:42
30.0,4.9,40.0,80.0,9.0,60.0,1.5508642,4.1411014,1.3667638,2026-01-27-00:53:42
30.0,1.6,40.0,300.0,8.5,60.0,2.496391,3.6301937,0.64707,2026-01-27-00:54:53
25.0,4.9,30.0,20.0,6.0,30.0,-0.1593173,2.2623458,1.8744168,2026-01-27-00:54:53
30.0,3.6,40.0,300.0,9.0,60.0,2.2112246,3.8851023,1.3642858,2026-01-27-00:54:53
30.0,2.4,40.0,300.0,9.0,60.0,2.4227362,3.7751484,0.9129739,2026-01-27-00:54:53
29.0,2.4,40.0,300.0,5.5,60.0,2.3953495,3.4296794,0.64740497,2026-01-27-00:54:53
30.0,1.9,40.0,300.0,8.5,60.0,2.47475,3.6748629,0.72709906,2026-01-27-00:56:02
30.0,4.1,40.0,260.0,9.0,55.0,1.8816826,3.9707358,1.3982482,2026-01-27-00:56:02
30.0,4.8,40.0,10.0,8.5,60.0,1.4540483,4.1905127,1.0951167,2026-01-27-00:56:02
29.0,4.6,30.0,280.0,6.0,50.0,0.5700103,2.5236046,2.5410964,2026-01-27-00:56:02
30.0,4.1,40.0,100.0,9.0,55.0,1.7227862,4.091327,0.9697951,2026-01-27-00:56:02
30.0,4.8,40.0,10.0,7.0,55.0,1.2969054,4.1150837,1.0165453,2026-01-27-00:57:29
30.0,4.6,40.0,10.0,9.0,60.0,1.553336,4.2049065,1.0080175,2026-01-27-00:57:29
30.0,5.0,40.0,30.0,9.0,55.0,1.3784333,4.1626406,1.2428422,2026-01-27-00:57:29
30.0,5.0,40.0,200.0,8.5,55.0,1.5380491,4.0073843,1.6707709,2026-01-27-00:57:29
30.0,4.4,40.0,10.0,8.5,60.0,1.5778635,4.183182,0.88870263,2026-01-27-00:57:29
30.0,5.0,40.0,10.0,8.5,60.0,1.3871428,4.1914287,1.2035713,2026-01-27-00:58:45
26.0,5.0,40.0,270.0,11.0,40.0,0.99356854,3.6376412,1.6223106,2026-01-27-00:58:45
30.0,4.7,40.0,10.0,8.0,60.0,1.4505371,4.172224,1.0243443,2026-01-27-00:58:45
30.0,5.0,40.0,60.0,8.0,40.0,1.1318226,4.0517635,1.1725122,2026-01-27-00:58:45
29.0,5.0,40.0,270.0,6.0,40.0,1.181039,3.7721927,1.4611819,2026-01-27-00:58:45
30.0,4.0,35.0,300.0,8.5,60.0,1.4922395,3.222093,2.185489,2026-01-27-00:59:54
30.0,4.3,35.0,300.0,8.5,60.0,1.4106234,3.2337756,2.3284924,2026-01-27-00:59:54
30.0,2.1,40.0,300.0,9.0,60.0,2.456872,3.7373514,0.81982523,2026-01-27-00:59:54
30.0,3.1,40.0,300.0,8.5,60.0,2.3132174,3.8123055,1.1259332,2026-01-27-00:59:54
29.0,2.5,40.0,290.0,6.0,60.0,2.3621044,3.4888883,0.6897569,2026-01-27-00:59:54
27.0,3.5,40.0,290.0,10.0,60.0,2.147554,3.6114557,1.2838027,2026-01-27-01:01:18
30.0,4.1,40.0,300.0,8.5,60.0,2.0869784,3.8764453,1.5545044,2026-01-27-01:01:18
27.0,3.7,40.0,290.0,10.0,60.0,2.100955,3.619639,1.3669837,2026-01-27-01:01:18
29.0,2.5,40.0,300.0,5.5,60.0,2.3820798,3.440588,0.6797815,2026-01-27-01:01:18
29.0,4.0,40.0,300.0,5.5,60.0,2.083075,3.5492387,1.2703867,2026-01-27-01:01:18
30.0,4.7,40.0,20.0,9.0,60.0,1.5354139,4.196904,1.08863,2026-01-27-01:02:48
30.0,4.8,40.0,20.0,8.0,50.0,1.3128759,4.111813,1.0439197,2026-01-27-01:02:48
30.0,4.5,40.0,30.0,8.5,60.0,1.5774695,4.1652584,0.9949548,2026-01-27-01:02:48
30.0,5.0,40.0,260.0,9.0,50.0,1.4546304,4.0101576,1.7817733,2026-01-27-01:02:48
30.0,4.5,40.0,90.0,7.5,45.0,1.3681542,4.032303,0.99427253,2026-01-27-01:02:48
30.0,4.4,40.0,120.0,9.0,55.0,1.6585333,4.0865617,1.1689785,2026-01-27-01:04:08
30.0,4.6,40.0,60.0,9.0,50.0,1.4568336,4.115852,1.0686579,2026-01-27-01:04:08
30.0,5.0,40.0,70.0,8.5,55.0,1.3932561,4.1133695,1.3303373,2026-01-27-01:04:08
26.0,4.8,35.0,290.0,10.5,55.0,0.9759542,2.957036,2.4577036,2026-01-27-01:04:08
27.0,4.8,40.0,240.0,9.5,40.0,1.1269592,3.702516,1.4061134,2026-01-27-01:04:08
30.0,4.9,25.0,300.0,9.0,45.0,0.11786908,2.3671997,3.1429067,2026-01-27-01:05:28
30.0,4.9,30.0,300.0,8.5,45.0,0.32675797,2.7873425,2.8577087,2026-01-27-01:05:28
27.0,4.9,25.0,300.0,10.0,40.0,-0.1323241,2.1988761,2.9718833,2026-01-27-01:05:28
28.0,4.8,25.0,300.0,6.5,45.0,0.16405231,2.05556,2.847528,2026-01-27-01:05:28
30.0,5.0,25.0,280.0,9.0,40.0,-0.08104432,2.3992317,3.0706306,2026-01-27-01:05:28
30.0,4.5,40.0,160.0,9.0,60.0,1.7855973,4.058756,1.3854227,2026-01-27-01:06:40
30.0,4.2,40.0,10.0,9.0,60.0,1.6704872,4.193911,0.8086009,2026-01-27-01:06:40
30.0,4.8,40.0,20.0,9.0,20.0,0.9607872,3.9677439,0.87005764,2026-01-27-01:06:40
30.0,4.8,40.0,10.0,9.0,55.0,1.4254768,4.1767983,1.080831,2026-01-27-01:06:40
30.0,4.0,40.0,80.0,9.0,55.0,1.7292964,4.102049,0.86944544,2026-01-27-01:06:40
30.0,3.7,35.0,300.0,9.0,60.0,1.5670729,3.2412872,2.085358,2026-01-27-01:08:07
30.0,2.0,40.0,300.0,8.5,60.0,2.4658704,3.688836,0.7555249,2026-01-27-01:08:07
29.0,2.0,40.0,300.0,6.0,60.0,2.4408128,3.4164634,0.5616449,2026-01-27-01:08:07
27.0,4.7,40.0,300.0,10.0,60.0,1.8290151,3.6246932,1.8651199,2026-01-27-01:08:07
26.0,4.8,40.0,300.0,11.0,60.0,1.7682164,3.5571742,1.9536672,2026-01-27-01:08:07
30.0,3.4,40.0,210.0,9.0,60.0,2.1337717,3.9578109,1.023178,2026-01-27-01:09:25
18.0,3.4,30.0,210.0,5.5,40.0,0.33989245,1.3808655,1.2842791,2026-01-27-01:09:25
30.0,4.4,40.0,210.0,9.0,60.0,1.8825431,4.0082064,1.4779884,2026-01-27-01:09:25
30.0,4.5,35.0,219.99998,9.0,60.0,1.2451761,3.3511205,2.234629,2026-01-27-01:09:25
30.0,4.5,30.0,300.0,9.0,60.0,0.9427622,2.7242732,2.929867,2026-01-27-01:09:25
30.0,3.7,40.0,300.0,8.5,60.0,2.1874697,3.856287,1.3725803,2026-01-27-01:10:50
30.0,1.9,40.0,280.0,9.0,60.0,2.4485676,3.7290745,0.70495623,2026-01-27-01:10:50
26.0,4.7,25.0,300.0,11.0,60.0,0.609941,2.0746422,3.240372,2026-01-27-01:10:50
30.0,4.8,30.0,300.0,8.5,60.0,0.84793717,2.6940837,3.0509899,2026-01-27-01:10:50
30.0,4.9,40.0,300.0,8.5,60.0,1.8460121,3.894771,1.9603353,2026-01-27-01:10:50
30.0,0.4,40.0,300.0,8.5,60.0,2.5079863,3.4102855,0.4056706,2026-01-27-01:12:11
30.0,3.6,35.0,300.0,9.0,60.0,1.5901134,3.2351022,2.0420635,2026-01-27-01:12:11
26.0,0.3,40.0,300.0,11.0,60.0,2.433241,3.1914105,0.5143639,2026-01-27-01:12:11
27.0,0.4,40.0,300.0,10.0,60.0,2.4548001,3.2418993,0.47162917,2026-01-27-01:12:11
27.0,4.8,40.0,250.00002,10.0,30.0,0.80591,3.7576046,1.2955076,2026-01-27-01:12:11
28.0,4.4,40.0,250.00002,8.0,40.0,1.3022504,3.7566154,1.1827999,2026-01-27-01:13:32
28.0,4.7,40.0,260.0,8.0,40.0,1.2110803,3.7555938,1.3539819,2026-01-27-01:13:32
27.0,4.4,25.0,260.0,8.0,40.0,0.075018525,2.1001449,2.525717,2026-01-27-01:13:32
29.0,4.8,40.0,230.0,6.0,20.0,0.74096626,3.8927066,1.0386555,2026-01-27-01:13:32
28.0,4.7,40.0,260.0,8.0,30.0,0.9209324,3.804185,1.2071838,2026-01-27-01:13:32
28.0,4.7,40.0,280.0,8.0,25.0,0.7583413,3.8357708,1.1634598,2026-01-27-01:14:55
28.0,4.3,40.0,240.0,8.0,25.0,0.9156605,3.8182197,0.90457237,2026-01-27-01:14:55
30.0,4.4,40.0,10.0,8.5,55.0,1.5171491,4.1540394,0.8583455,2026-01-27-01:14:55
28.0,4.8,40.0,260.0,6.0,60.0,1.7365547,3.5278606,1.5691068,2026-01-27-01:14:55
28.0,5.0,40.0,260.0,6.0,35.0,1.0148076,3.6814442,1.3445917,2026-01-27-01:14:55
30.0,5.0,35.0,170.0,9.0,60.0,1.0169184,3.4048772,2.356349,2026-01-27-01:16:13
30.0,4.5,40.0,80.0,9.0,60.0,1.6780114,4.1356034,1.1568513,2026-01-27-01:16:13
30.0,4.9,40.0,30.0,9.0,60.0,1.4836228,4.189131,1.2239068,2026-01-27-01:16:13
30.0,5.0,30.0,270.0,9.0,60.0,0.7414012,2.7588177,3.10873,2026-01-27-01:16:13
30.0,5.0,30.0,210.0,9.0,60.0,0.6607116,2.8164535,2.9373016,2026-01-27-01:16:13
30.0,1.5,40.0,300.0,8.5,60.0,2.5019388,3.614388,0.6221429,2026-01-27-01:17:37
30.0,1.4,40.0,300.0,8.5,60.0,2.5066535,3.598124,0.5980904,2026-01-27-01:17:37
26.0,4.9,40.0,300.0,10.5,60.0,1.7335651,3.5197647,1.9707683,2026-01-27-01:17:37
30.0,2.7,40.0,300.0,8.5,60.0,2.3803895,3.7738214,0.97899425,2026-01-27-01:17:37
29.0,1.4,40.0,300.0,6.0,60.0,2.482947,3.3303962,0.40674394,2026-01-27-01:17:37
30.0,5.0,35.0,150.0,9.0,60.0,0.9900219,3.424089,2.2992063,2026-01-27-01:18:47
12.0,1.1,35.0,190.0,4.0,55.0,1.1847088,0.89260423,0.20097594,2026-01-27-01:18:47
28.0,3.7,40.0,280.0,7.5,55.0,1.9521569,3.6119463,1.120734,2026-01-27-01:18:47
28.0,4.9,35.0,260.0,8.0,50.0,0.82041353,3.0833251,2.2732291,2026-01-27-01:18:47
29.0,4.9,40.0,200.0,6.0,20.0,0.73004955,3.8828661,1.0599838,2026-01-27-01:18:47
30.0,3.4,40.0,140.0,9.0,60.0,2.0396338,4.0250525,0.82317793,2026-01-27-01:19:54
27.0,5.0,40.0,300.0,9.5,60.0,1.7271657,3.5847876,1.9876899,2026-01-27-01:19:54
26.0,3.4,35.0,300.0,11.0,60.0,1.5476334,2.9479704,1.973176,2026-01-27-01:19:54
30.0,4.1,35.0,300.0,8.5,60.0,1.4658673,3.2264452,2.232282,2026-01-27-01:19:54
30.0,2.5,40.0,300.0,8.5,60.0,2.4089775,3.7518306,0.91077256,2026-01-27-01:19:54
30.0,0.2,40.0,300.0,8.5,60.0,2.498257,3.36722,0.37768224,2026-01-27-01:21:21
30.0,4.9,35.0,110.0,9.0,60.0,0.970098,3.4622836,2.130256,2026-01-27-01:21:21
15.999999,0.2,25.0,280.0,9.0,60.0,1.102745,0.8124701,1.3445642,2026-01-27-01:21:21
30.0,3.5,35.0,300.0,9.0,60.0,1.6123207,3.2284594,1.9996437,2026-01-27-01:21:21
30.0,1.2,40.0,300.0,8.5,60.0,2.513584,3.5642214,0.5526093,2026-01-27-01:21:21
30.0,3.0,40.0,300.0,9.0,60.0,2.3319743,3.8383718,1.1228864,2026-01-27-01:22:40
22.0,3.0,35.0,300.0,6.0,60.0,1.5296085,2.102236,1.3458682,2026-01-27-01:22:40
30.0,4.5,40.0,20.0,8.5,60.0,1.5628142,4.17548,0.9669745,2026-01-27-01:22:40
30.0,3.6,40.0,100.0,9.0,60.0,1.9422591,4.0772204,0.7928573,2026-01-27-01:22:40
30.0,5.0,40.0,30.0,9.0,45.0,1.235793,4.109202,1.1713841,2026-01-27-01:22:40
30.0,1.4,40.0,300.0,9.0,60.0,2.5073678,3.6331239,0.6330904,2026-01-27-01:23:48
29.0,4.5,40.0,100.0,6.0,30.0,1.0816048,3.851854,0.82009524,2026-01-27-01:23:48
2.0,4.7,25.0,240.0,5.0,30.0,-0.681523,-0.42459196,1.3185464,2026-01-27-01:23:48
2.0,4.5,25.0,100.0,6.0,30.0,-0.6281572,-0.33045405,1.0807384,2026-01-27-01:23:48
30.0,4.9,35.0,300.0,9.0,45.0,0.72675806,3.3672,2.4206846,2026-01-27-01:23:48
30.0,4.2,40.0,300.0,8.5,60.0,2.059773,3.8803396,1.6021724,2026-01-27-01:24:14
15.0,4.2,25.0,110.0,6.0,10.0,-0.6319522,0.80660903,1.2662185,2026-01-27-01:24:14
21.0,4.2,25.0,270.0,6.5,20.0,-0.5013483,1.5428675,1.8111793,2026-01-27-01:24:14
13.0,2.6,40.0,260.0,5.0,55.0,1.7486706,1.4002626,0.14223523,2026-01-27-01:24:14
10.0,1.1,35.0,100.0,5.5,30.0,0.6618103,0.87345177,-0.1328103,2026-01-27-01:24:14
30.0,5.0,35.0,120.0,9.0,60.0,0.94967705,3.4529066,2.213492,2026-01-27-01:25:31
29.0,4.7,40.0,190.0,6.0,15.0,0.6970201,3.8960004,0.8897388,2026-01-27-01:25:31
7.0,4.9,35.0,170.0,7.5,60.0,0.39324903,0.2854253,1.3880153,2026-01-27-01:25:31
30.0,4.7,40.0,20.0,8.5,55.0,1.4366751,4.1520715,1.0380316,2026-01-27-01:25:31
30.0,4.7,40.0,30.0,9.0,60.0,1.5488622,4.1872983,1.1172014,2026-01-27-01:25:31
27.0,5.0,35.0,300.0,10.0,60.0,1.116424,3.0111673,2.6849504,2026-01-27-01:26:53
27.0,3.2,40.0,300.0,10.0,60.0,2.2222395,3.5873702,1.1953449,2026-01-27-01:26:53
27.0,3.2,35.0,300.0,10.0,60.0,1.6107836,2.9787495,1.8576052,2026-01-27-01:26:53
27.0,3.0,40.0,300.0,10.0,60.0,2.2605085,3.5746057,1.1209104,2026-01-27-01:26:53
29.0,2.1,40.0,300.0,6.0,60.0,2.430875,3.429205,0.590523,2026-01-27-01:26:53
30.0,1.1,40.0,300.0,9.0,60.0,2.516514,3.5815825,0.5661808,2026-01-27-01:28:17
30.0,5.0,40.0,210.0,9.0,55.0,1.557192,4.0269756,1.724852,2026-01-27-01:28:17
30.0,1.7,40.0,300.0,8.5,60.0,2.4900105,3.6455417,0.6728717,2026-01-27-01:28:17
30.0,1.8,40.0,290.0,9.0,60.0,2.4700627,3.7050366,0.7059767,2026-01-27-01:28:17
30.0,2.8,40.0,300.0,8.5,60.0,2.3648458,3.7841296,1.0144169,2026-01-27-01:28:17
30.0,1.8,40.0,300.0,7.0,60.0,2.4806538,3.5554311,0.59454817,2026-01-27-01:29:32
27.0,1.9,40.0,300.0,9.0,60.0,2.4100015,3.4016418,0.70405704,2026-01-27-01:29:32
29.0,1.9,40.0,300.0,5.0,55.0,2.310775,3.3761215,0.39378428,2026-01-27-01:29:32
30.0,4.0,25.0,300.0,9.0,60.0,0.884065,2.257093,2.9427114,2026-01-27-01:29:32
30.0,3.8,40.0,290.0,9.0,60.0,2.1508625,3.9066195,1.4231777,2026-01-27-01:29:32
30.0,5.0,35.0,140.0,9.0,60.0,0.9765736,3.433695,2.270635,2026-01-27-01:30:11
30.0,1.3,40.0,300.0,8.5,60.0,2.5105352,3.5814018,0.57491267,2026-01-27-01:30:11
30.0,4.2,35.0,300.0,8.5,60.0,1.4386618,3.2303395,2.27995,2026-01-27-01:30:11
30.0,2.8,40.0,290.0,9.0,60.0,2.3521118,3.8287354,1.0208454,2026-01-27-01:30:11
8.0,2.1,25.0,300.0,6.0,60.0,0.91795194,0.0374552,1.2362221,2026-01-27-01:30:11
30.0,1.7,40.0,300.0,7.0,60.0,2.4878676,3.5405414,0.56787175,2026-01-27-01:30:43
5.0,3.8,35.0,50.0,7.0,10.0,-0.14799133,0.21586066,0.25206777,2026-01-27-01:30:43
8.0,2.2,30.0,50.0,6.5,20.0,0.06020148,0.42007318,0.2668577,2026-01-27-01:30:43
27.0,4.8,40.0,70.0,10.0,15.0,0.70955527,3.6192796,0.81417745,2026-01-27-01:30:43
14.0,1.5,35.0,180.0,3.5,10.0,0.39556852,1.3245027,-0.132202,2026-01-27-01:30:43
30.0,3.8,40.0,300.0,9.0,55.0,1.998025,3.9261565,1.3676063,2026-01-27-01:31:53
30.0,3.8,40.0,180.0,9.0,55.0,1.8788524,4.0166,1.0462664,2026-01-27-01:31:53
29.0,4.2,40.0,180.0,5.5,55.0,1.6672094,3.739247,1.0206755,2026-01-27-01:31:53
15.0,3.8,30.0,300.0,6.5,55.0,0.66168064,0.8966554,1.7570102,2026-01-27-01:31:53
4.0,3.6,35.0,280.0,6.0,10.0,-0.43120068,0.32319453,0.3305526,2026-01-27-01:31:53
30.0,4.6,30.0,300.0,8.0,60.0,0.91079634,2.6563354,2.9110336,2026-01-27-01:32:16
8.0,4.0,40.0,50.0,6.5,35.0,0.7097578,0.9053462,-0.033335306,2026-01-27-01:32:16
11.0,1.9,25.0,280.0,2.5,10.0,-0.21051557,0.529567,0.41763285,2026-01-27-01:32:16
6.0,2.6,40.0,90.0,9.5,50.0,1.3636165,0.9393615,-0.1925905,2026-01-27-01:32:16
7.0,4.5,40.0,50.0,10.5,10.0,0.17800501,0.6617362,0.011166126,2026-01-27-01:32:16
30.0,2.1,40.0,300.0,8.5,60.0,2.4561577,3.702351,0.7848252,2026-01-27-01:33:30
29.0,4.3,40.0,219.99998,6.0,35.0,1.2523843,3.814387,0.9515073,2026-01-27-01:33:30
30.0,5.0,25.0,290.0,9.0,60.0,0.5694088,2.289606,3.4214284,2026-01-27-01:33:30
30.0,1.3,40.0,290.0,9.0,60.0,2.4978013,3.6260076,0.58134115,2026-01-27-01:33:30
27.0,4.5,40.0,130.0,10.0,20.0,0.79560417,3.6923718,0.8007811,2026-01-27-01:33:30
30.0,3.9,40.0,150.0,9.0,55.0,1.8243527,4.04448,1.0109754,2026-01-27-01:34:45
26.0,5.0,40.0,300.0,11.0,55.0,1.518938,3.574183,1.9674584,2026-01-27-01:34:45
26.0,4.5,30.0,300.0,10.5,60.0,0.8589512,2.4369972,2.8706765,2026-01-27-01:34:45
30.0,4.3,40.0,10.0,9.0,60.0,1.6424488,4.197347,0.85714316,2026-01-27-01:34:45
15.0,3.9,40.0,150.0,7.0,55.0,1.3439193,1.8598053,0.47345597,2026-01-27-01:34:45
30.0,2.6,40.0,300.0,9.0,60.0,2.3958142,3.7980552,0.9794462,2026-01-27-01:35:29
29.0,4.0,25.0,70.0,5.0,45.0,0.16018341,2.225667,1.9856478,2026-01-27-01:35:29
30.0,5.0,40.0,180.0,9.0,60.0,1.6514776,4.045271,1.7071427,2026-01-27-01:35:29
8.0,0.7,30.0,160.0,4.0,15.0,0.083501905,0.42809823,0.06601491,2026-01-27-01:35:29
25.0,3.1,25.0,270.0,4.5,35.0,0.30988562,1.7393821,1.6595147,2026-01-27-01:35:29
28.0,2.3,40.0,300.0,7.0,60.0,2.387187,3.417287,0.6998216,2026-01-27-01:36:59
29.0,2.7,40.0,300.0,4.0,55.0,2.220327,3.4023163,0.575873,2026-01-27-01:36:59
30.0,3.3,35.0,290.0,9.0,60.0,1.6407884,3.2234044,1.8888564,2026-01-27-01:36:59
28.0,0.6,40.0,290.0,7.0,60.0,2.4567177,3.1791868,0.2790786,2026-01-27-01:36:59
30.0,1.0,40.0,300.0,8.5,60.0,2.5171824,3.5284863,0.5106269,2026-01-27-01:36:59
30.0,3.3,40.0,300.0,8.5,60.0,2.2746334,3.8287988,1.20465,2026-01-27-01:38:16
30.0,4.4,40.0,180.0,9.0,10.0,0.60141015,4.0801773,0.7660179,2026-01-27-01:38:16
30.0,1.6,40.0,290.0,9.0,60.0,2.4836571,3.6747994,0.65349853,2026-01-27-01:38:16
4.0,4.4,40.0,10.0,6.0,10.0,0.24277967,0.29070446,-0.1212495,2026-01-27-01:38:16
30.0,4.4,40.0,260.0,9.0,60.0,1.9497845,3.960177,1.6208454,2026-01-27-01:38:16
26.0,5.0,40.0,290.0,10.5,60.0,1.6889675,3.5246558,1.9933994,2026-01-27-01:39:01
30.0,4.1,30.0,300.0,9.0,60.0,1.0565815,2.7114453,2.733949,2026-01-27-01:39:01
6.0,1.5,30.0,280.0,9.5,10.0,-0.5503721,0.5512594,0.31995744,2026-01-27-01:39:01
11.0,4.3,25.0,150.0,3.0,20.0,-0.5533277,0.3167255,1.1901953,2026-01-27-01:39:01
30.0,5.0,40.0,260.0,9.0,55.0,1.606847,3.9892905,1.8587437,2026-01-27-01:39:01
30.0,2.3,40.0,300.0,8.5,60.0,2.4342337,3.7280073,0.84604967,2026-01-27-01:40:19
30.0,2.9,40.0,290.0,8.5,60.0,2.3338141,3.8042011,1.0227342,2026-01-27-01:40:19
28.0,2.1,40.0,290.0,7.0,60.0,2.391736,3.4067965,0.61407924,2026-01-27-01:40:19
30.0,1.1,40.0,300.0,8.5,60.0,2.5157998,3.5465827,0.53118086,2026-01-27-01:40:19
30.0,3.2,40.0,300.0,8.5,60.0,2.2943418,3.8207812,1.1648543,2026-01-27-01:40:19
30.0,4.2,40.0,150.0,9.0,60.0,1.858763,4.059428,1.2086009,2026-01-27-01:41:39
30.0,1.7,40.0,290.0,9.0,60.0,2.4772766,3.6901474,0.6793003,2026-01-27-01:41:39
28.0,4.4,25.0,300.0,8.0,55.0,0.57795465,2.0788515,2.8945632,2026-01-27-01:41:39
30.0,4.7,40.0,140.0,9.0,60.0,1.6967933,4.081633,1.4314871,2026-01-27-01:41:39
26.0,4.1,35.0,300.0,10.5,60.0,1.3735001,2.931383,2.235537,2026-01-27-01:41:39
30.0,3.9,40.0,290.0,8.5,60.0,2.1242347,3.8775043,1.4338129,2026-01-27-01:43:02
29.0,3.0,40.0,300.0,6.0,60.0,2.3039503,3.5232582,0.88978404,2026-01-27-01:43:02
30.0,3.5,40.0,300.0,8.5,60.0,2.2327175,3.8434591,1.286866,2026-01-27-01:43:02
30.0,3.8,40.0,300.0,8.5,60.0,2.1635964,3.8620138,1.4167492,2026-01-27-01:43:02
25.0,1.4,40.0,280.0,6.0,50.0,2.0801923,2.9990194,0.14362885,2026-01-27-01:43:02
26.0,3.7,40.0,300.0,11.0,60.0,2.0865464,3.5534377,1.4382806,2026-01-27-01:43:38
27.0,5.0,40.0,230.0,10.0,25.0,0.6089834,3.757029,1.288276,2026-01-27-01:43:38
18.0,2.2,35.0,80.0,5.5,60.0,1.0890868,1.8466921,0.41454726,2026-01-27-01:43:38
29.0,4.5,40.0,300.0,6.0,60.0,1.9424717,3.5975485,1.5459869,2026-01-27-01:43:38
26.0,4.0,35.0,290.0,11.0,60.0,1.3928668,2.97227,2.1944969,2026-01-27-01:43:38
30.0,2.0,40.0,300.0,9.0,60.0,2.4665847,3.723836,0.79052484,2026-01-27-01:45:16
30.0,2.4,40.0,300.0,8.5,60.0,2.4220219,3.740148,0.8779739,2026-01-27-01:45:16
30.0,2.5,40.0,290.0,7.0,60.0,2.3885589,3.6588993,0.7795657,2026-01-27-01:45:16
30.0,4.0,40.0,290.0,8.5,60.0,2.0986955,3.8823147,1.4797311,2026-01-27-01:45:16
30.0,4.8,30.0,290.0,7.0,60.0,0.8275185,2.6011527,2.9197829,2026-01-27-01:45:16
30.0,3.4,40.0,260.0,9.0,60.0,2.201013,3.9097815,1.166035,2026-01-27-01:46:34
30.0,5.0,35.0,270.0,9.0,60.0,1.1514013,3.3088179,2.6420634,2026-01-27-01:46:34
30.0,3.8,40.0,160.0,9.0,60.0,1.9760346,4.0314965,1.0517492,2026-01-27-01:46:34
26.0,3.8,40.0,160.0,10.0,60.0,1.9058608,3.6033094,0.99420905,2026-01-27-01:46:34
27.0,4.9,30.0,219.99998,10.0,60.0,0.66234803,2.5716345,2.8446722,2026-01-27-01:46:34
29.0,4.5,40.0,180.0,6.0,20.0,0.8729939,3.8739624,0.8304007,2026-01-27-01:47:58
29.0,4.5,40.0,180.0,6.0,15.0,0.77034366,3.8885634,0.77848935,2026-01-27-01:47:58
29.0,4.5,40.0,219.99998,5.5,15.0,0.748255,3.895199,0.7998366,2026-01-27-01:47:58
29.0,4.9,40.0,180.0,6.0,15.0,0.64229584,3.8909647,0.98671293,2026-01-27-01:47:58
29.0,4.5,35.0,219.99998,5.5,15.0,0.13036238,3.258992,1.4724419,2026-01-27-01:47:58
30.0,4.4,25.0,300.0,9.0,60.0,0.7735777,2.2717533,3.1351311,2026-01-27-01:49:19
27.0,3.1,40.0,300.0,10.0,60.0,2.2417903,3.581217,1.1576905,2026-01-27-01:49:19
27.0,2.9,40.0,300.0,10.0,60.0,2.2783937,3.5675356,1.085005,2026-01-27-01:49:19
27.0,3.3,40.0,300.0,10.0,60.0,2.2018554,3.5930655,1.2338741,2026-01-27-01:49:19
29.0,2.9,40.0,300.0,6.0,60.0,2.3213851,3.5146403,0.8530344,2026-01-27-01:49:19
30.0,3.1,40.0,210.0,9.0,60.0,2.192897,3.9337587,0.90379035,2026-01-27-01:50:45
28.0,1.9,40.0,300.0,7.0,60.0,2.4295049,3.3703358,0.58424896,2026-01-27-01:50:45
28.0,1.9,40.0,300.0,6.5,60.0,2.4287906,3.335336,0.54924893,2026-01-27-01:50:45
30.0,4.7,35.0,290.0,8.5,60.0,1.2754852,3.2531602,2.5034275,2026-01-27-01:50:45
29.0,4.5,30.0,30.0,6.0,55.0,0.30928516,2.7678142,1.9794068,2026-01-27-01:50:45
27.0,1.6,40.0,300.0,8.5,60.0,2.432955,3.32894,0.59282804,2026-01-27-01:51:51
30.0,4.4,40.0,10.0,9.0,60.0,1.6135776,4.200325,0.9065598,2026-01-27-01:51:51
4.0,4.6,40.0,10.0,6.0,10.0,0.17082804,0.25503254,-0.041748166,2026-01-27-01:51:51
27.0,1.1,40.0,300.0,10.0,60.0,2.4578843,3.3619406,0.58827245,2026-01-27-01:51:51
25.0,2.7,30.0,190.0,5.0,15.0,0.11059986,2.2358875,0.9960784,2026-01-27-01:51:51
30.0,5.0,40.0,100.0,9.0,60.0,1.5438914,4.1221185,1.4785713,2026-01-27-01:53:11
30.0,4.9,40.0,290.0,9.0,60.0,1.833278,3.9393768,1.9667637,2026-01-27-01:53:11
30.0,5.0,30.0,290.0,9.0,60.0,0.7682978,2.739606,3.165873,2026-01-27-01:53:11
29.0,2.4,35.0,30.0,5.0,60.0,1.1529495,3.1508374,0.64126647,2026-01-27-01:53:11
30.0,4.8,40.0,300.0,8.5,60.0,1.8790483,3.894084,1.9065454,2026-01-27-01:53:11
30.0,3.8,40.0,70.0,9.0,60.0,1.8550003,4.11795,0.79460645,2026-01-27-01:53:37
4.0,1.7,40.0,140.0,6.0,55.0,1.4969682,0.6320455,-0.35723102,2026-01-27-01:53:37
2.0,4.0,40.0,70.0,4.5,10.0,0.27033976,0.21106517,-0.25056413,2026-01-27-01:53:37
23.0,3.2,40.0,30.0,9.0,45.0,1.5386341,3.1752114,0.13871531,2026-01-27-01:53:37
15.999999,0.9,25.0,270.0,9.0,30.0,0.15229914,1.0265412,0.91529757,2026-01-27-01:53:37
30.0,4.7,35.0,210.0,9.0,60.0,1.1698201,3.3643918,2.309265,2026-01-27-01:55:01
30.0,3.4,40.0,160.0,9.0,60.0,2.0665302,4.005841,0.8803208,2026-01-27-01:55:01
30.0,1.5,40.0,300.0,9.0,60.0,2.5026531,3.6493878,0.6571429,2026-01-27-01:55:01
30.0,4.3,40.0,10.0,8.5,55.0,1.5460203,4.151061,0.80892885,2026-01-27-01:55:01
30.0,5.0,25.0,300.0,8.5,60.0,0.5821428,2.2450004,3.415,2026-01-27-01:55:01
30.0,4.9,40.0,50.0,9.0,60.0,1.5105195,4.169919,1.2810496,2026-01-27-01:55:32
18.0,1.6,40.0,140.0,6.0,55.0,1.8013927,2.249671,-0.21128649,2026-01-27-01:55:32
29.0,2.1,30.0,50.0,4.0,20.0,0.42428952,2.4673722,0.84645516,2026-01-27-01:55:32
30.0,5.0,40.0,10.0,8.5,40.0,1.1442857,4.074857,1.0821428,2026-01-27-01:55:32
1.0,4.7,40.0,280.0,5.0,10.0,-0.2571617,0.13154134,0.13497049,2026-01-27-01:55:32
27.0,3.4,40.0,300.0,10.0,60.0,2.1806383,3.5983026,1.273278,2026-01-27-01:56:38
27.0,3.4,30.0,300.0,9.0,10.0,-0.49544808,2.7024894,1.4752594,2026-01-27-01:56:38
30.0,3.4,40.0,110.0,9.0,55.0,1.8998308,4.043703,0.68738973,2026-01-27-01:56:38
27.0,2.6,40.0,300.0,10.0,60.0,2.3270507,3.543578,0.9825371,2026-01-27-01:56:38
30.0,1.6,40.0,300.0,7.0,60.0,2.4942482,3.525194,0.54207,2026-01-27-01:56:38
30.0,3.2,40.0,160.0,9.0,60.0,2.1067803,3.990264,0.7998543,2026-01-27-01:57:06
15.999999,4.7,35.0,80.0,8.5,50.0,0.4257401,1.6056416,1.297866,2026-01-27-01:57:06
21.0,2.0,40.0,130.0,6.5,55.0,1.8340619,2.7102914,-0.056882262,2026-01-27-01:57:06
18.0,3.2,35.0,160.0,3.5,35.0,0.62672925,1.7374976,0.6053215,2026-01-27-01:57:06
18.0,2.9,40.0,160.0,5.5,60.0,1.7306905,2.2333913,0.19455275,2026-01-27-01:57:06
30.0,4.7,30.0,240.0,9.0,60.0,0.80016494,2.785574,2.861646,2026-01-27-01:57:35
18.0,0.3,35.0,90.0,7.0,20.0,0.67332727,1.6894655,-0.13550995,2026-01-27-01:57:35
30.0,4.9,30.0,230.0,9.0,60.0,0.7214772,2.7970123,2.93978,2026-01-27-01:57:35
24.0,1.2,35.0,219.99998,5.0,10.0,0.5006064,2.5005693,0.10416211,2026-01-27-01:57:35
8.0,3.9,40.0,290.0,3.5,55.0,1.3753153,0.52280724,0.4275874,2026-01-27-01:57:35
30.0,1.5,40.0,300.0,7.0,60.0,2.499796,3.5093877,0.5171429,2026-01-27-01:59:01
30.0,2.6,40.0,290.0,9.0,60.0,2.382366,3.807661,0.9508747,2026-01-27-01:59:01
13.0,2.6,40.0,300.0,5.0,55.0,1.8270154,1.3504105,0.23043226,2026-01-27-01:59:01
26.0,2.6,40.0,290.0,9.5,60.0,2.2897007,3.3982565,0.8945625,2026-01-27-01:59:01
30.0,3.9,40.0,300.0,8.5,60.0,2.1388898,3.8672829,1.4617932,2026-01-27-01:59:01
30.0,4.6,35.0,300.0,7.0,60.0,1.3193679,3.1363351,2.3743668,2026-01-27-02:00:09
5.0,3.8,35.0,50.0,9.0,10.0,-0.16730165,0.22571288,0.26152593,2026-01-27-02:00:09
30.0,4.2,40.0,290.0,9.0,60.0,2.047039,3.9249454,1.6086009,2026-01-27-02:00:09
30.0,2.9,40.0,300.0,8.5,60.0,2.3484693,3.7939796,1.0507144,2026-01-27-02:00:09
7.0,2.0,30.0,280.0,10.5,30.0,0.014068544,0.5588561,0.7947408,2026-01-27-02:00:09
25.0,3.2,40.0,300.0,5.0,55.0,2.025495,3.027682,0.7222681,2026-01-27-02:01:33
27.0,4.2,35.0,300.0,9.5,60.0,1.3687444,2.9800847,2.247256,2026-01-27-02:01:33
30.0,5.0,40.0,80.0,9.0,60.0,1.516995,4.1413302,1.4214284,2026-01-27-02:01:33
13.0,2.6,40.0,300.0,6.0,55.0,1.8213011,1.4169818,0.29686084,2026-01-27-02:01:33
30.0,5.0,35.0,90.0,9.0,60.0,0.9093322,3.4817245,2.1277778,2026-01-27-02:01:33
30.0,4.0,40.0,300.0,8.5,60.0,2.1133506,3.8720932,1.5077114,2026-01-27-02:02:03
28.0,1.1,30.0,10.0,6.5,50.0,0.7973487,2.3978994,0.6945556,2026-01-27-02:02:03
18.0,4.6,30.0,110.0,5.0,55.0,0.121018946,1.3536918,1.6978732,2026-01-27-02:02:03
1.0,4.8,25.0,170.0,5.5,50.0,-0.36795452,-0.5116144,1.4567344,2026-01-27-02:02:03
27.0,1.4,30.0,300.0,10.0,25.0,0.22091067,2.469273,1.1507919,2026-01-27-02:02:03
30.0,4.8,25.0,300.0,8.5,60.0,0.64904827,2.244084,3.3065453,2026-01-27-02:03:02
30.0,4.9,25.0,280.0,9.0,60.0,0.58982974,2.2989829,3.3381925,2026-01-27-02:03:02
29.0,4.6,25.0,290.0,6.0,55.0,0.5293349,2.0408752,2.8845534,2026-01-27-02:03:02
8.0,2.5,40.0,90.0,5.5,55.0,1.3405752,1.0134046,-0.3156991,2026-01-27-02:03:02
13.0,4.3,35.0,30.0,5.0,55.0,0.30334312,1.1684005,0.8091904,2026-01-27-02:03:02
30.0,1.4,40.0,300.0,8.0,60.0,2.5059392,3.5631242,0.56309044,2026-01-27-02:04:34
30.0,5.0,40.0,140.0,9.0,55.0,1.4876747,4.0797343,1.5374038,2026-01-27-02:04:34
30.0,4.0,40.0,140.0,9.0,55.0,1.7888825,4.056827,1.0301154,2026-01-27-02:04:34
30.0,5.0,40.0,190.0,9.0,55.0,1.5373299,4.0420494,1.6712954,2026-01-27-02:04:34
30.0,4.6,40.0,20.0,9.0,60.0,1.5667843,4.1953006,1.0365889,2026-01-27-02:04:34
30.0,0.9,40.0,300.0,8.5,60.0,2.5177321,3.5099316,0.49094757,2026-01-27-02:06:08
29.0,0.9,40.0,300.0,6.0,60.0,2.4951518,3.2460737,0.30171233,2026-01-27-02:06:08
30.0,4.9,35.0,300.0,8.0,60.0,1.2241867,3.2097716,2.6031132,2026-01-27-02:06:08
30.0,5.0,35.0,300.0,8.5,60.0,1.1910317,3.2450004,2.6927779,2026-01-27-02:06:08
30.0,4.0,35.0,300.0,8.0,60.0,1.4915252,3.1870933,2.150489,2026-01-27-02:06:08
30.0,4.1,40.0,10.0,9.0,60.0,1.6976926,4.1900167,0.76093304,2026-01-27-02:06:36
7.0,0.1,25.0,190.0,10.5,50.0,0.6686088,0.37368247,0.8281515,2026-01-27-02:06:36
6.0,2.5,40.0,160.0,7.0,50.0,1.3670071,0.7979963,-0.15285932,2026-01-27-02:06:36
30.0,5.0,35.0,60.0,7.0,45.0,0.54750955,3.3886902,1.8569156,2026-01-27-02:06:36
9.0,3.6,40.0,10.0,3.5,60.0,0.86137116,1.0932864,-0.21542335,2026-01-27-02:06:36
27.0,1.9,40.0,300.0,10.0,60.0,2.4114301,3.4716418,0.77405703,2026-01-27-02:07:03
13.0,3.0,40.0,100.0,6.0,20.0,0.8771134,1.6156348,-0.31600717,2026-01-27-02:07:03
10.0,3.5,40.0,100.0,4.5,20.0,0.69293517,1.1544828,-0.2434736,2026-01-27-02:07:03
21.0,4.6,40.0,270.0,6.5,55.0,1.4816351,2.5830293,1.2238954,2026-01-27-02:07:03
9.0,2.7,30.0,100.0,5.5,20.0,-0.049727745,0.48405504,0.44637486,2026-01-27-02:07:03
30.0,1.9,40.0,300.0,8.0,60.0,2.4740357,3.639863,0.6920991,2026-01-27-02:08:30
30.0,3.0,40.0,290.0,9.0,60.0,2.318526,3.8479776,1.0943149,2026-01-27-02:08:30
29.0,2.7,40.0,300.0,4.5,60.0,2.3516126,3.3910306,0.6771587,2026-01-27-02:08:30
26.0,1.9,40.0,300.0,9.5,60.0,2.3878977,3.322749,0.7182006,2026-01-27-02:08:30
30.0,3.4,40.0,290.0,9.0,60.0,2.241358,3.8809638,1.2517494,2026-01-27-02:08:30
30.0,2.0,40.0,290.0,9.0,60.0,2.4531364,3.7334418,0.76195335,2026-01-27-02:10:04
30.0,3.4,40.0,300.0,8.0,60.0,2.2533777,3.8013582,1.2103208,2026-01-27-02:10:04
30.0,3.1,40.0,290.0,9.0,60.0,2.3004835,3.8569112,1.1323618,2026-01-27-02:10:04
30.0,2.1,40.0,300.0,8.0,60.0,2.4554434,3.6673512,0.74982524,2026-01-27-02:10:04
30.0,2.6,40.0,300.0,8.0,60.0,2.3943856,3.7280555,0.90944624,2026-01-27-02:10:04
30.0,1.8,40.0,300.0,8.0,60.0,2.4820824,3.625431,0.66454816,2026-01-27-02:10:54
29.0,1.9,40.0,300.0,6.0,60.0,2.4499178,3.403264,0.53364146,2026-01-27-02:10:54
13.0,0.7,40.0,110.0,5.0,40.0,1.4361879,1.5562763,-0.6497186,2026-01-27-02:10:54
30.0,4.3,35.0,290.0,9.0,60.0,1.3978895,3.2783813,2.334921,2026-01-27-02:10:54
9.0,2.1,35.0,300.0,6.5,55.0,1.2552869,0.60174733,0.71706367,2026-01-27-02:10:54
30.0,2.0,40.0,300.0,8.0,60.0,2.465156,3.6538363,0.7205249,2026-01-27-02:11:47
18.0,0.6,25.0,20.0,2.0,20.0,0.15409312,0.98334605,0.3686321,2026-01-27-02:11:47
26.0,4.2,40.0,190.0,11.0,30.0,1.0082275,3.637742,0.88976294,2026-01-27-02:11:47
30.0,2.5,40.0,290.0,9.0,60.0,2.3962436,3.7964363,0.91720116,2026-01-27-02:11:47
30.0,2.2,40.0,280.0,8.5,60.0,2.4163017,3.735852,0.7590395,2026-01-27-02:11:47
29.0,1.8,40.0,300.0,6.0,60.0,2.4581897,3.389607,0.50651276,2026-01-27-02:12:51
30.0,5.0,30.0,190.0,9.0,60.0,0.633815,2.8356652,2.880159,2026-01-27-02:12:51
26.0,3.9,40.0,300.0,11.0,60.0,2.036165,3.5582404,1.5241156,2026-01-27-02:12:51
30.0,5.0,40.0,300.0,9.0,50.0,1.4802856,3.988286,1.8817142,2026-01-27-02:12:51
18.0,4.8,30.0,280.0,2.0,60.0,0.49691767,0.8846602,2.0308979,2026-01-27-02:12:51
30.0,2.0,40.0,300.0,7.0,60.0,2.4637275,3.5838358,0.65052485,2026-01-27-02:13:50
30.0,3.2,40.0,290.0,9.0,60.0,2.2816079,3.865387,1.1712829,2026-01-27-02:13:50
30.0,4.7,40.0,290.0,9.0,60.0,1.8985174,3.9375443,1.8600585,2026-01-27-02:13:50
30.0,5.0,40.0,290.0,8.5,60.0,1.7974877,3.905222,1.9870195,2026-01-27-02:13:50
4.0,2.5,35.0,130.0,4.0,20.0,0.24840105,0.28369567,-0.030372903,2026-01-27-02:13:50
30.0,1.6,40.0,300.0,8.0,60.0,2.4956768,3.5951939,0.61207,2026-01-27-02:14:20
11.0,5.0,35.0,30.0,2.5,35.0,-0.24385153,0.714817,0.91984737,2026-01-27-02:14:20
5.0,3.9,30.0,100.0,9.0,60.0,0.32360998,0.18423975,1.1693801,2026-01-27-02:14:20
12.0,1.1,35.0,110.0,5.5,15.0,0.47326553,1.0815797,-0.20060286,2026-01-27-02:14:20
28.0,0.9,35.0,70.0,8.0,15.0,0.7947009,2.7826006,0.11005394,2026-01-27-02:14:20
30.0,1.5,40.0,290.0,9.0,60.0,2.489205,3.6589937,0.6285714,2026-01-27-02:14:53
30.0,4.2,40.0,100.0,9.0,60.0,1.7915218,4.1074576,1.0657437,2026-01-27-02:14:53
30.0,3.1,30.0,150.0,9.0,15.0,0.059352554,2.7743695,1.3615894,2026-01-27-02:14:53
30.0,5.0,40.0,50.0,9.0,20.0,0.84981275,3.9894974,1.0211921,2026-01-27-02:14:53
30.0,4.7,40.0,260.0,9.0,60.0,1.8581724,3.966362,1.7743442,2026-01-27-02:14:53
27.0,3.8,40.0,300.0,10.0,60.0,2.0874405,3.614669,1.4396398,2026-01-27-02:15:54
21.0,3.8,25.0,190.0,6.5,10.0,-0.53965425,1.5513848,1.4398091,2026-01-27-02:15:54
27.0,2.1,40.0,250.00002,10.0,30.0,1.40126,3.6285744,0.20798859,2026-01-27-02:15:54
26.0,5.0,40.0,160.0,10.0,60.0,1.543598,3.599139,1.5721924,2026-01-27-02:15:54
30.0,4.9,35.0,300.0,8.5,60.0,1.224901,3.2447715,2.6381133,2026-01-27-02:15:54
30.0,5.0,35.0,240.0,9.0,60.0,1.1110563,3.337636,2.556349,2026-01-27-02:17:25
30.0,4.6,40.0,30.0,9.0,60.0,1.5802326,4.1856947,1.0651604,2026-01-27-02:17:25
30.0,4.5,40.0,30.0,9.0,50.0,1.4681296,4.130194,0.9425361,2026-01-27-02:17:25
30.0,5.0,40.0,10.0,8.0,55.0,1.2942857,4.1468573,1.1571428,2026-01-27-02:17:25
30.0,4.7,40.0,100.0,9.0,50.0,1.4511185,4.0955834,1.2206398,2026-01-27-02:17:25
30.0,3.3,40.0,290.0,8.0,60.0,2.258057,3.804636,1.1422609,2026-01-27-02:18:34
30.0,1.7,40.0,280.0,9.0,60.0,2.463828,3.6997533,0.6507289,2026-01-27-02:18:34
30.0,4.6,35.0,300.0,8.5,60.0,1.3215107,3.2413354,2.4793665,2026-01-27-02:18:34
30.0,4.8,35.0,290.0,9.0,60.0,1.2452033,3.2886896,2.5907516,2026-01-27-02:18:34
24.0,1.7,40.0,20.0,4.0,60.0,1.6367577,3.1179771,-0.39360648,2026-01-27-02:18:34
30.0,1.2,40.0,300.0,9.0,60.0,2.5142982,3.5992212,0.58760935,2026-01-27-02:19:15
6.0,5.0,30.0,250.00002,8.5,30.0,-0.72209424,0.034920916,1.5896324,2026-01-27-02:19:15
9.0,3.3,25.0,190.0,4.5,55.0,0.3260018,0.12315528,1.1665691,2026-01-27-02:19:15
29.0,1.2,40.0,300.0,5.5,60.0,2.4896135,3.263042,0.3271073,2026-01-27-02:19:15
5.0,4.5,30.0,260.0,9.5,20.0,-0.9014909,0.122179225,1.254403,2026-01-27-02:19:15
30.0,5.0,40.0,110.0,9.0,60.0,1.5573399,4.1125126,1.5071427,2026-01-27-02:20:44
29.0,4.8,40.0,30.0,5.5,25.0,0.9315229,3.837741,0.8435348,2026-01-27-02:20:44
30.0,4.6,40.0,100.0,8.5,10.0,0.72582376,3.9905467,0.77703226,2026-01-27-02:20:44
30.0,4.8,40.0,100.0,8.5,10.0,0.6622503,3.9932957,0.88198864,2026-01-27-02:20:44
30.0,4.5,40.0,10.0,9.0,60.0,1.5838734,4.2028446,0.95685136,2026-01-27-02:20:44
30.0,1.3,40.0,300.0,8.0,60.0,2.509821,3.546402,0.5399127,2026-01-27-02:22:12
30.0,4.3,25.0,300.0,9.0,60.0,0.8024488,2.2687757,3.0857143,2026-01-27-02:22:12
30.0,4.0,30.0,300.0,9.0,60.0,1.0829539,2.7070928,2.687156,2026-01-27-02:22:12
30.0,4.9,40.0,60.0,9.0,60.0,1.5239677,4.160313,1.309621,2026-01-27-02:22:12
11.0,4.0,30.0,280.0,3.0,60.0,0.6073269,0.16672334,1.4797338,2026-01-27-02:22:12
30.0,2.6,40.0,250.00002,9.0,55.0,2.1798732,3.864883,0.76141167,2026-01-27-02:23:40
13.0,3.4,40.0,260.0,5.0,55.0,1.5770363,1.3682876,0.3856855,2026-01-27-02:23:40
13.0,5.0,40.0,290.0,6.0,55.0,1.1292927,1.2443246,1.1719102,2026-01-27-02:23:40
30.0,5.0,40.0,300.0,9.0,55.0,1.6465712,3.9591432,1.9658569,2026-01-27-02:23:40
15.0,2.6,30.0,250.00002,7.0,55.0,0.8570688,1.0203209,1.2718552,2026-01-27-02:23:40
30.0,1.4,40.0,290.0,9.0,60.0,2.4939196,3.6427298,0.6045189,2026-01-27-02:25:14
30.0,2.3,40.0,290.0,9.0,60.0,2.4214997,3.772613,0.85247815,2026-01-27-02:25:14
30.0,4.8,25.0,300.0,8.0,60.0,0.64833397,2.2090838,3.2715454,2026-01-27-02:25:14
30.0,4.6,40.0,300.0,8.5,60.0,1.9426217,3.891335,1.801589,2026-01-27-02:25:14
30.0,1.5,40.0,300.0,8.0,60.0,2.5012245,3.5793881,0.58714294,2026-01-27-02:25:14
30.0,4.4,30.0,300.0,8.0,60.0,0.97103804,2.6517534,2.8095758,2026-01-27-02:26:42
29.0,0.8,40.0,290.0,5.5,60.0,2.472483,3.2067516,0.22389624,2026-01-27-02:26:42
27.0,5.0,40.0,290.0,10.0,60.0,1.7168454,3.6281621,1.9929361,2026-01-27-02:26:42
30.0,5.0,40.0,290.0,7.5,60.0,1.7936453,3.8364532,1.9182017,2026-01-27-02:26:42
30.0,0.8,40.0,290.0,8.5,60.0,2.5027938,3.50114,0.4441626,2026-01-27-02:26:42
30.0,4.5,40.0,300.0,8.5,60.0,1.9731591,3.8892732,1.7504227,2026-01-27-02:27:42
30.0,1.8,40.0,290.0,8.5,60.0,2.4681416,3.6706526,0.67156786,2026-01-27-02:27:42
27.0,2.5,40.0,300.0,10.0,60.0,2.3416042,3.5346758,0.9501303,2026-01-27-02:27:42
8.0,3.2,35.0,280.0,6.0,60.0,1.1275398,0.3882566,0.96938443,2026-01-27-02:27:42
15.999999,3.2,40.0,150.0,9.0,30.0,1.0430862,2.1251245,0.05673135,2026-01-27-02:27:42
30.0,4.6,40.0,210.0,9.0,60.0,1.8223016,4.012788,1.5794461,2026-01-27-02:28:30
13.0,3.4,40.0,100.0,5.0,60.0,1.3310266,1.5662186,0.06689243,2026-01-27-02:28:30
30.0,5.0,40.0,10.0,7.0,55.0,1.2299999,4.116,1.1249999,2026-01-27-02:28:30
12.0,2.8,40.0,300.0,5.0,40.0,1.3511688,1.3395022,0.05672708,2026-01-27-02:28:30
27.0,3.3,35.0,300.0,8.5,45.0,1.1001139,2.9720163,1.5440631,2026-01-27-02:28:30
27.0,5.0,40.0,290.0,9.5,60.0,1.7149243,3.593778,1.9585272,2026-01-27-02:29:50
30.0,5.0,35.0,300.0,8.0,60.0,1.1903174,3.2100005,2.6577778,2026-01-27-02:29:50
26.0,5.0,35.0,300.0,10.5,60.0,1.0905576,2.9220698,2.6808321,2026-01-27-02:29:50
30.0,5.0,30.0,300.0,8.5,60.0,0.78103167,2.6950002,3.1594446,2026-01-27-02:29:50
13.0,4.6,35.0,290.0,6.0,60.0,0.85002637,0.84042156,1.6486934,2026-01-27-02:29:50
30.0,0.3,40.0,300.0,9.0,60.0,2.5042524,3.4239817,0.42623913,2026-01-27-02:31:20
30.0,3.0,40.0,300.0,9.0,55.0,2.1656885,3.8675146,1.0387435,2026-01-27-02:31:20
26.0,3.1,40.0,300.0,11.0,60.0,2.2176986,3.5280347,1.2017672,2026-01-27-02:31:20
26.0,0.3,35.0,290.0,10.5,55.0,1.6409788,2.5912726,1.0184002,2026-01-27-02:31:20
26.0,3.1,35.0,300.0,11.0,60.0,1.6094611,2.933207,1.8588552,2026-01-27-02:31:20
30.0,5.0,35.0,190.0,9.0,60.0,1.043815,3.3856654,2.413492,2026-01-27-02:31:51
9.0,4.1,30.0,160.0,5.5,45.0,0.013427675,0.3140189,1.1909759,2026-01-27-02:31:51
15.999999,2.9,30.0,300.0,10.0,60.0,1.0499908,1.2543036,1.8019915,2026-01-27-02:31:51
11.0,4.9,35.0,40.0,2.5,35.0,-0.19415192,0.7220299,0.88512635,2026-01-27-02:31:51
20.0,4.2,35.0,110.0,8.0,55.0,0.7932879,2.1714344,1.3188069,2026-01-27-02:31:51
30.0,4.7,40.0,90.0,9.0,60.0,1.6295519,4.1296625,1.2886299,2026-01-27-02:33:21
29.0,4.9,40.0,20.0,6.0,30.0,0.9568673,3.8613489,0.91419077,2026-01-27-02:33:21
29.0,1.6,40.0,20.0,6.0,30.0,1.6146777,3.6223168,-0.38514063,2026-01-27-02:33:21
30.0,5.0,40.0,210.0,9.0,60.0,1.6918225,4.0164533,1.7928569,2026-01-27-02:33:21
30.0,3.8,40.0,110.0,9.0,60.0,1.9087934,4.079526,0.90889215,2026-01-27-02:33:21
30.0,0.5,40.0,300.0,8.5,60.0,2.5116014,3.431131,0.42097673,2026-01-27-02:34:52
26.0,4.8,40.0,300.0,10.5,60.0,1.7675021,3.5221741,1.9186672,2026-01-27-02:34:52
26.0,4.8,35.0,290.0,10.0,60.0,1.1475158,2.9007208,2.5110016,2026-01-27-02:34:52
26.0,4.9,35.0,300.0,10.0,60.0,1.1246133,2.8899376,2.5928564,2026-01-27-02:34:52
15.999999,4.4,40.0,190.0,7.5,10.0,0.23794258,2.0645652,0.30272743,2026-01-27-02:34:52
30.0,3.5,40.0,120.0,9.0,60.0,1.9913628,4.0513654,0.80758023,2026-01-27-02:36:05
30.0,4.7,40.0,190.0,9.0,60.0,1.7640345,4.0336037,1.5743442,2026-01-27-02:36:05
24.0,1.7,40.0,200.0,4.0,60.0,2.096068,2.8342333,0.014275238,2026-01-27-02:36:05
12.0,1.1,35.0,280.0,4.0,55.0,1.3827089,0.769353,0.38877892,2026-01-27-02:36:05
30.0,2.1,40.0,290.0,9.0,60.0,2.4434237,3.7469568,0.7912538,2026-01-27-02:36:05
30.0,3.0,40.0,219.99998,9.0,60.0,2.224388,3.915219,0.894315,2026-01-27-02:36:39
30.0,3.2,40.0,219.99998,9.0,60.0,2.18747,3.9326284,0.97128284,2026-01-27-02:36:39
4.0,1.4,25.0,20.0,5.0,15.0,-0.029582243,0.052968457,0.12816852,2026-01-27-02:36:39
18.0,4.7,40.0,100.0,6.0,55.0,1.0637914,2.2693758,0.7452749,2026-01-27-02:36:39
3.0,0.2,35.0,210.0,5.0,60.0,1.2565424,0.15555029,0.21931565,2026-01-27-02:36:39
30.0,1.6,40.0,300.0,7.5,60.0,2.4949625,3.5601938,0.57707,2026-01-27-02:38:09
30.0,4.0,40.0,10.0,9.0,60.0,1.7240648,4.1856647,0.71414006,2026-01-27-02:38:09
30.0,5.0,40.0,20.0,9.0,60.0,1.4363053,4.1989655,1.2499999,2026-01-27-02:38:09
30.0,4.7,30.0,300.0,8.5,60.0,0.88014024,2.6929383,2.9980745,2026-01-27-02:38:09
30.0,4.6,40.0,20.0,8.0,55.0,1.4371095,4.1344233,0.9693279,2026-01-27-02:38:09
30.0,5.0,35.0,200.0,9.0,60.0,1.0572633,3.3760595,2.4420633,2026-01-27-02:38:48
30.0,4.9,40.0,30.0,8.5,55.0,1.3825736,4.1457515,1.170924,2026-01-27-02:38:48
30.0,4.8,40.0,290.0,9.0,60.0,1.8663142,3.9386897,1.9129739,2026-01-27-02:38:48
3.0,3.1,35.0,140.0,4.5,55.0,0.6355606,0.08255747,0.40513402,2026-01-27-02:38:48
3.0,4.5,40.0,200.0,5.5,55.0,0.88777596,0.12028408,0.5152499,2026-01-27-02:38:48
30.0,4.4,40.0,20.0,9.0,60.0,1.6270258,4.190719,0.9351312,2026-01-27-02:40:24
30.0,4.8,25.0,130.0,7.5,20.0,-0.40877932,2.3616946,2.394555,2026-01-27-02:40:24
30.0,4.4,40.0,90.0,9.0,50.0,1.5363166,4.0948668,1.0421559,2026-01-27-02:40:24
30.0,4.9,40.0,20.0,9.0,50.0,1.3345687,4.1411605,1.1274633,2026-01-27-02:40:24
30.0,5.0,40.0,170.0,8.5,55.0,1.5046353,4.031842,1.5922093,2026-01-27-02:40:24
30.0,4.4,40.0,140.0,9.0,60.0,1.7884052,4.075448,1.2779884,2026-01-27-02:41:53
30.0,4.0,40.0,250.00002,9.0,60.0,2.0468235,3.9551227,1.3998543,2026-01-27-02:41:53
30.0,4.5,35.0,250.00002,9.0,60.0,1.285521,3.3223028,2.3203433,2026-01-27-02:41:53
30.0,4.3,40.0,20.0,9.0,60.0,1.6558971,4.1877413,0.88571453,2026-01-27-02:41:53
30.0,3.9,40.0,210.0,9.0,60.0,2.0185697,3.9887357,1.2396502,2026-01-27-02:41:53
30.0,4.3,30.0,300.0,8.0,60.0,0.9999091,2.648776,2.7601593,2026-01-27-02:43:25
26.0,3.2,40.0,300.0,11.0,60.0,2.1979222,3.533414,1.2389994,2026-01-27-02:43:25
28.0,1.6,40.0,300.0,7.5,60.0,2.4532113,3.3653114,0.5417533,2026-01-27-02:43:25
28.0,1.6,40.0,290.0,6.5,60.0,2.4323,3.3079963,0.44613755,2026-01-27-02:43:25
30.0,3.8,35.0,300.0,8.0,60.0,1.5417709,3.1770139,2.0595272,2026-01-27-02:43:25
27.0,2.7,40.0,300.0,10.0,60.0,2.3116648,3.5520222,1.0158184,2026-01-27-02:45:08
29.0,1.7,40.0,300.0,4.5,60.0,2.4634855,3.2704914,0.3752585,2026-01-27-02:45:08
27.0,2.8,40.0,300.0,10.0,60.0,2.2954457,3.5600083,1.0499744,2026-01-27-02:45:08
29.0,3.2,40.0,300.0,4.0,55.0,2.1331534,3.4454052,0.75962174,2026-01-27-02:45:08
30.0,5.0,35.0,300.0,9.0,45.0,0.69288886,3.367429,2.4753492,2026-01-27-02:45:08
30.0,5.0,35.0,230.0,9.0,60.0,1.0976081,3.3472419,2.5277777,2026-01-27-02:46:10
30.0,4.7,40.0,60.0,9.0,45.0,1.3435912,4.0969434,1.0795906,2026-01-27-02:46:10
29.0,4.4,40.0,140.0,6.0,25.0,1.0212978,3.8528862,0.78255105,2026-01-27-02:46:10
30.0,4.9,35.0,290.0,9.0,50.0,0.88663006,3.3435252,2.4798422,2026-01-27-02:46:10
30.0,4.7,40.0,70.0,9.0,45.0,1.3464878,4.0935445,1.1027827,2026-01-27-02:46:10
30.0,4.7,40.0,50.0,8.5,60.0,1.544872,4.1484804,1.1541226,2026-01-27-02:46:50
27.0,0.1,35.0,280.0,9.5,10.0,0.17610383,2.7908468,0.18027046,2026-01-27-02:46:50
8.0,4.9,40.0,230.0,6.5,30.0,0.30816084,0.75586516,0.57272744,2026-01-27-02:46:50
30.0,4.9,40.0,40.0,9.0,60.0,1.4970711,4.179525,1.2524781,2026-01-27-02:46:50
18.0,5.0,30.0,270.0,6.5,45.0,0.019647002,1.2781214,2.1984577,2026-01-27-02:46:50
30.0,1.7,40.0,300.0,8.0,60.0,2.4892962,3.6105418,0.63787174,2026-01-27-02:48:07
29.0,2.1,40.0,300.0,4.5,60.0,2.4287322,3.3242052,0.485523,2026-01-27-02:48:07
28.0,1.7,30.0,230.0,8.0,60.0,1.3178227,2.3451452,1.5337411,2026-01-27-02:48:07
28.0,1.7,40.0,300.0,8.0,60.0,2.4470947,3.4141111,0.6017106,2026-01-27-02:48:07
27.0,1.5,40.0,300.0,10.0,60.0,2.4413211,3.4204562,0.67416763,2026-01-27-02:48:07
30.0,1.5,40.0,300.0,7.5,60.0,2.5005102,3.5443876,0.55214286,2026-01-27-02:49:49
29.0,4.0,35.0,300.0,5.5,60.0,1.4651823,2.913032,1.942992,2026-01-27-02:49:49
30.0,5.0,40.0,300.0,8.0,60.0,1.8114283,3.8600001,1.9799999,2026-01-27-02:49:49
29.0,1.6,40.0,300.0,6.0,60.0,2.4722342,3.3609176,0.45487905,2026-01-27-02:49:49
30.0,5.0,40.0,300.0,7.5,60.0,1.8107141,3.825,1.9449999,2026-01-27-02:49:49
30.0,4.9,40.0,30.0,9.0,40.0,1.1983421,4.082254,1.0809904,2026-01-27-02:50:30
30.0,5.0,40.0,219.99998,9.0,50.0,1.4289753,4.0320296,1.6818324,2026-01-27-02:50:30
30.0,0.2,30.0,110.0,7.5,10.0,0.25396854,2.2645845,0.49579665,2026-01-27-02:50:30
6.0,0.9,35.0,40.0,10.0,40.0,0.8692138,0.6667713,-0.11418605,2026-01-27-02:50:30
20.0,4.0,25.0,150.0,10.0,60.0,0.5378829,1.5209754,2.112156,2026-01-27-02:50:30
30.0,1.4,40.0,300.0,7.5,60.0,2.505225,3.5281236,0.52809036,2026-01-27-02:51:06
8.0,4.4,30.0,290.0,4.0,25.0,-0.43895966,0.16199408,1.182005,2026-01-27-02:51:06
13.0,3.7,40.0,230.0,4.0,35.0,1.0051854,1.4553877,0.15217443,2026-01-27-02:51:06
9.0,3.7,30.0,80.0,6.0,60.0,0.26106197,0.45513642,1.0106654,2026-01-27-02:51:06
30.0,1.6,40.0,280.0,8.5,60.0,2.4670806,3.6506371,0.5911094,2026-01-27-02:51:06
30.0,4.2,40.0,210.0,9.0,60.0,1.9394526,4.0017924,1.3800294,2026-01-27-02:51:39
28.0,1.9,40.0,190.0,8.0,55.0,2.1359975,3.5693603,0.29212087,2026-01-27-02:51:39
13.0,3.2,40.0,40.0,6.0,30.0,0.9840463,1.6159463,-0.26385838,2026-01-27-02:51:39
8.0,4.5,40.0,160.0,6.5,30.0,0.46646988,0.8203851,0.29597178,2026-01-27-02:51:39
26.0,4.0,40.0,280.0,11.0,55.0,1.8189466,3.5923882,1.4187734,2026-01-27-02:51:39
28.0,2.2,40.0,300.0,6.0,60.0,2.3975873,3.3362365,0.5996165,2026-01-27-02:53:18
28.0,4.8,40.0,260.0,8.0,60.0,1.7587223,3.6580086,1.6996486,2026-01-27-02:53:18
28.0,2.4,40.0,290.0,7.5,60.0,2.3581705,3.4743333,0.7391033,2026-01-27-02:53:18
30.0,1.2,40.0,290.0,9.0,60.0,2.50085,3.608827,0.5590379,2026-01-27-02:53:18
30.0,1.2,40.0,300.0,8.0,60.0,2.5128696,3.5292215,0.51760936,2026-01-27-02:53:18
30.0,5.0,40.0,230.0,9.0,55.0,1.577054,4.011902,1.7784086,2026-01-27-02:54:40
27.0,2.5,40.0,290.0,10.0,25.0,1.1411904,3.7085676,0.31892836,2026-01-27-02:54:40
30.0,3.3,40.0,200.0,9.0,60.0,2.140865,3.9598577,0.95393574,2026-01-27-02:54:40
30.0,5.0,40.0,180.0,9.0,55.0,1.5273988,4.0495863,1.6445171,2026-01-27-02:54:40
30.0,5.0,35.0,290.0,9.0,40.0,0.5272239,3.3979018,2.3698072,2026-01-27-02:54:40
30.0,5.0,40.0,190.0,9.0,50.0,1.409734,4.0484333,1.6068767,2026-01-27-02:56:10
30.0,5.0,40.0,290.0,9.0,50.0,1.473872,3.9937537,1.856729,2026-01-27-02:56:10
30.0,4.9,35.0,290.0,9.0,60.0,1.212167,3.2893772,2.6445417,2026-01-27-02:56:10
7.0,0.1,25.0,270.0,10.5,50.0,0.69095355,0.3447169,1.0422206,2026-01-27-02:56:10
30.0,4.8,40.0,30.0,9.0,60.0,1.516659,4.1884437,1.1701168,2026-01-27-02:56:10
30.0,4.4,35.0,300.0,8.5,60.0,1.3817523,3.2367535,2.377909,2026-01-27-02:57:45
30.0,2.4,40.0,290.0,9.0,60.0,2.409288,3.7847538,0.8844024,2026-01-27-02:57:45
26.0,3.0,40.0,300.0,11.0,60.0,2.236642,3.5221972,1.1654093,2026-01-27-02:57:45
30.0,1.7,40.0,300.0,7.5,60.0,2.488582,3.5755413,0.6028717,2026-01-27-02:57:45
30.0,4.1,40.0,300.0,8.0,60.0,2.0862641,3.8414454,1.5195044,2026-01-27-02:57:45
30.0,5.0,40.0,160.0,8.5,55.0,1.4934974,4.039995,1.5660219,2026-01-27-02:59:21
30.0,5.0,40.0,130.0,9.0,55.0,1.4777436,4.087271,1.5106255,2026-01-27-02:59:21
30.0,5.0,40.0,20.0,8.0,35.0,1.0639901,4.03665,1.0612807,2026-01-27-02:59:21
30.0,4.9,40.0,130.0,9.0,55.0,1.5116129,4.0870423,1.4559609,2026-01-27-02:59:21
30.0,5.0,40.0,90.0,8.5,55.0,1.4155319,4.097064,1.3827116,2026-01-27-02:59:21
30.0,4.2,40.0,20.0,9.0,60.0,1.6839356,4.184305,0.83717227,2026-01-27-03:00:53
30.0,4.6,30.0,300.0,8.5,60.0,0.91151065,2.6913352,2.9460335,2026-01-27-03:00:53
30.0,1.8,40.0,300.0,7.5,60.0,2.481368,3.590431,0.62954813,2026-01-27-03:00:53
30.0,4.4,40.0,30.0,9.0,60.0,1.6404742,4.1811132,0.9637027,2026-01-27-03:00:53
30.0,4.6,40.0,40.0,9.0,60.0,1.5936809,4.176089,1.0937318,2026-01-27-03:00:53
30.0,1.1,40.0,300.0,8.0,60.0,2.5150855,3.5115829,0.49618086,2026-01-27-03:02:27
27.0,1.1,35.0,110.0,9.0,15.0,0.69435954,2.7743247,0.18701074,2026-01-27-03:02:27
27.0,2.3,40.0,300.0,10.0,60.0,2.3682113,3.5154974,0.8879406,2026-01-27-03:02:27
29.0,1.5,40.0,300.0,6.0,60.0,2.4780073,3.3458858,0.43037415,2026-01-27-03:02:27
30.0,1.1,40.0,300.0,8.0,30.0,1.5602282,3.7070115,0.012752295,2026-01-27-03:02:27
30.0,4.9,40.0,150.0,9.0,60.0,1.6450021,4.0738597,1.5667639,2026-01-27-03:03:08
30.0,4.1,40.0,20.0,9.0,60.0,1.7111411,4.180411,0.7895044,2026-01-27-03:03:08
6.0,2.2,25.0,110.0,10.0,55.0,0.5709888,0.33289558,0.87107956,2026-01-27-03:03:08
5.0,4.5,35.0,240.0,9.5,50.0,0.35236442,0.22213978,1.3384309,2026-01-27-03:03:08
8.0,2.2,40.0,10.0,6.5,60.0,1.3557526,1.1759944,-0.50936997,2026-01-27-03:03:08
28.0,1.5,40.0,300.0,8.0,60.0,2.4599237,3.386054,0.5526707,2026-01-27-03:04:39
28.0,1.8,40.0,300.0,8.0,60.0,2.4394305,3.4274526,0.6275425,2026-01-27-03:04:39
28.0,1.5,40.0,290.0,7.5,25.0,1.3777612,3.5880244,-0.048075654,2026-01-27-03:04:39
28.0,1.8,40.0,290.0,8.0,60.0,2.4235685,3.4382896,0.6001533,2026-01-27-03:04:39
28.0,1.8,40.0,290.0,7.5,60.0,2.4216475,3.4039054,0.5657444,2026-01-27-03:04:39
29.0,3.3,40.0,210.0,6.0,50.0,1.8340375,3.7076836,0.66547817,2026-01-27-03:06:06
30.0,5.0,30.0,200.0,9.0,60.0,0.6472632,2.8260593,2.9087303,2026-01-27-03:06:06
9.0,3.3,30.0,200.0,3.5,60.0,0.5515016,0.18885481,1.0330554,2026-01-27-03:06:06
30.0,4.6,40.0,130.0,9.0,60.0,1.7147152,4.0896354,1.3508747,2026-01-27-03:06:06
26.0,5.0,40.0,280.0,10.0,60.0,1.6760118,3.4986463,1.9292367,2026-01-27-03:06:06
30.0,4.7,40.0,50.0,8.0,60.0,1.5139854,4.1288743,1.1339009,2026-01-27-03:06:45
8.0,2.6,25.0,200.0,4.5,30.0,-0.0069461316,0.20277624,0.71104234,2026-01-27-03:06:45
8.0,1.9,40.0,190.0,6.5,60.0,1.750443,0.9582144,-0.108319506,2026-01-27-03:06:45
14.0,0.7,40.0,40.0,3.5,20.0,1.1977834,1.6611991,-0.8632771,2026-01-27-03:06:45
30.0,4.1,40.0,290.0,9.0,60.0,2.0742445,3.921051,1.5609329,2026-01-27-03:06:45
30.0,2.2,40.0,300.0,9.0,55.0,2.2800407,3.7795515,0.7658572,2026-01-27-03:08:09
27.0,4.9,40.0,290.0,10.0,60.0,1.7513902,3.6302555,1.9395382,2026-01-27-03:08:09
30.0,3.8,40.0,140.0,9.0,60.0,1.9491382,4.0507083,0.9946064,2026-01-27-03:08:09
27.0,2.2,35.0,290.0,8.0,50.0,1.4388393,2.828442,1.1954726,2026-01-27-03:08:09
24.0,2.8,40.0,80.0,6.0,55.0,1.6914201,3.190617,0.11003156,2026-01-27-03:08:09
30.0,2.9,40.0,270.0,9.0,60.0,2.3088388,3.8577976,1.0000001,2026-01-27-03:08:43
26.0,4.9,35.0,200.0,11.0,20.0,-0.12335707,3.0441344,1.7666594,2026-01-27-03:08:43
5.0,1.3,35.0,260.0,9.0,50.0,1.0819101,0.4947375,0.52279973,2026-01-27-03:08:43
29.0,2.6,40.0,190.0,4.5,60.0,2.0991347,3.5476635,0.38726926,2026-01-27-03:08:43
22.0,1.9,35.0,280.0,4.5,35.0,1.0066103,2.1693113,0.5483093,2026-01-27-03:08:43
30.0,5.0,35.0,260.0,9.0,60.0,1.1379528,3.318424,2.613492,2026-01-27-03:09:54
30.0,4.7,30.0,270.0,9.0,60.0,0.8405098,2.7567558,2.94736,2026-01-27-03:09:54
30.0,4.9,40.0,90.0,9.0,60.0,1.5643125,4.1314955,1.3953352,2026-01-27-03:09:54
30.0,5.0,40.0,210.0,8.5,60.0,1.6802464,3.9869952,1.7631773,2026-01-27-03:09:54
28.0,5.0,35.0,250.00002,6.0,20.0,0.015217133,3.1492376,1.8025767,2026-01-27-03:09:54
30.0,3.7,40.0,200.0,9.0,60.0,2.0537012,3.9873464,1.121866,2026-01-27-03:11:23
24.0,5.0,40.0,200.0,4.0,60.0,1.373612,2.9304194,1.2728004,2026-01-27-03:11:23
30.0,2.9,40.0,230.0,9.0,60.0,2.2550457,3.8962207,0.8857144,2026-01-27-03:11:23
27.0,1.3,40.0,300.0,10.0,60.0,2.4512687,3.3921149,0.6294708,2026-01-27-03:11:23
30.0,3.8,40.0,90.0,9.0,60.0,1.881897,4.0987377,0.8517493,2026-01-27-03:11:23
30.0,5.0,40.0,150.0,8.5,55.0,1.4823595,4.0481477,1.539835,2026-01-27-03:13:02
30.0,4.3,40.0,30.0,9.0,60.0,1.6693454,4.1781354,0.914286,2026-01-27-03:13:02
30.0,3.9,40.0,10.0,9.0,60.0,1.7496042,4.1808543,0.6682217,2026-01-27-03:13:02
30.0,4.9,40.0,70.0,9.0,55.0,1.4520268,4.132264,1.295291,2026-01-27-03:13:02
30.0,4.9,40.0,270.0,9.0,55.0,1.6506474,3.981525,1.8308574,2026-01-27-03:13:02
30.0,2.4,40.0,300.0,8.0,60.0,2.4213076,3.7051482,0.84297395,2026-01-27-03:14:17
28.0,4.1,35.0,130.0,6.5,55.0,0.99659383,3.0986261,1.5453091,2026-01-27-03:14:17
27.0,4.9,40.0,300.0,10.0,60.0,1.7624246,3.6218812,1.9692919,2026-01-27-03:14:17
30.0,4.9,40.0,300.0,8.0,60.0,1.8452976,3.8597713,1.9253353,2026-01-27-03:14:17
30.0,5.0,35.0,300.0,7.5,60.0,1.1896031,3.1750004,2.6227777,2026-01-27-03:14:17
30.0,5.0,40.0,210.0,9.0,50.0,1.4225615,4.0374975,1.6568472,2026-01-27-03:14:51
19.0,2.9,25.0,190.0,4.0,15.0,-0.16980278,1.2667356,1.0181383,2026-01-27-03:14:51
21.0,4.7,25.0,190.0,4.0,45.0,-0.05844675,1.2994988,2.1152174,2026-01-27-03:14:51
9.0,3.9,40.0,50.0,3.5,35.0,0.68711543,0.97756034,-0.11960319,2026-01-27-03:14:51
20.0,1.3,40.0,180.0,8.5,40.0,1.6348007,2.591661,-0.18928395,2026-01-27-03:14:51
30.0,1.1,40.0,290.0,9.0,60.0,2.5030658,3.5911884,0.53760934,2026-01-27-03:15:23
10.0,1.9,25.0,130.0,6.0,30.0,0.1067587,0.43933833,0.5661368,2026-01-27-03:15:23
17.0,4.7,35.0,130.0,6.5,55.0,0.52322257,1.6309122,1.4161025,2026-01-27-03:15:23
9.0,1.1,30.0,280.0,6.5,15.0,-0.14327805,0.63803804,0.28946534,2026-01-27-03:15:23
13.0,4.2,25.0,219.99998,4.0,10.0,-0.7276135,0.6211784,1.2086841,2026-01-27-03:15:23
30.0,4.3,30.0,300.0,8.5,60.0,1.0006235,2.683776,2.795159,2026-01-27-03:16:12
23.0,4.3,30.0,300.0,8.5,35.0,0.035411388,2.1117868,2.095924,2026-01-27-03:16:12
30.0,4.5,35.0,210.0,9.0,60.0,1.2317278,3.3607266,2.2060575,2026-01-27-03:16:12
3.0,0.2,40.0,150.0,6.0,45.0,1.4134762,0.5970379,-0.5491911,2026-01-27-03:16:12
21.0,0.7,25.0,160.0,4.0,30.0,0.33881754,1.2373153,0.69241697,2026-01-27-03:16:12
30.0,4.9,40.0,180.0,9.0,60.0,1.6853468,4.045042,1.6524781,2026-01-27-03:16:47
22.0,2.2,25.0,120.0,6.0,25.0,0.15773714,1.539224,1.0009564,2026-01-27-03:16:47
30.0,0.4,40.0,240.0,7.0,25.0,1.4799123,3.5428028,-0.3202604,2026-01-27-03:16:47
9.0,3.7,25.0,300.0,4.5,50.0,0.31450316,-0.013676412,1.4669992,2026-01-27-03:16:47
21.0,2.2,40.0,260.0,5.5,10.0,0.8684101,2.8190827,-0.3372462,2026-01-27-03:16:47
30.0,3.5,40.0,240.0,9.0,60.0,2.1527421,3.9360948,1.1504374,2026-01-27-03:17:19
11.0,2.8,40.0,30.0,4.0,50.0,1.1160918,1.3735905,-0.39979386,2026-01-27-03:17:19
17.0,1.8,35.0,140.0,5.5,50.0,1.0777152,1.6407982,0.35456163,2026-01-27-03:17:19
20.0,0.8,25.0,70.0,9.0,30.0,0.3564865,1.3021739,0.67345726,2026-01-27-03:17:19
30.0,0.5,40.0,300.0,8.0,10.0,0.9194585,3.7218454,-0.41973752,2026-01-27-03:17:19
30.0,4.3,40.0,240.0,9.0,60.0,1.9517591,3.9764109,1.5142859,2026-01-27-03:18:16
24.0,4.3,40.0,240.0,4.0,60.0,1.7047309,2.888653,1.0168892,2026-01-27-03:18:16
13.0,5.0,35.0,30.0,5.0,55.0,0.05695334,1.0875068,1.1232297,2026-01-27-03:18:16
18.0,4.3,40.0,240.0,5.5,60.0,1.5512955,2.081808,0.9190848,2026-01-27-03:18:16
25.0,2.9,35.0,290.0,4.5,30.0,0.80691725,2.623763,0.88031334,2026-01-27-03:18:16
30.0,4.7,40.0,10.0,8.0,50.0,1.3362514,4.1173673,0.9672015,2026-01-27-03:19:53
29.0,4.7,40.0,300.0,4.5,50.0,1.6096852,3.5838084,1.4072068,2026-01-27-03:19:53
30.0,4.7,40.0,120.0,8.0,50.0,1.4333549,4.0436726,1.229034,2026-01-27-03:19:53
30.0,4.5,40.0,30.0,9.0,60.0,1.61077,4.183633,1.0139942,2026-01-27-03:19:53
30.0,4.7,35.0,120.0,8.0,50.0,0.81224376,3.3936725,1.9068116,2026-01-27-03:19:53
30.0,4.7,40.0,40.0,9.0,60.0,1.5623105,4.1776924,1.1457728,2026-01-27-03:21:22
30.0,4.5,40.0,20.0,7.5,55.0,1.4367108,4.1163173,0.9014991,2026-01-27-03:21:22
30.0,4.8,40.0,40.0,8.5,60.0,1.4980137,4.1598473,1.1790577,2026-01-27-03:21:22
30.0,4.8,40.0,40.0,9.0,60.0,1.5301074,4.178838,1.1986881,2026-01-27-03:21:22
30.0,4.5,40.0,40.0,9.0,60.0,1.6242182,4.174027,1.0425656,2026-01-27-03:21:22
30.0,4.9,25.0,270.0,9.0,60.0,0.5763815,2.3085885,3.3096209,2026-01-27-03:22:03
7.0,0.1,25.0,300.0,10.5,50.0,0.69933283,0.33385485,1.1224964,2026-01-27-03:22:03
20.0,1.8,25.0,280.0,9.5,50.0,0.77154636,1.3835621,1.5851805,2026-01-27-03:22:03
30.0,4.2,40.0,180.0,9.0,60.0,1.8991079,4.0306106,1.2943151,2026-01-27-03:22:03
1.0,2.1,40.0,30.0,5.0,55.0,1.1440036,0.4877311,-0.57026005,2026-01-27-03:22:03
26.0,4.8,30.0,260.0,11.0,60.0,0.72836965,2.4960902,2.9329882,2026-01-27-03:23:35
26.0,4.3,35.0,300.0,11.0,20.0,-0.12740232,3.1458058,1.6330836,2026-01-27-03:23:35
30.0,4.3,40.0,60.0,9.0,50.0,1.5459464,4.1082926,0.9177835,2026-01-27-03:23:35
30.0,4.3,40.0,150.0,9.0,50.0,1.6036706,4.059081,1.1426506,2026-01-27-03:23:35
26.0,4.6,30.0,260.0,10.5,60.0,0.78820294,2.466997,2.7987745,2026-01-27-03:23:35
30.0,4.8,30.0,300.0,9.0,50.0,0.5160801,2.7873695,2.9177039,2026-01-27-03:24:47
30.0,4.7,35.0,40.0,8.0,50.0,0.7416231,3.4472687,1.716388,2026-01-27-03:24:47
28.0,2.3,35.0,10.0,6.5,50.0,1.1139413,3.0831592,0.5429688,2026-01-27-03:24:47
30.0,5.0,35.0,300.0,9.0,55.0,1.0254602,3.3091433,2.6436348,2026-01-27-03:24:47
13.0,4.6,35.0,30.0,5.0,55.0,0.20274553,1.1364807,0.9385308,2026-01-27-03:24:47
30.0,4.7,35.0,160.0,9.0,60.0,1.1025786,3.4124212,2.1664076,2026-01-27-03:26:10
23.0,4.7,35.0,160.0,10.0,60.0,0.9573256,2.6206791,1.9567909,2026-01-27-03:26:10
30.0,5.0,30.0,180.0,9.0,60.0,0.62036663,2.845271,2.8515875,2026-01-27-03:26:10
30.0,4.3,35.0,250.00002,9.0,60.0,1.3440964,3.316805,2.2206352,2026-01-27-03:26:10
30.0,4.3,30.0,180.0,9.0,40.0,0.34364316,2.8513076,2.2367997,2026-01-27-03:26:10
26.0,2.5,40.0,300.0,11.0,60.0,2.3188634,3.4861383,0.99674046,2026-01-27-03:27:21
30.0,4.6,40.0,250.00002,9.0,60.0,1.8760946,3.9743645,1.6937318,2026-01-27-03:27:21
27.0,2.5,35.0,70.0,10.0,45.0,1.1987591,3.0530503,0.78863716,2026-01-27-03:27:21
30.0,3.9,35.0,300.0,8.5,60.0,1.5177789,3.2172828,2.1395707,2026-01-27-03:27:21
17.0,3.9,35.0,150.0,6.5,60.0,0.90188223,1.6578515,1.1641414,2026-01-27-03:27:21
30.0,4.2,40.0,30.0,9.0,60.0,1.6973839,4.1746993,0.86574376,2026-01-27-03:28:56
30.0,4.4,40.0,10.0,9.0,45.0,1.4207206,4.1077533,0.8101312,2026-01-27-03:28:56
30.0,5.0,40.0,300.0,9.0,40.0,1.1477141,4.0465717,1.7134285,2026-01-27-03:28:56
30.0,5.0,40.0,300.0,9.0,45.0,1.3139999,4.017429,1.7975713,2026-01-27-03:28:56
12.0,2.8,25.0,280.0,5.0,40.0,0.27689296,0.44684204,1.1440768,2026-01-27-03:28:56
30.0,4.2,40.0,60.0,9.0,60.0,1.7377286,4.145881,0.951458,2026-01-27-03:30:09
30.0,4.2,30.0,300.0,8.0,60.0,1.0279474,2.6453395,2.711617,2026-01-27-03:30:09
30.0,3.9,35.0,300.0,8.0,60.0,1.5170646,3.182283,2.1045709,2026-01-27-03:30:09
20.0,4.2,35.0,110.0,8.5,55.0,0.81336176,2.1930208,1.3407896,2026-01-27-03:30:09
20.0,4.2,35.0,110.0,8.5,20.0,0.14215486,2.1338484,1.0027723,2026-01-27-03:30:09
30.0,3.3,40.0,190.0,9.0,60.0,2.1274166,3.9694636,0.92536426,2026-01-27-03:31:40
30.0,3.6,40.0,290.0,9.0,60.0,2.1977763,3.8947082,1.3357143,2026-01-27-03:31:40
30.0,4.9,30.0,210.0,9.0,60.0,0.69458073,2.8162243,2.882637,2026-01-27-03:31:40
29.0,3.6,40.0,290.0,5.0,20.0,1.0837412,3.8361816,0.4902953,2026-01-27-03:31:40
30.0,4.7,30.0,300.0,7.5,60.0,0.8787117,2.6229384,2.9280744,2026-01-27-03:31:40
29.0,2.2,40.0,300.0,6.0,60.0,2.4201043,3.4414878,0.6202757,2026-01-27-03:32:49
30.0,2.2,40.0,300.0,8.0,60.0,2.444898,3.6804085,0.7800001,2026-01-27-03:32:49
29.0,2.2,40.0,300.0,5.5,60.0,2.41939,3.406488,0.58527565,2026-01-27-03:32:49
26.0,2.7,40.0,300.0,11.0,60.0,2.2884736,3.5019364,1.0615842,2026-01-27-03:32:49
14.0,0.4,30.0,219.99998,4.5,25.0,0.31627628,0.8863762,0.31210676,2026-01-27-03:32:49
30.0,3.8,40.0,190.0,9.0,60.0,2.0163796,4.002679,1.1374635,2026-01-27-03:33:38
19.0,1.1,25.0,150.0,4.5,20.0,0.13472667,1.1579804,0.60735554,2026-01-27-03:33:38
30.0,4.2,40.0,120.0,9.0,60.0,1.8184183,4.088246,1.1228865,2026-01-27-03:33:38
19.0,4.2,25.0,120.0,4.5,20.0,-0.38660836,1.2235565,1.5076447,2026-01-27-03:33:38
30.0,3.3,40.0,290.0,9.0,60.0,2.2618995,3.8734045,1.2110786,2026-01-27-03:33:38
30.0,5.0,40.0,70.0,8.0,30.0,0.977123,4.0191727,1.1140689,2026-01-27-03:35:09
30.0,5.0,40.0,70.0,9.0,15.0,0.73504424,3.984946,1.0067438,2026-01-27-03:35:09
30.0,4.6,40.0,70.0,8.0,30.0,1.107602,4.015507,0.9006579,2026-01-27-03:35:09
30.0,5.0,40.0,30.0,9.0,15.0,0.8078718,3.9488866,0.9570098,2026-01-27-03:35:09
30.0,4.6,40.0,90.0,9.0,15.0,0.82910943,3.9993103,0.81819975,2026-01-27-03:35:09
27.0,4.9,40.0,300.0,9.5,60.0,1.7617104,3.586881,1.934292,2026-01-27-03:36:03
30.0,1.6,40.0,290.0,8.5,60.0,2.481736,3.6404154,0.6190897,2026-01-27-03:36:03
30.0,4.4,40.0,300.0,8.5,60.0,2.0028634,3.8867536,1.7001312,2026-01-27-03:36:03
15.0,1.5,25.0,280.0,7.5,15.0,-0.2940115,0.99951375,0.700868,2026-01-27-03:36:03
7.0,1.0,40.0,180.0,10.5,25.0,0.9782057,1.0946878,-0.5234007,2026-01-27-03:36:03
30.0,2.8,40.0,240.0,9.0,60.0,2.2848704,3.8767653,0.87798834,2026-01-27-03:36:49
30.0,5.0,30.0,300.0,8.0,60.0,0.78031737,2.6600003,3.1244447,2026-01-27-03:36:49
29.0,2.0,40.0,230.0,6.0,60.0,2.2959852,3.5095673,0.38647246,2026-01-27-03:36:49
10.0,3.3,25.0,90.0,5.5,50.0,0.11030711,0.37751058,0.992476,2026-01-27-03:36:49
29.0,4.0,25.0,230.0,5.5,10.0,-0.45719588,2.3046327,1.8929236,2026-01-27-03:36:49
29.0,4.4,40.0,300.0,6.0,60.0,1.9724014,3.5958023,1.4961176,2026-01-27-03:38:29
26.0,3.6,40.0,219.99998,11.0,25.0,0.97448766,3.6476305,0.6106013,2026-01-27-03:38:29
30.0,4.6,35.0,190.0,9.0,60.0,1.174294,3.3820002,2.2000809,2026-01-27-03:38:29
30.0,3.3,40.0,219.99998,9.0,60.0,2.1677616,3.940646,1.0110786,2026-01-27-03:38:29
30.0,1.4,40.0,290.0,8.5,60.0,2.4919984,3.6083455,0.5701101,2026-01-27-03:38:29
30.0,4.2,40.0,260.0,9.0,60.0,2.006694,3.953763,1.5228865,2026-01-27-03:39:52
30.0,4.3,40.0,110.0,9.0,60.0,1.7769315,4.101288,1.1428574,2026-01-27-03:39:52
28.0,4.2,40.0,260.0,7.0,35.0,1.2414103,3.7271004,0.9859336,2026-01-27-03:39:52
12.0,2.7,25.0,190.0,4.0,50.0,0.39953426,0.4169801,1.0166386,2026-01-27-03:39:52
30.0,4.9,40.0,10.0,8.0,60.0,1.3852978,4.174057,1.1310496,2026-01-27-03:39:52
30.0,4.0,40.0,150.0,9.0,60.0,1.9123406,4.051182,1.11414,2026-01-27-03:40:51
30.0,5.0,35.0,290.0,9.0,50.0,0.85276085,3.343754,2.5345068,2026-01-27-03:40:51
30.0,5.0,40.0,240.0,9.0,55.0,1.5869851,4.004365,1.8051871,2026-01-27-03:40:51
27.0,4.8,40.0,240.0,10.0,60.0,1.7299296,3.6737623,1.7382464,2026-01-27-03:40:51
27.0,2.8,40.0,140.0,9.5,55.0,1.9852881,3.6631756,0.4911344,2026-01-27-03:40:51
30.0,4.9,25.0,300.0,8.5,60.0,0.61601204,2.244771,3.3603354,2026-01-27-03:42:05
30.0,1.9,40.0,290.0,8.5,60.0,2.460095,3.6850843,0.6991188,2026-01-27-03:42:05
27.0,0.7,40.0,300.0,10.0,60.0,2.4611197,3.2960942,0.51637137,2026-01-27-03:42:05
30.0,1.5,40.0,290.0,8.5,60.0,2.4872837,3.6246095,0.5941626,2026-01-27-03:42:05
13.0,1.9,25.0,200.0,4.5,35.0,0.2666459,0.600814,0.7511813,2026-01-27-03:42:05
30.0,5.0,30.0,240.0,9.0,60.0,0.70105636,2.7876358,3.023016,2026-01-27-03:42:39
15.999999,1.8,30.0,210.0,7.5,10.0,-0.17735666,1.3246962,0.4731899,2026-01-27-03:42:39
2.0,2.5,30.0,150.0,6.0,20.0,-0.14372253,0.041748572,0.34507948,2026-01-27-03:42:39
12.0,3.9,25.0,180.0,5.5,15.0,-0.57847893,0.54161423,1.1112858,2026-01-27-03:42:39
15.0,2.3,30.0,240.0,8.0,25.0,0.072109655,1.2102358,0.8085038,2026-01-27-03:42:39
30.0,3.2,40.0,270.0,9.0,60.0,2.2547114,3.8845987,1.11414,2026-01-27-03:43:38
18.0,1.0,35.0,240.0,4.5,45.0,1.1884001,1.5824429,0.32706743,2026-01-27-03:43:38
19.0,0.7,40.0,270.0,3.5,40.0,1.7372965,2.1225312,-0.37486637,2026-01-27-03:43:38
30.0,4.8,40.0,30.0,8.0,55.0,1.3858807,4.1284037,1.0998803,2026-01-27-03:43:38
30.0,4.7,40.0,30.0,8.0,55.0,1.4180839,4.1272583,1.046965,2026-01-27-03:43:38
30.0,4.8,35.0,300.0,8.5,60.0,1.2579372,3.244084,2.5843232,2026-01-27-03:44:17
30.0,1.0,40.0,300.0,9.0,60.0,2.5178967,3.563486,0.5456269,2026-01-27-03:44:17
25.0,0.4,30.0,20.0,5.0,55.0,0.7233255,2.0124571,0.4975387,2026-01-27-03:44:17
20.0,5.0,35.0,270.0,11.0,45.0,0.38970143,2.2046595,2.1242251,2026-01-27-03:44:17
5.0,2.2,25.0,200.0,10.5,50.0,0.49678773,0.25327545,1.0581256,2026-01-27-03:44:17
30.0,4.5,35.0,290.0,9.0,60.0,1.339314,3.2838793,2.434629,2026-01-27-03:45:48
18.0,4.5,40.0,290.0,5.5,60.0,1.5967982,1.999146,1.1308268,2026-01-27-03:45:48
30.0,4.5,40.0,290.0,9.0,60.0,1.9604251,3.933879,1.7568512,2026-01-27-03:45:48
29.0,4.5,40.0,290.0,6.0,60.0,1.9217821,3.610849,1.5209622,2026-01-27-03:45:48
14.0,2.3,25.0,290.0,4.5,25.0,0.024497807,0.7348053,0.871819,2026-01-27-03:45:48
30.0,5.0,40.0,190.0,8.5,60.0,1.6509359,4.0074387,1.7072166,2026-01-27-03:46:24
11.0,0.4,25.0,250.00002,3.5,30.0,0.28472832,0.35530847,0.4581874,2026-01-27-03:46:24
27.0,4.0,40.0,10.0,9.0,20.0,1.1301292,3.5818179,0.37235406,2026-01-27-03:46:24
20.0,2.4,25.0,130.0,9.0,60.0,0.81805325,1.4805715,1.4405675,2026-01-27-03:46:24
26.0,4.6,25.0,70.0,10.0,45.0,0.10939449,2.1331303,2.2962658,2026-01-27-03:46:24
30.0,4.8,40.0,60.0,8.5,60.0,1.5273242,4.139404,1.2350183,2026-01-27-03:48:10
30.0,4.4,40.0,40.0,9.0,60.0,1.6539226,4.1715074,0.99227405,2026-01-27-03:48:10
30.0,5.0,40.0,120.0,8.5,55.0,1.4489458,4.072606,1.4612732,2026-01-27-03:48:10
30.0,4.5,40.0,10.0,8.5,60.0,1.5481591,4.185702,0.93899417,2026-01-27-03:48:10
30.0,5.0,40.0,180.0,8.5,60.0,1.6362808,4.01766,1.6792364,2026-01-27-03:48:10
30.0,2.4,40.0,300.0,9.0,55.0,2.2564504,3.8042912,0.82883096,2026-01-27-03:49:28
30.0,2.4,40.0,219.99998,9.0,55.0,2.1770022,3.8645866,0.61460435,2026-01-27-03:49:28
30.0,4.8,30.0,300.0,8.0,60.0,0.84722286,2.6590838,3.01599,2026-01-27-03:49:28
30.0,2.0,40.0,300.0,7.5,60.0,2.4644418,3.6188357,0.6855248,2026-01-27-03:49:28
26.0,5.0,30.0,300.0,11.0,60.0,0.69414544,2.4622421,3.1618092,2026-01-27-03:49:28
30.0,3.8,40.0,40.0,9.0,60.0,1.8146555,4.1467676,0.7088921,2026-01-27-03:50:37
8.0,0.3,35.0,300.0,6.0,60.0,1.5217886,0.42373395,0.5152063,2026-01-27-03:50:37
30.0,1.7,40.0,290.0,8.5,60.0,2.4753554,3.6557631,0.64489144,2026-01-27-03:50:37
27.0,2.1,40.0,300.0,10.0,60.0,2.3914866,3.4944856,0.8292496,2026-01-27-03:50:37
1.0,2.1,35.0,150.0,5.0,20.0,0.25657076,0.17093307,-0.07861531,2026-01-27-03:50:37
27.0,0.8,40.0,300.0,10.0,60.0,2.4615602,3.3132432,0.5330347,2026-01-27-03:51:54
27.0,3.7,35.0,300.0,10.0,60.0,1.5005335,3.0026438,2.0589979,2026-01-27-03:51:54
30.0,5.0,40.0,250.00002,9.0,55.0,1.5969162,3.9968276,1.8319654,2026-01-27-03:51:54
29.0,2.6,40.0,290.0,6.0,55.0,2.2066617,3.536698,0.65137273,2026-01-27-03:51:54
27.0,5.0,40.0,300.0,9.0,60.0,1.7264514,3.5497875,1.9526898,2026-01-27-03:51:54
27.0,4.8,25.0,300.0,9.5,60.0,0.5943877,2.0626535,3.2352166,2026-01-27-03:53:18
27.0,5.0,30.0,210.0,10.0,60.0,0.61676884,2.5779157,2.8683167,2026-01-27-03:53:18
30.0,4.3,40.0,40.0,9.0,60.0,1.6827936,4.1685295,0.9428574,2026-01-27-03:53:18
27.0,5.0,30.0,210.0,10.0,30.0,-0.23387155,2.6204772,2.4388585,2026-01-27-03:53:18
30.0,2.0,40.0,290.0,8.5,60.0,2.4512153,3.6990576,0.72754455,2026-01-27-03:53:18
30.0,4.8,25.0,280.0,9.0,60.0,0.62286603,2.2982955,3.2844024,2026-01-27-03:54:22
30.0,5.0,40.0,170.0,9.0,55.0,1.5174677,4.0571237,1.6177387,2026-01-27-03:54:22
30.0,5.0,35.0,270.0,9.0,55.0,0.99566716,3.331754,2.5633,2026-01-27-03:54:22
30.0,4.8,40.0,50.0,9.0,60.0,1.5435557,4.1692314,1.2272596,2026-01-27-03:54:22
6.0,2.2,40.0,170.0,10.5,60.0,1.7584765,0.9801369,0.102976084,2026-01-27-03:54:22
30.0,4.9,40.0,170.0,9.0,60.0,1.6718988,4.0546484,1.6239066,2026-01-27-03:54:58
11.0,0.5,35.0,70.0,4.0,35.0,0.72620165,0.9205396,-0.22805175,2026-01-27-03:54:58
19.0,4.6,25.0,50.0,3.5,15.0,-0.5305743,1.1751564,1.5945938,2026-01-27-03:54:58
15.999999,2.8,30.0,210.0,9.0,30.0,0.13927379,1.3348774,1.0364331,2026-01-27-03:54:58
9.0,2.4,30.0,240.0,6.5,60.0,0.89608216,0.3688249,1.0631771,2026-01-27-03:54:58
30.0,4.9,40.0,110.0,9.0,60.0,1.5912092,4.1122837,1.4524782,2026-01-27-03:55:39
27.0,1.3,40.0,40.0,10.0,40.0,1.8364512,3.4975333,-0.30849963,2026-01-27-03:55:39
30.0,3.9,25.0,210.0,9.0,40.0,0.2500476,2.3808243,2.3676305,2026-01-27-03:55:39
26.0,2.6,35.0,240.0,11.0,20.0,0.36837956,3.0212712,0.8559807,2026-01-27-03:55:39
30.0,4.5,40.0,190.0,9.0,60.0,1.8259423,4.029938,1.4711369,2026-01-27-03:55:39
27.0,2.4,40.0,300.0,10.0,60.0,2.3553243,3.525316,0.91859823,2026-01-27-03:57:18
30.0,2.9,40.0,280.0,9.0,60.0,2.322287,3.8481915,1.0285715,2026-01-27-03:57:18
30.0,2.5,40.0,280.0,9.0,60.0,2.382795,3.806042,0.8886297,2026-01-27-03:57:18
27.0,0.2,40.0,290.0,10.0,60.0,2.4353876,3.2118528,0.41642052,2026-01-27-03:57:18
15.999999,4.9,25.0,280.0,9.0,60.0,0.3023228,0.83066154,2.6493847,2026-01-27-03:57:18
29.0,1.7,40.0,300.0,6.0,60.0,2.4656284,3.3754911,0.48025852,2026-01-27-03:58:58
27.0,4.2,30.0,300.0,10.0,60.0,0.9691138,2.5064638,2.7334058,2026-01-27-03:58:58
30.0,3.9,40.0,100.0,9.0,60.0,1.8706386,4.094401,0.9253645,2026-01-27-03:58:58
30.0,4.6,30.0,290.0,9.0,60.0,0.89877677,2.735941,2.952462,2026-01-27-03:58:58
30.0,3.8,35.0,300.0,8.5,60.0,1.5424852,3.2120137,2.094527,2026-01-27-03:58:58
30.0,5.0,40.0,250.00002,9.0,50.0,1.4482167,4.0156255,1.7567881,2026-01-27-04:00:35
30.0,4.9,35.0,260.0,9.0,55.0,1.0196053,3.339062,2.4818568,2026-01-27-04:00:35
27.0,2.1,40.0,280.0,10.0,30.0,1.3710531,3.6406927,0.26497382,2026-01-27-04:00:35
30.0,4.9,40.0,260.0,9.0,60.0,1.7929332,3.9681945,1.8810495,2026-01-27-04:00:35
30.0,4.7,40.0,20.0,7.0,50.0,1.2903498,4.0820074,0.96125066,2026-01-27-04:00:35
30.0,1.9,40.0,300.0,7.5,60.0,2.4733214,3.6048625,0.65709907,2026-01-27-04:01:11
22.0,1.5,40.0,210.0,4.5,20.0,1.281837,2.7847357,-0.4353342,2026-01-27-04:01:11
19.0,4.1,25.0,30.0,3.5,60.0,-0.07565966,1.2691183,1.503646,2026-01-27-04:01:11
28.0,0.5,25.0,280.0,7.0,40.0,0.64555824,1.7326236,1.3128458,2026-01-27-04:01:11
19.0,4.0,30.0,120.0,7.0,35.0,0.07081425,1.5853499,1.408356,2026-01-27-04:01:11
30.0,3.6,40.0,130.0,9.0,60.0,1.9826038,4.048403,0.8785716,2026-01-27-04:02:47
30.0,3.2,40.0,240.0,9.0,60.0,2.2143664,3.9134164,1.0284257,2026-01-27-04:02:47
9.0,2.8,40.0,10.0,3.5,60.0,1.0535394,1.1573633,-0.45935625,2026-01-27-04:02:47
30.0,4.3,35.0,270.0,9.0,60.0,1.3709929,3.297593,2.2777781,2026-01-27-04:02:47
30.0,5.0,35.0,260.0,9.0,50.0,0.8335194,3.3601582,2.459551,2026-01-27-04:02:47
30.0,3.4,40.0,130.0,9.0,60.0,2.0261855,4.0346584,0.79460657,2026-01-27-04:04:23
30.0,4.6,40.0,290.0,9.0,60.0,1.9298878,3.9359407,1.8080175,2026-01-27-04:04:23
17.0,3.5,25.0,240.0,7.0,60.0,0.66550964,0.95004505,1.8609054,2026-01-27-04:04:23
5.0,4.3,30.0,40.0,10.5,45.0,-0.047128856,0.14854917,1.0749025,2026-01-27-04:04:23
23.0,3.6,25.0,10.0,8.5,45.0,0.25528997,1.8173106,1.5238192,2026-01-27-04:04:23
26.0,2.2,40.0,300.0,10.5,60.0,2.3574862,3.4240053,0.87103474,2026-01-27-04:06:00
6.0,4.9,40.0,170.0,10.5,60.0,1.0129509,0.65788114,0.97470117,2026-01-27-04:06:00
26.0,2.2,35.0,300.0,10.5,60.0,1.7492486,2.8291776,1.5281228,2026-01-27-04:06:00
21.0,2.2,25.0,110.0,4.0,25.0,0.15188307,1.4004964,0.90447795,2026-01-27-04:06:00
8.0,4.1,40.0,10.0,6.5,60.0,0.90298796,1.0134565,0.05363886,2026-01-27-04:06:00
30.0,1.3,40.0,300.0,9.0,55.0,2.3449638,3.6455445,0.5257697,2026-01-27-04:07:47
30.0,3.5,40.0,290.0,9.0,60.0,2.2199836,3.8880649,1.2932945,2026-01-27-04:07:47
28.0,2.2,40.0,300.0,6.0,55.0,2.2527301,3.375665,0.5261879,2026-01-27-04:07:47
30.0,3.5,40.0,170.0,9.0,60.0,2.0586042,4.0033364,0.9504374,2026-01-27-04:07:47
30.0,4.7,40.0,300.0,8.5,60.0,1.9112513,3.8929386,1.8536301,2026-01-27-04:07:47
30.0,3.6,40.0,170.0,9.0,60.0,2.036397,4.0099792,0.99285734,2026-01-27-04:09:24
30.0,5.0,40.0,80.0,8.5,60.0,1.4897289,4.119877,1.3994334,2026-01-27-04:09:24
24.0,2.8,40.0,219.99998,6.0,55.0,1.9318337,3.0333757,0.4352729,2026-01-27-04:09:24
30.0,4.8,40.0,80.0,8.5,55.0,1.4712995,4.1043005,1.24807,2026-01-27-04:09:24
30.0,4.8,35.0,80.0,8.5,40.0,0.59418356,3.4103203,1.797121,2026-01-27-04:09:24
30.0,5.0,40.0,200.0,9.0,55.0,1.547261,4.0345125,1.6980736,2026-01-27-04:10:02
9.0,2.1,35.0,260.0,5.0,60.0,1.3091589,0.5171611,0.5919086,2026-01-27-04:10:02
10.0,4.9,30.0,40.0,4.5,55.0,-0.33737245,0.39689833,1.3460337,2026-01-27-04:10:02
10.0,2.3,25.0,40.0,5.5,20.0,-0.058389015,0.40452993,0.4639535,2026-01-27-04:10:02
12.0,4.4,30.0,100.0,5.5,20.0,-0.44480515,0.6557412,1.1185867,2026-01-27-04:10:02
30.0,4.9,40.0,250.00002,9.0,60.0,1.779485,3.9778006,1.8524781,2026-01-27-04:11:16
30.0,4.7,40.0,10.0,9.0,30.0,1.1362513,4.021367,0.86720145,2026-01-27-04:11:16
30.0,4.7,35.0,300.0,8.5,60.0,1.2901403,3.2429385,2.5314076,2026-01-27-04:11:16
24.0,5.0,40.0,120.0,5.0,30.0,0.76792735,3.1380548,0.9147512,2026-01-27-04:11:16
10.0,3.2,30.0,160.0,5.5,40.0,0.18898627,0.51501954,0.86186975,2026-01-27-04:11:16
30.0,5.0,40.0,130.0,8.5,60.0,1.5630047,4.0687685,1.5393349,2026-01-27-04:12:22
30.0,2.1,40.0,290.0,8.5,60.0,2.4415026,3.712573,0.75684494,2026-01-27-04:12:22
30.0,4.0,40.0,290.0,9.0,60.0,2.1006167,3.916699,1.5141399,2026-01-27-04:12:22
23.0,2.3,40.0,70.0,9.5,60.0,1.9889395,3.1937776,0.08938849,2026-01-27-04:12:22
1.0,4.9,30.0,70.0,4.5,10.0,-0.9192171,-0.44452888,0.93394583,2026-01-27-04:12:22
30.0,4.9,40.0,20.0,7.0,55.0,1.2786279,4.105771,1.0947491,2026-01-27-04:14:05
30.0,4.9,40.0,10.0,9.0,55.0,1.3924406,4.1774855,1.134621,2026-01-27-04:14:05
30.0,4.5,40.0,10.0,7.0,50.0,1.3410163,4.086273,0.83542275,2026-01-27-04:14:05
27.0,2.2,40.0,300.0,10.0,60.0,2.3802657,3.5052207,0.85815793,2026-01-27-04:14:05
30.0,4.7,40.0,20.0,8.5,60.0,1.5009065,4.1791453,1.0701817,2026-01-27-04:14:05
30.0,4.7,40.0,170.0,9.0,60.0,1.737138,4.0528154,1.5172014,2026-01-27-04:14:44
15.0,3.3,30.0,100.0,7.5,60.0,0.59808517,1.1828476,1.1858327,2026-01-27-04:14:44
9.0,2.8,30.0,190.0,6.0,25.0,-0.034586474,0.49966866,0.6316448,2026-01-27-04:14:44
19.0,0.3,35.0,180.0,3.0,40.0,1.0338936,1.6280278,0.04678697,2026-01-27-04:14:44
23.0,2.5,30.0,100.0,9.5,55.0,0.9116888,2.1589453,1.257652,2026-01-27-04:14:44
30.0,3.9,40.0,260.0,9.0,60.0,2.085811,3.9407063,1.3825073,2026-01-27-04:15:25
21.0,2.5,25.0,30.0,3.0,20.0,0.05693166,1.4073678,0.8806038,2026-01-27-04:15:25
13.0,3.5,35.0,100.0,5.0,60.0,0.73942536,1.1446428,0.6911062,2026-01-27-04:15:25
1.0,3.2,35.0,210.0,5.5,50.0,0.6334995,-0.06484684,0.5721288,2026-01-27-04:15:25
15.999999,2.3,25.0,260.0,10.0,15.0,-0.47753444,1.1869024,0.9720449,2026-01-27-04:15:25
30.0,3.0,40.0,270.0,9.0,60.0,2.2916293,3.8671894,1.0371721,2026-01-27-04:17:01
30.0,4.6,35.0,260.0,9.0,60.0,1.2684319,3.3147588,2.400081,2026-01-27-04:17:01
27.0,1.7,40.0,300.0,10.0,60.0,2.4280415,3.4469655,0.7223631,2026-01-27-04:17:01
28.0,1.3,40.0,300.0,8.0,60.0,2.469421,3.356164,0.5071293,2026-01-27-04:17:01
30.0,1.3,40.0,300.0,7.5,60.0,2.5091066,3.5114014,0.5049126,2026-01-27-04:17:01
30.0,2.5,40.0,300.0,8.0,60.0,2.4082632,3.7168307,0.8757726,2026-01-27-04:17:42
2.0,3.0,25.0,10.0,5.5,60.0,0.04967749,0.023033425,0.577862,2026-01-27-04:17:42
24.0,2.6,35.0,10.0,4.5,50.0,0.8737973,2.6284966,0.46496445,2026-01-27-04:17:42
26.0,2.1,25.0,290.0,11.0,25.0,-0.06973243,2.113222,1.5580955,2026-01-27-04:17:42
5.0,4.7,40.0,140.0,10.5,55.0,0.91426706,0.59333616,0.72104645,2026-01-27-04:17:42
30.0,4.8,35.0,150.0,9.0,60.0,1.0569274,3.4231725,2.1907516,2026-01-27-04:18:22
15.0,5.0,35.0,80.0,7.5,55.0,0.32756424,1.4064314,1.4064978,2026-01-27-04:18:22
8.0,3.1,30.0,70.0,4.0,15.0,-0.18327433,0.33451566,0.456094,2026-01-27-04:18:22
30.0,1.4,30.0,290.0,8.0,50.0,1.1477149,2.434966,1.5225891,2026-01-27-04:18:22
30.0,4.9,40.0,140.0,9.0,60.0,1.6315539,4.083466,1.5381924,2026-01-27-04:18:22
30.0,4.6,40.0,240.0,9.0,60.0,1.8626463,3.9839702,1.6651603,2026-01-27-04:19:01
22.0,1.9,35.0,80.0,5.0,50.0,1.0625414,2.2862325,0.36688817,2026-01-27-04:19:01
11.0,3.5,35.0,120.0,5.0,25.0,0.21896738,0.9064568,0.42133433,2026-01-27-04:19:01
19.0,3.0,35.0,60.0,4.0,15.0,0.428388,1.9270214,0.35744825,2026-01-27-04:19:01
3.0,1.5,30.0,230.0,6.0,30.0,0.20119123,0.135412,0.38673013,2026-01-27-04:19:01
30.0,3.4,40.0,90.0,9.0,60.0,1.9723926,4.073082,0.68032086,2026-01-27-04:19:40
14.0,3.5,40.0,150.0,4.0,60.0,1.4104786,1.5783488,0.19213958,2026-01-27-04:19:40
29.0,0.5,30.0,40.0,6.0,50.0,0.8204988,2.3150399,0.6632738,2026-01-27-04:19:40
13.0,0.8,40.0,240.0,5.0,60.0,2.0173674,1.3594843,-0.18586323,2026-01-27-04:19:40
1.0,1.6,35.0,240.0,5.5,45.0,0.8644423,0.10314369,0.25192052,2026-01-27-04:19:40
26.0,2.9,40.0,300.0,11.0,60.0,2.2547522,3.515902,1.1299264,2026-01-27-04:20:29
15.999999,4.8,30.0,300.0,10.0,60.0,0.52066815,1.1484965,2.5455072,2026-01-27-04:20:29
29.0,0.8,30.0,100.0,6.0,60.0,1.0566264,2.3214314,0.9169368,2026-01-27-04:20:29
24.0,2.9,40.0,280.0,4.0,60.0,2.142451,2.8008273,0.54299754,2026-01-27-04:20:29
18.0,3.0,30.0,170.0,3.0,10.0,-0.08025852,1.4438144,0.74078214,2026-01-27-04:20:29
30.0,3.0,40.0,170.0,9.0,60.0,2.1571467,3.9632485,0.7514578,2026-01-27-04:22:12
18.0,3.0,30.0,280.0,3.0,10.0,-0.1599137,1.4844549,0.77979696,2026-01-27-04:22:12
30.0,5.0,35.0,150.0,9.0,55.0,0.87649477,3.4221973,2.24196,2026-01-27-04:22:12
29.0,4.9,35.0,150.0,5.5,55.0,0.77884156,3.147595,1.9805671,2026-01-27-04:22:12
30.0,3.0,40.0,240.0,9.0,60.0,2.2512846,3.896007,0.95145786,2026-01-27-04:22:12
30.0,4.8,40.0,110.0,8.5,55.0,1.5047133,4.0798426,1.3266315,2026-01-27-04:23:44
30.0,4.8,40.0,60.0,9.0,60.0,1.557004,4.1596255,1.255831,2026-01-27-04:23:44
2.0,4.8,40.0,110.0,5.5,55.0,0.58813095,0.07764709,0.42495683,2026-01-27-04:23:44
18.0,3.4,30.0,200.0,5.0,55.0,0.64119285,1.2980182,1.4008507,2026-01-27-04:23:44
24.0,4.8,40.0,110.0,5.0,55.0,1.1899685,3.130812,0.97722024,2026-01-27-04:23:44
30.0,4.9,40.0,20.0,8.5,55.0,1.3714356,4.153904,1.1447368,2026-01-27-04:24:32
15.0,4.5,40.0,110.0,6.0,15.0,0.43450227,1.8099004,0.26758656,2026-01-27-04:24:32
29.0,0.1,40.0,100.0,4.0,55.0,1.8979355,3.267513,-0.44448292,2026-01-27-04:24:32
29.0,3.8,30.0,280.0,5.0,60.0,1.0621756,2.3623579,2.231684,2026-01-27-04:24:32
30.0,4.9,40.0,280.0,9.0,60.0,1.8198297,3.948983,1.9381924,2026-01-27-04:24:32
30.0,4.9,35.0,300.0,9.0,50.0,0.8930438,3.338057,2.5048273,2026-01-27-04:25:26
30.0,4.7,35.0,230.0,9.0,60.0,1.1967167,3.34518,2.3664076,2026-01-27-04:25:26
9.0,1.0,30.0,20.0,6.5,60.0,0.6288288,0.6638133,0.25642127,2026-01-27-04:25:26
27.0,4.5,40.0,50.0,9.5,60.0,1.5855253,3.815426,1.000382,2026-01-27-04:25:26
6.0,4.1,35.0,160.0,10.5,60.0,0.7434571,0.47697634,1.1732348,2026-01-27-04:25:26
30.0,3.6,25.0,300.0,9.0,60.0,0.9812245,2.2351022,2.7642858,2026-01-27-04:27:04
30.0,4.6,40.0,20.0,9.0,45.0,1.3633754,4.108936,0.9347811,2026-01-27-04:27:04
30.0,4.6,40.0,20.0,7.5,45.0,1.2919961,4.0710883,0.89550763,2026-01-27-04:27:04
30.0,3.8,25.0,300.0,9.0,60.0,0.9343106,2.2470138,2.8517492,2026-01-27-04:27:04
30.0,5.0,40.0,280.0,9.0,45.0,1.3082068,4.0242267,1.7511871,2026-01-27-04:27:04
30.0,4.1,40.0,10.0,8.5,55.0,1.6012641,4.143731,0.7127187,2026-01-27-04:28:04
30.0,4.1,40.0,30.0,9.0,60.0,1.7245891,4.170805,0.8180759,2026-01-27-04:28:04
30.0,5.0,35.0,280.0,9.0,50.0,0.84634703,3.3492222,2.5095215,2026-01-27-04:28:04
28.0,4.1,25.0,30.0,6.5,60.0,0.29438636,2.278104,2.0354156,2026-01-27-04:28:04
30.0,4.2,30.0,300.0,8.5,60.0,1.0286617,2.6803393,2.7466168,2026-01-27-04:28:04
30.0,3.3,40.0,170.0,9.0,60.0,2.1005201,3.9886754,0.8682215,2026-01-27-04:29:56
30.0,3.5,40.0,300.0,9.0,55.0,2.067146,3.9076023,1.2377231,2026-01-27-04:29:56
30.0,3.5,40.0,210.0,9.0,55.0,1.9777668,3.9754345,0.99671817,2026-01-27-04:29:56
10.0,3.5,40.0,300.0,5.0,55.0,1.5525262,0.90384746,0.44436872,2026-01-27-04:29:56
30.0,3.6,40.0,70.0,9.0,60.0,1.9019141,4.1060386,0.70714307,2026-01-27-04:29:56
30.0,5.0,40.0,290.0,9.0,45.0,1.3111033,4.0208273,1.7743791,2026-01-27-04:31:02
30.0,4.8,35.0,180.0,9.0,60.0,1.0972722,3.3943548,2.276466,2026-01-27-04:31:02
19.0,3.8,35.0,150.0,3.0,40.0,0.56566614,1.8291878,0.8668193,2026-01-27-04:31:02
29.0,4.9,40.0,290.0,5.0,45.0,1.3873007,3.6668463,1.456176,2026-01-27-04:31:02
21.0,1.0,35.0,70.0,3.0,20.0,0.745668,2.038478,-0.06312668,2026-01-27-04:31:02
30.0,4.6,40.0,50.0,9.0,60.0,1.6071291,4.1664824,1.1223032,2026-01-27-04:32:33
30.0,5.0,40.0,160.0,9.0,50.0,1.3904924,4.0648375,1.5319211,2026-01-27-04:32:33
30.0,5.0,40.0,160.0,9.0,55.0,1.5075366,4.06466,1.5909604,2026-01-27-04:32:33
30.0,4.5,40.0,50.0,9.0,60.0,1.6376665,4.164421,1.0711371,2026-01-27-04:32:33
30.0,4.9,40.0,230.0,9.0,60.0,1.7525883,3.9970126,1.7953352,2026-01-27-04:32:33
30.0,5.0,40.0,240.0,8.5,60.0,1.7242117,3.9563303,1.8471181,2026-01-27-04:33:53
30.0,4.9,40.0,120.0,9.0,60.0,1.6046574,4.1026773,1.4810495,2026-01-27-04:33:53
30.0,4.5,35.0,240.0,8.5,60.0,1.264117,3.3006036,2.2603188,2026-01-27-04:33:53
30.0,4.9,40.0,160.0,9.0,60.0,1.6584504,4.064254,1.5953352,2026-01-27-04:33:53
29.0,4.8,35.0,80.0,4.5,20.0,0.23871395,3.1845145,1.5279356,2026-01-27-04:33:53
30.0,4.5,40.0,130.0,9.0,60.0,1.7452526,4.087574,1.2997085,2026-01-27-04:35:27
27.0,4.9,40.0,70.0,9.0,15.0,0.6831833,3.606827,0.8560358,2026-01-27-04:35:27
29.0,4.6,30.0,130.0,6.0,55.0,0.4502468,2.6567867,2.262466,2026-01-27-04:35:27
27.0,2.0,40.0,300.0,10.0,60.0,2.401875,3.4832928,0.801216,2026-01-27-04:35:27
27.0,1.0,40.0,300.0,10.0,60.0,2.4599428,3.3461664,0.5689852,2026-01-27-04:35:27
30.0,4.8,40.0,140.0,8.5,50.0,1.4316887,4.053138,1.3515255,2026-01-27-04:36:33
30.0,4.0,40.0,20.0,9.0,60.0,1.7375133,4.176059,0.7427114,2026-01-27-04:36:33
17.0,1.8,35.0,70.0,5.5,50.0,0.9736806,1.7092464,0.2086306,2026-01-27-04:36:33
1.0,0.7,35.0,180.0,4.0,55.0,1.0383713,0.08237415,0.076831505,2026-01-27-04:36:33
17.0,1.8,35.0,20.0,5.5,50.0,0.8993703,1.7581381,0.10439415,2026-01-27-04:36:33
30.0,2.2,40.0,300.0,7.5,60.0,2.4441836,3.6454084,0.74500006,2026-01-27-04:37:23
5.0,1.2,25.0,300.0,8.5,15.0,-0.46429697,0.34912157,0.4666663,2026-01-27-04:37:23
29.0,2.3,40.0,300.0,5.5,60.0,2.4077861,3.4183125,0.61590296,2026-01-27-04:37:23
19.0,2.2,30.0,170.0,6.5,10.0,-0.060956597,1.6089818,0.6075482,2026-01-27-04:37:23
29.0,2.3,25.0,280.0,5.5,60.0,1.1436484,1.8375244,1.9515187,2026-01-27-04:37:23
30.0,4.9,40.0,80.0,8.0,55.0,1.4145687,4.085249,1.2816505,2026-01-27-04:39:13
30.0,4.0,40.0,30.0,9.0,60.0,1.7509613,4.166453,0.7712829,2026-01-27-04:39:13
30.0,4.6,40.0,20.0,8.5,50.0,1.4038138,4.123394,0.9538402,2026-01-27-04:39:13
30.0,4.9,40.0,219.99998,8.0,45.0,1.3253863,3.99453,1.5075423,2026-01-27-04:39:13
29.0,4.6,40.0,20.0,5.0,50.0,1.1849211,3.9055848,0.8198441,2026-01-27-04:39:13
30.0,3.1,40.0,300.0,8.0,60.0,2.312503,3.7773056,1.0909332,2026-01-27-04:40:43
30.0,4.6,30.0,270.0,9.0,60.0,0.8718802,2.7551527,2.895319,2026-01-27-04:40:43
30.0,4.4,35.0,240.0,9.0,60.0,1.3017769,3.329389,2.24148,2026-01-27-04:40:43
30.0,2.7,40.0,270.0,9.0,60.0,2.3407588,3.8376393,0.92828,2026-01-27-04:40:43
29.0,4.6,30.0,270.0,6.0,50.0,0.55635524,2.532767,2.519658,2026-01-27-04:40:43
30.0,4.8,30.0,250.00002,9.0,60.0,0.7814102,2.7771132,2.9431326,2026-01-27-04:42:40
30.0,5.0,40.0,60.0,8.5,35.0,1.0689162,4.04633,1.1468595,2026-01-27-04:42:40
30.0,4.8,35.0,200.0,9.0,60.0,1.1241688,3.375143,2.3336086,2026-01-27-04:42:40
30.0,4.8,35.0,250.00002,9.0,60.0,1.1914102,3.3271134,2.476466,2026-01-27-04:42:40
29.0,2.5,40.0,300.0,6.0,60.0,2.3827941,3.4755878,0.7147815,2026-01-27-04:42:40
30.0,5.0,30.0,300.0,9.0,55.0,0.6154602,2.759143,3.1103015,2026-01-27-04:43:43
30.0,4.9,40.0,100.0,9.0,60.0,1.5777607,4.1218896,1.4239067,2026-01-27-04:43:43
30.0,5.0,35.0,290.0,8.5,60.0,1.1763766,3.255222,2.6647975,2026-01-27-04:43:43
1.0,3.0,40.0,120.0,4.0,60.0,1.1661332,0.22109494,-0.1900975,2026-01-27-04:43:43
18.0,0.5,30.0,60.0,6.0,30.0,0.45286274,1.3225435,0.30083948,2026-01-27-04:43:43
30.0,2.2,40.0,300.0,7.0,60.0,2.4434693,3.6104085,0.7100001,2026-01-27-04:45:24
29.0,2.1,40.0,300.0,5.0,60.0,2.4294467,3.3592052,0.52052295,2026-01-27-04:45:24
27.0,4.2,40.0,300.0,10.0,60.0,1.9809145,3.6237056,1.6199958,2026-01-27-04:45:24
30.0,2.1,40.0,300.0,7.5,60.0,2.454729,3.6323512,0.7148252,2026-01-27-04:45:24
30.0,4.7,35.0,290.0,9.0,60.0,1.2774063,3.2875443,2.5378363,2026-01-27-04:45:24
30.0,4.4,40.0,20.0,8.0,55.0,1.4973512,4.129842,0.8678702,2026-01-27-04:47:03
30.0,5.0,40.0,219.99998,9.0,45.0,1.2908275,4.0446205,1.6120343,2026-01-27-04:47:03
30.0,4.9,40.0,219.99998,9.0,60.0,1.73914,4.0066185,1.7667637,2026-01-27-04:47:03
30.0,4.9,35.0,219.99998,9.0,60.0,1.118029,3.3566184,2.4445417,2026-01-27-04:47:03
30.0,4.4,40.0,40.0,8.0,55.0,1.5220408,4.112305,0.91906226,2026-01-27-04:47:03
30.0,5.0,40.0,10.0,8.5,10.0,0.7799999,3.9,0.8999999,2026-01-27-04:48:47
30.0,4.9,40.0,70.0,9.0,10.0,0.68352437,3.9662738,0.90917766,2026-01-27-04:48:47
30.0,4.9,40.0,10.0,9.0,10.0,0.8138692,3.8997712,0.8453353,2026-01-27-04:48:47
30.0,4.9,35.0,70.0,9.0,10.0,0.06241326,3.316274,1.5869555,2026-01-27-04:48:47
1.0,5.0,30.0,170.0,4.5,10.0,-1.0682375,-0.41133004,1.0295676,2026-01-27-04:48:47
30.0,3.1,40.0,230.0,9.0,60.0,2.2197938,3.9145465,0.9609332,2026-01-27-04:50:19
30.0,4.4,40.0,50.0,9.0,60.0,1.6673708,4.161901,1.0208455,2026-01-27-04:50:19
30.0,4.9,35.0,210.0,9.0,55.0,0.96995014,3.3767467,2.3479652,2026-01-27-04:50:19
30.0,5.0,30.0,300.0,9.0,45.0,0.28288883,2.8174288,2.942016,2026-01-27-04:50:19
30.0,4.3,40.0,300.0,8.5,60.0,2.0317345,3.8837757,1.6507146,2026-01-27-04:50:19
30.0,2.3,40.0,300.0,8.0,60.0,2.4335194,3.6930075,0.8110497,2026-01-27-04:52:07
27.0,3.9,40.0,300.0,10.0,60.0,2.0620584,3.6176155,1.4834168,2026-01-27-04:52:07
29.0,1.1,40.0,300.0,5.5,60.0,2.4920545,3.2461772,0.30610096,2026-01-27-04:52:07
20.0,3.9,40.0,280.0,10.0,60.0,1.8425707,2.651246,1.2124305,2026-01-27-04:52:07
30.0,5.0,25.0,250.00002,9.0,60.0,0.51561576,2.3280296,3.3071427,2026-01-27-04:52:07
30.0,1.4,40.0,300.0,7.0,60.0,2.5045106,3.4931238,0.4930904,2026-01-27-04:53:50
29.0,1.3,40.0,300.0,6.0,60.0,2.487054,3.3144479,0.38398832,2026-01-27-04:53:50
30.0,5.0,40.0,100.0,7.5,40.0,1.1284285,4.0256896,1.2373447,2026-01-27-04:53:50
30.0,5.0,40.0,100.0,8.5,55.0,1.4266698,4.0889115,1.4088988,2026-01-27-04:53:50
30.0,4.8,40.0,20.0,9.0,60.0,1.5032108,4.1980495,1.1415453,2026-01-27-04:53:50
30.0,4.4,40.0,180.0,9.0,60.0,1.8421984,4.0370245,1.392274,2026-01-27-04:55:04
29.0,4.4,40.0,180.0,6.0,60.0,1.7241255,3.7554085,1.195822,2026-01-27-04:55:04
30.0,1.0,40.0,290.0,9.0,60.0,2.5044484,3.573092,0.5170554,2026-01-27-04:55:04
10.0,3.1,40.0,50.0,4.5,25.0,0.8568001,1.1853905,-0.39191562,2026-01-27-04:55:04
3.0,3.5,40.0,160.0,4.5,25.0,0.5971318,0.3751721,-0.23254898,2026-01-27-04:55:04
30.0,3.7,40.0,290.0,9.0,60.0,2.1747358,3.9008927,1.3790088,2026-01-27-04:56:53
27.0,5.0,30.0,300.0,10.0,60.0,0.7160791,2.502546,3.1360998,2026-01-27-04:56:53
29.0,3.7,40.0,290.0,6.0,60.0,2.1378944,3.5840554,1.1464977,2026-01-27-04:56:53
26.0,5.0,35.0,290.0,11.0,60.0,1.0826511,2.964213,2.684896,2026-01-27-04:56:53
30.0,4.4,30.0,290.0,9.0,60.0,0.95901835,2.731359,2.8510041,2026-01-27-04:56:53
30.0,3.2,40.0,300.0,8.0,60.0,2.2936275,3.7857814,1.1298543,2026-01-27-04:58:49
30.0,3.0,40.0,300.0,8.0,60.0,2.3305457,3.768372,1.0528865,2026-01-27-04:58:49
30.0,1.1,40.0,300.0,7.5,60.0,2.5143712,3.4765828,0.4611808,2026-01-27-04:58:49
29.0,1.1,40.0,300.0,5.5,55.0,2.350769,3.2873201,0.23445809,2026-01-27-04:58:49
30.0,3.6,40.0,300.0,9.0,55.0,2.0449388,3.9142451,1.2801429,2026-01-27-04:58:49
25.0,2.6,40.0,300.0,6.0,60.0,2.2721517,3.0203218,0.65438426,2026-01-27-05:00:49
26.0,3.3,40.0,300.0,11.0,60.0,2.1773133,3.5383353,1.2771063,2026-01-27-05:00:49
9.0,3.3,40.0,200.0,3.5,60.0,1.4474403,0.8095443,0.105852336,2026-01-27-05:00:49
30.0,5.0,30.0,170.0,9.0,60.0,0.60691845,2.854877,2.823016,2026-01-27-05:00:49
30.0,2.9,40.0,300.0,8.0,60.0,2.347755,3.7589798,1.0157144,2026-01-27-05:00:49
30.0,2.3,40.0,300.0,7.5,60.0,2.432805,3.6580074,0.7760496,2026-01-27-05:01:35
27.0,2.4,30.0,230.0,8.5,45.0,0.8245137,2.4237492,1.5217298,2026-01-27-05:01:35
30.0,4.7,30.0,300.0,7.0,60.0,0.8779974,2.5879385,2.8930745,2026-01-27-05:01:35
9.0,0.2,25.0,200.0,4.0,30.0,0.23081252,0.25329107,0.36685982,2026-01-27-05:01:35
8.0,3.8,25.0,80.0,3.5,45.0,-0.19919635,0.10039652,0.9745569,2026-01-27-05:01:35
29.0,1.9,40.0,300.0,5.5,60.0,2.4492035,3.3682642,0.49864143,2026-01-27-05:03:00
19.0,1.9,25.0,120.0,5.5,55.0,0.61890435,1.207021,1.0351144,2026-01-27-05:03:00
29.0,1.9,35.0,300.0,5.5,60.0,1.8313107,2.7320576,1.1712468,2026-01-27-05:03:00
27.0,1.4,40.0,300.0,9.5,60.0,2.4459972,3.3715146,0.6163818,2026-01-27-05:03:00
25.0,1.4,30.0,260.0,6.0,60.0,1.315531,1.8929696,1.3259846,2026-01-27-05:03:00
30.0,3.2,40.0,130.0,9.0,60.0,2.0664356,4.0190816,0.71414006,2026-01-27-05:03:45
26.0,2.3,35.0,210.0,9.5,30.0,0.7961565,2.9024389,0.80627656,2026-01-27-05:03:45
27.0,0.8,35.0,290.0,8.0,20.0,0.5863804,2.8194795,0.39767936,2026-01-27-05:03:45
30.0,1.5,25.0,170.0,8.0,35.0,0.49792397,2.098649,1.3447783,2026-01-27-05:03:45
25.0,2.1,30.0,70.0,6.0,50.0,0.73612905,2.2064974,0.9580987,2026-01-27-05:03:45
30.0,3.1,40.0,240.0,9.0,60.0,2.233242,3.904941,0.9895046,2026-01-27-05:05:49
30.0,4.4,40.0,30.0,8.5,50.0,1.4716762,4.112729,0.8767765,2026-01-27-05:05:49
30.0,4.8,25.0,290.0,9.0,60.0,0.63631433,2.2886896,3.3129737,2026-01-27-05:05:49
30.0,4.8,30.0,290.0,9.0,60.0,0.8352033,2.7386894,3.0574183,2026-01-27-05:05:49
30.0,4.3,40.0,290.0,9.0,60.0,2.0190005,3.9283814,1.6571431,2026-01-27-05:05:49
30.0,2.9,40.0,200.0,9.0,60.0,2.214701,3.925039,0.8000001,2026-01-27-05:06:31
11.0,2.9,30.0,200.0,2.0,20.0,-0.008410122,0.58829916,0.55129,2026-01-27-05:06:31
18.0,1.7,30.0,40.0,6.5,60.0,0.75221825,1.532434,0.64387804,2026-01-27-05:06:31
14.0,0.4,30.0,280.0,3.5,35.0,0.5980891,0.75112504,0.45549592,2026-01-27-05:06:31
22.0,4.0,25.0,200.0,4.0,35.0,0.0012644678,1.4753348,1.7630033,2026-01-27-05:06:31
30.0,4.5,25.0,300.0,9.0,60.0,0.74387336,2.2742732,3.1854227,2026-01-27-05:08:13
29.0,4.5,40.0,180.0,6.0,60.0,1.6941959,3.7571545,1.2456913,2026-01-27-05:08:13
29.0,1.8,40.0,300.0,5.5,60.0,2.4574752,3.354607,0.47151273,2026-01-27-05:08:13
29.0,4.5,25.0,300.0,6.0,60.0,0.72212696,1.9889276,2.9304695,2026-01-27-05:08:13
29.0,4.5,25.0,300.0,5.5,60.0,0.72141266,1.9539276,2.8954697,2026-01-27-05:08:13
30.0,5.0,40.0,130.0,9.0,50.0,1.3712511,4.0812416,1.4569656,2026-01-27-05:10:08
30.0,3.4,40.0,200.0,9.0,60.0,2.1203234,3.967417,0.9946065,2026-01-27-05:10:08
29.0,4.8,40.0,20.0,5.0,50.0,1.1208973,3.9067852,0.92395604,2026-01-27-05:10:08
30.0,1.7,30.0,130.0,7.5,50.0,0.9757416,2.5684724,1.1951437,2026-01-27-05:10:08
30.0,5.0,35.0,290.0,9.0,55.0,1.0155292,3.3166802,2.6168566,2026-01-27-05:10:08
30.0,3.4,40.0,230.0,9.0,60.0,2.1606684,3.938599,1.0803208,2026-01-27-05:10:53
18.0,1.3,40.0,50.0,4.5,40.0,1.4485106,2.2546973,-0.6023665,2026-01-27-05:10:53
30.0,4.1,40.0,230.0,9.0,60.0,1.9935548,3.9786868,1.3895044,2026-01-27-05:10:53
29.0,1.1,30.0,280.0,6.0,10.0,0.048488677,2.488271,0.7267277,2026-01-27-05:10:53
20.0,2.4,35.0,140.0,9.5,55.0,1.2824659,2.2145765,0.8186679,2026-01-27-05:10:53
30.0,2.8,40.0,300.0,8.0,60.0,2.3641315,3.7491298,0.97941697,2026-01-27-05:11:49
30.0,4.1,35.0,300.0,8.0,60.0,1.465153,3.1914454,2.197282,2026-01-27-05:11:49
3.0,3.8,35.0,50.0,6.0,25.0,-0.0033706725,0.08357139,0.3067261,2026-01-27-05:11:49
30.0,1.8,40.0,280.0,9.0,60.0,2.4566145,3.7146428,0.6774053,2026-01-27-05:11:49
23.0,2.9,25.0,40.0,8.0,45.0,0.39521462,1.7732275,1.3194671,2026-01-27-05:11:49
30.0,4.1,40.0,90.0,9.0,60.0,1.805279,4.1131697,0.98950434,2026-01-27-05:12:33
5.0,0.1,30.0,70.0,7.0,45.0,0.52324986,0.30806434,0.19510698,2026-01-27-05:12:33
14.0,0.7,30.0,180.0,4.5,60.0,0.9586066,0.77483463,0.62346286,2026-01-27-05:12:33
21.0,0.5,35.0,180.0,6.5,55.0,1.3978758,1.9781495,0.41591102,2026-01-27-05:12:33
24.0,1.6,25.0,250.00002,5.0,25.0,0.23191804,1.6344166,1.0490513,2026-01-27-05:12:33
