organic_formula,organic_concentration,organic_temperature,organic_soak_time,organic_ph,organic_curing_time,Adhesion,Coverage,Uniformity,Timestamp
30.0,0.6,35.0,130.0,7.5,15.0,0.2473572,0.285063,0.28549027,2026-01-25-18:17:39
10.0,3.4,30.0,210.0,6.0,40.0,0.2927434,0.15720096,0.14473124,2026-01-25-18:17:39
4.0,1.8,35.0,70.0,5.5,55.0,0.2974804,0.21132684,0.32899702,2026-01-25-18:17:39
21.0,4.5,25.0,280.0,5.0,35.0,0.4633566,0.42072064,0.3311764,2026-01-25-18:17:39
18.0,2.5,30.0,230.0,2.5,20.0,0.17530867,0.2954795,0.12600793,2026-01-25-18:17:39
6.0,4.1,40.0,40.0,9.0,45.0,0.38115907,0.20165563,0.4655623,2026-01-25-18:17:39
15.0,1.1,25.0,180.0,7.5,55.0,0.36861777,0.26205277,0.08133977,2026-01-25-18:17:39
24.0,2.6,35.0,80.0,5.0,25.0,0.48537475,0.17383565,0.30146554,2026-01-25-18:17:39
25.0,1.6,30.0,20.0,6.0,30.0,0.33630916,0.13177808,0.12613735,2026-01-25-18:17:39
12.0,5.0,35.0,260.0,4.5,60.0,0.32440773,0.35205066,0.26131424,2026-01-25-18:17:39
21.0,4.5,40.0,280.0,5.0,35.0,0.5041366,0.42072064,0.5271607,2026-01-25-18:18:38
30.0,5.0,40.0,260.0,9.0,60.0,0.45077813,0.55350065,0.49201158,2026-01-25-18:18:38
20.0,2.5,40.0,230.0,9.0,20.0,0.6517008,0.26266348,0.38956985,2026-01-25-18:18:38
24.0,2.6,40.0,80.0,5.0,60.0,0.5717082,0.20598805,0.43080747,2026-01-25-18:18:38
18.0,2.5,40.0,230.0,4.0,20.0,0.43999702,0.2942467,0.32957652,2026-01-25-18:18:38
24.0,4.5,40.0,260.0,5.0,35.0,0.5411335,0.40407073,0.5520982,2026-01-25-18:19:32
20.0,4.5,40.0,280.0,9.0,35.0,0.5893043,0.4275186,0.5375116,2026-01-25-18:19:32
20.0,5.0,40.0,280.0,10.0,25.0,0.56549287,0.4264195,0.5915954,2026-01-25-18:19:32
20.0,4.1,40.0,280.0,8.0,30.0,0.6064844,0.37847254,0.5068841,2026-01-25-18:19:32
20.0,1.6,40.0,280.0,7.0,10.0,0.5543687,0.32838732,0.31838512,2026-01-25-18:19:32
8.0,5.0,40.0,260.0,5.0,25.0,0.35196453,0.26849595,0.43275517,2026-01-25-18:20:23
30.0,5.0,40.0,260.0,8.0,25.0,0.44384784,0.36188072,0.5351135,2026-01-25-18:20:23
20.0,4.5,40.0,260.0,9.0,25.0,0.5858561,0.36159277,0.5590964,2026-01-25-18:20:23
20.0,5.0,40.0,260.0,10.0,35.0,0.5620446,0.44791797,0.5834966,2026-01-25-18:20:23
20.0,4.1,40.0,230.0,9.0,30.0,0.6082295,0.31969878,0.52513283,2026-01-25-18:20:23
20.0,4.5,40.0,260.0,10.0,60.0,0.58478516,0.5807526,0.51274645,2026-01-25-18:21:16
20.0,2.5,40.0,260.0,10.0,60.0,0.6558023,0.5299837,0.32501218,2026-01-25-18:21:16
20.0,4.3,40.0,260.0,10.0,20.0,0.5980702,0.35379434,0.5457486,2026-01-25-18:21:16
20.0,0.3,40.0,260.0,10.0,30.0,0.46426323,0.36169392,0.2504286,2026-01-25-18:21:16
30.0,4.5,40.0,260.0,8.0,60.0,0.45273927,0.49798262,0.49174494,2026-01-25-18:21:16
20.0,5.0,40.0,230.0,8.0,25.0,0.5475773,0.32736835,0.612209,2026-01-25-18:22:05
20.0,5.0,40.0,260.0,8.0,60.0,0.55274975,0.5282829,0.55784523,2026-01-25-18:22:05
20.0,3.5,40.0,260.0,9.0,60.0,0.6520667,0.5143226,0.42029056,2026-01-25-18:22:05
24.0,4.3,40.0,280.0,6.0,25.0,0.56609595,0.39917526,0.56027526,2026-01-25-18:22:05
24.0,0.1,40.0,260.0,5.5,60.0,0.4131045,0.41262716,0.1880213,2026-01-25-18:22:05
4.0,4.3,40.0,280.0,4.5,25.0,0.5042275,0.25046873,0.4477397,2026-01-25-18:22:49
11.0,4.3,40.0,280.0,3.0,25.0,0.35031384,0.3372654,0.3599583,2026-01-25-18:22:49
20.0,2.6,40.0,260.0,9.0,60.0,0.66090995,0.4970076,0.336409,2026-01-25-18:22:49
20.0,2.2,40.0,260.0,9.0,60.0,0.6390119,0.49388155,0.30371204,2026-01-25-18:22:49
20.0,1.4,40.0,260.0,9.0,60.0,0.56221825,0.49535668,0.25217783,2026-01-25-18:22:49
20.0,5.0,40.0,260.0,10.0,60.0,0.5620446,0.59928894,0.5553602,2026-01-25-18:23:43
24.0,5.0,40.0,230.0,6.0,25.0,0.5288979,0.3745376,0.61164933,2026-01-25-18:23:43
20.0,1.1,40.0,260.0,10.0,60.0,0.5292068,0.53189707,0.23558703,2026-01-25-18:23:43
20.0,2.8,40.0,260.0,10.0,60.0,0.66483057,0.5336679,0.35121188,2026-01-25-18:23:43
20.0,3.2,40.0,260.0,10.0,60.0,0.66247797,0.5410603,0.38845637,2026-01-25-18:23:43
24.0,5.0,40.0,230.0,4.0,25.0,0.49693736,0.40688396,0.58630717,2026-01-25-18:24:41
20.0,4.2,40.0,280.0,10.0,60.0,0.6085898,0.59832484,0.48505473,2026-01-25-18:24:41
20.0,0.2,40.0,260.0,10.0,60.0,0.459423,0.53984386,0.21367554,2026-01-25-18:24:41
20.0,2.7,40.0,260.0,10.0,60.0,0.66285443,0.53226006,0.34228182,2026-01-25-18:24:41
20.0,5.0,40.0,280.0,10.0,60.0,0.56549287,0.62801135,0.55535614,2026-01-25-18:24:41
21.0,5.0,40.0,230.0,6.0,25.0,0.5101225,0.35497937,0.60888356,2026-01-25-18:25:34
20.0,3.2,40.0,280.0,10.0,60.0,0.6659262,0.56665015,0.38845238,2026-01-25-18:25:34
20.0,1.8,40.0,280.0,10.0,60.0,0.6065713,0.5474676,0.27250448,2026-01-25-18:25:34
20.0,4.9,40.0,280.0,10.0,60.0,0.5684204,0.6243287,0.5472584,2026-01-25-18:25:34
20.0,4.6,40.0,280.0,10.0,60.0,0.58226526,0.61313015,0.52166116,2026-01-25-18:25:34
24.0,4.9,40.0,230.0,6.0,25.0,0.53070694,0.3708656,0.6077769,2026-01-25-18:26:27
24.0,4.6,40.0,230.0,6.0,25.0,0.5412922,0.3600964,0.5944155,2026-01-25-18:26:27
20.0,1.2,40.0,280.0,10.0,60.0,0.54312056,0.5488443,0.23979874,2026-01-25-18:26:27
20.0,0.4,40.0,280.0,10.0,60.0,0.4733634,0.5547307,0.21612301,2026-01-25-18:26:27
20.0,2.4,40.0,280.0,10.0,60.0,0.6542236,0.5515373,0.31670433,2026-01-25-18:26:27
21.0,4.9,40.0,230.0,6.0,20.0,0.5127842,0.3530884,0.6090756,2026-01-25-18:27:23
20.0,0.5,40.0,280.0,10.0,60.0,0.47981393,0.55404603,0.2178478,2026-01-25-18:27:23
20.0,5.0,40.0,230.0,9.5,20.0,0.55874807,0.32595637,0.6188666,2026-01-25-18:27:23
24.0,0.5,40.0,230.0,6.0,25.0,0.42936635,0.3323032,0.26957527,2026-01-25-18:27:23
23.0,5.0,40.0,280.0,10.0,60.0,0.512742,0.63513327,0.5690237,2026-01-25-18:27:23
23.0,5.0,40.0,80.0,10.0,20.0,0.4782592,0.12737621,0.6272913,2026-01-25-18:28:24
24.0,5.0,40.0,70.0,6.0,20.0,0.50131166,0.13938884,0.6109838,2026-01-25-18:28:24
20.0,5.0,40.0,80.0,10.0,15.0,0.5310101,0.08005886,0.6093446,2026-01-25-18:28:24
23.0,5.0,40.0,170.0,10.0,60.0,0.4937765,0.48460484,0.59080017,2026-01-25-18:28:24
23.0,5.0,40.0,290.0,10.0,60.0,0.5144661,0.64475685,0.569872,2026-01-25-18:28:24
24.0,5.0,40.0,290.0,4.0,60.0,0.5072822,0.48768795,0.53278756,2026-01-25-18:29:19
23.0,4.9,40.0,230.0,9.5,20.0,0.5153878,0.34668806,0.6275621,2026-01-25-18:29:19
20.0,3.2,40.0,290.0,9.5,55.0,0.6695262,0.530692,0.39257357,2026-01-25-18:29:19
23.0,4.5,25.0,290.0,10.0,60.0,0.49243054,0.6261938,0.289795,2026-01-25-18:29:19
23.0,5.0,40.0,230.0,10.0,55.0,0.5041213,0.5462736,0.57876015,2026-01-25-18:29:19
23.0,4.9,40.0,290.0,10.0,55.0,0.5165653,0.6110043,0.5663576,2026-01-25-18:30:19
23.0,4.9,35.0,290.0,10.0,60.0,0.55971235,0.6411124,0.49220222,2026-01-25-18:30:19
23.0,5.0,40.0,130.0,10.0,60.0,0.48687994,0.41763696,0.6053691,2026-01-25-18:30:19
9.0,3.2,40.0,290.0,6.0,55.0,0.4351859,0.3047644,0.35227355,2026-01-25-18:30:19
20.0,3.2,40.0,290.0,9.5,50.0,0.6695262,0.4987232,0.39521924,2026-01-25-18:30:19
15.999999,4.9,35.0,280.0,10.0,60.0,0.61285794,0.5909665,0.41489413,2026-01-25-18:31:11
27.0,4.9,35.0,280.0,10.0,60.0,0.49674523,0.61667997,0.46375287,2026-01-25-18:31:11
20.0,4.9,35.0,290.0,10.0,60.0,0.6132916,0.6376476,0.47540888,2026-01-25-18:31:11
20.0,2.8,40.0,290.0,9.5,60.0,0.6718788,0.5527113,0.35387143,2026-01-25-18:31:11
1.0,4.9,35.0,280.0,5.0,60.0,0.5465833,0.29928023,0.32590225,2026-01-25-18:31:11
24.0,4.9,40.0,130.0,6.0,20.0,0.5134656,0.22909467,0.6263311,2026-01-25-18:32:10
14.0,4.9,35.0,290.0,3.5,60.0,0.31706822,0.4328625,0.2639859,2026-01-25-18:32:10
23.0,4.9,40.0,290.0,9.5,35.0,0.52573264,0.47273648,0.58509666,2026-01-25-18:32:10
20.0,0.6,40.0,290.0,9.5,35.0,0.49063358,0.39223093,0.24096078,2026-01-25-18:32:10
20.0,3.0,40.0,290.0,10.0,60.0,0.6708367,0.5735458,0.3704131,2026-01-25-18:32:10
19.0,4.9,35.0,280.0,3.0,60.0,0.3742207,0.47010306,0.33633375,2026-01-25-18:33:08
23.0,5.0,35.0,290.0,10.0,60.0,0.5542164,0.64475685,0.4970382,2026-01-25-18:33:08
26.0,4.9,35.0,280.0,10.0,60.0,0.5053927,0.6226453,0.4755239,2026-01-25-18:33:08
20.0,5.0,40.0,130.0,7.5,20.0,0.5206283,0.15708405,0.6292614,2026-01-25-18:33:08
30.0,5.0,40.0,280.0,7.5,60.0,0.4474317,0.5073497,0.49012414,2026-01-25-18:33:08
20.0,4.6,35.0,290.0,10.0,60.0,0.63112724,0.6264843,0.45021987,2026-01-25-18:34:10
23.0,4.5,35.0,280.0,10.0,55.0,0.57783496,0.5864726,0.4713543,2026-01-25-18:34:10
20.0,4.2,35.0,290.0,10.0,60.0,0.64810765,0.61153996,0.41415763,2026-01-25-18:34:10
26.0,4.9,40.0,290.0,10.0,60.0,0.46396974,0.6291225,0.5490699,2026-01-25-18:34:10
21.0,5.0,40.0,130.0,6.5,20.0,0.5069839,0.18357897,0.6316501,2026-01-25-18:34:10
20.0,4.3,35.0,280.0,10.0,60.0,0.6431619,0.6019748,0.42254034,2026-01-25-18:35:09
20.0,4.1,35.0,280.0,10.0,60.0,0.64879143,0.59472966,0.40396518,2026-01-25-18:35:09
24.0,5.0,40.0,130.0,5.5,20.0,0.50795615,0.24032958,0.6251074,2026-01-25-18:35:09
20.0,3.5,35.0,280.0,10.0,60.0,0.6436093,0.57494324,0.34662712,2026-01-25-18:35:09
5.0,5.0,35.0,290.0,10.0,60.0,0.42074782,0.48119977,0.35618255,2026-01-25-18:35:09
15.999999,3.0,40.0,290.0,9.5,60.0,0.6656807,0.5280062,0.32264486,2026-01-25-18:36:09
20.0,3.0,35.0,280.0,10.0,60.0,0.61345404,0.5618659,0.29945213,2026-01-25-18:36:09
23.0,4.9,40.0,180.0,10.0,40.0,0.49759984,0.37723014,0.6131376,2026-01-25-18:36:09
24.0,4.9,40.0,270.0,5.0,20.0,0.52735144,0.43093863,0.59001046,2026-01-25-18:36:09
24.0,5.0,40.0,130.0,5.0,45.0,0.5014045,0.24742617,0.602994,2026-01-25-18:36:09
26.0,5.0,35.0,270.0,10.0,60.0,0.49904367,0.61932,0.4770044,2026-01-25-18:37:18
25.0,3.0,40.0,270.0,4.5,60.0,0.60406125,0.40473238,0.42276675,2026-01-25-18:37:18
20.0,3.2,35.0,270.0,10.0,60.0,0.6263169,0.55409807,0.31779176,2026-01-25-18:37:18
20.0,2.8,35.0,290.0,10.0,60.0,0.59789944,0.5690362,0.28221554,2026-01-25-18:37:18
23.0,5.0,40.0,270.0,10.0,60.0,0.51101786,0.6247645,0.568748,2026-01-25-18:37:18
25.0,4.9,40.0,230.0,5.5,20.0,0.52470917,0.3841782,0.6046477,2026-01-25-18:38:14
25.0,5.0,40.0,130.0,6.0,20.0,0.50559264,0.24429561,0.6238006,2026-01-25-18:38:14
23.0,5.0,40.0,250.00002,10.0,60.0,0.50756955,0.60179836,0.5698395,2026-01-25-18:38:14
25.0,4.9,40.0,270.0,5.5,10.0,0.5316057,0.42344865,0.6060245,2026-01-25-18:38:14
23.0,5.0,40.0,100.0,10.0,60.0,0.4817075,0.36826515,0.6148796,2026-01-25-18:38:14
23.0,4.9,40.0,100.0,10.0,10.0,0.48380673,0.13188836,0.6232327,2026-01-25-18:39:15
7.0,4.9,40.0,290.0,10.0,60.0,0.38465878,0.4963562,0.4093496,2026-01-25-18:39:15
20.0,0.7,35.0,280.0,10.0,60.0,0.4540522,0.5524982,0.15535015,2026-01-25-18:39:15
20.0,4.0,35.0,280.0,10.0,60.0,0.65032357,0.59120095,0.39452696,2026-01-25-18:39:15
17.0,3.0,40.0,290.0,6.5,60.0,0.559742,0.4334341,0.32447046,2026-01-25-18:39:15
23.0,5.0,40.0,130.0,9.5,40.0,0.49604726,0.28099367,0.63294774,2026-01-25-18:40:20
23.0,5.0,40.0,150.0,10.0,60.0,0.4903282,0.45127743,0.59814787,2026-01-25-18:40:20
26.0,4.9,40.0,270.0,10.0,55.0,0.46052146,0.58564216,0.5510267,2026-01-25-18:40:20
20.0,3.0,40.0,270.0,9.5,30.0,0.66926426,0.35801655,0.4035522,2026-01-25-18:40:20
20.0,4.5,35.0,10.0,10.0,60.0,0.5880303,0.23844168,0.49286819,2026-01-25-18:40:20
20.0,2.7,35.0,290.0,10.0,55.0,0.58848006,0.5369205,0.2748792,2026-01-25-18:41:25
20.0,3.0,40.0,290.0,8.5,60.0,0.66822284,0.5210726,0.37351626,2026-01-25-18:41:25
23.0,4.9,40.0,130.0,9.5,15.0,0.49814644,0.18420331,0.63851285,2026-01-25-18:41:25
27.0,5.0,40.0,290.0,10.0,60.0,0.4543783,0.6259801,0.5384033,2026-01-25-18:41:25
23.0,5.0,40.0,140.0,10.0,60.0,0.48860407,0.43444934,0.6018059,2026-01-25-18:41:25
21.0,4.9,40.0,130.0,7.0,40.0,0.520855,0.19536844,0.6170123,2026-01-25-18:42:31
20.0,4.2,35.0,280.0,10.0,55.0,0.6463835,0.5682857,0.41559198,2026-01-25-18:42:31
20.0,3.0,40.0,290.0,10.5,40.0,0.6665557,0.46870953,0.38056475,2026-01-25-18:42:31
20.0,4.2,35.0,270.0,10.0,20.0,0.64465934,0.36416888,0.46095788,2026-01-25-18:42:31
20.0,0.8,35.0,280.0,10.0,55.0,0.4535349,0.5216564,0.16026925,2026-01-25-18:42:31
20.0,3.0,40.0,290.0,7.0,40.0,0.639156,0.3763454,0.38166344,2026-01-25-18:43:42
13.0,4.9,40.0,290.0,5.5,60.0,0.31590396,0.4298111,0.4253128,2026-01-25-18:43:42
27.0,5.0,25.0,270.0,10.0,60.0,0.48037273,0.6142704,0.2829599,2026-01-25-18:43:42
2.0,4.9,40.0,290.0,5.5,60.0,0.49979264,0.31842813,0.45870772,2026-01-25-18:43:42
3.0,4.9,40.0,290.0,5.5,60.0,0.48298776,0.322031,0.44199398,2026-01-25-18:43:42
20.0,4.9,35.0,290.0,10.5,60.0,0.6090106,0.6520439,0.4823903,2026-01-25-18:44:40
20.0,4.0,40.0,290.0,9.5,60.0,0.6265593,0.5879444,0.46866375,2026-01-25-18:44:40
15.999999,4.0,35.0,290.0,10.0,60.0,0.6596202,0.5750545,0.32852513,2026-01-25-18:44:40
26.0,4.9,25.0,270.0,10.5,60.0,0.47422126,0.6300087,0.29098216,2026-01-25-18:44:40
20.0,1.3,40.0,290.0,9.5,60.0,0.557404,0.5403038,0.24703804,2026-01-25-18:44:40
22.0,4.9,35.0,270.0,5.0,60.0,0.5472093,0.4693695,0.39845553,2026-01-25-18:45:46
29.0,4.9,35.0,270.0,5.0,60.0,0.53067327,0.44674352,0.34266886,2026-01-25-18:45:46
23.0,5.0,40.0,30.0,10.0,60.0,0.46963853,0.27127448,0.62358236,2026-01-25-18:45:46
23.0,5.0,40.0,180.0,9.5,25.0,0.50466794,0.29343325,0.6392824,2026-01-25-18:45:46
28.0,3.2,40.0,270.0,6.5,60.0,0.5443728,0.42743015,0.47768408,2026-01-25-18:45:46
25.0,4.6,40.0,130.0,5.5,10.0,0.51718175,0.24733683,0.6039806,2026-01-25-18:46:59
15.999999,2.8,40.0,280.0,9.5,60.0,0.6630225,0.5080458,0.3096436,2026-01-25-18:46:59
26.0,5.0,35.0,290.0,10.5,60.0,0.49803126,0.6471633,0.48510987,2026-01-25-18:46:59
28.0,5.0,40.0,130.0,6.5,25.0,0.45587498,0.26582262,0.58996916,2026-01-25-18:46:59
20.0,5.0,40.0,290.0,10.5,60.0,0.562936,0.6556884,0.55368537,2026-01-25-18:46:59
15.0,4.9,40.0,130.0,6.5,25.0,0.36816388,0.11476305,0.53756535,2026-01-25-18:47:56
20.0,5.0,35.0,280.0,10.5,60.0,0.60096216,0.64240766,0.4895038,2026-01-25-18:47:56
20.0,5.0,25.0,290.0,10.5,60.0,0.5923787,0.6556884,0.2988326,2026-01-25-18:47:56
20.0,3.3,40.0,290.0,9.5,60.0,0.6665287,0.5651422,0.40070778,2026-01-25-18:47:56
15.999999,4.1,35.0,290.0,10.0,50.0,0.6575609,0.51735014,0.34177655,2026-01-25-18:47:56
20.0,5.0,40.0,50.0,10.5,60.0,0.52155674,0.2837155,0.6073918,2026-01-25-18:49:05
21.0,4.9,40.0,50.0,6.5,20.0,0.49585253,0.072340846,0.59475833,2026-01-25-18:49:05
20.0,3.0,40.0,280.0,9.5,60.0,0.67098844,0.54554105,0.37138012,2026-01-25-18:49:05
6.0,5.0,35.0,290.0,10.5,60.0,0.42498845,0.5042937,0.35345596,2026-01-25-18:49:05
6.0,5.0,25.0,280.0,10.5,60.0,0.41295674,0.48805544,0.16108824,2026-01-25-18:49:05
21.0,5.0,40.0,40.0,7.0,20.0,0.502676,0.05620326,0.59931624,2026-01-25-18:50:12
25.0,4.9,40.0,40.0,6.0,10.0,0.49159294,0.117612794,0.57146555,2026-01-25-18:50:12
24.0,4.9,40.0,30.0,5.5,45.0,0.49252382,0.09613529,0.6024289,2026-01-25-18:50:12
20.0,3.5,25.0,270.0,10.0,60.0,0.44534323,0.5618999,0.16894749,2026-01-25-18:50:12
20.0,3.2,40.0,270.0,9.5,60.0,0.666078,0.53777325,0.38999185,2026-01-25-18:50:12
15.999999,3.3,35.0,290.0,10.0,55.0,0.6457605,0.5221442,0.27249458,2026-01-25-18:51:20
23.0,5.0,40.0,100.0,9.5,20.0,0.49087483,0.14982967,0.6366653,2026-01-25-18:51:20
20.0,1.7,40.0,290.0,9.5,60.0,0.6000832,0.54009634,0.26886266,2026-01-25-18:51:20
20.0,4.7,35.0,290.0,10.0,60.0,0.62549037,0.6302309,0.45881954,2026-01-25-18:51:20
15.999999,1.7,35.0,290.0,10.0,55.0,0.49770862,0.49709836,0.2003838,2026-01-25-18:51:20
26.0,4.7,40.0,180.0,10.5,20.0,0.44567007,0.312244,0.61449033,2026-01-25-18:52:23
24.0,4.7,40.0,230.0,5.5,20.0,0.5332974,0.37395418,0.60139406,2026-01-25-18:52:23
15.999999,4.0,35.0,290.0,9.5,40.0,0.6443197,0.4339974,0.33363006,2026-01-25-18:52:23
26.0,5.0,35.0,250.00002,10.5,55.0,0.4911347,0.5901896,0.48963732,2026-01-25-18:52:23
20.0,4.7,40.0,290.0,10.5,60.0,0.5743455,0.6446272,0.52872616,2026-01-25-18:52:23
25.0,4.0,35.0,290.0,5.0,50.0,0.6030322,0.4227918,0.36174116,2026-01-25-18:53:23
23.0,5.0,40.0,180.0,8.5,10.0,0.5197327,0.26662597,0.651894,2026-01-25-18:53:23
20.0,5.0,30.0,290.0,10.5,60.0,0.63407433,0.6556884,0.3488326,2026-01-25-18:53:23
15.999999,4.0,35.0,290.0,9.0,45.0,0.62649053,0.44601813,0.320739,2026-01-25-18:53:23
20.0,5.0,35.0,290.0,10.5,60.0,0.6026863,0.6556884,0.49035206,2026-01-25-18:53:23
15.999999,2.7,40.0,290.0,8.5,10.0,0.6247418,0.29592898,0.3613384,2026-01-25-18:54:32
24.0,3.6,40.0,270.0,5.5,10.0,0.6021499,0.37979516,0.5348041,2026-01-25-18:54:32
20.0,2.4,35.0,290.0,10.0,50.0,0.55836844,0.5007225,0.25235954,2026-01-25-18:54:32
28.0,4.7,40.0,180.0,8.0,10.0,0.4474146,0.29810348,0.60308796,2026-01-25-18:54:32
21.0,5.0,40.0,180.0,5.5,10.0,0.48468778,0.28789946,0.62918663,2026-01-25-18:54:32
20.0,4.9,30.0,290.0,10.5,60.0,0.6346895,0.6520439,0.3410069,2026-01-25-18:55:32
23.0,5.0,30.0,290.0,10.0,60.0,0.5856044,0.64475685,0.35605222,2026-01-25-18:55:32
20.0,3.6,40.0,290.0,9.5,60.0,0.65271986,0.57428265,0.42982554,2026-01-25-18:55:32
20.0,4.7,30.0,280.0,10.5,60.0,0.63148427,0.6312715,0.32384142,2026-01-25-18:55:32
15.999999,4.2,35.0,270.0,10.0,60.0,0.65113187,0.5472667,0.34587908,2026-01-25-18:55:32
20.0,3.3,30.0,290.0,10.5,60.0,0.5324092,0.59586334,0.1961465,2026-01-25-18:56:32
20.0,4.0,30.0,290.0,10.5,60.0,0.5989938,0.6186656,0.2621977,2026-01-25-18:56:32
20.0,4.1,30.0,290.0,10.0,60.0,0.61072487,0.6078776,0.26505193,2026-01-25-18:56:32
20.0,3.2,30.0,290.0,10.5,60.0,0.52208316,0.59307706,0.18682674,2026-01-25-18:56:32
23.0,5.0,40.0,180.0,8.5,20.0,0.5197327,0.27219906,0.64540255,2026-01-25-18:56:32
24.0,2.0,40.0,270.0,5.5,55.0,0.57218033,0.3860431,0.33330223,2026-01-25-18:57:38
20.0,0.9,40.0,280.0,8.5,60.0,0.51017994,0.4984348,0.23134029,2026-01-25-18:57:38
20.0,3.6,35.0,290.0,10.0,60.0,0.6486427,0.59060746,0.35708123,2026-01-25-18:57:38
20.0,1.0,40.0,290.0,8.5,60.0,0.5216234,0.50551313,0.23568049,2026-01-25-18:57:38
20.0,1.5,40.0,290.0,10.5,60.0,0.5728254,0.57065344,0.25292227,2026-01-25-18:57:38
26.0,4.9,35.0,290.0,10.5,55.0,0.50265604,0.6155922,0.48481122,2026-01-25-18:58:45
20.0,5.0,30.0,280.0,10.0,60.0,0.63663125,0.62801135,0.34153643,2026-01-25-18:58:45
20.0,2.8,40.0,280.0,8.5,50.0,0.66566503,0.44152638,0.3600225,2026-01-25-18:58:45
15.999999,4.0,35.0,270.0,10.0,35.0,0.656172,0.38859883,0.35256815,2026-01-25-18:58:45
20.0,5.0,40.0,180.0,11.0,10.0,0.53762907,0.23546676,0.62945056,2026-01-25-18:58:45
21.0,4.1,35.0,280.0,5.0,55.0,0.5638152,0.43266517,0.3307954,2026-01-25-18:59:48
19.0,3.0,40.0,290.0,6.5,60.0,0.6067758,0.44818124,0.3498557,2026-01-25-18:59:48
23.0,4.7,40.0,180.0,8.5,10.0,0.5286977,0.25692952,0.63609266,2026-01-25-18:59:48
27.0,5.0,30.0,280.0,10.0,55.0,0.5237925,0.5903235,0.32601783,2026-01-25-18:59:48
14.0,3.0,40.0,270.0,3.5,60.0,0.38112152,0.3345984,0.27102253,2026-01-25-18:59:48
20.0,1.9,40.0,290.0,9.5,60.0,0.61980563,0.540865,0.28179604,2026-01-25-19:00:55
20.0,2.1,40.0,290.0,10.5,60.0,0.6311501,0.57300854,0.29164255,2026-01-25-19:00:55
20.0,2.2,35.0,290.0,10.0,60.0,0.5378834,0.5595791,0.23266554,2026-01-25-19:00:55
20.0,2.3,40.0,290.0,10.5,60.0,0.645694,0.5751159,0.30697268,2026-01-25-19:00:55
10.0,2.2,35.0,160.0,4.5,25.0,0.26082575,0.13528904,0.24940595,2026-01-25-19:00:55
23.0,5.0,40.0,160.0,8.5,10.0,0.51628447,0.23510717,0.6501949,2026-01-25-19:01:56
20.0,3.6,30.0,280.0,10.5,60.0,0.56132984,0.59237176,0.22359969,2026-01-25-19:01:56
25.0,4.7,40.0,270.0,5.5,10.0,0.5373146,0.4159855,0.5995579,2026-01-25-19:01:56
20.0,2.9,40.0,290.0,9.5,60.0,0.67281204,0.5548852,0.3629736,2026-01-25-19:01:56
23.0,5.0,40.0,160.0,10.0,60.0,0.49205232,0.4680265,0.5944581,2026-01-25-19:01:56
20.0,5.0,40.0,90.0,10.5,10.0,0.5284533,0.0872062,0.6070177,2026-01-25-19:03:01
20.0,3.1,40.0,290.0,9.5,60.0,0.6716046,0.55971324,0.3816159,2026-01-25-19:03:01
20.0,3.7,40.0,290.0,9.5,60.0,0.6468003,0.5775602,0.43957528,2026-01-25-19:03:01
20.0,5.0,40.0,60.0,10.5,10.0,0.52328086,0.052135758,0.5895148,2026-01-25-19:03:01
23.0,5.0,40.0,110.0,8.5,10.0,0.5076638,0.15497622,0.63582313,2026-01-25-19:03:01
23.0,5.0,40.0,30.0,8.5,10.0,0.49387065,0.047320668,0.588603,2026-01-25-19:04:06
20.0,3.1,35.0,290.0,10.0,60.0,0.6228496,0.5760381,0.30955186,2026-01-25-19:04:06
20.0,3.8,40.0,290.0,9.5,60.0,0.64039075,0.5809369,0.44931212,2026-01-25-19:04:06
20.0,2.9,35.0,290.0,10.0,60.0,0.6068315,0.57121,0.29118168,2026-01-25-19:04:06
20.0,3.9,40.0,290.0,9.5,60.0,0.6336043,0.58440197,0.45901507,2026-01-25-19:04:06
20.0,4.4,40.0,290.0,9.5,60.0,0.5982914,0.6026533,0.5063204,2026-01-25-19:05:10
20.0,5.0,40.0,180.0,10.5,45.0,0.5439705,0.39272952,0.59438044,2026-01-25-19:05:10
20.0,3.7,35.0,270.0,10.0,50.0,0.6475196,0.5067644,0.37282345,2026-01-25-19:05:10
20.0,3.8,35.0,290.0,10.0,60.0,0.6523027,0.5972618,0.3762957,2026-01-25-19:05:10
23.0,5.0,40.0,180.0,8.0,15.0,0.5247559,0.27172136,0.64859027,2026-01-25-19:05:10
23.0,4.6,40.0,180.0,8.0,20.0,0.53829896,0.26088652,0.62312883,2026-01-25-19:06:15
15.999999,4.7,30.0,290.0,10.0,60.0,0.6404554,0.60101616,0.2551167,2026-01-25-19:06:15
20.0,3.9,35.0,270.0,10.0,50.0,0.6492071,0.51314646,0.3919911,2026-01-25-19:06:15
20.0,4.8,40.0,290.0,9.5,60.0,0.57585394,0.6176315,0.5415976,2026-01-25-19:06:15
20.0,2.3,35.0,270.0,10.0,50.0,0.54464173,0.47861734,0.24645993,2026-01-25-19:06:15
20.0,3.0,40.0,290.0,9.5,15.0,0.67271256,0.33287564,0.4194988,2026-01-25-19:07:14
28.0,4.8,40.0,180.0,7.5,15.0,0.45145854,0.30618334,0.59966815,2026-01-25-19:07:14
24.0,4.8,40.0,180.0,5.5,10.0,0.5211155,0.3149816,0.623919,2026-01-25-19:07:14
15.999999,5.0,25.0,290.0,9.5,55.0,0.58175987,0.5640885,0.2491864,2026-01-25-19:07:14
15.999999,4.0,35.0,270.0,8.5,50.0,0.60297054,0.42424613,0.31044102,2026-01-25-19:07:14
15.999999,2.9,40.0,290.0,8.5,15.0,0.62785506,0.3018508,0.36495465,2026-01-25-19:08:21
22.0,2.8,40.0,290.0,5.5,60.0,0.6151056,0.4301712,0.37159115,2026-01-25-19:08:21
23.0,4.8,40.0,160.0,8.0,20.0,0.52642494,0.23570244,0.6360573,2026-01-25-19:08:21
15.999999,3.9,35.0,290.0,10.0,60.0,0.6607083,0.57151204,0.3195774,2026-01-25-19:08:21
15.999999,3.7,35.0,290.0,10.0,35.0,0.6598374,0.41226488,0.3207346,2026-01-25-19:08:21
24.0,4.9,40.0,160.0,5.5,15.0,0.5149376,0.2869533,0.6253427,2026-01-25-19:09:34
15.999999,4.1,35.0,290.0,10.0,40.0,0.6575609,0.45526448,0.35034388,2026-01-25-19:09:34
23.0,5.0,40.0,120.0,8.0,15.0,0.5144111,0.17545792,0.6415257,2026-01-25-19:09:34
23.0,5.0,40.0,180.0,10.0,35.0,0.49550062,0.3523123,0.6252215,2026-01-25-19:09:34
20.0,4.7,30.0,290.0,10.0,55.0,0.6374895,0.6001228,0.3196994,2026-01-25-19:09:34
20.0,3.1,40.0,280.0,9.0,50.0,0.66907555,0.46579283,0.3875303,2026-01-25-19:10:49
20.0,3.0,40.0,290.0,9.0,60.0,0.67190766,0.53952146,0.3732796,2026-01-25-19:10:49
25.0,4.8,40.0,130.0,5.5,15.0,0.50990605,0.25025055,0.61250234,2026-01-25-19:10:49
24.0,4.5,40.0,180.0,5.5,15.0,0.5338921,0.30458045,0.6069901,2026-01-25-19:10:49
15.999999,3.9,35.0,290.0,10.0,30.0,0.6607083,0.39263314,0.34444082,2026-01-25-19:10:49
23.0,5.0,40.0,190.0,8.0,20.0,0.52648,0.28902373,0.64327914,2026-01-25-19:11:58
29.0,3.0,40.0,290.0,6.0,60.0,0.5342182,0.40868723,0.46546242,2026-01-25-19:11:58
15.999999,5.0,30.0,280.0,9.5,55.0,0.62173134,0.5467294,0.2802816,2026-01-25-19:11:58
1.0,3.0,40.0,290.0,6.0,60.0,0.58074206,0.26243955,0.4623623,2026-01-25-19:11:58
26.0,5.0,30.0,290.0,10.5,60.0,0.52941924,0.6471633,0.3435904,2026-01-25-19:11:58
30.0,5.0,25.0,290.0,9.0,55.0,0.4853932,0.5339317,0.24422231,2026-01-25-19:12:58
24.0,4.9,40.0,240.0,5.5,10.0,0.5287307,0.39551228,0.620506,2026-01-25-19:12:58
24.0,4.8,40.0,190.0,6.0,20.0,0.52654,0.31707197,0.6210184,2026-01-25-19:12:58
20.0,4.8,35.0,290.0,10.5,60.0,0.61522526,0.6483526,0.47420207,2026-01-25-19:12:58
24.0,4.4,40.0,180.0,6.0,10.0,0.5430263,0.2966923,0.6094342,2026-01-25-19:12:58
23.0,5.0,40.0,240.0,10.0,60.0,0.5058454,0.5892284,0.5711535,2026-01-25-19:14:11
23.0,5.0,40.0,240.0,8.0,20.0,0.53510076,0.3585904,0.62992066,2026-01-25-19:14:11
24.0,4.7,40.0,200.0,6.0,15.0,0.53182536,0.33034596,0.619801,2026-01-25-19:14:11
23.0,5.0,40.0,219.99998,8.0,20.0,0.53165245,0.33252007,0.6362353,2026-01-25-19:14:11
24.0,4.7,40.0,219.99998,6.0,15.0,0.5352737,0.3560473,0.6158566,2026-01-25-19:14:11
21.0,4.8,40.0,130.0,6.0,10.0,0.49911627,0.19307114,0.61112803,2026-01-25-19:15:25
24.0,3.0,40.0,270.0,6.0,15.0,0.62210864,0.35601518,0.48273394,2026-01-25-19:15:25
24.0,4.7,40.0,300.0,6.0,10.0,0.5490667,0.43491706,0.59707445,2026-01-25-19:15:25
23.0,5.0,40.0,200.0,10.0,60.0,0.49894887,0.53246313,0.58064127,2026-01-25-19:15:25
26.0,4.8,40.0,200.0,10.5,10.0,0.4461392,0.30783367,0.6227933,2026-01-25-19:15:25
26.0,5.0,35.0,300.0,10.5,60.0,0.49975538,0.65308094,0.4865409,2026-01-25-19:16:34
27.0,5.0,35.0,300.0,10.0,60.0,0.49585277,0.63118005,0.46700048,2026-01-25-19:16:34
15.999999,4.1,35.0,300.0,10.0,60.0,0.65928507,0.595557,0.33910424,2026-01-25-19:16:34
23.0,5.0,40.0,300.0,10.0,60.0,0.5161903,0.6536459,0.571303,2026-01-25-19:16:34
20.0,3.1,40.0,300.0,9.0,30.0,0.67252386,0.38344842,0.40470895,2026-01-25-19:16:34
20.0,5.0,35.0,300.0,10.5,60.0,0.60441047,0.66820234,0.4917831,2026-01-25-19:17:37
25.0,5.0,25.0,300.0,4.0,55.0,0.54973984,0.48032302,0.34893066,2026-01-25-19:17:37
21.0,4.7,30.0,290.0,5.5,60.0,0.57314575,0.49021915,0.29563105,2026-01-25-19:17:37
26.0,5.0,25.0,300.0,10.0,60.0,0.49390852,0.63868463,0.29807404,2026-01-25-19:17:37
24.0,5.0,25.0,300.0,4.0,50.0,0.53844905,0.47885963,0.3571653,2026-01-25-19:17:37
20.0,5.0,40.0,300.0,10.5,60.0,0.5646602,0.66820234,0.5551165,2026-01-25-19:18:57
23.0,5.0,40.0,180.0,8.0,20.0,0.5247559,0.273597,0.6447844,2026-01-25-19:18:57
24.0,4.9,40.0,300.0,5.5,10.0,0.53907555,0.448774,0.60059214,2026-01-25-19:18:57
25.0,5.0,40.0,230.0,5.5,50.0,0.5231917,0.40639707,0.56209505,2026-01-25-19:18:57
20.0,3.0,40.0,300.0,9.5,60.0,0.6744367,0.5683675,0.37365943,2026-01-25-19:18:57
15.999999,3.9,35.0,300.0,10.0,10.0,0.66243243,0.34028772,0.37100846,2026-01-25-19:20:11
23.0,4.8,40.0,219.99998,9.5,60.0,0.5166818,0.5385166,0.56671643,2026-01-25-19:20:11
20.0,5.0,30.0,300.0,10.5,60.0,0.63579845,0.66820234,0.35026366,2026-01-25-19:20:11
24.0,4.5,40.0,160.0,6.0,10.0,0.53414416,0.27078748,0.61307293,2026-01-25-19:20:11
20.0,4.9,35.0,300.0,10.5,60.0,0.61073476,0.6646093,0.48382136,2026-01-25-19:20:11
20.0,4.7,30.0,300.0,9.5,60.0,0.64108944,0.62653506,0.31370094,2026-01-25-19:21:14
20.0,2.8,40.0,300.0,9.0,55.0,0.67279804,0.51320904,0.3569693,2026-01-25-19:21:14
20.0,3.2,40.0,300.0,9.0,15.0,0.67044544,0.34773672,0.43577644,2026-01-25-19:21:14
23.0,4.7,40.0,130.0,8.0,15.0,0.5251002,0.18389986,0.6283533,2026-01-25-19:21:14
20.0,4.7,30.0,300.0,9.0,60.0,0.64028454,0.60883564,0.3082428,2026-01-25-19:21:14
23.0,5.0,40.0,50.0,8.0,20.0,0.5023421,0.0750822,0.6146744,2026-01-25-19:22:19
23.0,5.0,40.0,180.0,8.0,10.0,0.5247559,0.27287477,0.65127593,2026-01-25-19:22:19
20.0,2.1,35.0,300.0,10.0,60.0,0.52958757,0.5679826,0.2267044,2026-01-25-19:22:19
20.0,4.5,35.0,300.0,10.5,15.0,0.63374925,0.40540886,0.4920279,2026-01-25-19:22:19
20.0,4.8,40.0,300.0,10.5,60.0,0.57142127,0.66095644,0.5386943,2026-01-25-19:22:19
23.0,4.9,40.0,190.0,10.0,20.0,0.49932396,0.29757938,0.63582206,2026-01-25-19:23:33
25.0,4.7,40.0,180.0,6.0,20.0,0.52143973,0.30832732,0.61485773,2026-01-25-19:23:33
15.999999,3.9,35.0,240.0,10.0,15.0,0.65208757,0.25037152,0.38432297,2026-01-25-19:23:33
26.0,4.8,40.0,160.0,11.0,20.0,0.43681523,0.30261713,0.615214,2026-01-25-19:23:33
22.0,5.0,25.0,290.0,5.0,50.0,0.5345687,0.4669591,0.35502306,2026-01-25-19:23:33
20.0,4.4,35.0,300.0,10.0,15.0,0.64264804,0.39444834,0.476097,2026-01-25-19:24:35
24.0,4.7,30.0,300.0,5.5,60.0,0.6042292,0.49617383,0.30952856,2026-01-25-19:24:35
20.0,4.4,35.0,300.0,10.5,60.0,0.63836706,0.64599925,0.44090015,2026-01-25-19:24:35
22.0,5.0,30.0,300.0,5.5,60.0,0.5933863,0.51249224,0.32306078,2026-01-25-19:24:35
5.0,3.0,40.0,300.0,9.0,60.0,0.47582024,0.39400968,0.4312117,2026-01-25-19:24:35
22.0,5.0,40.0,180.0,6.0,10.0,0.514172,0.2936436,0.63891083,2026-01-25-19:25:59
23.0,5.0,40.0,180.0,9.0,15.0,0.5128978,0.2659469,0.64897174,2026-01-25-19:25:59
23.0,5.0,40.0,219.99998,10.0,50.0,0.5023972,0.50170743,0.588501,2026-01-25-19:25:59
22.0,5.0,40.0,190.0,6.0,15.0,0.51589614,0.30698296,0.63543934,2026-01-25-19:25:59
23.0,5.0,40.0,180.0,10.0,60.0,0.49550062,0.50092465,0.587237,2026-01-25-19:25:59
22.0,5.0,40.0,10.0,6.0,15.0,0.48486167,0.05692603,0.5692447,2026-01-25-19:27:16
23.0,5.0,40.0,130.0,8.0,15.0,0.5161352,0.19153714,0.6441547,2026-01-25-19:27:16
27.0,4.8,40.0,190.0,8.0,10.0,0.4615038,0.30844432,0.6174119,2026-01-25-19:27:16
22.0,4.7,40.0,160.0,6.0,10.0,0.52053535,0.25195104,0.6181256,2026-01-25-19:27:16
23.0,5.0,40.0,210.0,8.0,15.0,0.5299283,0.31646934,0.6447564,2026-01-25-19:27:16
15.999999,3.9,35.0,300.0,10.0,25.0,0.66243243,0.38570234,0.34830895,2026-01-25-19:28:32
24.0,5.0,40.0,190.0,6.0,10.0,0.5220013,0.3294171,0.63704413,2026-01-25-19:28:32
15.999999,3.9,35.0,300.0,8.0,60.0,0.58726764,0.51725376,0.28784952,2026-01-25-19:28:32
23.0,5.0,40.0,210.0,9.0,10.0,0.5180702,0.30684513,0.65003675,2026-01-25-19:28:32
23.0,5.0,40.0,210.0,9.5,60.0,0.50984037,0.5312098,0.5795417,2026-01-25-19:28:32
23.0,5.0,40.0,190.0,9.0,10.0,0.5146219,0.2775928,0.6516529,2026-01-25-19:29:44
21.0,5.0,40.0,190.0,7.0,10.0,0.52853805,0.28192553,0.6418015,2026-01-25-19:29:44
23.0,5.0,40.0,190.0,9.0,60.0,0.5146219,0.48287868,0.58669716,2026-01-25-19:29:44
20.0,5.0,40.0,190.0,10.5,60.0,0.54569465,0.49662387,0.567644,2026-01-25-19:29:44
20.0,4.5,35.0,190.0,10.0,10.0,0.61906475,0.22566292,0.5203515,2026-01-25-19:29:44
15.999999,3.3,40.0,290.0,10.0,60.0,0.67455846,0.5522523,0.34155786,2026-01-25-19:30:54
15.999999,3.1,40.0,290.0,10.0,60.0,0.6798455,0.5468233,0.3274146,2026-01-25-19:30:54
15.999999,3.6,40.0,290.0,10.0,60.0,0.66004825,0.5613927,0.36503908,2026-01-25-19:30:54
15.999999,3.8,35.0,290.0,10.0,60.0,0.66078824,0.56804705,0.31084773,2026-01-25-19:30:54
15.999999,4.3,35.0,290.0,10.0,60.0,0.65074104,0.5860296,0.3564957,2026-01-25-19:30:54
15.999999,3.2,40.0,290.0,10.0,60.0,0.6776874,0.549466,0.3343273,2026-01-25-19:32:11
15.999999,2.6,40.0,290.0,10.0,60.0,0.67474854,0.5359762,0.29792342,2026-01-25-19:32:11
15.999999,3.7,40.0,290.0,10.0,60.0,0.65379405,0.5646703,0.3734183,2026-01-25-19:32:11
15.999999,3.8,40.0,300.0,10.0,60.0,0.6487246,0.58470297,0.38347992,2026-01-25-19:32:11
15.999999,3.1,40.0,300.0,9.5,60.0,0.6662691,0.5462096,0.33066097,2026-01-25-19:32:11
29.0,5.0,40.0,180.0,6.0,10.0,0.45624337,0.3416272,0.5771623,2026-01-25-19:33:25
24.0,5.0,40.0,270.0,6.0,10.0,0.53579444,0.42250162,0.6203535,2026-01-25-19:33:25
1.0,5.0,40.0,180.0,6.0,10.0,0.48976713,0.19537954,0.5599647,2026-01-25-19:33:25
24.0,4.1,40.0,300.0,6.0,10.0,0.58189124,0.4124359,0.5641868,2026-01-25-19:33:25
29.0,5.0,40.0,160.0,6.0,10.0,0.4527951,0.3226369,0.57546324,2026-01-25-19:33:25
23.0,5.0,40.0,180.0,9.0,10.0,0.5128978,0.26230404,0.6516574,2026-01-25-19:34:44
26.0,5.0,40.0,270.0,10.5,10.0,0.45483267,0.3772442,0.61066693,2026-01-25-19:34:44
21.0,5.0,40.0,140.0,7.0,10.0,0.51991737,0.19843452,0.63607323,2026-01-25-19:34:44
21.0,5.0,40.0,130.0,7.0,10.0,0.51819324,0.18217899,0.63318527,2026-01-25-19:34:44
23.0,5.0,40.0,300.0,10.0,40.0,0.5161903,0.52997166,0.58085215,2026-01-25-19:34:44
15.999999,3.8,35.0,300.0,10.0,45.0,0.66251236,0.49177295,0.31772843,2026-01-25-19:35:59
24.0,4.9,40.0,210.0,5.5,10.0,0.52355826,0.35952935,0.6264593,2026-01-25-19:35:59
22.0,4.8,40.0,140.0,6.0,10.0,0.51296055,0.22244854,0.62073743,2026-01-25-19:35:59
25.0,4.5,35.0,210.0,5.0,45.0,0.57973343,0.35792905,0.41074973,2026-01-25-19:35:59
23.0,4.9,40.0,160.0,9.0,20.0,0.51154876,0.23872612,0.6417063,2026-01-25-19:35:59
4.0,5.0,40.0,180.0,6.0,10.0,0.43060717,0.17217447,0.5115508,2026-01-25-19:37:19
26.0,4.6,40.0,160.0,9.0,10.0,0.46394655,0.2504486,0.62204975,2026-01-25-19:37:19
21.0,5.0,40.0,190.0,3.5,10.0,0.39822033,0.30817553,0.60070276,2026-01-25-19:37:19
28.0,4.9,40.0,180.0,7.0,20.0,0.4572682,0.31503987,0.59408486,2026-01-25-19:37:19
26.0,4.6,40.0,190.0,10.5,15.0,0.45110786,0.30345362,0.6148918,2026-01-25-19:37:19
23.0,4.9,40.0,270.0,9.0,45.0,0.53051424,0.49243435,0.5790549,2026-01-25-19:38:29
23.0,4.8,40.0,190.0,9.0,10.0,0.5197392,0.27082774,0.64141345,2026-01-25-19:38:29
23.0,5.0,40.0,130.0,9.0,10.0,0.5042771,0.18246466,0.6430368,2026-01-25-19:38:29
23.0,5.0,40.0,210.0,10.0,45.0,0.500673,0.45646667,0.5995729,2026-01-25-19:38:29
15.999999,3.1,40.0,290.0,10.0,25.0,0.6798455,0.3447487,0.3593718,2026-01-25-19:38:29
20.0,1.6,35.0,300.0,10.5,60.0,0.48173124,0.5790113,0.20127872,2026-01-25-19:39:36
29.0,4.7,30.0,300.0,5.5,60.0,0.54736316,0.45990518,0.26159042,2026-01-25-19:39:36
23.0,5.0,40.0,160.0,8.0,10.0,0.52130765,0.24135599,0.64957684,2026-01-25-19:39:36
23.0,5.0,40.0,20.0,8.0,10.0,0.49716964,0.043684572,0.58091813,2026-01-25-19:39:36
15.999999,2.5,35.0,300.0,10.0,60.0,0.5798337,0.54889923,0.22508183,2026-01-25-19:39:36
15.999999,3.5,40.0,290.0,10.0,60.0,0.66565704,0.55822426,0.35692656,2026-01-25-19:41:01
15.999999,2.8,40.0,290.0,10.0,50.0,0.68004715,0.47850877,0.31277993,2026-01-25-19:41:01
15.999999,2.4,40.0,290.0,10.0,60.0,0.66517323,0.5328204,0.28860417,2026-01-25-19:41:01
15.999999,3.6,35.0,290.0,10.0,35.0,0.6578469,0.4089873,0.31249145,2026-01-25-19:41:01
15.999999,3.9,40.0,290.0,10.0,60.0,0.63978124,0.57151204,0.39091462,2026-01-25-19:41:01
20.0,4.1,40.0,270.0,9.0,10.0,0.6151261,0.3361393,0.54151297,2026-01-25-19:42:14
15.999999,3.1,40.0,290.0,10.0,50.0,0.6798455,0.48551068,0.33151796,2026-01-25-19:42:14
15.999999,3.1,40.0,290.0,9.0,60.0,0.64671576,0.512799,0.3302811,2026-01-25-19:42:14
20.0,5.0,25.0,300.0,10.5,60.0,0.59410286,0.66820234,0.30026364,2026-01-25-19:42:14
20.0,3.7,30.0,300.0,10.0,60.0,0.5787822,0.60604477,0.22890875,2026-01-25-19:42:14
20.0,3.1,40.0,300.0,10.0,50.0,0.6714529,0.52590567,0.38367888,2026-01-25-19:43:19
20.0,5.0,30.0,300.0,8.5,60.0,0.63746566,0.6013328,0.32747263,2026-01-25-19:43:19
20.0,5.0,30.0,300.0,7.0,60.0,0.60839874,0.5481442,0.31621513,2026-01-25-19:43:19
20.0,5.0,30.0,300.0,7.0,10.0,0.60839874,0.4334113,0.36621514,2026-01-25-19:43:19
23.0,5.0,40.0,160.0,9.0,10.0,0.50944954,0.23078525,0.6499583,2026-01-25-19:43:19
20.0,4.8,25.0,300.0,9.5,50.0,0.58289003,0.5664646,0.2935668,2026-01-25-19:44:27
20.0,4.7,25.0,300.0,9.5,50.0,0.57329965,0.5627644,0.28543782,2026-01-25-19:44:27
23.0,4.7,40.0,140.0,9.0,10.0,0.5149662,0.19047944,0.6301233,2026-01-25-19:44:27
15.999999,3.4,40.0,300.0,10.0,60.0,0.67224705,0.5713504,0.35052612,2026-01-25-19:44:27
20.0,4.8,30.0,300.0,10.0,60.0,0.640417,0.64656013,0.32793787,2026-01-25-19:44:27
28.0,5.0,30.0,300.0,6.5,50.0,0.55632365,0.45402914,0.283482,2026-01-25-19:45:30
1.0,5.0,30.0,300.0,5.5,50.0,0.57960355,0.2962598,0.24656183,2026-01-25-19:45:30
28.0,4.1,35.0,300.0,6.5,45.0,0.5487731,0.40275374,0.38688192,2026-01-25-19:45:30
1.0,5.0,25.0,300.0,5.5,50.0,0.53790796,0.2962598,0.27301157,2026-01-25-19:45:30
23.0,5.0,40.0,160.0,9.0,15.0,0.50944954,0.23429018,0.64892024,2026-01-25-19:45:30
20.0,5.0,40.0,300.0,9.5,10.0,0.57081705,0.4049909,0.60945076,2026-01-25-19:46:46
20.0,3.0,40.0,300.0,9.0,30.0,0.6736318,0.38078445,0.39532137,2026-01-25-19:46:46
20.0,4.9,30.0,300.0,11.0,45.0,0.6300723,0.5942267,0.3547679,2026-01-25-19:46:46
22.0,5.0,40.0,190.0,5.5,10.0,0.5032824,0.31620705,0.63381004,2026-01-25-19:46:46
20.0,5.0,30.0,300.0,11.0,50.0,0.62945706,0.62723076,0.35959107,2026-01-25-19:46:46
15.999999,3.4,35.0,300.0,10.0,45.0,0.65250653,0.47842026,0.28531882,2026-01-25-19:47:56
24.0,5.0,40.0,219.99998,5.5,10.0,0.5234734,0.37580326,0.62877965,2026-01-25-19:47:56
23.0,5.0,40.0,210.0,10.0,60.0,0.500673,0.5475347,0.5777265,2026-01-25-19:47:56
20.0,3.4,40.0,300.0,9.0,10.0,0.6635952,0.3492758,0.462853,2026-01-25-19:47:56
20.0,3.6,40.0,300.0,9.0,10.0,0.6536391,0.3557559,0.48230782,2026-01-25-19:47:56
20.0,4.3,40.0,270.0,9.0,10.0,0.60086524,0.3432373,0.56036025,2026-01-25-19:49:05
23.0,5.0,40.0,150.0,9.0,10.0,0.5077254,0.21472585,0.6482342,2026-01-25-19:49:05
24.0,4.9,40.0,190.0,5.5,10.0,0.52011,0.33249688,0.6280754,2026-01-25-19:49:05
23.0,5.0,40.0,160.0,9.5,10.0,0.5012197,0.22886658,0.648907,2026-01-25-19:49:05
26.0,4.9,30.0,300.0,11.0,60.0,0.5276317,0.6615012,0.35028148,2026-01-25-19:49:05
20.0,2.8,40.0,300.0,9.0,50.0,0.67279804,0.4811563,0.3588009,2026-01-25-19:50:25
15.999999,2.8,40.0,300.0,10.0,60.0,0.6817714,0.55499667,0.31010765,2026-01-25-19:50:25
15.999999,3.0,40.0,300.0,10.0,50.0,0.68270534,0.49841985,0.3247078,2026-01-25-19:50:25
15.999999,3.2,40.0,300.0,10.0,50.0,0.6794116,0.5038902,0.33820555,2026-01-25-19:50:25
24.0,4.2,40.0,270.0,6.0,10.0,0.5704717,0.39298752,0.58118665,2026-01-25-19:50:25
23.0,5.0,40.0,100.0,9.0,10.0,0.49910468,0.13516182,0.63107127,2026-01-25-19:51:36
15.999999,3.1,40.0,300.0,10.0,30.0,0.68156964,0.3832417,0.3494564,2026-01-25-19:51:36
24.0,5.0,40.0,270.0,5.5,10.0,0.53209406,0.42900553,0.61525726,2026-01-25-19:51:36
24.0,4.9,40.0,280.0,5.5,10.0,0.53562725,0.43380794,0.60789233,2026-01-25-19:51:36
15.999999,3.1,40.0,300.0,10.0,55.0,0.68156964,0.53235734,0.32946125,2026-01-25-19:51:36
23.0,5.0,40.0,160.0,9.5,15.0,0.5012197,0.23542526,0.64786893,2026-01-25-19:53:00
23.0,4.8,40.0,150.0,9.0,15.0,0.5128427,0.21232767,0.63780355,2026-01-25-19:53:00
15.999999,3.1,40.0,300.0,10.0,35.0,0.68156964,0.40978417,0.34349033,2026-01-25-19:53:00
18.0,4.9,40.0,300.0,2.0,60.0,0.26919386,0.5074002,0.45238903,2026-01-25-19:53:00
28.0,4.6,40.0,160.0,7.5,10.0,0.45355543,0.2822728,0.5989599,2026-01-25-19:53:00
23.0,5.0,40.0,160.0,8.0,15.0,0.52130765,0.24006464,0.64853877,2026-01-25-19:54:21
26.0,4.7,40.0,150.0,11.0,10.0,0.43807027,0.24946216,0.6144048,2026-01-25-19:54:21
23.0,5.0,40.0,180.0,9.5,10.0,0.50466794,0.26038536,0.6506061,2026-01-25-19:54:21
26.0,4.9,30.0,300.0,10.5,60.0,0.5300591,0.6494879,0.3434012,2026-01-25-19:54:21
20.0,3.8,30.0,300.0,10.0,60.0,0.58807826,0.60952485,0.2383734,2026-01-25-19:54:21
15.999999,2.5,40.0,300.0,10.0,60.0,0.67220545,0.54889923,0.2945143,2026-01-25-19:55:29
23.0,5.0,40.0,130.0,9.5,15.0,0.49604726,0.18689778,0.6434849,2026-01-25-19:55:29
30.0,4.7,30.0,300.0,7.5,60.0,0.5128306,0.50470155,0.25411078,2026-01-25-19:55:29
19.0,4.7,30.0,300.0,5.5,60.0,0.52803415,0.49625424,0.27267385,2026-01-25-19:55:29
23.0,4.4,40.0,160.0,9.0,15.0,0.5339044,0.2175817,0.6146949,2026-01-25-19:55:29
15.999999,3.0,40.0,300.0,10.0,20.0,0.68270534,0.33790198,0.3568098,2026-01-25-19:56:45
23.0,4.8,40.0,180.0,9.0,20.0,0.5180151,0.2670628,0.63492644,2026-01-25-19:56:45
23.0,5.0,40.0,219.99998,8.0,55.0,0.53165245,0.4595552,0.5839856,2026-01-25-19:56:45
24.0,4.8,40.0,110.0,6.0,10.0,0.5127469,0.20213732,0.6129444,2026-01-25-19:56:45
27.0,4.8,40.0,200.0,9.0,20.0,0.44946164,0.31967404,0.6078449,2026-01-25-19:56:45
20.0,4.9,30.0,300.0,11.0,60.0,0.6300723,0.6766226,0.3493182,2026-01-25-19:58:08
20.0,5.0,35.0,300.0,11.0,60.0,0.5980691,0.68021566,0.49812984,2026-01-25-19:58:08
23.0,5.0,40.0,140.0,9.5,10.0,0.49777138,0.19666874,0.64487344,2026-01-25-19:58:08
20.0,3.9,30.0,300.0,10.0,60.0,0.5968479,0.61308163,0.24780428,2026-01-25-19:58:08
24.0,5.0,40.0,180.0,4.5,10.0,0.50058895,0.3286049,0.61923605,2026-01-25-19:58:08
15.999999,1.9,35.0,300.0,10.0,60.0,0.51763326,0.541323,0.20442559,2026-01-25-19:59:24
23.0,5.0,40.0,150.0,8.0,15.0,0.5195835,0.22393626,0.6476615,2026-01-25-19:59:24
19.0,1.9,35.0,120.0,4.0,10.0,0.2951307,0.17161156,0.16158251,2026-01-25-19:59:24
23.0,4.9,40.0,160.0,8.0,10.0,0.5234068,0.23824756,0.64460486,2026-01-25-19:59:24
20.0,4.5,35.0,240.0,10.0,10.0,0.6276854,0.30599207,0.5127821,2026-01-25-19:59:24
22.0,4.6,40.0,190.0,6.0,10.0,0.53056055,0.29655012,0.61289984,2026-01-25-20:00:41
23.0,4.9,40.0,180.0,8.0,15.0,0.52685505,0.26839072,0.6436183,2026-01-25-20:00:41
20.0,3.0,40.0,300.0,10.5,60.0,0.6682798,0.59908867,0.3693251,2026-01-25-20:00:41
23.0,5.0,40.0,140.0,8.0,15.0,0.51785934,0.20772886,0.6462012,2026-01-25-20:00:41
26.0,4.9,35.0,260.0,11.0,60.0,0.4950562,0.6343933,0.48885602,2026-01-25-20:00:41
15.999999,4.1,40.0,300.0,10.0,60.0,0.62627286,0.595557,0.41071352,2026-01-25-20:01:47
15.999999,4.0,40.0,300.0,10.0,60.0,0.63398015,0.59188163,0.4014294,2026-01-25-20:01:47
23.0,4.3,40.0,180.0,8.0,10.0,0.5553111,0.25191355,0.6103464,2026-01-25-20:01:47
15.999999,4.2,40.0,300.0,10.0,60.0,0.6185106,0.59927356,0.42017955,2026-01-25-20:01:47
20.0,2.7,40.0,300.0,9.5,50.0,0.6716268,0.49752438,0.3488196,2026-01-25-20:01:47
20.0,5.0,40.0,160.0,9.5,10.0,0.5466791,0.18987112,0.63523954,2026-01-25-20:03:02
20.0,5.0,40.0,300.0,11.0,60.0,0.5583188,0.68021566,0.5519627,2026-01-25-20:03:02
24.0,5.0,40.0,219.99998,6.0,10.0,0.52717376,0.36929932,0.6338759,2026-01-25-20:03:02
23.0,4.9,40.0,230.0,10.0,60.0,0.5062205,0.57229596,0.5679623,2026-01-25-20:03:02
24.0,4.9,40.0,150.0,5.5,10.0,0.51321346,0.27313396,0.62465674,2026-01-25-20:03:02
4.0,4.7,30.0,300.0,5.5,60.0,0.5312215,0.33501047,0.19442806,2026-01-25-20:04:12
17.0,4.7,30.0,300.0,5.5,60.0,0.47155192,0.48373285,0.24035579,2026-01-25-20:04:12
28.0,5.0,25.0,300.0,6.0,50.0,0.52258205,0.44772124,0.30337065,2026-01-25-20:04:12
5.0,5.0,25.0,300.0,9.5,50.0,0.4111932,0.41705218,0.18198448,2026-01-25-20:04:12
28.0,4.6,25.0,290.0,6.5,55.0,0.46689513,0.45676795,0.2962113,2026-01-25-20:04:12
26.0,5.0,40.0,219.99998,11.0,60.0,0.4437846,0.60103816,0.5505581,2026-01-25-20:05:25
26.0,5.0,40.0,219.99998,11.0,15.0,0.4437846,0.3597944,0.6155026,2026-01-25-20:05:25
21.0,4.7,40.0,190.0,7.0,15.0,0.5391677,0.26853386,0.6161474,2026-01-25-20:05:25
20.0,5.0,35.0,300.0,10.5,10.0,0.60441047,0.40966132,0.5417831,2026-01-25-20:05:25
20.0,5.0,35.0,219.99998,10.0,10.0,0.5948984,0.29222482,0.5591167,2026-01-25-20:05:25
15.999999,4.4,35.0,290.0,10.0,45.0,0.6461183,0.49704027,0.37400332,2026-01-25-20:06:41
15.999999,3.0,40.0,290.0,10.0,55.0,0.6809812,0.514223,0.32228723,2026-01-25-20:06:41
15.999999,4.7,35.0,290.0,10.0,35.0,0.62845635,0.44861075,0.41407588,2026-01-25-20:06:41
15.999999,2.3,40.0,300.0,10.0,60.0,0.66059345,0.54568386,0.28591815,2026-01-25-20:06:41
15.999999,3.1,40.0,300.0,10.0,40.0,0.68156964,0.43886027,0.3383948,2026-01-25-20:06:41
20.0,2.9,40.0,300.0,9.0,50.0,0.67373127,0.4835155,0.36790305,2026-01-25-20:07:59
15.999999,3.0,40.0,300.0,10.0,35.0,0.68270534,0.40712023,0.3369053,2026-01-25-20:07:59
15.999999,4.5,35.0,300.0,10.0,45.0,0.6425219,0.5176166,0.3827708,2026-01-25-20:07:59
15.999999,3.3,40.0,300.0,10.0,55.0,0.67628264,0.5381052,0.3436045,2026-01-25-20:07:59
20.0,2.6,40.0,300.0,9.5,55.0,0.66861147,0.52752846,0.3382487,2026-01-25-20:07:59
24.0,5.0,40.0,190.0,5.0,10.0,0.5117493,0.3406001,0.625997,2026-01-25-20:09:16
20.0,4.5,35.0,180.0,10.0,20.0,0.6173406,0.23350215,0.5138645,2026-01-25-20:09:16
23.0,4.9,40.0,180.0,9.0,10.0,0.514997,0.25897342,0.6466854,2026-01-25-20:09:16
23.0,4.8,40.0,160.0,9.0,10.0,0.51456684,0.22468534,0.6397189,2026-01-25-20:09:16
23.0,5.0,40.0,190.0,10.0,15.0,0.49722475,0.28657606,0.64531934,2026-01-25-20:09:16
5.0,4.7,30.0,300.0,10.0,60.0,0.45573473,0.48620164,0.21331245,2026-01-25-20:10:24
6.0,4.7,30.0,300.0,10.0,60.0,0.4523091,0.49585816,0.20104644,2026-01-25-20:10:24
18.0,4.1,35.0,300.0,5.0,60.0,0.49002752,0.46144578,0.28183153,2026-01-25-20:10:24
7.0,4.7,30.0,300.0,10.0,60.0,0.45593318,0.506783,0.19168949,2026-01-25-20:10:24
29.0,5.0,25.0,300.0,4.0,50.0,0.5350714,0.44259098,0.29727894,2026-01-25-20:10:24
23.0,4.9,40.0,290.0,8.0,40.0,0.5458206,0.4583095,0.5800558,2026-01-25-20:11:40
2.0,4.1,35.0,300.0,5.0,55.0,0.5783768,0.27774978,0.31348568,2026-01-25-20:11:40
3.0,4.1,35.0,300.0,5.0,55.0,0.5672321,0.28256088,0.29673317,2026-01-25-20:11:40
3.0,0.5,35.0,230.0,6.0,55.0,0.23816395,0.20673172,0.21592967,2026-01-25-20:11:40
2.0,4.9,30.0,300.0,5.5,50.0,0.5703427,0.29565784,0.22959206,2026-01-25-20:11:40
15.999999,3.1,40.0,300.0,10.0,45.0,0.68156964,0.46960434,0.33429536,2026-01-25-20:12:54
20.0,3.3,40.0,300.0,9.0,50.0,0.66744787,0.49444187,0.40563723,2026-01-25-20:12:54
20.0,4.9,40.0,300.0,9.0,10.0,0.57293963,0.40331653,0.60240424,2026-01-25-20:12:54
15.999999,3.0,40.0,300.0,10.0,25.0,0.68270534,0.3573131,0.3495611,2026-01-25-20:12:54
24.0,5.0,40.0,300.0,5.5,10.0,0.5372665,0.45236707,0.60446465,2026-01-25-20:12:54
23.0,5.0,40.0,180.0,10.0,10.0,0.49550062,0.26122844,0.64879084,2026-01-25-20:13:51
24.0,5.0,40.0,240.0,5.5,10.0,0.52692163,0.3992134,0.62437856,2026-01-25-20:13:51
20.0,3.1,30.0,300.0,10.0,60.0,0.51790106,0.58735627,0.17258197,2026-01-25-20:13:51
20.0,5.0,40.0,300.0,10.5,40.0,0.5646602,0.5486939,0.5646656,2026-01-25-20:13:51
20.0,3.1,40.0,300.0,9.5,15.0,0.67332876,0.3460654,0.42522523,2026-01-25-20:13:51
20.0,4.1,35.0,300.0,10.5,60.0,0.6479587,0.63477516,0.4132259,2026-01-25-20:14:37
15.0,0.8,25.0,280.0,6.0,40.0,0.32685757,0.30743307,0.086227424,2026-01-25-20:14:37
20.0,4.3,40.0,240.0,9.5,10.0,0.5964977,0.29827297,0.5684302,2026-01-25-20:14:37
23.0,5.0,40.0,190.0,8.0,15.0,0.52648,0.2870791,0.64780444,2026-01-25-20:14:37
24.0,5.0,40.0,210.0,5.5,10.0,0.5217492,0.36310318,0.6303319,2026-01-25-20:14:37
15.999999,3.0,40.0,300.0,10.0,10.0,0.68270534,0.31189847,0.37226063,2026-01-25-20:15:50
25.0,4.1,35.0,300.0,5.0,35.0,0.6044046,0.41807693,0.378985,2026-01-25-20:15:50
15.999999,3.5,35.0,290.0,10.0,45.0,0.6548223,0.4655011,0.29400554,2026-01-25-20:15:50
20.0,5.0,25.0,300.0,11.0,60.0,0.58776146,0.68021566,0.2976434,2026-01-25-20:15:50
15.999999,4.3,40.0,300.0,10.0,60.0,0.6108218,0.6030191,0.42980823,2026-01-25-20:15:50
15.999999,2.8,40.0,300.0,10.0,55.0,0.6817714,0.52481955,0.31072322,2026-01-25-20:17:03
15.999999,3.0,40.0,270.0,10.0,60.0,0.6775329,0.51246285,0.31970555,2026-01-25-20:17:03
15.999999,4.6,35.0,290.0,10.0,45.0,0.63487554,0.5045463,0.3936233,2026-01-25-20:17:03
15.999999,3.1,40.0,300.0,10.0,10.0,0.68156964,0.3145624,0.37884566,2026-01-25-20:17:03
20.0,3.4,40.0,300.0,9.5,55.0,0.66440004,0.5481144,0.41241738,2026-01-25-20:17:03
21.0,4.9,40.0,160.0,7.0,10.0,0.5260274,0.22857678,0.63297164,2026-01-25-20:18:22
23.0,4.9,40.0,140.0,9.0,15.0,0.50810045,0.19911188,0.6416107,2026-01-25-20:18:22
23.0,4.9,40.0,190.0,9.0,15.0,0.5167211,0.2778805,0.6432139,2026-01-25-20:18:22
23.0,5.0,40.0,160.0,10.0,10.0,0.49205232,0.22970967,0.64709175,2026-01-25-20:18:22
20.0,2.9,40.0,300.0,9.5,55.0,0.67453617,0.53411996,0.36502025,2026-01-25-20:18:22
20.0,3.2,40.0,300.0,9.5,35.0,0.67125034,0.421442,0.4071916,2026-01-25-20:19:41
20.0,2.5,40.0,300.0,9.5,50.0,0.6645747,0.4936256,0.33154997,2026-01-25-20:19:41
20.0,2.7,40.0,300.0,9.0,55.0,0.6708219,0.5110104,0.34803924,2026-01-25-20:19:41
20.0,3.5,40.0,300.0,9.5,50.0,0.6597682,0.51926255,0.42396185,2026-01-25-20:19:41
20.0,4.9,40.0,300.0,11.0,60.0,0.5612463,0.6766226,0.54386485,2026-01-25-20:19:41
20.0,2.8,40.0,300.0,9.5,45.0,0.67360294,0.46831912,0.36075217,2026-01-25-20:20:59
20.0,3.1,40.0,300.0,9.5,20.0,0.67332876,0.35788634,0.41759613,2026-01-25-20:20:59
15.999999,2.8,40.0,300.0,10.0,40.0,0.6817714,0.43132246,0.3196568,2026-01-25-20:20:59
20.0,4.1,40.0,300.0,9.5,10.0,0.6211034,0.3715637,0.52966905,2026-01-25-20:20:59
24.0,4.9,40.0,170.0,6.0,10.0,0.52036214,0.29701027,0.63261586,2026-01-25-20:20:59
20.0,3.8,40.0,300.0,9.0,10.0,0.6413099,0.3626284,0.5017944,2026-01-25-20:22:15
24.0,4.9,40.0,219.99998,6.0,10.0,0.5289828,0.36566988,0.6300034,2026-01-25-20:22:15
26.0,4.8,40.0,190.0,9.0,15.0,0.4624261,0.29737526,0.625261,2026-01-25-20:22:15
26.0,4.8,40.0,230.0,10.5,60.0,0.4513116,0.5920022,0.54749036,2026-01-25-20:22:15
20.0,4.3,40.0,190.0,9.0,10.0,0.58707213,0.22107205,0.5770509,2026-01-25-20:22:15
21.0,5.0,40.0,190.0,6.0,15.0,0.5032259,0.2953404,0.6308114,2026-01-25-20:23:40
3.0,5.0,30.0,300.0,5.0,60.0,0.5553388,0.33247444,0.20972233,2026-01-25-20:23:40
21.0,5.0,40.0,190.0,3.0,15.0,0.37298375,0.3150778,0.5883677,2026-01-25-20:23:40
27.0,4.7,40.0,180.0,9.0,10.0,0.4487037,0.28392988,0.6163141,2026-01-25-20:23:40
27.0,4.9,40.0,180.0,9.0,10.0,0.44415268,0.29029566,0.6190843,2026-01-25-20:23:40
20.0,4.0,35.0,300.0,9.5,45.0,0.6556477,0.5052041,0.3946902,2026-01-25-20:24:53
15.999999,4.9,30.0,300.0,10.0,60.0,0.6419851,0.6253911,0.27632353,2026-01-25-20:24:53
20.0,3.7,35.0,300.0,9.5,45.0,0.6545679,0.4945453,0.3660099,2026-01-25-20:24:53
20.0,4.1,35.0,300.0,9.5,25.0,0.65411556,0.40709433,0.4259792,2026-01-25-20:24:53
24.0,4.9,30.0,300.0,5.0,10.0,0.6013499,0.45345306,0.3667971,2026-01-25-20:24:53
15.999999,3.0,40.0,300.0,10.0,45.0,0.68270534,0.46694043,0.3277103,2026-01-25-20:26:11
23.0,4.1,40.0,290.0,8.0,15.0,0.58715224,0.37531146,0.56448734,2026-01-25-20:26:11
15.999999,4.8,30.0,300.0,10.0,60.0,0.64256316,0.62173826,0.26641572,2026-01-25-20:26:11
15.999999,3.0,40.0,300.0,10.0,15.0,0.68270534,0.32271594,0.3644389,2026-01-25-20:26:11
24.0,4.9,40.0,200.0,6.0,10.0,0.5255345,0.33978304,0.63262254,2026-01-25-20:26:11
11.0,4.1,35.0,300.0,5.0,45.0,0.39608186,0.34882715,0.21012461,2026-01-25-20:27:30
11.0,4.3,35.0,90.0,2.5,25.0,0.3656037,0.12311233,0.23390901,2026-01-25-20:27:30
2.0,5.0,25.0,300.0,5.0,50.0,0.52695525,0.29898062,0.25865412,2026-01-25-20:27:30
23.0,4.9,40.0,160.0,9.0,10.0,0.51154876,0.22767684,0.64498633,2026-01-25-20:27:30
2.0,4.1,25.0,300.0,5.5,50.0,0.43422464,0.2658237,0.2603254,2026-01-25-20:27:30
10.0,2.8,40.0,300.0,6.0,55.0,0.4266584,0.325424,0.33781815,2026-01-25-20:28:34
12.0,2.8,40.0,300.0,5.5,55.0,0.41866255,0.34556198,0.30769894,2026-01-25-20:28:34
10.0,3.1,40.0,280.0,6.0,10.0,0.4257578,0.25080967,0.3953965,2026-01-25-20:28:34
12.0,3.1,40.0,300.0,5.5,10.0,0.41998363,0.31819946,0.36294958,2026-01-25-20:28:34
23.0,4.6,40.0,160.0,9.0,15.0,0.5229926,0.22259694,0.62726456,2026-01-25-20:28:34
21.0,4.6,40.0,190.0,7.0,10.0,0.54428315,0.2687725,0.61171824,2026-01-25-20:29:51
21.0,4.4,40.0,190.0,7.0,10.0,0.5562366,0.26284617,0.5952455,2026-01-25-20:29:51
15.999999,2.8,40.0,300.0,10.0,45.0,0.6817714,0.4620666,0.31555733,2026-01-25-20:29:51
20.0,3.1,40.0,300.0,9.5,25.0,0.67332876,0.37407184,0.41034743,2026-01-25-20:29:51
15.999999,3.2,35.0,290.0,10.0,45.0,0.6398022,0.45674285,0.27181447,2026-01-25-20:29:51
20.0,5.0,30.0,300.0,11.0,60.0,0.62945706,0.68021566,0.3571439,2026-01-25-20:31:02
20.0,0.8,40.0,300.0,9.5,60.0,0.50891227,0.54989433,0.22920069,2026-01-25-20:31:02
26.0,4.9,35.0,250.00002,11.0,60.0,0.4933321,0.62613684,0.48966777,2026-01-25-20:31:02
20.0,4.9,30.0,300.0,8.0,35.0,0.63139987,0.44796333,0.32994813,2026-01-25-20:31:02
15.999999,2.0,35.0,250.00002,10.0,60.0,0.51885235,0.47247207,0.20551255,2026-01-25-20:31:02
20.0,4.0,35.0,290.0,10.0,35.0,0.6520477,0.45186383,0.4137566,2026-01-25-20:32:04
17.0,1.2,35.0,70.0,5.0,55.0,0.2325085,0.1464354,0.1491532,2026-01-25-20:32:04
15.999999,2.8,40.0,300.0,10.0,35.0,0.6817714,0.40224642,0.3247523,2026-01-25-20:32:04
15.999999,2.6,40.0,300.0,7.0,50.0,0.55337167,0.3912801,0.30038127,2026-01-25-20:32:04
15.999999,3.3,40.0,300.0,7.0,50.0,0.55318165,0.40879795,0.34401572,2026-01-25-20:32:04
22.0,3.0,40.0,290.0,6.0,10.0,0.6288766,0.37411374,0.45083648,2026-01-25-20:33:24
25.0,4.3,40.0,270.0,5.5,20.0,0.5566488,0.39878467,0.56779206,2026-01-25-20:33:24
15.999999,3.0,40.0,280.0,10.0,60.0,0.6792571,0.5285038,0.31998134,2026-01-25-20:33:24
15.999999,3.0,30.0,300.0,10.0,45.0,0.51811236,0.46694043,0.11933269,2026-01-25-20:33:24
15.999999,4.8,35.0,290.0,10.0,45.0,0.6216525,0.5120184,0.4135705,2026-01-25-20:33:24
19.0,5.0,25.0,300.0,5.0,50.0,0.46198323,0.4715943,0.33086777,2026-01-25-20:34:38
18.0,5.0,25.0,300.0,5.0,50.0,0.4324179,0.4661903,0.3170961,2026-01-25-20:34:38
17.0,5.0,25.0,300.0,5.0,50.0,0.40349403,0.45907295,0.30139595,2026-01-25-20:34:38
15.0,5.0,30.0,300.0,6.5,60.0,0.46462917,0.49832743,0.2387942,2026-01-25-20:34:38
7.0,5.0,25.0,300.0,10.5,50.0,0.42413643,0.47433114,0.15941171,2026-01-25-20:34:38
20.0,3.3,40.0,300.0,10.0,55.0,0.66637695,0.56292707,0.40093917,2026-01-25-20:36:01
20.0,3.3,40.0,290.0,10.0,55.0,0.66465276,0.55135894,0.40035018,2026-01-25-20:36:01
20.0,2.6,40.0,290.0,10.0,60.0,0.66501147,0.5651909,0.3343868,2026-01-25-20:36:01
15.999999,2.8,40.0,290.0,10.0,10.0,0.68004715,0.29253906,0.36378944,2026-01-25-20:36:01
20.0,4.8,40.0,300.0,11.0,60.0,0.5650798,0.67296976,0.5355406,2026-01-25-20:36:01
24.0,4.9,40.0,140.0,6.0,10.0,0.5151897,0.25111592,0.6274435,2026-01-25-20:36:57
20.0,4.9,30.0,260.0,7.5,25.0,0.61479557,0.37105605,0.35275552,2026-01-25-20:36:57
20.0,4.5,35.0,200.0,10.0,15.0,0.62078893,0.25227243,0.5155948,2026-01-25-20:36:57
20.0,4.9,30.0,260.0,7.5,15.0,0.61479557,0.36750442,0.368288,2026-01-25-20:36:57
20.0,4.9,35.0,160.0,11.0,15.0,0.5802554,0.21481262,0.56491864,2026-01-25-20:36:57
20.0,4.6,30.0,300.0,10.0,60.0,0.6370653,0.63912517,0.3112092,2026-01-25-20:37:36
15.999999,3.0,40.0,300.0,10.0,40.0,0.68270534,0.4361963,0.3318098,2026-01-25-20:37:36
12.0,4.9,30.0,300.0,5.5,10.0,0.38005397,0.3810561,0.2306773,2026-01-25-20:37:36
20.0,4.5,25.0,260.0,9.5,55.0,0.54588103,0.53297067,0.2677201,2026-01-25-20:37:36
21.0,0.3,25.0,150.0,5.0,25.0,0.43610895,0.24745692,0.081950985,2026-01-25-20:37:36
20.0,4.5,30.0,300.0,10.0,60.0,0.6339668,0.6353685,0.30256253,2026-01-25-20:38:44
20.0,1.4,35.0,300.0,10.0,60.0,0.47331747,0.56434375,0.18365079,2026-01-25-20:38:44
15.999999,0.7,40.0,300.0,10.0,60.0,0.4960394,0.5419427,0.26497367,2026-01-25-20:38:44
20.0,5.0,30.0,270.0,10.0,35.0,0.6349071,0.46228054,0.36642772,2026-01-25-20:38:44
24.0,4.5,30.0,270.0,4.5,15.0,0.5757066,0.4213705,0.352409,2026-01-25-20:38:44
24.0,5.0,40.0,240.0,6.0,10.0,0.530622,0.3927095,0.6294747,2026-01-25-20:39:12
15.0,4.9,25.0,90.0,7.5,20.0,0.42888576,0.06418185,0.29769707,2026-01-25-20:39:12
28.0,0.7,30.0,70.0,6.5,15.0,0.3224945,0.23014496,0.11312878,2026-01-25-20:39:12
25.0,4.8,40.0,190.0,6.0,10.0,0.5198932,0.33031306,0.62471527,2026-01-25-20:39:12
23.0,0.5,35.0,130.0,9.0,30.0,0.38762042,0.2382901,0.20455202,2026-01-25-20:39:12
3.0,5.0,25.0,300.0,5.0,25.0,0.51364315,0.28970137,0.26711395,2026-01-25-20:40:10
21.0,0.3,25.0,150.0,4.0,50.0,0.3915994,0.26372054,0.05846924,2026-01-25-20:40:10
21.0,5.0,40.0,150.0,7.0,15.0,0.52164155,0.21131381,0.63819146,2026-01-25-20:40:10
20.0,4.9,35.0,300.0,11.0,60.0,0.60439336,0.6766226,0.49016806,2026-01-25-20:40:10
8.0,1.6,25.0,230.0,6.0,10.0,0.21534547,0.15866922,0.24856968,2026-01-25-20:40:10
15.999999,3.2,40.0,300.0,10.0,55.0,0.6794116,0.53516376,0.33637396,2026-01-25-20:41:24
20.0,3.3,40.0,280.0,9.0,55.0,0.66399956,0.50280106,0.40319338,2026-01-25-20:41:24
20.0,2.9,40.0,280.0,9.0,40.0,0.670283,0.40279973,0.37882027,2026-01-25-20:41:24
26.0,4.9,40.0,190.0,9.0,10.0,0.4602787,0.2970044,0.6308508,2026-01-25-20:41:24
15.999999,3.2,40.0,300.0,10.0,20.0,0.6794116,0.34337234,0.37030753,2026-01-25-20:41:24
20.0,3.0,40.0,300.0,10.0,50.0,0.6725608,0.52324176,0.37429133,2026-01-25-20:42:50
15.999999,3.2,40.0,300.0,10.0,40.0,0.6794116,0.44166666,0.34530756,2026-01-25-20:42:50
24.0,4.0,40.0,270.0,6.0,10.0,0.58298767,0.38603538,0.5684922,2026-01-25-20:42:50
15.999999,3.2,40.0,300.0,10.0,45.0,0.6794116,0.47241074,0.34120807,2026-01-25-20:42:50
20.0,3.0,40.0,290.0,9.5,50.0,0.67271256,0.4935882,0.37633175,2026-01-25-20:42:50
28.0,4.8,40.0,190.0,6.0,10.0,0.4764238,0.342887,0.5924227,2026-01-25-20:44:11
15.0,4.0,35.0,300.0,7.5,60.0,0.5360877,0.49282765,0.27367118,2026-01-25-20:44:11
28.0,4.8,40.0,270.0,6.0,20.0,0.4902169,0.39377907,0.56030864,2026-01-25-20:44:11
20.0,3.1,40.0,300.0,9.5,40.0,0.67332876,0.44602334,0.3925961,2026-01-25-20:44:11
20.0,3.1,40.0,300.0,9.0,40.0,0.67252386,0.42988873,0.39364734,2026-01-25-20:44:11
26.0,4.8,35.0,300.0,11.0,60.0,0.50648135,0.65784836,0.48914462,2026-01-25-20:45:23
17.0,2.9,40.0,130.0,6.5,15.0,0.5322843,0.11904562,0.38903242,2026-01-25-20:45:23
15.999999,5.0,30.0,300.0,10.0,60.0,0.64048016,0.62898415,0.28625014,2026-01-25-20:45:23
15.999999,4.8,30.0,130.0,9.5,55.0,0.5979523,0.2817629,0.30188185,2026-01-25-20:45:23
15.999999,3.0,40.0,300.0,10.0,30.0,0.68270534,0.38057777,0.34287137,2026-01-25-20:45:23
20.0,3.9,35.0,170.0,10.0,45.0,0.63196564,0.3283162,0.4300729,2026-01-25-20:46:38
15.999999,4.1,35.0,90.0,10.0,55.0,0.62307817,0.24741335,0.39082956,2026-01-25-20:46:38
28.0,4.1,35.0,90.0,6.5,55.0,0.5125662,0.26093337,0.43315753,2026-01-25-20:46:38
20.0,4.7,30.0,270.0,8.0,60.0,0.6247463,0.53181946,0.29643115,2026-01-25-20:46:38
20.0,4.7,30.0,270.0,7.5,50.0,0.61503863,0.45582637,0.29992765,2026-01-25-20:46:38
20.0,1.1,35.0,300.0,10.0,45.0,0.46091512,0.4719469,0.17578435,2026-01-25-20:47:55
15.999999,1.5,35.0,300.0,10.0,60.0,0.4837937,0.53958786,0.19761242,2026-01-25-20:47:55
20.0,1.3,35.0,300.0,10.0,45.0,0.46825954,0.47147736,0.18430366,2026-01-25-20:47:55
20.0,4.4,30.0,300.0,10.0,60.0,0.62992686,0.6316029,0.29374906,2026-01-25-20:47:55
20.0,4.3,30.0,300.0,10.0,60.0,0.6249679,0.627841,0.28478605,2026-01-25-20:47:55
15.999999,3.0,40.0,290.0,10.0,60.0,0.6809812,0.5443311,0.3208296,2026-01-25-20:49:14
4.0,1.7,40.0,140.0,6.0,55.0,0.39647323,0.19262291,0.44993317,2026-01-25-20:49:14
15.999999,2.8,40.0,270.0,10.0,60.0,0.6765989,0.508717,0.30755255,2026-01-25-20:49:14
15.999999,2.9,40.0,300.0,10.0,60.0,0.6827806,0.5573559,0.31601214,2026-01-25-20:49:14
15.999999,2.8,40.0,290.0,10.0,25.0,0.68004715,0.3377468,0.34063375,2026-01-25-20:49:14
21.0,4.8,40.0,140.0,7.0,15.0,0.52615255,0.18916161,0.62219703,2026-01-25-20:50:38
23.0,5.0,40.0,180.0,9.5,15.0,0.50466794,0.26708198,0.6479204,2026-01-25-20:50:38
22.0,5.0,40.0,140.0,6.0,20.0,0.50727546,0.22172686,0.6332628,2026-01-25-20:50:38
15.999999,2.9,40.0,300.0,10.0,55.0,0.6827806,0.5271788,0.3166277,2026-01-25-20:50:38
20.0,5.0,40.0,140.0,9.0,10.0,0.5424259,0.15860559,0.63225716,2026-01-25-20:50:38
15.999999,2.9,40.0,290.0,10.0,40.0,0.6810565,0.418597,0.3272518,2026-01-25-20:52:04
20.0,4.0,35.0,300.0,10.5,60.0,0.64949083,0.6310998,0.4037877,2026-01-25-20:52:04
20.0,4.7,35.0,230.0,9.5,10.0,0.6170214,0.29667187,0.5250008,2026-01-25-20:52:04
23.0,3.0,40.0,300.0,8.0,30.0,0.6366392,0.36744756,0.44602013,2026-01-25-20:52:04
22.0,4.1,40.0,190.0,6.0,10.0,0.5617414,0.28276327,0.5744944,2026-01-25-20:52:04
23.0,4.9,40.0,180.0,8.5,15.0,0.5218319,0.264277,0.6442363,2026-01-25-20:53:21
23.0,5.0,40.0,110.0,8.0,15.0,0.51268697,0.15958886,0.63832504,2026-01-25-20:53:21
23.0,4.8,40.0,180.0,8.5,15.0,0.52485013,0.26104125,0.6389689,2026-01-25-20:53:21
25.0,4.6,40.0,140.0,6.0,15.0,0.5185483,0.25233892,0.6126227,2026-01-25-20:53:21
24.0,3.7,40.0,270.0,6.0,10.0,0.6006998,0.3763066,0.54742575,2026-01-25-20:53:21
23.0,5.0,40.0,219.99998,10.0,60.0,0.5023972,0.5620545,0.5751406,2026-01-25-20:54:39
20.0,4.9,25.0,300.0,11.0,60.0,0.5794068,0.6766226,0.28995374,2026-01-25-20:54:39
20.0,4.8,25.0,300.0,11.0,60.0,0.5703917,0.67296976,0.28203762,2026-01-25-20:54:39
20.0,4.7,35.0,300.0,11.0,60.0,0.6165921,0.66926956,0.47357875,2026-01-25-20:54:39
23.0,5.0,40.0,190.0,9.5,10.0,0.50639206,0.27567416,0.65060157,2026-01-25-20:54:39
26.0,5.0,30.0,250.00002,10.5,60.0,0.5225227,0.6178403,0.3435579,2026-01-25-20:55:54
15.999999,2.9,40.0,300.0,10.0,45.0,0.6827806,0.46442583,0.3214618,2026-01-25-20:55:54
26.0,5.0,40.0,300.0,11.0,60.0,0.4575777,0.6650943,0.5467205,2026-01-25-20:55:54
26.0,4.9,35.0,300.0,11.0,60.0,0.50195277,0.6615012,0.49113134,2026-01-25-20:55:54
24.0,4.9,40.0,270.0,6.0,10.0,0.5376035,0.418794,0.616481,2026-01-25-20:55:54
26.0,4.9,40.0,140.0,9.5,15.0,0.44424543,0.23586594,0.6247292,2026-01-25-20:57:04
23.0,5.0,40.0,290.0,10.0,50.0,0.5144661,0.5834442,0.5739753,2026-01-25-20:57:04
23.0,5.0,40.0,190.0,8.0,10.0,0.52648,0.28816357,0.6512714,2026-01-25-20:57:04
15.999999,2.9,40.0,290.0,10.0,60.0,0.6810565,0.5419953,0.3145811,2026-01-25-20:57:04
4.0,5.0,25.0,290.0,5.0,55.0,0.4924725,0.3077389,0.22501728,2026-01-25-20:57:04
15.999999,4.2,35.0,290.0,10.0,35.0,0.6545801,0.42991978,0.3653845,2026-01-25-20:58:26
15.999999,2.9,40.0,300.0,10.0,35.0,0.6827806,0.40460563,0.3306568,2026-01-25-20:58:26
15.999999,4.2,35.0,290.0,10.0,20.0,0.6545801,0.36090845,0.3864911,2026-01-25-20:58:26
15.999999,4.7,35.0,300.0,8.0,50.0,0.55501574,0.4851165,0.36641383,2026-01-25-20:58:26
20.0,4.7,35.0,240.0,10.5,20.0,0.61258864,0.348765,0.52336466,2026-01-25-20:58:26
9.0,4.1,35.0,300.0,5.0,60.0,0.42687157,0.35906976,0.21143636,2026-01-25-20:59:57
13.0,4.1,35.0,300.0,5.0,60.0,0.39220336,0.4119823,0.21269879,2026-01-25-20:59:57
23.0,4.8,40.0,190.0,9.5,15.0,0.51150936,0.27567464,0.6368952,2026-01-25-20:59:57
7.0,4.1,35.0,300.0,10.0,60.0,0.4719187,0.48430184,0.32231462,2026-01-25-20:59:57
23.0,5.0,40.0,190.0,10.0,10.0,0.49722475,0.27651724,0.6487863,2026-01-25-20:59:57
22.0,2.9,40.0,300.0,5.0,55.0,0.6025144,0.4174544,0.37719852,2026-01-25-21:01:18
20.0,3.9,35.0,290.0,9.5,10.0,0.65453124,0.35260138,0.4334097,2026-01-25-21:01:18
21.0,4.3,40.0,190.0,7.0,10.0,0.56283927,0.26008025,0.58669597,2026-01-25-21:01:18
23.0,4.2,40.0,180.0,8.0,15.0,0.56167805,0.24830227,0.60068613,2026-01-25-21:01:18
23.0,5.0,40.0,130.0,10.0,20.0,0.48687994,0.20504777,0.6419457,2026-01-25-21:01:18
20.0,2.7,40.0,290.0,9.5,60.0,0.6699026,0.55070376,0.34494138,2026-01-25-21:02:45
20.0,2.9,40.0,300.0,10.0,60.0,0.67266035,0.58217776,0.3625894,2026-01-25-21:02:45
24.0,3.5,40.0,300.0,6.0,10.0,0.61561745,0.3914152,0.5213493,2026-01-25-21:02:45
15.999999,3.4,40.0,290.0,10.0,55.0,0.67052287,0.5250663,0.3505527,2026-01-25-21:02:45
15.999999,2.8,40.0,280.0,10.0,20.0,0.67832303,0.3035056,0.3517922,2026-01-25-21:02:45
21.0,5.0,40.0,100.0,7.0,15.0,0.5130208,0.13206106,0.6250998,2026-01-25-21:03:38
8.0,4.0,30.0,219.99998,6.5,10.0,0.37501785,0.1607033,0.21369678,2026-01-25-21:03:38
20.0,4.1,35.0,150.0,9.5,55.0,0.62825346,0.34301946,0.4333005,2026-01-25-21:03:38
20.0,4.5,35.0,150.0,11.0,10.0,0.6015458,0.17113824,0.530261,2026-01-25-21:03:38
20.0,3.4,25.0,300.0,9.0,25.0,0.44439578,0.37508136,0.19659291,2026-01-25-21:03:38
15.999999,4.1,35.0,140.0,10.0,60.0,0.63169885,0.327876,0.36960712,2026-01-25-21:04:48
20.0,4.0,35.0,110.0,9.5,60.0,0.6228891,0.3138308,0.4299023,2026-01-25-21:04:48
20.0,5.0,30.0,240.0,9.0,40.0,0.6308056,0.41219693,0.35762388,2026-01-25-21:04:48
3.0,2.0,30.0,240.0,4.5,40.0,0.2949478,0.16715536,0.21813089,2026-01-25-21:04:48
25.0,4.4,35.0,140.0,5.0,10.0,0.57097334,0.26226354,0.45014185,2026-01-25-21:04:48
21.0,5.0,40.0,160.0,7.0,20.0,0.5233657,0.22604896,0.63682675,2026-01-25-21:06:10
5.0,4.9,40.0,190.0,9.0,15.0,0.36820522,0.12983944,0.5056884,2026-01-25-21:06:10
5.0,4.8,40.0,140.0,9.0,15.0,0.36433226,0.1076494,0.50271297,2026-01-25-21:06:10
27.0,4.9,40.0,160.0,8.5,15.0,0.44703948,0.2718601,0.61658365,2026-01-25-21:06:10
5.0,4.9,40.0,190.0,9.0,10.0,0.36820522,0.12612763,0.5091554,2026-01-25-21:06:10
15.999999,2.8,40.0,290.0,10.0,60.0,0.68004715,0.5398214,0.30867657,2026-01-25-21:07:34
15.999999,2.9,40.0,300.0,10.0,25.0,0.6827806,0.3547985,0.3433126,2026-01-25-21:07:34
15.999999,2.9,40.0,300.0,10.0,10.0,0.6827806,0.30938387,0.36601213,2026-01-25-21:07:34
15.999999,2.7,40.0,300.0,10.0,60.0,0.67966735,0.55279803,0.30455348,2026-01-25-21:07:34
15.999999,3.2,40.0,280.0,10.0,35.0,0.6759633,0.38122743,0.3553817,2026-01-25-21:07:34
24.0,4.6,40.0,180.0,6.0,10.0,0.53267145,0.30233362,0.6198148,2026-01-25-21:08:51
23.0,4.8,40.0,290.0,10.0,55.0,0.5195834,0.607313,0.56109023,2026-01-25-21:08:51
26.0,4.9,40.0,180.0,11.0,15.0,0.43811604,0.31116083,0.6196303,2026-01-25-21:08:51
24.0,4.9,40.0,180.0,4.5,10.0,0.5023981,0.32527426,0.61536354,2026-01-25-21:08:51
23.0,4.7,40.0,180.0,9.0,15.0,0.52186275,0.25625044,0.6331704,2026-01-25-21:08:51
20.0,5.0,30.0,270.0,9.0,15.0,0.635978,0.3734324,0.38556957,2026-01-25-21:10:15
13.0,4.4,30.0,300.0,4.5,35.0,0.35668692,0.38782156,0.16536805,2026-01-25-21:10:15
20.0,5.0,30.0,200.0,9.0,15.0,0.62390906,0.26370287,0.4051123,2026-01-25-21:10:15
24.0,5.0,30.0,190.0,5.0,15.0,0.58288765,0.34136435,0.3944138,2026-01-25-21:10:15
20.0,4.0,35.0,100.0,9.5,60.0,0.621165,0.30086845,0.43281707,2026-01-25-21:10:15
15.999999,2.6,35.0,300.0,10.0,60.0,0.59013915,0.5507644,0.22978595,2026-01-25-21:11:30
24.0,4.2,30.0,300.0,4.0,60.0,0.55077106,0.4657642,0.28340885,2026-01-25-21:11:30
20.0,4.2,30.0,300.0,10.0,60.0,0.6191256,0.62409544,0.27569115,2026-01-25-21:11:30
24.0,4.2,30.0,300.0,6.0,10.0,0.5827316,0.41615254,0.33557943,2026-01-25-21:11:30
20.0,4.2,30.0,300.0,10.0,30.0,0.6191256,0.44480273,0.29630187,2026-01-25-21:11:30
20.0,5.0,30.0,180.0,9.0,60.0,0.62046075,0.4304243,0.34831965,2026-01-25-21:12:47
20.0,5.0,40.0,50.0,9.0,10.0,0.52690864,0.03966411,0.58839303,2026-01-25-21:12:47
20.0,4.0,35.0,50.0,9.5,60.0,0.61254424,0.24930963,0.4415158,2026-01-25-21:12:47
20.0,4.9,30.0,180.0,9.0,40.0,0.621076,0.30696073,0.37136665,2026-01-25-21:12:47
20.0,4.8,35.0,50.0,11.0,10.0,0.5675046,0.04701765,0.5098708,2026-01-25-21:12:47
9.0,5.0,30.0,300.0,6.0,60.0,0.4014847,0.40929472,0.16653936,2026-01-25-21:14:06
27.0,4.6,40.0,140.0,9.0,15.0,0.4452305,0.23671547,0.6095435,2026-01-25-21:14:06
20.0,4.4,25.0,300.0,9.5,25.0,0.54205614,0.41831845,0.28477556,2026-01-25-21:14:06
20.0,3.5,30.0,300.0,10.0,60.0,0.55901545,0.5993581,0.20996124,2026-01-25-21:14:06
10.0,5.0,25.0,300.0,5.0,55.0,0.3456384,0.38923827,0.19970205,2026-01-25-21:14:06
20.0,3.0,40.0,300.0,9.5,55.0,0.6744367,0.53663456,0.37427503,2026-01-25-21:15:32
15.999999,2.9,40.0,280.0,10.0,50.0,0.6793324,0.4651787,0.31944427,2026-01-25-21:15:32
20.0,2.9,40.0,300.0,9.0,20.0,0.67373127,0.34826168,0.40000504,2026-01-25-21:15:32
15.999999,3.2,40.0,300.0,10.0,25.0,0.6794116,0.36278343,0.36305884,2026-01-25-21:15:32
20.0,4.2,40.0,240.0,9.5,20.0,0.60356915,0.31348452,0.5452819,2026-01-25-21:15:32
24.0,5.0,40.0,180.0,6.0,10.0,0.5202772,0.3150441,0.63704866,2026-01-25-21:16:56
23.0,5.0,40.0,270.0,10.0,25.0,0.51101786,0.42365536,0.6088443,2026-01-25-21:16:56
23.0,5.0,40.0,270.0,10.0,20.0,0.51101786,0.40445116,0.6166723,2026-01-25-21:16:56
23.0,5.0,40.0,150.0,8.0,10.0,0.5195835,0.22529659,0.6478527,2026-01-25-21:16:56
26.0,4.9,25.0,260.0,10.0,60.0,0.47695786,0.6079837,0.29431447,2026-01-25-21:16:56
24.0,4.7,40.0,190.0,6.0,10.0,0.53010124,0.31940547,0.6245577,2026-01-25-21:18:24
24.0,4.7,40.0,240.0,6.0,10.0,0.5387219,0.38167787,0.61698824,2026-01-25-21:18:24
23.0,4.7,40.0,190.0,9.5,10.0,0.515357,0.26566252,0.63480026,2026-01-25-21:18:24
23.0,4.6,40.0,190.0,8.0,10.0,0.5400231,0.27501056,0.62961584,2026-01-25-21:18:24
23.0,4.7,40.0,240.0,9.5,55.0,0.52397776,0.5305527,0.562391,2026-01-25-21:18:24
20.0,4.7,40.0,300.0,11.0,60.0,0.5697283,0.66926956,0.5270034,2026-01-25-21:19:46
21.0,3.0,40.0,300.0,7.0,10.0,0.64740103,0.36605892,0.4373815,2026-01-25-21:19:46
15.999999,2.2,40.0,300.0,10.0,60.0,0.6533512,0.5443358,0.28216276,2026-01-25-21:19:46
21.0,4.2,40.0,190.0,7.0,10.0,0.5696949,0.2574574,0.57795733,2026-01-25-21:19:46
15.999999,2.2,35.0,300.0,10.0,60.0,0.54812115,0.5443358,0.21313843,2026-01-25-21:19:46
23.0,5.0,40.0,240.0,10.0,35.0,0.5058454,0.43854704,0.60420823,2026-01-25-21:20:59
23.0,4.9,40.0,180.0,9.5,10.0,0.5067671,0.25705475,0.6456341,2026-01-25-21:20:59
20.0,5.0,40.0,140.0,10.5,15.0,0.53707397,0.17443891,0.62752956,2026-01-25-21:20:59
23.0,4.5,40.0,180.0,9.0,10.0,0.5316422,0.24670538,0.62385887,2026-01-25-21:20:59
26.0,4.5,40.0,140.0,9.0,10.0,0.46484086,0.22144657,0.6151347,2026-01-25-21:20:59
21.0,5.0,40.0,170.0,7.0,15.0,0.5250898,0.24496368,0.6393728,2026-01-25-21:22:17
20.0,5.0,40.0,130.0,10.5,10.0,0.53534985,0.14533366,0.6239837,2026-01-25-21:22:17
26.0,5.0,40.0,130.0,9.5,10.0,0.44129324,0.2177904,0.6230758,2026-01-25-21:22:17
22.0,5.0,40.0,130.0,6.0,10.0,0.50555134,0.21170774,0.6302902,2026-01-25-21:22:17
20.0,5.0,40.0,170.0,10.5,10.0,0.5422464,0.21150397,0.632044,2026-01-25-21:22:17
23.0,4.8,40.0,180.0,8.0,10.0,0.52987325,0.2663084,0.6410365,2026-01-25-21:23:39
25.0,4.8,40.0,240.0,5.5,10.0,0.5288716,0.39359215,0.61204964,2026-01-25-21:23:39
26.0,4.9,40.0,200.0,10.5,20.0,0.44399175,0.34251022,0.6155167,2026-01-25-21:23:39
23.0,4.9,40.0,160.0,9.5,15.0,0.50331885,0.23231684,0.6428969,2026-01-25-21:23:39
23.0,4.8,40.0,240.0,8.0,60.0,0.54021806,0.51083976,0.5633992,2026-01-25-21:23:39
23.0,5.0,40.0,280.0,10.0,40.0,0.512742,0.51201075,0.58466744,2026-01-25-21:24:43
24.0,5.0,40.0,210.0,6.0,10.0,0.5254496,0.35659924,0.635428,2026-01-25-21:24:43
26.0,4.9,40.0,170.0,9.0,15.0,0.45683044,0.27579218,0.62842214,2026-01-25-21:24:43
21.0,5.0,40.0,160.0,6.5,15.0,0.5121563,0.23642974,0.6357579,2026-01-25-21:24:43
15.999999,3.0,40.0,290.0,10.0,45.0,0.6809812,0.45160788,0.32870156,2026-01-25-21:24:43
11.0,5.0,30.0,300.0,5.0,10.0,0.37459597,0.37600106,0.22709833,2026-01-25-21:25:59
20.0,5.0,40.0,210.0,9.5,10.0,0.5552998,0.27482837,0.635318,2026-01-25-21:25:59
21.0,5.0,40.0,180.0,7.0,15.0,0.5268139,0.26181152,0.63912034,2026-01-25-21:25:59
23.0,5.0,40.0,70.0,8.0,10.0,0.5057904,0.10205153,0.6143916,2026-01-25-21:25:59
21.0,5.0,40.0,70.0,7.0,15.0,0.50784844,0.0916059,0.61077595,2026-01-25-21:25:59
20.0,4.3,40.0,210.0,9.5,10.0,0.5913253,0.25144708,0.5743835,2026-01-25-21:26:56
20.0,4.9,25.0,160.0,9.0,30.0,0.5669622,0.22780783,0.3673837,2026-01-25-21:26:56
23.0,3.7,40.0,300.0,8.0,10.0,0.6138383,0.3695589,0.5373058,2026-01-25-21:26:56
25.0,5.0,40.0,160.0,5.5,10.0,0.5111227,0.30209506,0.62385035,2026-01-25-21:26:56
15.999999,2.9,40.0,300.0,10.0,30.0,0.6827806,0.37806317,0.33662286,2026-01-25-21:26:56
28.0,4.9,40.0,160.0,6.5,15.0,0.461716,0.3039278,0.5945283,2026-01-25-21:28:15
23.0,5.0,40.0,150.0,9.5,10.0,0.49949554,0.2128072,0.6471829,2026-01-25-21:28:15
23.0,5.0,40.0,160.0,8.0,20.0,0.52130765,0.24180235,0.6462968,2026-01-25-21:28:15
24.0,5.0,40.0,120.0,6.0,15.0,0.50993234,0.2192154,0.6272984,2026-01-25-21:28:15
26.0,5.0,40.0,240.0,10.5,40.0,0.44966027,0.49106333,0.5751124,2026-01-25-21:28:15
15.999999,2.9,40.0,300.0,10.0,20.0,0.6827806,0.3353874,0.3505613,2026-01-25-21:29:52
15.999999,2.7,40.0,280.0,10.0,55.0,0.6762191,0.49251992,0.3045568,2026-01-25-21:29:52
15.999999,2.8,40.0,300.0,10.0,30.0,0.6817714,0.37570393,0.33071837,2026-01-25-21:29:52
24.0,3.9,40.0,270.0,6.0,10.0,0.58915436,0.38268858,0.56173176,2026-01-25-21:29:52
15.999999,2.9,40.0,270.0,10.0,60.0,0.6776082,0.5105037,0.31345704,2026-01-25-21:29:52
26.0,4.6,40.0,240.0,11.0,55.0,0.45730117,0.58141,0.5427958,2026-01-25-21:31:18
23.0,5.0,40.0,180.0,8.5,15.0,0.5197327,0.26760766,0.6492083,2026-01-25-21:31:18
24.0,4.6,40.0,219.99998,6.0,20.0,0.53956807,0.34993872,0.6047742,2026-01-25-21:31:18
23.0,4.8,40.0,170.0,8.0,15.0,0.5281491,0.24967791,0.6386033,2026-01-25-21:31:18
23.0,4.7,40.0,160.0,8.5,15.0,0.5252495,0.22698636,0.6333554,2026-01-25-21:31:18
15.999999,3.2,40.0,300.0,10.0,30.0,0.6794116,0.38604814,0.3563691,2026-01-25-21:32:51
20.0,3.4,40.0,290.0,10.0,60.0,0.6608001,0.5843892,0.40855548,2026-01-25-21:32:51
15.999999,3.2,40.0,300.0,10.0,10.0,0.6794116,0.31736884,0.38575837,2026-01-25-21:32:51
20.0,3.2,40.0,300.0,10.0,50.0,0.6693745,0.5287121,0.39317885,2026-01-25-21:32:51
20.0,3.7,40.0,300.0,9.0,10.0,0.6477195,0.35914832,0.4920576,2026-01-25-21:32:51
25.0,4.9,40.0,240.0,6.0,55.0,0.5260757,0.4350659,0.55540216,2026-01-25-21:33:28
23.0,4.9,35.0,260.0,10.0,60.0,0.5545399,0.609931,0.49135795,2026-01-25-21:33:28
8.0,4.1,35.0,300.0,5.0,60.0,0.4497581,0.34633553,0.22007486,2026-01-25-21:33:28
5.0,3.6,35.0,90.0,9.5,60.0,0.4263861,0.31019336,0.39340043,2026-01-25-21:33:28
25.0,4.8,40.0,240.0,6.0,55.0,0.52851397,0.43138447,0.55230606,2026-01-25-21:33:28
21.0,2.5,40.0,300.0,7.0,55.0,0.6373069,0.44115695,0.34149906,2026-01-25-21:35:04
21.0,3.1,40.0,300.0,7.0,55.0,0.6463777,0.4547921,0.39756885,2026-01-25-21:35:04
23.0,3.6,40.0,300.0,8.0,10.0,0.61921513,0.36616647,0.5289344,2026-01-25-21:35:04
15.999999,2.1,40.0,300.0,10.0,60.0,0.64523953,0.54316074,0.27876714,2026-01-25-21:35:04
21.0,2.9,40.0,300.0,7.0,60.0,0.6474284,0.47827724,0.37787282,2026-01-25-21:35:04
21.0,5.0,40.0,210.0,7.0,15.0,0.53198636,0.31130388,0.63528633,2026-01-25-21:35:45
30.0,4.8,40.0,170.0,7.0,15.0,0.43192884,0.30759087,0.56514734,2026-01-25-21:35:45
30.0,4.8,40.0,180.0,8.5,15.0,0.43347856,0.29765546,0.56941843,2026-01-25-21:35:45
8.0,4.7,35.0,120.0,5.0,45.0,0.3898912,0.12773365,0.2922182,2026-01-25-21:35:45
21.0,5.0,40.0,210.0,6.5,10.0,0.520777,0.32292274,0.63687444,2026-01-25-21:35:45
11.0,5.0,25.0,300.0,5.0,25.0,0.33290035,0.3763785,0.23448998,2026-01-25-21:36:58
11.0,4.2,25.0,300.0,5.0,25.0,0.2616067,0.34666795,0.18449509,2026-01-25-21:36:58
9.0,4.2,25.0,300.0,4.0,25.0,0.30442092,0.33543813,0.19331145,2026-01-25-21:36:58
20.0,4.3,25.0,300.0,9.5,60.0,0.53117704,0.6115161,0.24864808,2026-01-25-21:36:58
15.999999,1.0,35.0,300.0,10.0,60.0,0.45912707,0.5404339,0.19596663,2026-01-25-21:36:58
21.0,3.6,40.0,210.0,7.0,10.0,0.6125815,0.27375764,0.5208897,2026-01-25-21:37:58
20.0,3.9,40.0,270.0,9.5,10.0,0.6301559,0.32743716,0.52123874,2026-01-25-21:37:58
22.0,4.7,30.0,290.0,5.0,50.0,0.5738003,0.45589796,0.30666217,2026-01-25-21:37:58
15.999999,4.9,40.0,40.0,9.0,60.0,0.49520186,0.2190566,0.5452928,2026-01-25-21:37:58
21.0,3.2,40.0,300.0,7.0,10.0,0.64439654,0.37152928,0.45656708,2026-01-25-21:37:58
15.999999,3.1,40.0,300.0,10.0,20.0,0.68156964,0.34056595,0.36339483,2026-01-25-21:39:01
15.999999,2.8,40.0,300.0,10.0,15.0,0.6817714,0.31784213,0.35228592,2026-01-25-21:39:01
25.0,5.0,40.0,190.0,5.5,20.0,0.51629514,0.3400385,0.6175525,2026-01-25-21:39:01
20.0,2.8,40.0,300.0,9.5,10.0,0.67360294,0.33100343,0.4053025,2026-01-25-21:39:01
23.0,4.0,40.0,190.0,8.0,10.0,0.57643527,0.25891018,0.58864385,2026-01-25-21:39:01
20.0,5.0,25.0,300.0,8.5,30.0,0.59577,0.4417886,0.3348996,2026-01-25-21:39:47
20.0,5.0,25.0,300.0,8.0,30.0,0.58908904,0.43672138,0.3388843,2026-01-25-21:39:47
19.0,5.0,25.0,160.0,5.0,50.0,0.4378453,0.23895955,0.36713636,2026-01-25-21:39:47
27.0,3.5,25.0,140.0,8.5,60.0,0.29734218,0.4019439,0.29185003,2026-01-25-21:39:47
17.0,0.9,40.0,60.0,5.0,50.0,0.2810006,0.13505462,0.28812397,2026-01-25-21:39:47
24.0,5.0,40.0,219.99998,6.0,50.0,0.52717376,0.39405495,0.57675874,2026-01-25-21:41:18
23.0,5.0,40.0,170.0,8.0,15.0,0.5230318,0.25602227,0.64884275,2026-01-25-21:41:18
14.0,5.0,30.0,300.0,4.5,60.0,0.3651263,0.45379096,0.21751317,2026-01-25-21:41:18
26.0,4.9,30.0,270.0,10.0,60.0,0.5293474,0.6156124,0.3343982,2026-01-25-21:41:18
20.0,5.0,35.0,270.0,8.0,60.0,0.5942242,0.54299027,0.44908768,2026-01-25-21:41:18
29.0,4.8,40.0,190.0,6.0,15.0,0.45968547,0.34070188,0.5734032,2026-01-25-21:42:24
22.0,4.9,40.0,180.0,5.5,15.0,0.5039428,0.295448,0.6250521,2026-01-25-21:42:24
27.0,4.9,40.0,230.0,9.5,55.0,0.4479412,0.5329968,0.5480023,2026-01-25-21:42:24
29.0,4.8,40.0,140.0,6.0,15.0,0.4510648,0.29263365,0.57179993,2026-01-25-21:42:24
3.0,4.5,40.0,200.0,5.5,55.0,0.4883166,0.20566994,0.45982295,2026-01-25-21:42:24
24.0,5.0,40.0,300.0,6.0,10.0,0.54096687,0.44586313,0.6095609,2026-01-25-21:42:53
28.0,3.9,35.0,260.0,6.5,10.0,0.53998643,0.35365126,0.44114622,2026-01-25-21:42:53
4.0,2.5,30.0,230.0,6.0,45.0,0.30629143,0.15590347,0.22155412,2026-01-25-21:42:53
19.0,0.9,40.0,60.0,5.0,35.0,0.33992112,0.1328621,0.27095667,2026-01-25-21:42:53
18.0,3.8,25.0,219.99998,4.0,10.0,0.25089985,0.28704762,0.27996144,2026-01-25-21:42:53
22.0,5.0,40.0,180.0,4.5,15.0,0.46819746,0.31050435,0.61841244,2026-01-25-21:43:33
22.0,0.7,35.0,30.0,4.0,45.0,0.3051905,0.14749692,0.10055184,2026-01-25-21:43:33
20.0,4.9,40.0,219.99998,9.5,20.0,0.5599515,0.30599394,0.6138001,2026-01-25-21:43:33
22.0,4.9,40.0,190.0,6.0,10.0,0.5182807,0.30627903,0.6328295,2026-01-25-21:43:33
20.0,5.0,40.0,140.0,7.5,10.0,0.5223524,0.17678158,0.6303737,2026-01-25-21:43:33
21.0,2.8,40.0,300.0,7.0,60.0,0.64643586,0.47591802,0.36844808,2026-01-25-21:44:56
15.999999,2.9,40.0,300.0,10.0,15.0,0.6827806,0.32020134,0.3581904,2026-01-25-21:44:56
23.0,2.9,40.0,300.0,8.0,60.0,0.6364332,0.51101154,0.41610757,2026-01-25-21:44:56
25.0,2.8,40.0,300.0,5.0,60.0,0.6121237,0.42115957,0.41552114,2026-01-25-21:44:56
23.0,3.1,40.0,300.0,8.0,10.0,0.635873,0.35087046,0.48463407,2026-01-25-21:44:56
25.0,4.8,40.0,300.0,5.5,10.0,0.5392164,0.44007152,0.5921358,2026-01-25-21:45:44
21.0,2.6,30.0,200.0,4.0,30.0,0.32443643,0.292445,0.16450998,2026-01-25-21:45:44
20.0,5.0,40.0,210.0,10.5,60.0,0.5491429,0.5318329,0.5615398,2026-01-25-21:45:44
23.0,4.9,40.0,300.0,9.0,60.0,0.5356867,0.6160285,0.5691976,2026-01-25-21:45:44
24.0,3.2,40.0,240.0,6.0,10.0,0.6148183,0.3384111,0.5167246,2026-01-25-21:45:44
24.0,5.0,40.0,210.0,6.0,15.0,0.5254496,0.35401702,0.6305291,2026-01-25-21:47:04
20.0,4.1,40.0,219.99998,9.5,10.0,0.6073103,0.26135153,0.55398405,2026-01-25-21:47:04
25.0,3.9,40.0,270.0,5.5,10.0,0.580346,0.38734323,0.56217724,2026-01-25-21:47:04
20.0,3.1,40.0,300.0,9.0,45.0,0.67252386,0.45811307,0.38954785,2026-01-25-21:47:04
20.0,2.9,40.0,300.0,9.5,60.0,0.67453617,0.5658529,0.36440465,2026-01-25-21:47:04
23.0,5.0,40.0,300.0,10.0,35.0,0.5161903,0.5008956,0.58594775,2026-01-25-21:48:34
23.0,3.5,40.0,190.0,8.0,10.0,0.60506225,0.24991755,0.54786104,2026-01-25-21:48:34
21.0,5.0,40.0,190.0,6.5,10.0,0.5173287,0.2903023,0.63849056,2026-01-25-21:48:34
27.0,4.7,40.0,140.0,8.5,20.0,0.4481423,0.24509816,0.6109027,2026-01-25-21:48:34
20.0,4.3,40.0,300.0,9.5,40.0,0.6068426,0.486508,0.50806546,2026-01-25-21:48:34
14.0,5.0,25.0,300.0,4.5,55.0,0.3234307,0.44060996,0.25085413,2026-01-25-21:49:48
22.0,5.0,25.0,290.0,4.5,55.0,0.51660573,0.4785253,0.3547554,2026-01-25-21:49:48
23.0,5.0,40.0,170.0,8.0,10.0,0.5230318,0.25724468,0.65071565,2026-01-25-21:49:48
23.0,5.0,40.0,190.0,10.0,60.0,0.49722475,0.51690304,0.5838306,2026-01-25-21:49:48
13.0,5.0,25.0,300.0,5.0,55.0,0.3292674,0.4289232,0.23277587,2026-01-25-21:49:48
23.0,5.0,40.0,170.0,9.5,10.0,0.5029438,0.24475528,0.6500458,2026-01-25-21:51:24
15.999999,3.0,40.0,290.0,10.0,50.0,0.6809812,0.48301837,0.32493293,2026-01-25-21:51:24
24.0,5.0,40.0,170.0,6.0,10.0,0.5185531,0.30023554,0.6364884,2026-01-25-21:51:24
25.0,3.6,40.0,300.0,5.5,10.0,0.6014596,0.39616376,0.53258353,2026-01-25-21:51:24
23.0,3.9,40.0,190.0,8.0,10.0,0.58285093,0.2567615,0.580916,2026-01-25-21:51:24
12.0,5.0,25.0,300.0,5.0,55.0,0.3272973,0.41599247,0.21900424,2026-01-25-21:52:38
20.0,3.3,40.0,300.0,9.5,10.0,0.6682528,0.34428903,0.45213884,2026-01-25-21:52:38
20.0,4.5,35.0,230.0,10.0,60.0,0.6259613,0.53365636,0.44449943,2026-01-25-21:52:38
20.0,4.9,30.0,300.0,10.0,60.0,0.6406947,0.65021294,0.33599004,2026-01-25-21:52:38
23.0,5.0,40.0,180.0,9.5,20.0,0.50466794,0.27807534,0.6441147,2026-01-25-21:52:38
24.0,5.0,40.0,280.0,6.0,10.0,0.53751856,0.43098676,0.61686105,2026-01-25-21:53:58
23.0,4.9,40.0,150.0,9.0,15.0,0.50982463,0.21518111,0.643071,2026-01-25-21:53:58
23.0,4.9,40.0,170.0,9.0,10.0,0.5132729,0.24344866,0.64612514,2026-01-25-21:53:58
20.0,3.1,40.0,300.0,9.5,60.0,0.67332876,0.57103145,0.38304695,2026-01-25-21:53:58
20.0,4.0,35.0,300.0,10.0,60.0,0.6537719,0.6167035,0.39680627,2026-01-25-21:53:58
20.0,3.1,40.0,300.0,8.5,55.0,0.66883904,0.50219214,0.38495043,2026-01-25-21:55:25
21.0,2.7,40.0,300.0,6.5,60.0,0.63320374,0.4588277,0.3558173,2026-01-25-21:55:25
20.0,3.2,40.0,300.0,9.0,10.0,0.67044544,0.34326628,0.44359818,2026-01-25-21:55:25
20.0,3.2,40.0,300.0,8.5,60.0,0.6667606,0.5376895,0.39383486,2026-01-25-21:55:25
20.0,2.9,40.0,300.0,9.5,10.0,0.67453617,0.33336267,0.41440466,2026-01-25-21:55:25
24.0,2.9,40.0,300.0,6.0,10.0,0.6269166,0.37423486,0.4706994,2026-01-25-21:57:02
20.0,4.6,35.0,300.0,11.0,60.0,0.622229,0.66553485,0.46497908,2026-01-25-21:57:02
25.0,2.9,40.0,300.0,5.5,40.0,0.6158702,0.37661144,0.43939507,2026-01-25-21:57:02
15.999999,2.9,40.0,280.0,10.0,60.0,0.6793324,0.5263534,0.31373283,2026-01-25-21:57:02
15.999999,3.1,40.0,300.0,10.0,15.0,0.68156964,0.32537988,0.37102392,2026-01-25-21:57:02
24.0,4.3,40.0,160.0,6.0,10.0,0.5454063,0.26608482,0.60210407,2026-01-25-21:58:34
23.0,4.7,40.0,170.0,8.0,10.0,0.5319967,0.24789774,0.63491434,2026-01-25-21:58:34
23.0,4.9,40.0,170.0,8.0,20.0,0.5251309,0.2546037,0.640829,2026-01-25-21:58:34
23.0,4.8,40.0,170.0,9.5,10.0,0.5080611,0.23841092,0.6398064,2026-01-25-21:58:34
23.0,4.6,40.0,170.0,9.5,10.0,0.5164869,0.23253208,0.62839025,2026-01-25-21:58:34
24.0,3.1,40.0,300.0,6.0,10.0,0.62668425,0.3794134,0.4882597,2026-01-25-22:00:00
25.0,3.1,40.0,300.0,5.5,10.0,0.61601603,0.38086775,0.49603376,2026-01-25-22:00:00
25.0,4.0,40.0,270.0,5.5,10.0,0.5744433,0.39069006,0.56787634,2026-01-25-22:00:00
21.0,3.4,40.0,300.0,7.0,60.0,0.63777703,0.49227172,0.42583662,2026-01-25-22:00:00
24.0,2.8,40.0,300.0,6.0,10.0,0.6255673,0.37187564,0.46172574,2026-01-25-22:00:00
23.0,4.6,40.0,180.0,8.5,10.0,0.53327584,0.2539155,0.6302384,2026-01-25-22:01:41
23.0,4.9,40.0,190.0,9.5,10.0,0.5084912,0.27225003,0.6456296,2026-01-25-22:01:41
23.0,4.9,40.0,30.0,10.0,15.0,0.47173774,0.05005052,0.5880344,2026-01-25-22:01:41
23.0,4.9,40.0,160.0,8.5,20.0,0.5183837,0.237296,0.64194286,2026-01-25-22:01:41
23.0,4.9,40.0,210.0,9.0,15.0,0.52016944,0.307121,0.6401658,2026-01-25-22:01:41
20.0,3.7,40.0,270.0,9.5,10.0,0.64335203,0.32105517,0.501799,2026-01-25-22:03:06
23.0,5.0,40.0,290.0,10.0,55.0,0.5144661,0.6146487,0.5713296,2026-01-25-22:03:06
27.0,5.0,35.0,260.0,9.5,60.0,0.49191996,0.5913274,0.4571594,2026-01-25-22:03:06
27.0,5.0,35.0,250.00002,9.5,60.0,0.49019584,0.5841397,0.45797116,2026-01-25-22:03:06
23.0,5.0,40.0,260.0,10.0,60.0,0.50929374,0.61364996,0.56902766,2026-01-25-22:03:06
23.0,4.9,40.0,280.0,9.5,45.0,0.5240085,0.5203649,0.576069,2026-01-25-22:03:51
15.999999,2.9,40.0,300.0,10.0,50.0,0.6827806,0.4959053,0.3184593,2026-01-25-22:03:51
21.0,3.8,40.0,210.0,6.5,50.0,0.58936566,0.3245963,0.4812354,2026-01-25-22:03:51
18.0,4.0,40.0,210.0,4.0,50.0,0.39836994,0.29048455,0.42041954,2026-01-25-22:03:51
18.0,3.4,30.0,280.0,5.5,60.0,0.41031176,0.4153884,0.1315833,2026-01-25-22:03:51
23.0,4.5,40.0,170.0,8.0,15.0,0.5417762,0.24105841,0.6210442,2026-01-25-22:05:16
20.0,0.9,35.0,270.0,9.5,60.0,0.45406306,0.5263379,0.15314004,2026-01-25-22:05:16
20.0,0.2,35.0,270.0,9.5,60.0,0.46797633,0.5317768,0.13952686,2026-01-25-22:05:16
24.0,0.2,35.0,40.0,5.5,60.0,0.3832951,0.19687591,0.114614934,2026-01-25-22:05:16
24.0,0.2,35.0,130.0,5.5,40.0,0.39881232,0.2565173,0.12188927,2026-01-25-22:05:16
20.0,4.0,35.0,270.0,7.0,60.0,0.6169187,0.4718683,0.3423313,2026-01-25-22:06:32
20.0,3.5,25.0,270.0,7.0,60.0,0.4136625,0.45623812,0.1918464,2026-01-25-22:06:32
20.0,4.3,25.0,270.0,7.0,60.0,0.49244803,0.482403,0.26558274,2026-01-25-22:06:32
21.0,5.0,25.0,290.0,7.0,30.0,0.5752222,0.42644262,0.3577505,2026-01-25-22:06:32
21.0,0.4,35.0,290.0,7.0,30.0,0.43916,0.34700722,0.11830759,2026-01-25-22:06:32
25.0,4.5,40.0,170.0,5.5,10.0,0.528712,0.3014321,0.60810256,2026-01-25-22:07:25
27.0,4.5,40.0,170.0,9.0,10.0,0.45445436,0.26703852,0.61213666,2026-01-25-22:07:25
27.0,4.5,40.0,170.0,8.0,10.0,0.4682206,0.27760926,0.61175513,2026-01-25-22:07:25
15.999999,2.7,40.0,300.0,10.0,45.0,0.67966735,0.45986798,0.31000313,2026-01-25-22:07:25
11.0,1.8,35.0,300.0,2.5,15.0,0.24232778,0.2885533,0.17569791,2026-01-25-22:07:25
25.0,4.4,40.0,190.0,6.0,15.0,0.5369516,0.3152786,0.6060583,2026-01-25-22:08:56
24.0,3.4,40.0,300.0,6.0,10.0,0.61956096,0.3882293,0.5133709,2026-01-25-22:08:56
21.0,3.3,40.0,300.0,7.0,60.0,0.6415084,0.4892036,0.41620186,2026-01-25-22:08:56
23.0,3.4,40.0,300.0,8.0,10.0,0.62818027,0.35968637,0.511652,2026-01-25-22:08:56
15.999999,3.0,40.0,260.0,10.0,60.0,0.6758088,0.49628788,0.3199853,2026-01-25-22:08:56
21.0,3.0,40.0,290.0,6.5,60.0,0.6344674,0.45598343,0.38263962,2026-01-25-22:10:31
15.999999,2.7,40.0,290.0,10.0,40.0,0.6779432,0.41441554,0.31579313,2026-01-25-22:10:31
21.0,3.3,40.0,290.0,6.5,55.0,0.6285748,0.43787578,0.4129176,2026-01-25-22:10:31
20.0,3.3,40.0,300.0,9.0,60.0,0.66744787,0.5590798,0.40319008,2026-01-25-22:10:31
20.0,2.7,40.0,290.0,10.0,50.0,0.6680268,0.50571597,0.34722945,2026-01-25-22:10:31
21.0,4.8,40.0,190.0,6.5,10.0,0.52356386,0.28353724,0.62395644,2026-01-25-22:12:08
23.0,4.8,40.0,290.0,10.0,50.0,0.5195834,0.5761084,0.56373596,2026-01-25-22:12:08
23.0,4.8,40.0,290.0,9.5,45.0,0.5287508,0.5261286,0.5693198,2026-01-25-22:12:08
21.0,4.6,40.0,170.0,6.0,15.0,0.51552266,0.24953535,0.6017665,2026-01-25-22:12:08
24.0,4.8,40.0,200.0,5.0,10.0,0.5180121,0.3475318,0.61741453,2026-01-25-22:12:08
20.0,2.9,40.0,300.0,10.5,45.0,0.66837925,0.50797594,0.36552,2026-01-25-22:13:25
20.0,2.4,40.0,300.0,9.5,55.0,0.65954775,0.52396923,0.32141447,2026-01-25-22:13:25
20.0,2.7,40.0,280.0,9.0,40.0,0.6673736,0.39900538,0.36078808,2026-01-25-22:13:25
20.0,3.1,40.0,300.0,10.5,50.0,0.6671719,0.5439583,0.38115984,2026-01-25-22:13:25
20.0,3.5,40.0,290.0,10.0,55.0,0.65616816,0.5573309,0.41972598,2026-01-25-22:13:25
24.0,5.0,40.0,200.0,6.0,10.0,0.52372545,0.34328836,0.63649505,2026-01-25-22:14:37
23.0,4.9,40.0,180.0,9.5,60.0,0.5067671,0.4812691,0.5840802,2026-01-25-22:14:37
20.0,5.0,40.0,300.0,11.0,20.0,0.5583188,0.45541584,0.58651185,2026-01-25-22:14:37
21.0,5.0,40.0,110.0,7.0,15.0,0.514745,0.14696641,0.628855,2026-01-25-22:14:37
28.0,5.0,35.0,250.00002,6.0,20.0,0.5242689,0.39034104,0.4335438,2026-01-25-22:14:37
23.0,5.0,40.0,150.0,9.0,15.0,0.5077254,0.21816178,0.648043,2026-01-25-22:16:13
23.0,4.9,40.0,190.0,9.0,10.0,0.5167211,0.27416867,0.6466809,2026-01-25-22:16:13
15.999999,3.0,40.0,300.0,10.0,60.0,0.68270534,0.5598705,0.32226065,2026-01-25-22:16:13
23.0,5.0,40.0,170.0,9.5,15.0,0.5029438,0.25138292,0.6481729,2026-01-25-22:16:13
21.0,5.0,40.0,160.0,4.5,10.0,0.44058573,0.26138112,0.61477107,2026-01-25-22:16:13
23.0,4.6,40.0,300.0,9.0,60.0,0.54713047,0.6049407,0.552514,2026-01-25-22:17:57
23.0,4.9,40.0,180.0,8.5,10.0,0.5218319,0.26329532,0.646922,2026-01-25-22:17:57
23.0,4.9,40.0,110.0,9.0,10.0,0.5029281,0.14828281,0.6306146,2026-01-25-22:17:57
24.0,4.9,40.0,80.0,6.0,10.0,0.50484484,0.15922019,0.6021423,2026-01-25-22:17:57
23.0,4.4,40.0,190.0,8.0,10.0,0.55093485,0.26908422,0.6170461,2026-01-25-22:17:57
20.0,5.0,40.0,170.0,9.5,15.0,0.54840326,0.21346125,0.63450533,2026-01-25-22:19:20
25.0,4.5,40.0,190.0,6.0,15.0,0.53180254,0.3181791,0.61028755,2026-01-25-22:19:20
23.0,5.0,40.0,270.0,9.5,40.0,0.5201852,0.48425913,0.5889965,2026-01-25-22:19:20
25.0,4.5,40.0,140.0,6.0,20.0,0.52318186,0.24688879,0.6081111,2026-01-25-22:19:20
24.0,5.0,40.0,140.0,6.0,10.0,0.51338065,0.2539584,0.631316,2026-01-25-22:19:20
21.0,5.0,40.0,240.0,7.0,10.0,0.5371588,0.3604502,0.63423204,2026-01-25-22:19:52
19.0,2.9,25.0,190.0,4.0,15.0,0.21882927,0.24915105,0.21604477,2026-01-25-22:19:52
21.0,4.7,25.0,190.0,4.0,45.0,0.42433938,0.31214613,0.36662176,2026-01-25-22:19:52
26.0,5.0,40.0,210.0,9.0,10.0,0.46249887,0.32296938,0.63112706,2026-01-25-22:19:52
7.0,0.8,40.0,230.0,8.0,10.0,0.22013298,0.1309464,0.4600598,2026-01-25-22:19:52
23.0,5.0,40.0,290.0,10.0,45.0,0.5144661,0.5520337,0.577744,2026-01-25-22:20:41
21.0,0.6,40.0,70.0,5.5,40.0,0.38529378,0.15261744,0.26561442,2026-01-25-22:20:41
20.0,0.2,35.0,30.0,9.5,10.0,0.42659703,0.06932307,0.15627873,2026-01-25-22:20:41
25.0,3.4,40.0,300.0,5.5,10.0,0.6095305,0.3896837,0.51869786,2026-01-25-22:20:41
26.0,4.6,40.0,230.0,11.0,60.0,0.45557705,0.59688544,0.53935295,2026-01-25-22:20:41
23.0,4.8,40.0,210.0,8.0,10.0,0.5350456,0.31032673,0.63941586,2026-01-25-22:22:07
23.0,5.0,40.0,140.0,9.0,20.0,0.50600123,0.20936081,0.6460095,2026-01-25-22:22:07
23.0,4.7,40.0,190.0,8.0,20.0,0.535445,0.27901208,0.6274777,2026-01-25-22:22:07
23.0,4.7,40.0,230.0,8.0,10.0,0.54234153,0.3335649,0.6303027,2026-01-25-22:22:07
23.0,4.7,40.0,160.0,8.0,20.0,0.5302726,0.2328378,0.63049537,2026-01-25-22:22:07
22.0,5.0,40.0,230.0,6.0,10.0,0.5227927,0.36997703,0.63373905,2026-01-25-22:23:15
20.0,4.5,35.0,170.0,9.5,10.0,0.6174923,0.19186974,0.5122299,2026-01-25-22:23:15
22.0,5.0,40.0,210.0,6.0,10.0,0.51934445,0.3407843,0.6372902,2026-01-25-22:23:15
7.0,4.8,40.0,230.0,8.0,10.0,0.35493279,0.16935612,0.48236966,2026-01-25-22:23:15
21.0,3.5,40.0,300.0,7.0,10.0,0.6332783,0.3807247,0.48545033,2026-01-25-22:23:15
24.0,3.3,40.0,300.0,6.0,10.0,0.6227678,0.38516122,0.5051864,2026-01-25-22:24:46
11.0,3.3,40.0,10.0,2.0,55.0,0.3814601,0.16806237,0.31774023,2026-01-25-22:24:46
21.0,2.4,40.0,300.0,7.0,60.0,0.6322726,0.46812654,0.33199847,2026-01-25-22:24:46
23.0,3.2,40.0,300.0,8.0,10.0,0.634172,0.35367686,0.493762,2026-01-25-22:24:46
23.0,3.3,40.0,300.0,8.0,10.0,0.6315868,0.35661826,0.5027741,2026-01-25-22:24:46
15.999999,2.5,40.0,290.0,10.0,55.0,0.67048126,0.50420296,0.2945409,2026-01-25-22:26:09
22.0,4.5,40.0,190.0,6.0,10.0,0.53603196,0.29352432,0.6057124,2026-01-25-22:26:09
23.0,5.0,40.0,100.0,10.0,15.0,0.4817075,0.14352438,0.6320846,2026-01-25-22:26:09
21.0,3.7,40.0,300.0,7.0,10.0,0.6223351,0.38741133,0.5045327,2026-01-25-22:26:09
25.0,4.1,40.0,180.0,5.5,10.0,0.5529264,0.30452755,0.58997905,2026-01-25-22:26:09
20.0,5.0,40.0,200.0,9.5,10.0,0.5535757,0.25800347,0.636385,2026-01-25-22:27:16
24.0,2.9,30.0,200.0,5.5,30.0,0.43171594,0.29639444,0.2427828,2026-01-25-22:27:16
27.0,4.8,40.0,210.0,9.0,60.0,0.45118576,0.5243068,0.54673344,2026-01-25-22:27:16
22.0,5.0,40.0,240.0,6.0,10.0,0.5245169,0.38370258,0.63133687,2026-01-25-22:27:16
20.0,5.0,35.0,180.0,9.5,15.0,0.58987767,0.230606,0.5520381,2026-01-25-22:27:16
20.0,2.8,40.0,300.0,10.5,60.0,0.66744614,0.59421486,0.35096815,2026-01-25-22:28:18
15.999999,2.7,40.0,300.0,10.0,35.0,0.67966735,0.40004778,0.3191981,2026-01-25-22:28:18
7.0,0.6,25.0,180.0,7.0,30.0,0.24262533,0.13118903,0.22604793,2026-01-25-22:28:18
20.0,3.0,40.0,300.0,9.5,10.0,0.6744367,0.33587727,0.42365944,2026-01-25-22:28:18
20.0,2.8,40.0,300.0,10.5,35.0,0.66744614,0.44463283,0.3656128,2026-01-25-22:28:18
26.0,4.4,40.0,210.0,9.0,10.0,0.48176897,0.3026386,0.6160939,2026-01-25-22:29:47
26.0,4.4,40.0,200.0,9.0,15.0,0.48004484,0.29606238,0.61295325,2026-01-25-22:29:47
20.0,4.0,40.0,240.0,9.5,10.0,0.6179387,0.2886725,0.54000866,2026-01-25-22:29:47
20.0,5.0,40.0,270.0,9.5,10.0,0.5656446,0.3672502,0.6202434,2026-01-25-22:29:47
26.0,4.4,40.0,200.0,11.0,60.0,0.4596063,0.55869114,0.5410255,2026-01-25-22:29:47
26.0,4.9,40.0,200.0,9.0,60.0,0.4620028,0.5144918,0.5627057,2026-01-25-22:31:15
23.0,5.0,40.0,210.0,8.0,10.0,0.5299283,0.31741586,0.6496553,2026-01-25-22:31:15
23.0,5.0,40.0,230.0,8.0,10.0,0.5333766,0.34446982,0.64610416,2026-01-25-22:31:15
23.0,5.0,40.0,300.0,9.0,60.0,0.53358746,0.6196216,0.5741696,2026-01-25-22:31:15
20.0,2.9,40.0,300.0,9.5,50.0,0.67453617,0.5020822,0.36685184,2026-01-25-22:31:15
26.0,5.0,40.0,140.0,10.0,10.0,0.43687958,0.23313074,0.62414837,2026-01-25-22:32:39
20.0,5.0,40.0,300.0,9.5,40.0,0.57081705,0.5124731,0.56899995,2026-01-25-22:32:39
20.0,4.5,25.0,140.0,9.0,60.0,0.52438647,0.3476835,0.3003408,2026-01-25-22:32:39
23.0,5.0,40.0,230.0,10.0,60.0,0.5041213,0.5759679,0.57293427,2026-01-25-22:32:39
20.0,4.1,35.0,300.0,11.0,60.0,0.6416173,0.6467885,0.4195726,2026-01-25-22:32:39
23.0,4.8,40.0,250.00002,10.0,60.0,0.51268685,0.5943712,0.5596,2026-01-25-22:34:08
23.0,5.0,40.0,140.0,9.0,10.0,0.50600123,0.19858739,0.64592475,2026-01-25-22:34:08
26.0,4.9,40.0,240.0,10.5,45.0,0.4508883,0.51785874,0.565908,2026-01-25-22:34:08
23.0,4.4,40.0,180.0,8.5,15.0,0.54418755,0.24925585,0.6149831,2026-01-25-22:34:08
23.0,4.4,40.0,180.0,8.5,20.0,0.54418755,0.2538473,0.6111772,2026-01-25-22:34:08
20.0,3.6,40.0,200.0,9.5,10.0,0.6372026,0.21914151,0.5081908,2026-01-25-22:35:36
22.0,3.6,40.0,230.0,6.0,10.0,0.6000892,0.3257569,0.5257328,2026-01-25-22:35:36
22.0,5.0,40.0,280.0,6.0,10.0,0.53141344,0.4317178,0.6187232,2026-01-25-22:35:36
20.0,4.1,40.0,300.0,9.0,55.0,0.6202985,0.55376935,0.48133585,2026-01-25-22:35:36
25.0,5.0,40.0,280.0,5.5,10.0,0.53181237,0.43451127,0.6053618,2026-01-25-22:35:36
22.0,5.0,40.0,170.0,6.0,10.0,0.5124479,0.2773509,0.63835055,2026-01-25-22:36:31
21.0,4.6,40.0,180.0,6.0,15.0,0.51724684,0.26589587,0.601514,2026-01-25-22:36:31
26.0,5.0,40.0,240.0,11.0,25.0,0.44723287,0.42385286,0.5952654,2026-01-25-22:36:31
21.0,3.9,40.0,240.0,7.0,10.0,0.59913826,0.32282206,0.5432018,2026-01-25-22:36:31
24.0,5.0,40.0,230.0,6.0,10.0,0.5288979,0.38134697,0.6318769,2026-01-25-22:36:31
20.0,3.5,40.0,300.0,9.0,10.0,0.65896326,0.3524617,0.4725659,2026-01-25-22:37:06
10.0,4.7,40.0,70.0,6.0,10.0,0.29495373,0.0995689,0.42931616,2026-01-25-22:37:06
14.0,1.8,30.0,60.0,4.5,35.0,0.12959716,0.12185198,0.10730182,2026-01-25-22:37:06
30.0,0.1,25.0,100.0,8.5,40.0,0.33345,0.31561595,0.12061667,2026-01-25-22:37:06
25.0,3.3,40.0,50.0,4.0,40.0,0.55444884,0.15368743,0.49707955,2026-01-25-22:37:06
27.0,4.6,40.0,160.0,8.5,10.0,0.4550139,0.26243156,0.6131557,2026-01-25-22:38:36
25.0,4.7,40.0,140.0,5.5,15.0,0.5149008,0.26266944,0.6111783,2026-01-25-22:38:36
24.0,4.7,40.0,180.0,4.5,15.0,0.5086889,0.32220843,0.6040639,2026-01-25-22:38:36
25.0,4.7,40.0,190.0,4.5,15.0,0.51633644,0.34399623,0.6000651,2026-01-25-22:38:36
25.0,4.2,40.0,190.0,6.0,20.0,0.54831976,0.30703,0.5921919,2026-01-25-22:38:36
25.0,3.7,40.0,230.0,6.0,10.0,0.58412737,0.34249476,0.5665409,2026-01-25-22:40:14
20.0,3.8,40.0,230.0,9.5,10.0,0.6300459,0.26826596,0.5230591,2026-01-25-22:40:14
24.0,3.8,40.0,230.0,6.0,10.0,0.5882008,0.34203613,0.56622976,2026-01-25-22:40:14
20.0,4.6,40.0,300.0,11.0,60.0,0.5750911,0.66553485,0.51826763,2026-01-25-22:40:14
23.0,4.8,25.0,300.0,10.0,60.0,0.5266195,0.6463999,0.30756068,2026-01-25-22:40:14
22.0,5.0,40.0,150.0,6.0,10.0,0.50899965,0.24443197,0.6354876,2026-01-25-22:41:46
24.0,5.0,40.0,30.0,6.0,20.0,0.4944151,0.087505095,0.58832115,2026-01-25-22:41:46
20.0,4.4,40.0,300.0,9.0,10.0,0.5992106,0.3847065,0.5588028,2026-01-25-22:41:46
22.0,5.0,40.0,160.0,6.0,10.0,0.51072377,0.26091564,0.63721174,2026-01-25-22:41:46
26.0,5.0,40.0,30.0,10.0,20.0,0.4179141,0.09674374,0.58115363,2026-01-25-22:41:46
20.0,5.0,40.0,140.0,9.5,10.0,0.54323083,0.15668696,0.63120586,2026-01-25-22:43:26
23.0,5.0,40.0,170.0,9.0,10.0,0.51117367,0.24667391,0.6510971,2026-01-25-22:43:26
23.0,4.9,40.0,140.0,8.0,20.0,0.5199585,0.20648615,0.64065593,2026-01-25-22:43:26
21.0,4.9,40.0,190.0,7.0,15.0,0.5311998,0.2751214,0.63119924,2026-01-25-22:43:26
21.0,4.9,40.0,190.0,7.0,20.0,0.5311998,0.27327895,0.6266739,2026-01-25-22:43:26
20.0,3.4,40.0,280.0,9.5,45.0,0.6609518,0.4609539,0.4197245,2026-01-25-22:44:39
15.999999,3.0,40.0,300.0,10.0,55.0,0.68270534,0.52969337,0.32287621,2026-01-25-22:44:39
21.0,4.1,40.0,240.0,7.0,10.0,0.5852982,0.32888135,0.5614762,2026-01-25-22:44:39
20.0,3.2,40.0,300.0,10.5,60.0,0.6650935,0.604559,0.38821262,2026-01-25-22:44:39
20.0,2.6,40.0,290.0,9.5,45.0,0.6668873,0.45389837,0.34407404,2026-01-25-22:44:39
20.0,3.2,40.0,300.0,9.5,30.0,0.67125034,0.39725953,0.41315767,2026-01-25-22:46:17
23.0,4.1,40.0,230.0,8.0,10.0,0.5768074,0.31361562,0.59096396,2026-01-25-22:46:17
26.0,4.7,40.0,230.0,11.0,55.0,0.45186335,0.5756066,0.5477973,2026-01-25-22:46:17
15.999999,2.8,40.0,280.0,10.0,55.0,0.67832303,0.49433148,0.31011096,2026-01-25-22:46:17
23.0,4.9,40.0,250.00002,9.5,55.0,0.5188361,0.5503686,0.5712427,2026-01-25-22:46:17
25.0,5.0,40.0,219.99998,5.5,10.0,0.52146757,0.38001338,0.62237656,2026-01-25-22:46:56
15.0,1.6,30.0,120.0,7.0,45.0,0.26631388,0.14392331,0.101302944,2026-01-25-22:46:56
10.0,4.6,30.0,60.0,5.0,20.0,0.3481055,0.10841935,0.19123769,2026-01-25-22:46:56
25.0,5.0,40.0,200.0,5.0,10.0,0.51579565,0.3610302,0.61904496,2026-01-25-22:46:56
10.0,4.6,30.0,200.0,5.0,20.0,0.3722434,0.18507884,0.21239659,2026-01-25-22:46:56
23.0,5.0,40.0,190.0,10.0,55.0,0.49722475,0.48748454,0.5913247,2026-01-25-22:47:35
7.0,4.3,40.0,190.0,10.5,30.0,0.41787475,0.18382862,0.45157343,2026-01-25-22:47:35
3.0,1.3,40.0,180.0,6.0,35.0,0.35981068,0.1506683,0.4450678,2026-01-25-22:47:35
30.0,4.2,40.0,60.0,7.5,20.0,0.43059948,0.17542045,0.5382866,2026-01-25-22:47:35
15.999999,2.9,40.0,290.0,10.0,50.0,0.6810565,0.48068264,0.31868443,2026-01-25-22:47:35
25.0,3.8,40.0,270.0,6.0,10.0,0.5856732,0.37759298,0.56128675,2026-01-25-22:48:28
22.0,4.3,40.0,280.0,6.0,10.0,0.56388396,0.4056812,0.57039165,2026-01-25-22:48:28
15.999999,2.8,40.0,300.0,10.0,20.0,0.6817714,0.3330282,0.3446568,2026-01-25-22:48:28
27.0,4.4,40.0,170.0,8.0,15.0,0.47278818,0.27379036,0.60772306,2026-01-25-22:48:28
22.0,4.3,40.0,20.0,4.0,25.0,0.45284498,0.0895549,0.51685655,2026-01-25-22:48:28
25.0,5.0,40.0,180.0,4.0,10.0,0.4996075,0.33702073,0.6053034,2026-01-25-22:50:14
23.0,3.8,40.0,230.0,8.0,10.0,0.5959324,0.30515897,0.56779265,2026-01-25-22:50:14
23.0,2.8,40.0,300.0,8.0,60.0,0.6352314,0.5086523,0.40674862,2026-01-25-22:50:14
25.0,5.0,40.0,240.0,4.0,10.0,0.5099523,0.40774977,0.59772944,2026-01-25-22:50:14
25.0,5.0,40.0,270.0,4.0,10.0,0.51512474,0.43393135,0.58860826,2026-01-25-22:50:14
23.0,5.0,40.0,300.0,9.0,45.0,0.53358746,0.5244026,0.5796193,2026-01-25-22:51:43
22.0,4.4,40.0,170.0,6.0,10.0,0.538559,0.2597905,0.59771144,2026-01-25-22:51:43
23.0,4.8,40.0,160.0,8.5,10.0,0.5214018,0.22900726,0.63995546,2026-01-25-22:51:43
22.0,4.4,40.0,240.0,6.0,10.0,0.55062795,0.36204106,0.5906978,2026-01-25-22:51:43
23.0,5.0,40.0,170.0,9.0,20.0,0.51117367,0.25786114,0.6461826,2026-01-25-22:51:43
24.0,4.9,40.0,180.0,5.5,45.0,0.5183859,0.32062608,0.5898561,2026-01-25-22:53:19
27.0,4.8,25.0,300.0,9.5,60.0,0.4671828,0.6076093,0.28734976,2026-01-25-22:53:19
22.0,5.0,40.0,280.0,6.0,35.0,0.53141344,0.42912745,0.5810463,2026-01-25-22:53:19
22.0,5.0,40.0,140.0,6.0,25.0,0.50727546,0.21932511,0.63147265,2026-01-25-22:53:19
22.0,5.0,40.0,200.0,6.0,25.0,0.5176203,0.3180135,0.6229097,2026-01-25-22:53:19
27.0,5.0,40.0,240.0,8.0,10.0,0.4673198,0.36048326,0.6122332,2026-01-25-22:54:50
24.0,5.0,40.0,100.0,6.0,10.0,0.5064841,0.19119233,0.6164625,2026-01-25-22:54:50
22.0,3.7,40.0,280.0,6.0,10.0,0.6031278,0.3848336,0.5197605,2026-01-25-22:54:50
27.0,5.0,40.0,230.0,8.0,10.0,0.46559563,0.35274565,0.61463535,2026-01-25-22:54:50
20.0,5.0,40.0,270.0,10.5,45.0,0.55948776,0.54041517,0.5649738,2026-01-25-22:54:50
24.0,4.8,40.0,200.0,4.5,10.0,0.5085759,0.3499096,0.61064893,2026-01-25-22:56:27
23.0,4.9,40.0,210.0,8.0,10.0,0.5320275,0.31384203,0.6446833,2026-01-25-22:56:27
23.0,4.7,40.0,210.0,8.0,10.0,0.5388933,0.30688196,0.633854,2026-01-25-22:56:27
23.0,4.6,40.0,140.0,10.0,10.0,0.50214714,0.18699752,0.6214025,2026-01-25-22:56:27
24.0,4.6,40.0,140.0,6.0,10.0,0.52577496,0.2434441,0.61408204,2026-01-25-22:56:27
22.0,5.0,40.0,219.99998,6.0,10.0,0.5210686,0.35565114,0.63573796,2026-01-25-22:58:06
15.999999,3.0,40.0,250.00002,10.0,60.0,0.6740846,0.48006234,0.32079706,2026-01-25-22:58:06
15.999999,3.0,40.0,240.0,10.0,60.0,0.6723605,0.46387294,0.32211113,2026-01-25-22:58:06
15.999999,2.9,40.0,240.0,10.0,55.0,0.6724358,0.43275052,0.3210862,2026-01-25-22:58:06
22.0,5.0,40.0,219.99998,6.0,30.0,0.5210686,0.34851766,0.6094338,2026-01-25-22:58:06
22.0,4.0,40.0,230.0,6.0,10.0,0.5754013,0.33616894,0.5609659,2026-01-25-22:59:38
21.0,4.0,40.0,240.0,7.0,10.0,0.5922809,0.3257905,0.55240834,2026-01-25-22:59:38
22.0,5.0,40.0,270.0,6.0,10.0,0.52968925,0.42081252,0.6222157,2026-01-25-22:59:38
26.0,4.8,40.0,290.0,10.5,35.0,0.46165642,0.49059024,0.56280947,2026-01-25-22:59:38
28.0,4.9,40.0,230.0,8.0,10.0,0.45204636,0.3466528,0.59931,2026-01-25-22:59:38
21.0,5.0,40.0,120.0,7.0,10.0,0.5164691,0.16630152,0.6297325,2026-01-25-23:01:08
20.0,5.0,40.0,120.0,9.5,10.0,0.5397825,0.12514693,0.6248651,2026-01-25-23:01:08
25.0,3.5,40.0,240.0,6.0,10.0,0.59511423,0.34636557,0.55078036,2026-01-25-23:01:08
21.0,5.0,40.0,219.99998,7.0,10.0,0.5337105,0.33032855,0.63863313,2026-01-25-23:01:08
20.0,3.1,40.0,300.0,9.5,10.0,0.67332876,0.3385412,0.43304697,2026-01-25-23:01:08
23.0,4.9,40.0,230.0,9.0,55.0,0.5236177,0.50616926,0.57665473,2026-01-25-23:02:50
25.0,3.3,40.0,230.0,6.0,10.0,0.6000892,0.33398163,0.53878874,2026-01-25-23:02:50
25.0,4.6,40.0,150.0,6.0,10.0,0.52027243,0.2697852,0.6142743,2026-01-25-23:02:50
23.0,4.8,40.0,150.0,9.5,20.0,0.50461286,0.22424924,0.6353364,2026-01-25-23:02:50
22.0,4.9,40.0,140.0,5.5,20.0,0.49704626,0.2274248,0.6220898,2026-01-25-23:02:50
22.0,5.0,40.0,300.0,6.0,10.0,0.5348617,0.45123544,0.61142296,2026-01-25-23:04:05
5.0,1.1,25.0,130.0,7.5,30.0,0.24507307,0.14143126,0.24571086,2026-01-25-23:04:05
22.0,3.1,40.0,300.0,6.0,60.0,0.6296919,0.45591703,0.40667126,2026-01-25-23:04:05
22.0,2.9,40.0,280.0,5.0,55.0,0.59906614,0.4000278,0.37658626,2026-01-25-23:04:05
20.0,3.2,40.0,300.0,11.0,60.0,0.6587521,0.6165723,0.38505882,2026-01-25-23:04:05
23.0,5.0,40.0,130.0,9.5,20.0,0.49604726,0.19754629,0.6437611,2026-01-25-23:05:29
23.0,5.0,40.0,230.0,8.0,50.0,0.5333766,0.44401187,0.58782154,2026-01-25-23:05:29
21.0,5.0,40.0,200.0,7.0,10.0,0.53026223,0.29838365,0.6412523,2026-01-25-23:05:29
21.0,2.6,30.0,40.0,4.0,30.0,0.2968502,0.12217271,0.155718,2026-01-25-23:05:29
21.0,2.6,30.0,270.0,4.0,30.0,0.33650538,0.3729269,0.1396715,2026-01-25-23:05:29
23.0,5.0,40.0,170.0,9.0,15.0,0.51117367,0.2502478,0.6492242,2026-01-25-23:06:03
2.0,0.7,35.0,170.0,6.0,40.0,0.24241288,0.17646798,0.2598673,2026-01-25-23:06:03
9.0,0.3,35.0,240.0,5.0,55.0,0.16345787,0.22316223,0.2131222,2026-01-25-23:06:03
15.999999,4.2,30.0,260.0,10.0,15.0,0.6187015,0.29465204,0.26527724,2026-01-25-23:06:03
19.0,4.2,25.0,110.0,4.5,55.0,0.3256945,0.15486701,0.30601773,2026-01-25-23:06:03
23.0,4.9,40.0,190.0,8.0,10.0,0.5285792,0.28473943,0.6462994,2026-01-25-23:07:42
23.0,5.0,40.0,190.0,9.0,15.0,0.5146219,0.28130463,0.6481859,2026-01-25-23:07:42
22.0,3.9,40.0,230.0,6.0,10.0,0.58204806,0.33334723,0.5524097,2026-01-25-23:07:42
23.0,4.8,40.0,190.0,10.0,10.0,0.50234205,0.26975217,0.63854694,2026-01-25-23:07:42
25.0,4.4,40.0,200.0,5.5,10.0,0.5390334,0.3366112,0.60388,2026-01-25-23:07:42
20.0,5.0,40.0,110.0,9.5,10.0,0.5380584,0.11022973,0.6208678,2026-01-25-23:09:21
20.0,4.2,35.0,300.0,10.5,60.0,0.6455508,0.63849175,0.42257008,2026-01-25-23:09:21
20.0,3.9,40.0,210.0,9.0,10.0,0.61900616,0.24249448,0.5373646,2026-01-25-23:09:21
2.0,3.0,40.0,300.0,6.0,55.0,0.5736021,0.25223655,0.45772263,2026-01-25-23:09:21
15.999999,3.0,40.0,230.0,10.0,60.0,0.67063636,0.44780862,0.32389188,2026-01-25-23:09:21
20.0,5.0,40.0,150.0,9.5,10.0,0.54495496,0.17312232,0.6335154,2026-01-25-23:10:00
2.0,4.6,40.0,170.0,6.0,15.0,0.49137586,0.1691469,0.5405727,2026-01-25-23:10:00
27.0,4.5,40.0,180.0,8.5,15.0,0.46251354,0.28333125,0.6102479,2026-01-25-23:10:00
27.0,4.0,35.0,110.0,9.5,55.0,0.49225536,0.37326273,0.48720267,2026-01-25-23:10:00
7.0,1.1,25.0,250.00002,8.5,60.0,0.24586041,0.3215199,0.1634655,2026-01-25-23:10:00
24.0,4.8,40.0,200.0,6.0,15.0,0.5282641,0.33369753,0.624254,2026-01-25-23:11:40
25.0,4.3,40.0,170.0,6.0,15.0,0.5390498,0.28702918,0.60257375,2026-01-25-23:11:40
23.0,4.3,40.0,170.0,9.0,15.0,0.5417288,0.23024303,0.60829467,2026-01-25-23:11:40
23.0,4.3,40.0,170.0,8.5,15.0,0.5485638,0.23190382,0.60853124,2026-01-25-23:11:40
20.0,4.3,40.0,240.0,9.0,15.0,0.5956928,0.30424827,0.5628821,2026-01-25-23:11:40
26.0,4.4,40.0,160.0,10.5,15.0,0.4551372,0.2614046,0.60959166,2026-01-25-23:13:07
23.0,5.0,40.0,210.0,9.5,10.0,0.50984037,0.30492648,0.64898545,2026-01-25-23:13:07
23.0,5.0,40.0,210.0,9.5,55.0,0.50984037,0.5000975,0.5863611,2026-01-25-23:13:07
23.0,4.6,40.0,210.0,9.0,10.0,0.5316133,0.2929486,0.6283812,2026-01-25-23:13:07
26.0,4.4,40.0,180.0,10.5,10.0,0.4585855,0.2726222,0.61232895,2026-01-25-23:13:07
23.0,5.0,40.0,290.0,10.0,30.0,0.5144661,0.46587795,0.5947354,2026-01-25-23:14:40
22.0,4.9,40.0,219.99998,4.5,10.0,0.47747856,0.3655825,0.6118485,2026-01-25-23:14:40
22.0,3.4,40.0,300.0,6.0,10.0,0.6215048,0.39360166,0.48496646,2026-01-25-23:14:40
25.0,4.1,40.0,170.0,6.0,15.0,0.5508446,0.2826252,0.5926421,2026-01-25-23:14:40
22.0,4.9,40.0,160.0,6.0,15.0,0.5131083,0.2548801,0.6300968,2026-01-25-23:14:40
21.0,5.0,40.0,230.0,7.0,10.0,0.5354346,0.34565365,0.6366341,2026-01-25-23:16:14
20.0,4.3,40.0,290.0,10.0,50.0,0.6032426,0.55393165,0.4993734,2026-01-25-23:16:14
21.0,4.9,40.0,150.0,6.0,25.0,0.49899113,0.21965954,0.6195116,2026-01-25-23:16:14
20.0,4.6,40.0,300.0,9.5,60.0,0.5875894,0.62280035,0.52575576,2026-01-25-23:16:14
22.0,5.0,40.0,140.0,5.0,15.0,0.4792639,0.23959902,0.62278897,2026-01-25-23:16:14
25.0,3.2,40.0,300.0,6.0,10.0,0.6143408,0.37717023,0.5089138,2026-01-25-23:17:03
9.0,2.0,40.0,300.0,3.5,50.0,0.40158525,0.2911048,0.32840002,2026-01-25-23:17:03
25.0,3.2,40.0,290.0,5.5,30.0,0.6129743,0.3741606,0.47725,2026-01-25-23:17:03
22.0,0.4,30.0,20.0,4.5,60.0,0.379453,0.1522969,0.027599078,2026-01-25-23:17:03
23.0,4.7,30.0,300.0,8.5,60.0,0.60825026,0.59022653,0.3261552,2026-01-25-23:17:03
25.0,4.6,40.0,190.0,4.5,20.0,0.5203415,0.34194058,0.591888,2026-01-25-23:18:43
28.0,4.5,40.0,180.0,6.0,15.0,0.48400813,0.3214781,0.58694386,2026-01-25-23:18:43
25.0,4.6,40.0,240.0,4.5,20.0,0.52896225,0.39853993,0.5785296,2026-01-25-23:18:43
23.0,4.9,40.0,210.0,9.5,55.0,0.5119395,0.4965237,0.58138907,2026-01-25-23:18:43
26.0,4.5,40.0,180.0,11.0,15.0,0.4512989,0.2988928,0.60964245,2026-01-25-23:18:43
21.0,4.8,40.0,180.0,7.0,10.0,0.5330491,0.25869408,0.62727183,2026-01-25-23:20:12
21.0,4.7,40.0,160.0,6.5,10.0,0.5227859,0.2310974,0.614609,2026-01-25-23:20:12
23.0,4.8,40.0,140.0,8.0,10.0,0.5229767,0.20361009,0.6353038,2026-01-25-23:20:12
26.0,4.9,40.0,219.99998,10.5,60.0,0.44744006,0.5853954,0.55181944,2026-01-25-23:20:12
26.0,4.8,40.0,180.0,9.5,10.0,0.4532894,0.2797372,0.62768126,2026-01-25-23:20:12
23.0,4.9,40.0,130.0,9.0,25.0,0.5063763,0.20205852,0.6388865,2026-01-25-23:22:01
22.0,3.5,40.0,280.0,6.0,10.0,0.6137182,0.37864965,0.5015462,2026-01-25-23:22:01
23.0,4.9,40.0,290.0,10.0,50.0,0.5165653,0.5797997,0.56900334,2026-01-25-23:22:01
20.0,2.0,40.0,300.0,9.5,60.0,0.6306072,0.55065435,0.2901673,2026-01-25-23:22:01
23.0,4.9,40.0,240.0,10.0,50.0,0.50794464,0.52490425,0.5774802,2026-01-25-23:22:01
23.0,5.0,40.0,280.0,9.5,40.0,0.52190936,0.494352,0.5864827,2026-01-25-23:23:08
23.0,4.9,40.0,260.0,9.5,40.0,0.5205602,0.46970147,0.58687776,2026-01-25-23:23:08
22.0,4.9,40.0,270.0,6.0,40.0,0.5320738,0.4203137,0.5712244,2026-01-25-23:23:08
22.0,5.0,40.0,280.0,6.0,45.0,0.53141344,0.44544056,0.56934565,2026-01-25-23:23:08
22.0,4.9,40.0,90.0,5.5,10.0,0.48842558,0.1544627,0.60215116,2026-01-25-23:23:08
15.999999,2.9,40.0,300.0,10.0,40.0,0.6827806,0.4336817,0.32556129,2026-01-25-23:24:37
25.0,4.2,40.0,170.0,5.5,10.0,0.54522914,0.2941063,0.59453225,2026-01-25-23:24:37
27.0,4.4,40.0,190.0,9.0,10.0,0.46247017,0.2855593,0.6105332,2026-01-25-23:24:37
25.0,4.2,40.0,270.0,5.5,10.0,0.5624705,0.39764217,0.57839733,2026-01-25-23:24:37
23.0,4.2,40.0,170.0,9.0,10.0,0.54809576,0.2243842,0.603193,2026-01-25-23:24:37
20.0,5.0,40.0,180.0,9.5,10.0,0.5501274,0.22390938,0.63693863,2026-01-25-23:25:39
20.0,4.4,40.0,230.0,9.5,10.0,0.5879466,0.2862832,0.58006746,2026-01-25-23:25:39
25.0,4.1,35.0,150.0,5.0,35.0,0.57854253,0.2648764,0.42569584,2026-01-25-23:25:39
15.999999,3.1,40.0,300.0,10.0,60.0,0.68156964,0.56253445,0.32884565,2026-01-25-23:25:39
24.0,5.0,40.0,300.0,5.0,15.0,0.53071487,0.45856905,0.590692,2026-01-25-23:25:39
21.0,2.6,40.0,300.0,7.0,30.0,0.6413642,0.35909313,0.370544,2026-01-25-23:27:16
26.0,4.9,40.0,240.0,11.0,30.0,0.44846085,0.44726917,0.58556646,2026-01-25-23:27:16
20.0,3.3,35.0,300.0,10.0,60.0,0.6375789,0.5931041,0.32980266,2026-01-25-23:27:16
28.0,4.4,40.0,170.0,7.5,10.0,0.4633208,0.2874291,0.5977013,2026-01-25-23:27:16
23.0,4.9,40.0,180.0,8.5,25.0,0.5218319,0.27753967,0.6355982,2026-01-25-23:27:16
20.0,3.7,40.0,230.0,9.5,10.0,0.6364555,0.26573345,0.5133223,2026-01-25-23:28:32
15.999999,4.6,30.0,300.0,10.0,60.0,0.6408137,0.6143033,0.24674064,2026-01-25-23:28:32
15.999999,4.6,30.0,290.0,10.0,60.0,0.63908947,0.5972695,0.24530959,2026-01-25-23:28:32
24.0,4.7,40.0,160.0,5.0,10.0,0.5146768,0.28728306,0.61181605,2026-01-25-23:28:32
15.999999,4.6,30.0,300.0,9.5,45.0,0.6255132,0.50280386,0.24621847,2026-01-25-23:28:32
22.0,5.0,40.0,300.0,4.5,10.0,0.48888713,0.4647963,0.59361035,2026-01-25-23:30:03
24.0,3.6,40.0,240.0,6.0,10.0,0.60067785,0.34699845,0.54902154,2026-01-25-23:30:03
23.0,5.0,40.0,150.0,9.0,20.0,0.5077254,0.2256372,0.6466271,2026-01-25-23:30:03
24.0,4.5,40.0,219.99998,6.0,10.0,0.544489,0.35173103,0.6115992,2026-01-25-23:30:03
20.0,4.5,40.0,219.99998,9.0,10.0,0.5789595,0.27573207,0.59220326,2026-01-25-23:30:03
22.0,5.0,40.0,200.0,6.0,10.0,0.5176203,0.32544357,0.6383572,2026-01-25-23:31:49
23.0,5.0,40.0,290.0,9.5,60.0,0.5236335,0.628432,0.5716873,2026-01-25-23:31:49
28.0,4.2,40.0,180.0,6.0,10.0,0.49791586,0.31644687,0.5851122,2026-01-25-23:31:49
28.0,4.3,40.0,190.0,6.0,10.0,0.49468607,0.32780683,0.5868293,2026-01-25-23:31:49
27.0,4.2,40.0,180.0,8.5,10.0,0.47729337,0.27452913,0.60569775,2026-01-25-23:31:49
23.0,2.7,40.0,300.0,8.0,60.0,0.6330241,0.50645375,0.39735317,2026-01-25-23:33:31
27.0,4.3,40.0,170.0,8.0,10.0,0.47775507,0.2725684,0.6071874,2026-01-25-23:33:31
22.0,2.7,40.0,300.0,6.0,60.0,0.6273435,0.4461806,0.3686408,2026-01-25-23:33:31
23.0,4.9,40.0,130.0,8.5,10.0,0.51321125,0.18409212,0.6383014,2026-01-25-23:33:31
26.0,4.3,40.0,170.0,9.0,10.0,0.48013055,0.25543883,0.61372244,2026-01-25-23:33:31
22.0,5.0,40.0,300.0,5.5,10.0,0.52224797,0.45773938,0.6063268,2026-01-25-23:34:41
23.0,5.0,40.0,150.0,9.0,25.0,0.5077254,0.23742796,0.64402145,2026-01-25-23:34:41
22.0,5.0,40.0,230.0,5.5,10.0,0.510179,0.37648097,0.6286428,2026-01-25-23:34:41
19.0,1.0,30.0,250.00002,3.5,30.0,0.25157505,0.34713832,0.036765583,2026-01-25-23:34:41
23.0,5.0,40.0,130.0,8.0,25.0,0.5161352,0.19826859,0.643477,2026-01-25-23:34:41
20.0,5.0,40.0,300.0,10.5,25.0,0.5646602,0.4646232,0.58241695,2026-01-25-23:35:54
21.0,5.0,40.0,240.0,6.5,10.0,0.5259494,0.368827,0.6309211,2026-01-25-23:35:54
23.0,4.9,40.0,150.0,9.0,10.0,0.50982463,0.21174517,0.6432622,2026-01-25-23:35:54
22.0,3.8,40.0,300.0,6.0,10.0,0.60052496,0.4069543,0.5213584,2026-01-25-23:35:54
30.0,4.5,25.0,20.0,8.0,30.0,0.37057993,0.13608503,0.2895288,2026-01-25-23:35:54
20.0,3.4,35.0,300.0,10.0,60.0,0.64278376,0.5961722,0.33932954,2026-01-25-23:37:42
23.0,5.0,40.0,160.0,8.5,15.0,0.51628447,0.23595093,0.6491568,2026-01-25-23:37:42
20.0,3.4,35.0,300.0,9.5,30.0,0.64465964,0.40326905,0.35237452,2026-01-25-23:37:42
21.0,5.0,40.0,170.0,6.5,10.0,0.51388043,0.2568584,0.6379348,2026-01-25-23:37:42
23.0,4.7,40.0,150.0,8.0,15.0,0.5285485,0.21538526,0.6318602,2026-01-25-23:37:42
26.0,4.8,40.0,150.0,11.0,15.0,0.4350911,0.26860267,0.61657876,2026-01-25-23:39:01
23.0,4.8,40.0,150.0,8.0,25.0,0.5247008,0.22510946,0.63340056,2026-01-25-23:39:01
20.0,4.5,35.0,300.0,11.0,60.0,0.62740785,0.6617782,0.45619637,2026-01-25-23:39:01
23.0,4.8,40.0,190.0,8.0,10.0,0.5315974,0.2813985,0.641032,2026-01-25-23:39:01
21.0,3.8,40.0,240.0,7.0,10.0,0.60574746,0.31998515,0.53387487,2026-01-25-23:39:01
20.0,2.6,40.0,290.0,9.0,55.0,0.6660824,0.49865037,0.33871096,2026-01-25-23:40:53
20.0,3.5,40.0,290.0,9.5,20.0,0.6580441,0.3585208,0.4595716,2026-01-25-23:40:53
20.0,2.7,40.0,300.0,9.5,30.0,0.6716268,0.38471672,0.36698315,2026-01-25-23:40:53
23.0,4.9,40.0,180.0,8.0,10.0,0.52685505,0.26954415,0.64630395,2026-01-25-23:40:53
15.999999,2.9,40.0,260.0,10.0,60.0,0.67588407,0.49452493,0.3137368,2026-01-25-23:40:53
21.0,2.3,40.0,300.0,7.0,60.0,0.6263055,0.46660513,0.3232972,2026-01-25-23:42:26
15.999999,3.1,40.0,280.0,10.0,45.0,0.6781214,0.43830082,0.33676836,2026-01-25-23:42:26
20.0,4.0,40.0,219.99998,9.0,10.0,0.6136854,0.2604631,0.54546106,2026-01-25-23:42:26
21.0,2.2,40.0,300.0,7.0,30.0,0.6194626,0.35266453,0.33540887,2026-01-25-23:42:26
21.0,2.3,40.0,20.0,5.0,10.0,0.51663786,0.11062355,0.311857,2026-01-25-23:42:26
24.0,2.5,40.0,300.0,6.0,30.0,0.6155873,0.36085165,0.4048695,2026-01-25-23:44:19
24.0,4.9,40.0,219.99998,4.0,10.0,0.49702227,0.37894887,0.6046611,2026-01-25-23:44:19
15.999999,2.7,40.0,300.0,10.0,25.0,0.67966735,0.35024065,0.33185393,2026-01-25-23:44:19
15.999999,2.7,40.0,300.0,10.0,20.0,0.67966735,0.33082956,0.33910263,2026-01-25-23:44:19
25.0,4.0,40.0,200.0,6.0,15.0,0.56201667,0.31664085,0.58490646,2026-01-25-23:44:19
23.0,4.9,40.0,250.00002,9.0,60.0,0.527066,0.5640573,0.567734,2026-01-25-23:44:59
7.0,1.0,25.0,180.0,9.5,60.0,0.24922414,0.3225441,0.1716235,2026-01-25-23:44:59
20.0,4.0,30.0,40.0,7.5,35.0,0.5411688,0.059663285,0.28270423,2026-01-25-23:44:59
20.0,3.9,40.0,219.99998,9.5,10.0,0.6215353,0.25587878,0.53476113,2026-01-25-23:44:59
19.0,3.2,25.0,300.0,5.0,45.0,0.29840934,0.39973646,0.16892304,2026-01-25-23:44:59
20.0,4.1,40.0,240.0,9.0,10.0,0.60995364,0.293682,0.55063415,2026-01-25-23:46:01
23.0,5.0,40.0,290.0,9.5,40.0,0.5236335,0.5036998,0.5843579,2026-01-25-23:46:01
20.0,3.4,40.0,270.0,9.5,10.0,0.65922767,0.31240544,0.47259444,2026-01-25-23:46:01
21.0,3.7,40.0,240.0,7.0,15.0,0.6119903,0.31425303,0.5178472,2026-01-25-23:46:01
6.0,0.1,35.0,290.0,7.5,10.0,0.18162358,0.18345475,0.29719466,2026-01-25-23:46:01
23.0,4.9,40.0,120.0,8.0,10.0,0.51651025,0.17448789,0.63423043,2026-01-25-23:47:23
21.0,5.0,40.0,180.0,6.5,10.0,0.51560456,0.27363724,0.6384951,2026-01-25-23:47:23
19.0,1.9,35.0,170.0,4.0,10.0,0.3037514,0.22489673,0.1730957,2026-01-25-23:47:23
19.0,1.9,35.0,300.0,5.5,10.0,0.4016179,0.36478624,0.17428368,2026-01-25-23:47:23
21.0,5.0,40.0,180.0,6.5,15.0,0.51560456,0.27014294,0.6358094,2026-01-25-23:47:23
20.0,4.9,40.0,160.0,7.5,10.0,0.5287282,0.20685735,0.6263095,2026-01-25-23:48:59
27.0,4.6,40.0,270.0,10.0,35.0,0.4598484,0.44765386,0.5568758,2026-01-25-23:48:59
20.0,4.4,40.0,270.0,10.0,10.0,0.5929673,0.34579962,0.56672883,2026-01-25-23:48:59
27.0,4.2,40.0,140.0,8.0,20.0,0.47782797,0.23613547,0.5994317,2026-01-25-23:48:59
27.0,4.2,40.0,160.0,8.0,20.0,0.48127627,0.25973526,0.6001005,2026-01-25-23:48:59
15.999999,2.8,40.0,300.0,10.0,25.0,0.6817714,0.35243925,0.33740813,2026-01-25-23:50:36
15.999999,2.7,40.0,300.0,10.0,15.0,0.67966735,0.3156435,0.34673172,2026-01-25-23:50:36
20.0,3.6,40.0,300.0,9.5,40.0,0.65444404,0.46131936,0.44080573,2026-01-25-23:50:36
3.0,4.8,40.0,180.0,6.0,10.0,0.46322864,0.17239498,0.52579653,2026-01-25-23:50:36
3.0,4.8,25.0,180.0,4.0,10.0,0.4760305,0.18567395,0.3217702,2026-01-25-23:50:36
26.0,4.7,40.0,160.0,9.0,15.0,0.46023285,0.2566822,0.6236301,2026-01-25-23:52:08
23.0,4.9,40.0,200.0,8.0,10.0,0.53030336,0.29952872,0.64575034,2026-01-25-23:52:08
23.0,4.8,40.0,200.0,9.5,10.0,0.51323354,0.28360507,0.63981307,2026-01-25-23:52:08
20.0,3.1,40.0,300.0,9.5,55.0,0.67332876,0.5392985,0.38366255,2026-01-25-23:52:08
23.0,4.9,40.0,150.0,8.0,20.0,0.5216827,0.22262436,0.6412736,2026-01-25-23:52:08
23.0,2.6,40.0,300.0,8.0,60.0,0.6298155,0.5044201,0.3879417,2026-01-25-23:53:46
24.0,2.7,40.0,300.0,6.0,40.0,0.6232241,0.37412718,0.41219726,2026-01-25-23:53:46
22.0,2.6,40.0,290.0,6.0,60.0,0.6225058,0.43620044,0.35778728,2026-01-25-23:53:46
20.0,3.0,40.0,250.00002,9.5,45.0,0.665816,0.4134604,0.38856828,2026-01-25-23:53:46
20.0,4.2,40.0,219.99998,9.0,10.0,0.59931594,0.26621005,0.5645156,2026-01-25-23:53:46
20.0,4.8,40.0,200.0,7.5,10.0,0.53945833,0.27115852,0.6191307,2026-01-25-23:54:56
21.0,2.1,25.0,150.0,7.0,15.0,0.39021862,0.19250157,0.16222906,2026-01-25-23:54:56
23.0,4.9,40.0,300.0,9.0,50.0,0.5356867,0.5513906,0.5716448,2026-01-25-23:54:56
20.0,4.0,40.0,300.0,9.5,55.0,0.6282835,0.56864566,0.47071037,2026-01-25-23:54:56
20.0,4.8,40.0,200.0,7.5,20.0,0.53945833,0.26845017,0.6097313,2026-01-25-23:54:56
15.999999,3.3,40.0,290.0,10.0,45.0,0.67455846,0.4595291,0.34942985,2026-01-25-23:56:34
23.0,4.8,40.0,200.0,10.0,60.0,0.50406617,0.5255236,0.5704018,2026-01-25-23:56:34
27.0,4.8,35.0,290.0,10.0,55.0,0.5027112,0.5885362,0.46490845,2026-01-25-23:56:34
27.0,4.7,40.0,200.0,9.5,60.0,0.44731987,0.5283965,0.54711324,2026-01-25-23:56:34
20.0,4.2,40.0,230.0,10.5,10.0,0.5956881,0.28446996,0.557131,2026-01-25-23:56:34
30.0,4.9,40.0,240.0,9.0,40.0,0.44748685,0.4181963,0.5195652,2026-01-25-23:57:58
30.0,4.9,40.0,200.0,7.5,10.0,0.4337956,0.32773602,0.56937784,2026-01-25-23:57:58
30.0,4.9,25.0,290.0,7.5,15.0,0.46747336,0.36690012,0.30235058,2026-01-25-23:57:58
26.0,4.2,40.0,160.0,9.0,15.0,0.4839422,0.24456204,0.607829,2026-01-25-23:57:58
24.0,4.2,40.0,160.0,6.0,15.0,0.5515062,0.26105285,0.59514457,2026-01-25-23:57:58
26.0,4.2,40.0,210.0,11.0,10.0,0.47212443,0.3063005,0.60040617,2026-01-25-23:59:30
26.0,4.4,40.0,240.0,10.0,55.0,0.47339106,0.54309547,0.5424342,2026-01-25-23:59:30
26.0,4.2,40.0,200.0,11.0,10.0,0.4704003,0.29622793,0.6014732,2026-01-25-23:59:30
20.0,4.4,40.0,300.0,10.0,55.0,0.5981397,0.6014258,0.50655174,2026-01-25-23:59:30
26.0,4.2,40.0,200.0,11.0,55.0,0.4704003,0.5283906,0.5410761,2026-01-25-23:59:30
25.0,5.0,40.0,150.0,5.5,15.0,0.5093986,0.28583613,0.621935,2026-01-26-00:01:05
23.0,5.0,40.0,200.0,8.0,10.0,0.5282042,0.303034,0.6507223,2026-01-26-00:01:05
24.0,5.0,40.0,240.0,5.0,10.0,0.52037,0.4038925,0.6184276,2026-01-26-00:01:05
20.0,3.0,40.0,300.0,9.0,60.0,0.6736318,0.550668,0.37471065,2026-01-26-00:01:05
25.0,5.0,40.0,150.0,6.0,25.0,0.50904095,0.2724434,0.6230096,2026-01-26-00:01:05
21.0,5.0,40.0,160.0,7.0,10.0,0.5233657,0.2316852,0.6401068,2026-01-26-00:02:45
23.0,4.8,40.0,290.0,10.0,40.0,0.5195834,0.51402277,0.5723033,2026-01-26-00:02:45
23.0,5.0,40.0,230.0,9.5,60.0,0.5132886,0.5596431,0.5747495,2026-01-26-00:02:45
21.0,4.8,40.0,160.0,7.0,25.0,0.5296008,0.22031592,0.6189021,2026-01-26-00:02:45
23.0,5.0,40.0,160.0,8.5,25.0,0.51628447,0.24893773,0.6435243,2026-01-26-00:02:45
20.0,4.9,40.0,200.0,8.0,10.0,0.5453325,0.26698756,0.628957,2026-01-26-00:04:29
20.0,3.5,40.0,240.0,9.5,10.0,0.6494234,0.27522704,0.49142855,2026-01-26-00:04:29
24.0,3.8,40.0,240.0,6.0,15.0,0.58992493,0.34986907,0.5572283,2026-01-26-00:04:29
23.0,5.0,40.0,240.0,9.5,45.0,0.5150128,0.47897032,0.5910444,2026-01-26-00:04:29
23.0,5.0,40.0,280.0,10.0,50.0,0.512742,0.57395846,0.57473516,2026-01-26-00:04:29
23.0,5.0,40.0,200.0,9.5,10.0,0.50811625,0.29054463,0.6500525,2026-01-26-00:05:46
20.0,5.0,35.0,300.0,10.0,55.0,0.6086915,0.623629,0.48541728,2026-01-26-00:05:46
23.0,4.9,40.0,170.0,9.5,10.0,0.50504297,0.24153002,0.64507383,2026-01-26-00:05:46
24.0,4.8,40.0,160.0,4.0,15.0,0.48940706,0.29842013,0.6009358,2026-01-26-00:05:46
20.0,4.9,40.0,160.0,7.0,15.0,0.51605,0.21159618,0.6228679,2026-01-26-00:05:46
15.999999,3.0,40.0,219.99998,10.0,60.0,0.66891223,0.43195963,0.3260982,2026-01-26-00:07:34
25.0,3.0,40.0,300.0,6.0,10.0,0.61606115,0.37169987,0.49313444,2026-01-26-00:07:34
15.999999,2.0,40.0,300.0,10.0,55.0,0.63633853,0.51198024,0.27634388,2026-01-26-00:07:34
22.0,3.3,40.0,300.0,6.0,10.0,0.6250868,0.39053354,0.47559753,2026-01-26-00:07:34
23.0,4.1,35.0,300.0,9.5,25.0,0.60180056,0.40693417,0.46428832,2026-01-26-00:07:34
6.0,4.9,40.0,200.0,7.5,10.0,0.3629575,0.14878653,0.4961174,2026-01-26-00:09:01
6.0,4.9,25.0,200.0,9.0,15.0,0.37563628,0.13439134,0.24411021,2026-01-26-00:09:01
28.0,4.9,40.0,200.0,7.5,10.0,0.45332548,0.3308301,0.60242623,2026-01-26-00:09:01
28.0,4.6,40.0,160.0,6.5,15.0,0.4688425,0.29534304,0.59220743,2026-01-26-00:09:01
15.999999,2.9,40.0,290.0,10.0,45.0,0.6810565,0.44927216,0.32245305,2026-01-26-00:09:01
21.0,5.0,40.0,219.99998,6.5,35.0,0.5225011,0.3385885,0.6012721,2026-01-26-00:10:44
21.0,5.0,40.0,240.0,6.5,35.0,0.5259494,0.3693998,0.5939125,2026-01-26-00:10:44
23.0,5.0,40.0,90.0,8.0,10.0,0.50923866,0.13064407,0.6256893,2026-01-26-00:10:44
21.0,5.0,40.0,300.0,6.5,35.0,0.5362942,0.4461912,0.575652,2026-01-26-00:10:44
21.0,5.0,40.0,270.0,6.0,35.0,0.51701903,0.41427445,0.57940704,2026-01-26-00:10:44
27.0,5.0,40.0,130.0,8.0,25.0,0.44835427,0.2460394,0.6120083,2026-01-26-00:12:03
20.0,4.5,40.0,300.0,10.0,35.0,0.5916817,0.4826183,0.5296664,2026-01-26-00:12:03
25.0,5.0,40.0,210.0,6.0,10.0,0.51938576,0.3620033,0.62902504,2026-01-26-00:12:03
29.0,0.7,30.0,180.0,5.0,10.0,0.3391904,0.3398966,0.1572968,2026-01-26-00:12:03
20.0,4.7,35.0,210.0,9.5,10.0,0.6135731,0.26429448,0.528552,2026-01-26-00:12:03
20.0,2.5,40.0,300.0,8.5,45.0,0.660085,0.42818686,0.3358403,2026-01-26-00:13:10
15.999999,3.2,40.0,300.0,10.0,15.0,0.6794116,0.3281863,0.37793663,2026-01-26-00:13:10
15.0,4.6,30.0,100.0,7.5,35.0,0.48053518,0.08496396,0.2701862,2026-01-26-00:13:10
18.0,2.5,40.0,300.0,4.0,45.0,0.452066,0.38986215,0.2756104,2026-01-26-00:13:10
15.999999,2.5,40.0,280.0,10.0,40.0,0.66875714,0.39633745,0.3078787,2026-01-26-00:13:10
23.0,5.0,40.0,300.0,9.5,60.0,0.5253576,0.637321,0.57311827,2026-01-26-00:13:58
19.0,0.6,40.0,70.0,4.5,35.0,0.28991252,0.14887768,0.26180017,2026-01-26-00:13:58
25.0,0.7,30.0,160.0,6.0,20.0,0.41181347,0.28871116,0.08965777,2026-01-26-00:13:58
15.999999,3.1,40.0,290.0,9.5,60.0,0.664545,0.5304985,0.3292299,2026-01-26-00:13:58
25.0,4.7,40.0,250.00002,5.5,10.0,0.53386635,0.3992842,0.6059222,2026-01-26-00:13:58
20.0,4.1,40.0,300.0,10.5,35.0,0.61494654,0.48519307,0.4899794,2026-01-26-00:15:41
22.0,4.2,40.0,240.0,6.0,10.0,0.56360734,0.35533732,0.57507676,2026-01-26-00:15:41
26.0,4.9,40.0,210.0,11.0,45.0,0.44328842,0.5059608,0.57309794,2026-01-26-00:15:41
20.0,4.2,40.0,180.0,9.0,20.0,0.5924194,0.21373412,0.56119686,2026-01-26-00:15:41
23.0,4.6,40.0,190.0,9.5,15.0,0.51993513,0.2692867,0.62547904,2026-01-26-00:15:41
20.0,3.9,40.0,250.00002,9.5,15.0,0.6267077,0.3072588,0.5205836,2026-01-26-00:16:25
15.999999,2.7,40.0,240.0,7.5,55.0,0.5707083,0.34112585,0.3106106,2026-01-26-00:16:25
25.0,4.0,40.0,180.0,4.0,55.0,0.5439625,0.3279512,0.5104729,2026-01-26-00:16:25
15.0,2.7,25.0,280.0,7.5,45.0,0.30152065,0.33970332,0.084845275,2026-01-26-00:16:25
20.0,5.0,40.0,160.0,7.5,15.0,0.52580065,0.20717241,0.6333692,2026-01-26-00:16:25
20.0,4.7,35.0,300.0,10.5,35.0,0.62293345,0.5076742,0.4818767,2026-01-26-00:17:09
21.0,3.8,35.0,250.00002,7.0,55.0,0.6212594,0.41614312,0.3453568,2026-01-26-00:17:09
1.0,1.3,25.0,200.0,5.5,45.0,0.32145968,0.17665184,0.20729885,2026-01-26-00:17:09
20.0,1.3,30.0,180.0,10.0,25.0,0.43405947,0.24542987,0.10906608,2026-01-26-00:17:09
23.0,5.0,40.0,130.0,8.0,10.0,0.5161352,0.1930354,0.6426553,2026-01-26-00:17:09
20.0,3.2,40.0,300.0,9.5,20.0,0.67125034,0.36069274,0.4270961,2026-01-26-00:19:07
20.0,3.0,40.0,290.0,9.5,20.0,0.67271256,0.3446276,0.41171637,2026-01-26-00:19:07
15.999999,2.7,40.0,300.0,10.0,40.0,0.67966735,0.42912385,0.31410262,2026-01-26-00:19:07
15.999999,3.1,40.0,270.0,10.0,55.0,0.6763972,0.48462054,0.32937142,2026-01-26-00:19:07
25.0,3.8,35.0,300.0,5.5,20.0,0.6049912,0.40101004,0.39179662,2026-01-26-00:19:07
20.0,5.0,40.0,240.0,9.5,10.0,0.56047225,0.32333222,0.62936467,2026-01-26-00:20:48
22.0,3.2,40.0,300.0,6.0,60.0,0.627837,0.45872343,0.41615906,2026-01-26-00:20:48
22.0,3.2,40.0,300.0,6.0,10.0,0.627837,0.38759214,0.46615908,2026-01-26-00:20:48
29.0,4.6,40.0,200.0,6.0,10.0,0.46640348,0.34457412,0.5757225,2026-01-26-00:20:48
29.0,4.6,25.0,160.0,4.0,55.0,0.46384132,0.34176347,0.32657698,2026-01-26-00:20:48
25.0,5.0,40.0,240.0,6.0,10.0,0.5245582,0.39447075,0.62307173,2026-01-26-00:21:51
1.0,4.7,40.0,160.0,6.0,15.0,0.49799606,0.17943484,0.5573639,2026-01-26-00:21:51
20.0,4.7,35.0,200.0,10.5,10.0,0.6056921,0.2523827,0.54416627,2026-01-26-00:21:51
1.0,4.7,40.0,160.0,4.0,10.0,0.47299913,0.19564092,0.53305984,2026-01-26-00:21:51
21.0,3.0,40.0,290.0,6.0,60.0,0.62036467,0.44340852,0.3784273,2026-01-26-00:21:51
23.0,3.7,40.0,210.0,8.0,10.0,0.59832096,0.27863884,0.563173,2026-01-26-00:22:57
20.0,4.7,35.0,300.0,10.5,20.0,0.62293345,0.43133688,0.5017812,2026-01-26-00:22:57
20.0,3.0,40.0,300.0,9.5,50.0,0.6744367,0.5045968,0.37610662,2026-01-26-00:22:57
27.0,4.7,25.0,230.0,9.5,30.0,0.44356537,0.38333225,0.33068675,2026-01-26-00:22:57
25.0,3.2,40.0,250.00002,4.0,25.0,0.5911142,0.37349012,0.4784688,2026-01-26-00:22:57
22.0,2.5,40.0,300.0,6.0,50.0,0.6201208,0.40031996,0.35231906,2026-01-26-00:24:40
25.0,5.0,30.0,300.0,5.5,60.0,0.606399,0.5020703,0.3147956,2026-01-26-00:24:40
22.0,4.7,30.0,290.0,5.0,20.0,0.5738003,0.4432194,0.3420468,2026-01-26-00:24:40
1.0,1.6,30.0,20.0,6.0,20.0,0.24882644,0.20175543,0.18836598,2026-01-26-00:24:40
25.0,5.0,30.0,20.0,4.5,30.0,0.550938,0.106115475,0.34905288,2026-01-26-00:24:40
21.0,5.0,40.0,300.0,5.0,10.0,0.48611188,0.46249065,0.5957479,2026-01-26-00:26:33
20.0,4.5,35.0,300.0,10.0,35.0,0.6380303,0.4826183,0.45751286,2026-01-26-00:26:33
20.0,3.7,40.0,300.0,9.5,50.0,0.64852446,0.52594924,0.44345352,2026-01-26-00:26:33
23.0,3.8,40.0,210.0,8.0,10.0,0.5924842,0.28081936,0.57134384,2026-01-26-00:26:33
25.0,4.7,40.0,200.0,6.0,10.0,0.52488804,0.33955604,0.62079567,2026-01-26-00:26:33
22.0,5.0,40.0,120.0,6.0,10.0,0.5038272,0.19566417,0.6268373,2026-01-26-00:28:10
20.0,5.0,40.0,219.99998,10.5,60.0,0.5508671,0.5490759,0.55895406,2026-01-26-00:28:10
23.0,5.0,40.0,120.0,9.5,10.0,0.4943231,0.16453576,0.6385327,2026-01-26-00:28:10
26.0,4.9,40.0,230.0,10.5,40.0,0.44916418,0.47806388,0.5767567,2026-01-26-00:28:10
22.0,5.0,40.0,120.0,5.5,15.0,0.49121344,0.2003854,0.6240643,2026-01-26-00:28:10
20.0,3.8,35.0,300.0,9.5,55.0,0.65590274,0.56146705,0.37077656,2026-01-26-00:29:52
15.999999,2.7,40.0,300.0,10.0,30.0,0.67966735,0.37350532,0.3251642,2026-01-26-00:29:52
15.999999,3.8,35.0,290.0,10.0,25.0,0.66078824,0.36597234,0.3428049,2026-01-26-00:29:52
20.0,3.8,35.0,300.0,9.5,30.0,0.65590274,0.41662169,0.39077172,2026-01-26-00:29:52
20.0,3.8,35.0,300.0,9.5,35.0,0.65590274,0.44080412,0.38480562,2026-01-26-00:29:52
26.0,4.0,40.0,180.0,9.0,10.0,0.4988004,0.26037058,0.60226154,2026-01-26-00:31:22
26.0,4.0,25.0,50.0,10.0,60.0,0.33331758,0.3280287,0.32394487,2026-01-26-00:31:22
29.0,4.5,40.0,210.0,6.0,10.0,0.4716095,0.34828025,0.5741911,2026-01-26-00:31:22
29.0,4.0,25.0,50.0,4.0,50.0,0.36591688,0.20019566,0.3494159,2026-01-26-00:31:22
29.0,4.5,30.0,210.0,4.0,55.0,0.54259026,0.3822035,0.2737653,2026-01-26-00:31:22
1.0,4.1,35.0,300.0,5.5,20.0,0.5870184,0.24138911,0.37244508,2026-01-26-00:33:04
11.0,4.9,35.0,280.0,5.0,60.0,0.34752053,0.37700862,0.25182116,2026-01-26-00:33:04
29.0,4.1,35.0,300.0,5.5,55.0,0.54572,0.41757146,0.35190427,2026-01-26-00:33:04
1.0,3.8,35.0,300.0,5.5,55.0,0.58361566,0.26746172,0.33667493,2026-01-26-00:33:04
1.0,4.9,30.0,280.0,5.0,60.0,0.57226217,0.29928023,0.24134651,2026-01-26-00:33:04
