organic_formula,organic_concentration,organic_temperature,organic_soak_time,organic_ph,organic_curing_time,Adhesion,Coverage,Uniformity,Timestamp
30.0,0.6,35.0,130.0,7.5,15.0,1.0,1.0,0.24399565,2026-01-26-04:35:46
10.0,3.4,30.0,210.0,6.0,40.0,0.70522225,0.47659206,0.68152493,2026-01-26-04:35:46
4.0,1.8,35.0,70.0,5.5,55.0,0.31361505,0.58390933,0.86841136,2026-01-26-04:35:46
21.0,4.5,25.0,280.0,5.0,35.0,0.9416697,0.63920593,0.31063372,2026-01-26-04:35:46
18.0,2.5,30.0,230.0,2.5,20.0,0.6456157,0.65679795,0.35103348,2026-01-26-04:35:46
6.0,4.1,40.0,40.0,9.0,45.0,0.7840547,0.27240863,0.7892756,2026-01-26-04:35:46
15.0,1.1,25.0,180.0,7.5,55.0,0.47910535,0.8270511,0.48009622,2026-01-26-04:35:46
24.0,2.6,35.0,80.0,5.0,25.0,0.8380178,0.83274007,0.30895743,2026-01-26-04:35:46
25.0,1.6,30.0,20.0,6.0,30.0,0.81100136,0.90139955,0.2322214,2026-01-26-04:35:46
12.0,5.0,35.0,260.0,4.5,60.0,1.0,0.24347667,0.48706442,2026-01-26-04:35:46
30.0,0.6,35.0,180.0,7.5,15.0,1.0,1.0,0.24399565,2026-01-26-04:36:47
30.0,0.6,35.0,130.0,7.5,60.0,1.0,1.0,0.18577711,2026-01-26-04:36:47
25.0,1.6,35.0,20.0,6.0,60.0,0.7741777,0.8821887,0.08263088,2026-01-26-04:36:47
30.0,1.1,25.0,130.0,7.5,15.0,1.0,1.0,0.24399565,2026-01-26-04:36:47
15.0,0.6,35.0,130.0,7.5,15.0,0.4581796,0.9124027,0.48009622,2026-01-26-04:36:47
12.0,0.8,25.0,10.0,4.0,25.0,0.30267024,0.8408391,0.5150397,2026-01-26-04:37:20
30.0,4.6,30.0,200.0,7.0,10.0,1.0,1.0,0.17583382,2026-01-26-04:37:20
30.0,4.2,40.0,140.0,8.5,55.0,1.0,1.0,0.24047157,2026-01-26-04:37:20
30.0,1.8,40.0,160.0,8.0,40.0,1.0,1.0,0.34316623,2026-01-26-04:37:20
21.0,4.5,25.0,280.0,4.0,35.0,0.940436,0.63157547,0.29605415,2026-01-26-04:37:20
8.0,1.8,40.0,160.0,5.5,40.0,0.4749289,0.6816988,0.7553538,2026-01-26-04:38:09
30.0,4.1,40.0,160.0,8.0,40.0,1.0,1.0,0.34316623,2026-01-26-04:38:09
30.0,3.4,40.0,160.0,8.0,40.0,1.0,1.0,0.34316623,2026-01-26-04:38:09
30.0,0.8,40.0,160.0,8.0,15.0,1.0,1.0,0.24613538,2026-01-26-04:38:09
30.0,0.1,40.0,160.0,8.0,40.0,1.0,1.0,0.34316623,2026-01-26-04:38:09
8.0,0.9,25.0,240.0,4.5,40.0,0.34443858,0.82809156,0.729969,2026-01-26-04:38:22
8.0,4.2,35.0,50.0,6.5,40.0,0.8258705,0.33596817,0.72648007,2026-01-26-04:38:22
3.0,1.1,30.0,170.0,5.5,60.0,0.22846211,0.74383175,0.91158605,2026-01-26-04:38:22
19.0,4.0,40.0,30.0,4.5,10.0,0.8321131,0.4943513,0.21419147,2026-01-26-04:38:22
17.0,2.9,25.0,110.0,5.0,15.0,0.68550533,0.60563606,0.40616208,2026-01-26-04:38:22
3.0,2.0,40.0,170.0,5.0,60.0,0.32852906,0.5316109,0.91096157,2026-01-26-04:38:59
3.0,3.5,25.0,290.0,6.0,60.0,0.56221175,0.16084163,0.89706296,2026-01-26-04:38:59
3.0,0.7,35.0,300.0,4.5,60.0,0.033039615,0.8116845,0.89286107,2026-01-26-04:38:59
8.0,1.8,40.0,240.0,6.5,40.0,0.4361781,0.65820783,0.73729855,2026-01-26-04:38:59
3.0,1.1,30.0,30.0,4.0,25.0,0.22385168,0.74230105,0.91105765,2026-01-26-04:38:59
6.0,4.1,40.0,90.0,7.5,45.0,0.8064264,0.34778616,0.8111063,2026-01-26-04:39:28
4.0,1.0,30.0,90.0,4.0,55.0,0.23127459,0.77184635,0.8685404,2026-01-26-04:39:28
6.0,5.0,25.0,110.0,8.0,45.0,1.0,0.33358636,0.81497115,2026-01-26-04:39:28
6.0,4.1,40.0,120.0,10.5,45.0,0.8018948,0.3325176,0.80668426,2026-01-26-04:39:28
8.0,1.8,40.0,140.0,4.5,40.0,0.4632195,0.6746005,0.749898,2026-01-26-04:39:28
10.0,3.4,40.0,210.0,6.0,40.0,0.70522225,0.47659206,0.68152493,2026-01-26-04:39:51
8.0,1.8,30.0,160.0,5.5,40.0,0.4749289,0.6816988,0.7553538,2026-01-26-04:39:51
7.0,4.6,40.0,210.0,8.0,10.0,0.8987929,0.2150573,0.7333327,2026-01-26-04:39:51
10.0,4.2,35.0,290.0,5.0,55.0,0.7974625,0.22763608,0.5766737,2026-01-26-04:39:51
6.0,5.0,35.0,90.0,7.5,45.0,1.0,0.31966653,0.8111063,2026-01-26-04:39:51
8.0,4.2,25.0,240.0,4.5,40.0,0.82809174,0.34443852,0.729969,2026-01-26-04:40:13
5.0,2.7,25.0,250.00002,10.0,50.0,0.47196838,0.4185784,0.8271183,2026-01-26-04:40:13
23.0,1.4,30.0,10.0,9.5,50.0,0.69963926,0.8670392,0.17559238,2026-01-26-04:40:13
23.0,5.0,30.0,210.0,9.5,50.0,1.0,0.7227718,0.3042098,2026-01-26-04:40:13
5.0,1.1,25.0,90.0,10.0,50.0,0.28882247,0.7638728,0.835055,2026-01-26-04:40:13
8.0,2.2,30.0,160.0,5.5,40.0,0.5199432,0.6171674,0.7553538,2026-01-26-04:40:40
6.0,4.4,25.0,90.0,7.5,45.0,0.86994845,0.33221245,0.8111063,2026-01-26-04:40:40
6.0,3.3,25.0,90.0,7.5,45.0,0.6473203,0.4182177,0.8111063,2026-01-26-04:40:40
6.0,2.9,25.0,90.0,7.5,15.0,0.529185,0.4096165,0.7903395,2026-01-26-04:40:40
6.0,0.1,25.0,90.0,7.5,15.0,0.24487118,1.0,0.7903395,2026-01-26-04:40:40
7.0,2.1,40.0,210.0,8.0,10.0,0.36572894,0.5266311,0.7333327,2026-01-26-04:41:09
6.0,0.3,25.0,110.0,8.0,45.0,0.3349556,0.95730275,0.81497115,2026-01-26-04:41:09
6.0,2.5,25.0,110.0,8.0,45.0,0.5212822,0.5363877,0.81497115,2026-01-26-04:41:09
7.0,0.6,35.0,210.0,8.0,10.0,0.21870452,0.87368625,0.7333327,2026-01-26-04:41:09
20.0,2.9,25.0,170.0,8.0,40.0,0.78837126,0.73462594,0.4358691,2026-01-26-04:41:09
6.0,3.9,25.0,110.0,8.0,45.0,0.7698441,0.37459183,0.81497115,2026-01-26-04:41:44
6.0,0.5,30.0,110.0,8.0,45.0,0.33905762,0.9147809,0.81497115,2026-01-26-04:41:44
6.0,4.2,25.0,110.0,8.0,45.0,0.8309613,0.3553815,0.81497115,2026-01-26-04:41:44
8.0,4.5,30.0,160.0,5.5,20.0,0.8943305,0.3463968,0.73619926,2026-01-26-04:41:44
5.0,4.4,30.0,90.0,7.0,55.0,0.8538466,0.24953291,0.8317063,2026-01-26-04:41:44
6.0,4.3,30.0,110.0,8.0,45.0,0.8517092,0.35029474,0.81497115,2026-01-26-04:42:30
6.0,0.2,25.0,110.0,7.5,45.0,0.33631256,0.97871685,0.8156334,2026-01-26-04:42:30
6.0,1.2,25.0,110.0,7.5,45.0,0.3768302,0.7706678,0.8156334,2026-01-26-04:42:30
4.0,0.2,35.0,90.0,5.5,55.0,0.22051637,0.9750035,0.8721445,2026-01-26-04:42:30
8.0,0.6,30.0,160.0,5.5,40.0,0.39385483,0.90200317,0.7553538,2026-01-26-04:42:30
8.0,2.4,30.0,160.0,5.5,40.0,0.54545766,0.5871966,0.7553538,2026-01-26-04:43:08
6.0,4.5,30.0,110.0,7.5,45.0,0.89402115,0.34448308,0.8156334,2026-01-26-04:43:08
6.0,0.7,35.0,110.0,7.5,45.0,0.34821668,0.87306523,0.8156334,2026-01-26-04:43:08
5.0,0.4,30.0,90.0,10.0,50.0,0.2541099,0.9280449,0.835055,2026-01-26-04:43:08
5.0,0.2,30.0,90.0,10.0,50.0,0.25103223,0.9759821,0.835055,2026-01-26-04:43:08
6.0,1.6,30.0,110.0,7.5,45.0,0.41127273,0.6928613,0.8156334,2026-01-26-04:44:02
6.0,2.6,30.0,110.0,7.5,45.0,0.53804696,0.5229955,0.8156334,2026-01-26-04:44:02
8.0,2.6,30.0,160.0,5.5,40.0,0.57284,0.5589221,0.7553538,2026-01-26-04:44:02
8.0,1.6,30.0,160.0,5.5,40.0,0.4556141,0.7159942,0.7553538,2026-01-26-04:44:02
4.0,5.0,35.0,90.0,5.5,55.0,1.0,0.22011569,0.8721445,2026-01-26-04:44:02
6.0,1.4,30.0,110.0,7.5,45.0,0.39280388,0.7312123,0.8156334,2026-01-26-04:44:55
6.0,4.7,30.0,110.0,7.5,45.0,0.9362381,0.33903983,0.8156334,2026-01-26-04:44:55
6.0,1.9,30.0,110.0,7.5,45.0,0.44348553,0.63774925,0.8156334,2026-01-26-04:44:55
1.0,1.4,30.0,160.0,5.5,30.0,0.39561054,0.7324547,1.0,2026-01-26-04:44:55
2.0,1.4,30.0,160.0,5.5,30.0,0.39649692,0.73284703,0.9642164,2026-01-26-04:44:55
1.0,1.3,30.0,160.0,5.5,30.0,0.38734576,0.7519638,1.0,2026-01-26-04:45:52
1.0,1.5,30.0,160.0,5.5,30.0,0.40449628,0.7132206,1.0,2026-01-26-04:45:52
2.0,4.7,30.0,160.0,5.5,30.0,0.93662596,0.3430598,0.9642164,2026-01-26-04:45:52
2.0,1.7,30.0,160.0,5.5,30.0,0.42493844,0.67613137,0.9642164,2026-01-26-04:45:52
1.0,2.3,30.0,160.0,5.5,30.0,0.49671522,0.57154745,1.0,2026-01-26-04:45:52
2.0,2.8,30.0,160.0,5.5,30.0,0.5721758,0.4974533,0.9642164,2026-01-26-04:46:44
2.0,3.8,30.0,160.0,5.5,30.0,0.7523276,0.38824424,0.9642164,2026-01-26-04:46:44
15.999999,3.0,30.0,160.0,7.5,30.0,0.73084915,0.63936234,0.5249387,2026-01-26-04:46:44
2.0,3.2,30.0,160.0,5.5,30.0,0.6399525,0.44687027,0.9642164,2026-01-26-04:46:44
1.0,4.5,30.0,160.0,5.5,30.0,0.89451104,0.3475131,1.0,2026-01-26-04:46:44
1.0,3.0,30.0,160.0,5.5,30.0,0.6046734,0.47029826,1.0,2026-01-26-04:47:43
2.0,3.1,30.0,160.0,5.5,30.0,0.62240887,0.4586945,0.9642164,2026-01-26-04:47:43
1.0,3.6,30.0,160.0,5.5,30.0,0.7132206,0.40449628,1.0,2026-01-26-04:47:43
1.0,3.7,30.0,160.0,5.5,45.0,0.7245995,0.37786525,1.0,2026-01-26-04:47:43
1.0,4.8,30.0,90.0,5.5,30.0,0.9555825,0.30816,1.0,2026-01-26-04:47:43
1.0,4.9,30.0,90.0,5.5,30.0,0.97777987,0.30709183,1.0,2026-01-26-04:48:42
2.0,3.4,30.0,160.0,5.5,30.0,0.6761315,0.42493835,0.9642164,2026-01-26-04:48:42
1.0,3.4,30.0,160.0,5.5,30.0,0.67565584,0.42409375,1.0,2026-01-26-04:48:42
2.0,4.9,30.0,90.0,5.0,30.0,0.9776276,0.30234388,0.9621548,2026-01-26-04:48:42
1.0,4.0,30.0,90.0,5.5,30.0,0.7815468,0.34205347,1.0,2026-01-26-04:48:42
1.0,1.6,30.0,160.0,5.5,30.0,0.413994,0.69428104,1.0,2026-01-26-04:49:39
9.0,4.8,30.0,160.0,5.5,30.0,0.96156627,0.4013621,0.7224704,2026-01-26-04:49:39
28.0,4.8,30.0,160.0,7.5,30.0,0.9954672,0.92939687,0.34947747,2026-01-26-04:49:39
1.0,0.3,30.0,160.0,5.5,30.0,0.3403988,0.9576523,1.0,2026-01-26-04:49:39
2.0,0.1,30.0,160.0,5.5,30.0,0.34001008,1.0,0.9642164,2026-01-26-04:49:39
2.0,4.8,30.0,160.0,5.5,30.0,0.9577144,0.34136602,0.9642164,2026-01-26-04:50:32
5.0,4.8,30.0,90.0,10.0,50.0,0.9519889,0.25218678,0.835055,2026-01-26-04:50:32
26.0,4.8,30.0,160.0,10.5,30.0,0.9904419,0.85112506,0.32226154,2026-01-26-04:50:32
29.0,4.8,30.0,160.0,5.5,30.0,0.99770737,0.96429,0.34001008,2026-01-26-04:50:32
11.0,4.8,30.0,160.0,5.0,30.0,0.963397,0.42987722,0.6562622,2026-01-26-04:50:32
13.0,4.8,30.0,160.0,5.5,30.0,0.9662873,0.47489604,0.6000045,2026-01-26-04:51:32
22.0,4.8,30.0,160.0,5.5,30.0,0.9822187,0.72304064,0.40012965,2026-01-26-04:51:32
27.0,4.8,30.0,160.0,8.0,30.0,0.9931917,0.8939545,0.35181904,2026-01-26-04:51:32
14.0,4.8,30.0,160.0,4.5,30.0,0.9670796,0.48723593,0.5635576,2026-01-26-04:51:32
4.0,4.8,30.0,160.0,5.5,30.0,0.9582102,0.34908798,0.89306873,2026-01-26-04:51:32
6.0,4.8,30.0,110.0,7.5,45.0,0.9574556,0.3373357,0.8156334,2026-01-26-04:52:30
8.0,4.8,30.0,160.0,5.5,40.0,0.96066,0.3872458,0.7553538,2026-01-26-04:52:30
2.0,3.6,30.0,160.0,5.5,30.0,0.71364117,0.40536958,0.9642164,2026-01-26-04:52:30
1.0,2.6,30.0,160.0,5.5,30.0,0.54018223,0.5252003,1.0,2026-01-26-04:52:30
1.0,4.1,30.0,90.0,5.5,30.0,0.8027472,0.33538976,1.0,2026-01-26-04:52:30
9.0,4.3,30.0,160.0,5.5,30.0,0.8665164,0.4151696,0.7224704,2026-01-26-04:53:25
2.0,3.0,30.0,160.0,5.5,30.0,0.60525316,0.47107506,0.9642164,2026-01-26-04:53:25
2.0,0.8,30.0,160.0,5.5,30.0,0.35655743,0.8531385,0.9642164,2026-01-26-04:53:25
1.0,3.8,30.0,160.0,5.5,30.0,0.7519638,0.38734576,1.0,2026-01-26-04:53:25
9.0,4.7,30.0,90.0,5.0,40.0,0.9390801,0.36850002,0.70648074,2026-01-26-04:53:25
2.0,4.6,30.0,160.0,5.5,30.0,0.91560245,0.3454286,0.9642164,2026-01-26-04:54:24
2.0,2.4,30.0,160.0,5.5,30.0,0.51142406,0.5562881,0.9642164,2026-01-26-04:54:24
11.0,4.6,30.0,160.0,5.0,30.0,0.9269442,0.43339378,0.6562622,2026-01-26-04:54:24
2.0,3.7,30.0,160.0,4.5,30.0,0.7275112,0.38444296,0.96350175,2026-01-26-04:54:24
2.0,2.2,30.0,160.0,4.5,30.0,0.47369295,0.58028406,0.96350175,2026-01-26-04:54:24
2.0,2.6,30.0,160.0,5.5,30.0,0.5408566,0.5258966,0.9642164,2026-01-26-04:55:18
2.0,3.9,30.0,160.0,5.5,30.0,0.77206266,0.38062027,0.9642164,2026-01-26-04:55:18
9.0,3.4,30.0,160.0,5.5,30.0,0.7056332,0.47732168,0.7224704,2026-01-26-04:55:18
2.0,2.3,30.0,160.0,5.5,30.0,0.4974533,0.5721758,0.9642164,2026-01-26-04:55:18
1.0,0.5,30.0,160.0,5.5,30.0,0.3444672,0.9154784,1.0,2026-01-26-04:55:18
13.0,4.6,30.0,160.0,5.5,30.0,0.932713,0.47813496,0.6000045,2026-01-26-04:56:12
1.0,3.2,30.0,160.0,5.5,30.0,0.63942367,0.44605786,1.0,2026-01-26-04:56:12
1.0,2.8,30.0,160.0,5.5,30.0,0.57154745,0.49671522,1.0,2026-01-26-04:56:12
2.0,1.6,30.0,160.0,5.5,30.0,0.41485342,0.6947294,0.9642164,2026-01-26-04:56:12
2.0,4.3,30.0,160.0,5.5,30.0,0.85313857,0.35655737,0.9642164,2026-01-26-04:56:12
2.0,0.1,40.0,180.0,6.0,45.0,0.3201436,1.0,0.9631393,2026-01-26-04:57:19
1.0,0.1,40.0,130.0,6.0,45.0,0.31914508,1.0,1.0,2026-01-26-04:57:19
5.0,0.1,40.0,180.0,8.0,45.0,0.3350631,1.0,0.8536363,2026-01-26-04:57:19
2.0,0.1,40.0,80.0,6.0,45.0,0.28174147,1.0,0.9610572,2026-01-26-04:57:19
1.0,0.2,40.0,80.0,6.0,45.0,0.28105617,0.97694486,1.0,2026-01-26-04:57:19
1.0,3.1,30.0,160.0,5.5,30.0,0.6218543,0.45789948,1.0,2026-01-26-04:58:15
11.0,3.4,30.0,160.0,5.0,30.0,0.71965486,0.50221854,0.6562622,2026-01-26-04:58:15
1.0,2.0,30.0,160.0,5.5,30.0,0.45789957,0.62185425,1.0,2026-01-26-04:58:15
8.0,3.4,30.0,160.0,5.5,40.0,0.6986918,0.46499652,0.7553538,2026-01-26-04:58:15
1.0,2.5,30.0,160.0,5.5,30.0,0.52520037,0.5401822,1.0,2026-01-26-04:58:15
1.0,3.3,30.0,160.0,5.5,30.0,0.65736365,0.43478543,1.0,2026-01-26-04:59:14
11.0,0.8,30.0,160.0,4.5,30.0,0.43682367,0.8714587,0.6524338,2026-01-26-04:59:14
1.0,4.6,30.0,160.0,6.0,30.0,0.916006,0.34855884,1.0,2026-01-26-04:59:14
2.0,4.1,30.0,160.0,5.5,30.0,0.8122147,0.36728886,0.9642164,2026-01-26-04:59:14
13.0,3.4,30.0,160.0,5.5,30.0,0.7417918,0.54152507,0.6000045,2026-01-26-04:59:14
1.0,1.9,30.0,160.0,5.5,30.0,0.44605786,0.63942367,1.0,2026-01-26-05:00:11
1.0,2.4,30.0,160.0,5.5,30.0,0.5107064,0.55563647,1.0,2026-01-26-05:00:11
9.0,0.6,30.0,160.0,5.5,30.0,0.4078189,0.90426075,0.7224704,2026-01-26-05:00:11
2.0,1.5,30.0,160.0,5.5,30.0,0.40536958,0.71364117,0.9642164,2026-01-26-05:00:11
1.0,1.7,30.0,160.0,5.5,30.0,0.42409384,0.67565566,1.0,2026-01-26-05:00:11
2.0,0.8,40.0,20.0,6.0,15.0,0.12983519,0.8013906,0.9516078,2026-01-26-05:01:22
6.0,0.1,40.0,20.0,8.0,40.0,0.23222147,1.0,0.7868273,2026-01-26-05:01:22
1.0,0.1,40.0,20.0,5.0,40.0,0.19327614,1.0,1.0,2026-01-26-05:01:22
1.0,1.6,40.0,20.0,6.0,35.0,0.29927263,0.634431,1.0,2026-01-26-05:01:22
7.0,0.8,40.0,20.0,8.0,15.0,0.17417443,0.8115108,0.7145912,2026-01-26-05:01:22
8.0,0.6,35.0,10.0,6.0,30.0,0.24950793,0.8786663,0.6970939,2026-01-26-05:02:21
4.0,1.6,35.0,10.0,6.0,30.0,0.28400114,0.62646383,0.86760414,2026-01-26-05:02:21
1.0,1.4,35.0,10.0,6.0,30.0,0.2516817,0.6687417,1.0,2026-01-26-05:02:21
8.0,0.3,35.0,10.0,3.5,30.0,0.20690382,0.9490816,0.683351,2026-01-26-05:02:21
5.0,0.5,35.0,120.0,9.5,30.0,0.33806604,0.91465306,0.85309124,2026-01-26-05:02:21
1.0,1.1,30.0,130.0,5.5,45.0,0.34991542,0.7841571,1.0,2026-01-26-05:03:19
11.0,1.1,30.0,130.0,4.5,45.0,0.43223485,0.81148905,0.64004964,2026-01-26-05:03:19
1.0,0.9,30.0,130.0,5.5,45.0,0.33742198,0.82625157,1.0,2026-01-26-05:03:19
10.0,0.6,30.0,130.0,5.5,45.0,0.402569,0.903412,0.67914945,2026-01-26-05:03:19
5.0,3.4,30.0,160.0,7.5,45.0,0.67710185,0.4266614,0.85516053,2026-01-26-05:03:19
6.0,1.8,30.0,130.0,8.0,30.0,0.45498422,0.66960824,0.82304376,2026-01-26-05:04:24
1.0,1.8,30.0,180.0,4.5,30.0,0.4195499,0.6481277,1.0,2026-01-26-05:04:24
9.0,2.6,30.0,180.0,5.5,30.0,0.57976687,0.56607467,0.7205326,2026-01-26-05:04:24
6.0,1.3,30.0,130.0,8.0,45.0,0.3919076,0.75381064,0.817852,2026-01-26-05:04:24
2.0,2.5,30.0,180.0,5.5,30.0,0.5225864,0.53765064,0.9639666,2026-01-26-05:04:24
2.0,2.0,30.0,160.0,5.5,45.0,0.44280154,0.61132246,0.96316576,2026-01-26-05:05:25
9.0,2.8,30.0,160.0,5.5,45.0,0.59973,0.52982014,0.71432203,2026-01-26-05:05:25
14.0,4.6,30.0,160.0,4.5,30.0,0.93429416,0.49039873,0.5635576,2026-01-26-05:05:25
10.0,1.2,30.0,160.0,5.5,45.0,0.43587628,0.79239726,0.68131113,2026-01-26-05:05:25
1.0,2.2,30.0,160.0,5.5,45.0,0.46806896,0.57579905,1.0,2026-01-26-05:05:25
11.0,2.6,30.0,160.0,2.5,30.0,0.57058954,0.5565983,0.6286126,2026-01-26-05:06:27
10.0,0.8,30.0,160.0,5.5,30.0,0.4306758,0.8700555,0.6904011,2026-01-26-05:06:27
9.0,4.1,30.0,160.0,5.5,30.0,0.8293204,0.42492357,0.7224704,2026-01-26-05:06:27
15.999999,4.8,30.0,180.0,8.0,45.0,0.9700009,0.53273845,0.5057024,2026-01-26-05:06:27
13.0,4.1,30.0,160.0,5.5,45.0,0.84589016,0.4807527,0.5882604,2026-01-26-05:06:27
5.0,0.6,40.0,120.0,7.5,25.0,0.3415235,0.89354265,0.85317636,2026-01-26-05:07:33
10.0,0.1,40.0,160.0,4.5,25.0,0.38722527,1.0,0.67512745,2026-01-26-05:07:33
1.0,0.6,40.0,50.0,4.5,25.0,0.2317992,0.8758033,1.0,2026-01-26-05:07:33
5.0,1.4,30.0,230.0,9.5,25.0,0.34215498,0.70879155,0.84164417,2026-01-26-05:07:33
1.0,0.6,40.0,120.0,4.5,50.0,0.27428263,0.8826717,1.0,2026-01-26-05:07:33
5.0,1.8,40.0,160.0,7.5,35.0,0.45891497,0.67199105,0.8607229,2026-01-26-05:08:34
5.0,0.5,25.0,40.0,10.5,35.0,0.2357487,0.9014607,0.830383,2026-01-26-05:08:34
10.0,0.5,40.0,40.0,6.0,60.0,0.19943833,0.896779,0.5720557,2026-01-26-05:08:34
6.0,0.8,40.0,160.0,9.5,35.0,0.37277573,0.85684013,0.82137346,2026-01-26-05:08:34
6.0,1.8,40.0,160.0,7.5,35.0,0.46615654,0.67638093,0.8266712,2026-01-26-05:08:34
2.0,1.8,25.0,130.0,5.0,40.0,0.42674202,0.65248764,0.96365386,2026-01-26-05:09:33
5.0,1.6,25.0,130.0,9.0,40.0,0.41869754,0.6967349,0.8556797,2026-01-26-05:09:33
9.0,1.4,25.0,130.0,6.5,50.0,0.41017187,0.7389006,0.70157504,2026-01-26-05:09:33
5.0,2.1,30.0,160.0,9.0,30.0,0.47816193,0.6105421,0.85667175,2026-01-26-05:09:33
5.0,3.0,30.0,160.0,7.5,30.0,0.61777157,0.48784867,0.8593323,2026-01-26-05:09:33
6.0,2.3,30.0,160.0,7.5,45.0,0.50566477,0.5791663,0.8197489,2026-01-26-05:10:34
5.0,2.5,30.0,160.0,7.5,30.0,0.54093176,0.5554171,0.8593323,2026-01-26-05:10:34
5.0,3.1,30.0,160.0,7.5,30.0,0.63438326,0.47586074,0.8593323,2026-01-26-05:10:34
9.0,4.6,30.0,160.0,5.5,30.0,0.9232903,0.4050546,0.7224704,2026-01-26-05:10:34
15.999999,4.6,40.0,160.0,7.5,30.0,0.94245505,0.55369264,0.5249387,2026-01-26-05:10:34
6.0,2.4,30.0,160.0,7.5,45.0,0.51940715,0.56353825,0.8197489,2026-01-26-05:11:37
9.0,1.8,40.0,160.0,4.5,45.0,0.4617182,0.6736904,0.70877886,2026-01-26-05:11:37
6.0,3.4,30.0,160.0,7.5,30.0,0.6905992,0.45062733,0.82494056,2026-01-26-05:11:37
13.0,2.6,30.0,160.0,5.5,30.0,0.6339423,0.6220153,0.6000045,2026-01-26-05:11:37
5.0,3.2,30.0,160.0,7.5,30.0,0.6513706,0.46441147,0.8593323,2026-01-26-05:11:37
5.0,1.2,30.0,120.0,9.0,35.0,0.38638836,0.77418524,0.85607815,2026-01-26-05:12:40
6.0,1.8,40.0,280.0,9.0,45.0,0.33576953,0.5973395,0.7843369,2026-01-26-05:12:40
6.0,0.9,30.0,120.0,9.0,35.0,0.37600487,0.8363692,0.82089084,2026-01-26-05:12:40
11.0,0.1,40.0,120.0,3.0,40.0,0.38685927,1.0,0.63108546,2026-01-26-05:12:40
8.0,1.4,30.0,120.0,5.0,50.0,0.38182962,0.72635436,0.730645,2026-01-26-05:12:40
5.0,1.7,35.0,130.0,7.5,35.0,0.44475254,0.68729043,0.8597307,2026-01-26-05:13:43
8.0,0.1,40.0,290.0,6.5,40.0,0.26206967,1.0,0.7059817,2026-01-26-05:13:43
11.0,1.1,25.0,160.0,2.0,15.0,0.3225403,0.7750679,0.5705058,2026-01-26-05:13:43
5.0,1.5,35.0,130.0,7.5,20.0,0.3746312,0.6988383,0.8472155,2026-01-26-05:13:43
5.0,2.6,35.0,130.0,7.5,35.0,0.5566766,0.5422321,0.8597307,2026-01-26-05:13:43
5.0,2.8,30.0,130.0,7.5,30.0,0.58282155,0.50995845,0.85834026,2026-01-26-05:14:44
6.0,2.1,30.0,130.0,7.5,35.0,0.49613446,0.6239553,0.8254365,2026-01-26-05:14:44
13.0,1.6,30.0,130.0,4.5,30.0,0.52090955,0.7500588,0.58922243,2026-01-26-05:14:44
1.0,2.9,30.0,160.0,5.5,30.0,0.5878987,0.4832412,1.0,2026-01-26-05:14:44
13.0,4.2,30.0,160.0,4.5,30.0,0.8638651,0.48085797,0.5920153,2026-01-26-05:14:44
5.0,2.4,30.0,130.0,7.5,30.0,0.5235815,0.5673292,0.85834026,2026-01-26-05:15:59
6.0,3.0,30.0,160.0,7.5,35.0,0.62661517,0.4996982,0.8266712,2026-01-26-05:15:59
1.0,2.1,30.0,130.0,5.5,30.0,0.46659973,0.601913,1.0,2026-01-26-05:15:59
6.0,2.0,30.0,130.0,7.5,35.0,0.48434052,0.64029825,0.8254365,2026-01-26-05:15:59
5.0,3.3,30.0,130.0,7.5,30.0,0.66637963,0.44965824,0.85834026,2026-01-26-05:15:59
5.0,4.6,30.0,140.0,8.5,40.0,0.91726243,0.35830316,0.8575826,2026-01-26-05:17:07
5.0,5.0,40.0,140.0,8.5,40.0,1.0,0.35299122,0.8575826,2026-01-26-05:17:07
5.0,4.9,40.0,200.0,8.5,40.0,0.9788291,0.33980927,0.85460633,2026-01-26-05:17:07
1.0,4.2,30.0,140.0,5.5,25.0,0.82703215,0.34039795,1.0,2026-01-26-05:17:07
15.999999,4.9,25.0,160.0,8.5,40.0,0.98543125,0.54569227,0.52014655,2026-01-26-05:17:07
5.0,1.1,35.0,180.0,7.5,40.0,0.38921902,0.79720676,0.85834026,2026-01-26-05:18:11
1.0,1.2,30.0,60.0,5.5,40.0,0.31474492,0.74781984,1.0,2026-01-26-05:18:11
6.0,1.1,40.0,130.0,7.5,40.0,0.39739335,0.7999208,0.8237059,2026-01-26-05:18:11
5.0,2.2,40.0,180.0,7.5,40.0,0.49683905,0.5987424,0.85834026,2026-01-26-05:18:11
5.0,0.6,35.0,100.0,7.5,40.0,0.34688494,0.8944095,0.85437185,2026-01-26-05:18:11
5.0,2.3,30.0,130.0,7.5,40.0,0.50995845,0.58282155,0.85834026,2026-01-26-05:19:12
9.0,2.5,30.0,130.0,5.5,40.0,0.5660748,0.5797668,0.7205326,2026-01-26-05:19:12
5.0,2.0,30.0,130.0,7.5,40.0,0.47216415,0.6318046,0.85834026,2026-01-26-05:19:12
5.0,4.1,30.0,160.0,7.5,40.0,0.81816983,0.38735378,0.8593323,2026-01-26-05:19:12
15.999999,4.1,30.0,160.0,7.5,40.0,0.8719621,0.5685977,0.5249387,2026-01-26-05:19:12
9.0,3.0,30.0,160.0,5.5,40.0,0.6412113,0.5192557,0.7224704,2026-01-26-05:20:14
10.0,1.6,30.0,130.0,5.5,40.0,0.4786416,0.7280077,0.68823946,2026-01-26-05:20:14
6.0,2.8,30.0,160.0,7.5,40.0,0.59128743,0.51990294,0.82494056,2026-01-26-05:20:14
6.0,2.2,30.0,130.0,7.5,40.0,0.50357306,0.6041127,0.8237059,2026-01-26-05:20:14
5.0,1.9,30.0,130.0,7.5,40.0,0.46063405,0.6489117,0.85834026,2026-01-26-05:20:14
1.0,2.7,30.0,140.0,5.0,40.0,0.5507194,0.505292,1.0,2026-01-26-05:21:16
9.0,1.6,30.0,140.0,6.0,40.0,0.47023714,0.72362304,0.7235567,2026-01-26-05:21:16
6.0,4.0,30.0,160.0,8.5,35.0,0.80128205,0.40149295,0.8249053,2026-01-26-05:21:16
5.0,2.1,30.0,140.0,9.5,40.0,0.47114593,0.6053059,0.8547447,2026-01-26-05:21:16
9.0,2.7,30.0,140.0,5.5,40.0,0.59576803,0.5548956,0.7218245,2026-01-26-05:21:16
5.0,0.8,30.0,160.0,8.0,15.0,0.28221944,0.83617127,0.8379414,2026-01-26-05:22:13
5.0,1.7,30.0,150.0,7.5,40.0,0.4431751,0.686402,0.8593323,2026-01-26-05:22:13
5.0,0.8,35.0,190.0,8.0,40.0,0.36581758,0.855252,0.856816,2026-01-26-05:22:13
9.0,2.4,30.0,180.0,5.5,40.0,0.55282855,0.59389067,0.7205326,2026-01-26-05:22:13
2.0,2.7,30.0,160.0,5.5,40.0,0.55628824,0.51142395,0.9642164,2026-01-26-05:22:13
5.0,1.3,35.0,190.0,7.5,40.0,0.3992892,0.7567991,0.8573481,2026-01-26-05:23:25
5.0,1.8,40.0,190.0,7.5,40.0,0.4458041,0.6640432,0.8573481,2026-01-26-05:23:25
10.0,1.7,40.0,190.0,5.5,40.0,0.48407456,0.7094362,0.6860778,2026-01-26-05:23:25
9.0,0.8,35.0,110.0,5.5,40.0,0.40155813,0.8634096,0.7160111,2026-01-26-05:23:25
7.0,0.1,35.0,160.0,7.5,40.0,0.37989518,1.0,0.79106236,2026-01-26-05:23:25
6.0,3.1,30.0,130.0,8.5,40.0,0.6330936,0.47401196,0.82194,2026-01-26-05:24:27
14.0,5.0,25.0,200.0,3.5,40.0,1.0,0.45936313,0.5407789,2026-01-26-05:24:27
10.0,1.8,40.0,160.0,5.5,40.0,0.5006262,0.69727665,0.6904011,2026-01-26-05:24:27
6.0,1.7,35.0,180.0,7.5,40.0,0.44675282,0.68841696,0.8237059,2026-01-26-05:24:27
6.0,4.6,30.0,200.0,8.5,40.0,0.9166638,0.35366043,0.81905925,2026-01-26-05:24:27
10.0,1.4,30.0,160.0,5.5,40.0,0.46601462,0.76362056,0.6904011,2026-01-26-05:25:30
10.0,2.6,30.0,160.0,5.5,40.0,0.59374547,0.58050877,0.6904011,2026-01-26-05:25:30
13.0,1.4,30.0,160.0,5.5,40.0,0.51884973,0.78700906,0.6000045,2026-01-26-05:25:30
6.0,2.7,30.0,160.0,7.5,40.0,0.5761096,0.53324944,0.82494056,2026-01-26-05:25:30
2.0,2.9,30.0,160.0,5.5,40.0,0.58850306,0.48399904,0.9642164,2026-01-26-05:25:30
5.0,4.7,25.0,200.0,7.0,30.0,0.93727046,0.34974083,0.85620266,2026-01-26-05:26:29
13.0,2.6,25.0,140.0,5.0,40.0,0.62989163,0.6178326,0.59557825,2026-01-26-05:26:29
6.0,3.2,25.0,130.0,8.5,35.0,0.65354115,0.46774608,0.8236706,2026-01-26-05:26:29
7.0,1.7,30.0,170.0,7.5,40.0,0.45842078,0.69498825,0.79057115,2026-01-26-05:26:29
7.0,3.4,30.0,200.0,8.5,40.0,0.6854804,0.44153845,0.7840428,2026-01-26-05:26:29
7.0,1.8,30.0,160.0,7.5,40.0,0.46972182,0.67854226,0.79106236,2026-01-26-05:27:31
13.0,1.7,30.0,130.0,5.5,40.0,0.53832394,0.7399889,0.5972116,2026-01-26-05:27:31
10.0,2.5,30.0,160.0,5.5,40.0,0.58050877,0.5937454,0.6904011,2026-01-26-05:27:31
7.0,2.6,30.0,160.0,7.5,40.0,0.56860393,0.554548,0.79106236,2026-01-26-05:27:31
13.0,3.9,30.0,160.0,5.5,40.0,0.81827414,0.5061919,0.6000045,2026-01-26-05:27:31
9.0,3.2,30.0,160.0,5.5,40.0,0.67274976,0.49725574,0.7224704,2026-01-26-05:28:33
13.0,2.5,30.0,160.0,5.5,40.0,0.62201536,0.63394225,0.6000045,2026-01-26-05:28:33
9.0,1.7,30.0,130.0,5.5,40.0,0.47367227,0.70357776,0.7205326,2026-01-26-05:28:33
9.0,3.6,30.0,160.0,5.5,40.0,0.7397261,0.45953545,0.7224704,2026-01-26-05:28:33
13.0,3.6,30.0,160.0,5.5,40.0,0.7716969,0.5259236,0.6000045,2026-01-26-05:28:33
2.0,1.9,25.0,30.0,5.5,35.0,0.35186854,0.5781132,0.9580705,2026-01-26-05:29:42
6.0,0.6,35.0,219.99998,7.5,35.0,0.35299933,0.89539796,0.8180286,2026-01-26-05:29:42
1.0,0.4,25.0,270.0,5.5,35.0,0.24747252,0.9274046,1.0,2026-01-26-05:29:42
1.0,0.4,25.0,219.99998,5.5,35.0,0.31637794,0.9340518,1.0,2026-01-26-05:29:42
13.0,2.3,25.0,180.0,5.5,40.0,0.596541,0.6565304,0.5972116,2026-01-26-05:29:42
6.0,4.9,30.0,140.0,7.0,10.0,0.9749747,0.21961623,0.7832162,2026-01-26-05:30:51
7.0,5.0,30.0,100.0,7.0,10.0,1.0,0.2116873,0.73438656,2026-01-26-05:30:51
5.0,4.2,40.0,140.0,7.0,30.0,0.83772296,0.38116676,0.8591789,2026-01-26-05:30:51
9.0,5.0,30.0,170.0,6.5,10.0,1.0,0.2638237,0.65940857,2026-01-26-05:30:51
5.0,3.8,40.0,219.99998,7.0,40.0,0.7486447,0.37914744,0.852565,2026-01-26-05:30:51
5.0,2.9,30.0,160.0,8.5,40.0,0.5975334,0.49532276,0.8579133,2026-01-26-05:31:55
10.0,2.3,30.0,160.0,5.5,40.0,0.55534184,0.621457,0.6904011,2026-01-26-05:31:55
13.0,4.3,40.0,200.0,5.5,40.0,0.8801878,0.47506794,0.59069484,2026-01-26-05:31:55
5.0,3.6,40.0,160.0,8.5,40.0,0.71992534,0.41841885,0.8579133,2026-01-26-05:31:55
13.0,1.8,30.0,160.0,5.5,40.0,0.55003667,0.7272296,0.6000045,2026-01-26-05:31:55
14.0,4.1,30.0,160.0,4.5,30.0,0.8538041,0.5074175,0.5635576,2026-01-26-05:32:58
10.0,3.0,30.0,160.0,5.5,40.0,0.6507241,0.5320021,0.6904011,2026-01-26-05:32:58
9.0,2.3,30.0,130.0,5.5,40.0,0.54004186,0.60843194,0.7205326,2026-01-26-05:32:58
13.0,1.1,30.0,130.0,5.5,40.0,0.49713427,0.8330371,0.5972116,2026-01-26-05:32:58
9.0,3.1,30.0,160.0,5.5,40.0,0.65680426,0.5080029,0.7224704,2026-01-26-05:32:58
5.0,3.9,40.0,160.0,8.5,40.0,0.7770648,0.39421263,0.8579133,2026-01-26-05:34:04
13.0,3.0,30.0,160.0,5.5,40.0,0.6852832,0.5783081,0.6000045,2026-01-26-05:34:04
10.0,2.4,30.0,160.0,5.5,40.0,0.56770325,0.60739946,0.6904011,2026-01-26-05:34:04
7.0,1.6,30.0,130.0,7.5,40.0,0.44633794,0.7111549,0.78958875,2026-01-26-05:34:04
4.0,2.6,30.0,160.0,5.5,40.0,0.5462397,0.5314551,0.89306873,2026-01-26-05:34:04
13.0,0.8,35.0,130.0,5.0,40.0,0.47894302,0.8810722,0.5937164,2026-01-26-05:35:03
2.0,4.2,40.0,200.0,4.0,40.0,0.82305187,0.32521945,0.96217746,2026-01-26-05:35:03
5.0,1.2,35.0,170.0,7.0,40.0,0.39960873,0.77905047,0.8591789,2026-01-26-05:35:03
9.0,4.2,40.0,200.0,3.5,40.0,0.83670104,0.37726974,0.7021532,2026-01-26-05:35:03
1.0,0.8,40.0,260.0,4.0,40.0,0.25140598,0.8291384,1.0,2026-01-26-05:35:03
7.0,2.5,30.0,160.0,7.5,40.0,0.55454814,0.5686039,0.79106236,2026-01-26-05:36:08
14.0,3.4,30.0,160.0,4.5,40.0,0.7478597,0.5522992,0.5635576,2026-01-26-05:36:08
2.0,2.1,30.0,160.0,5.5,40.0,0.47107512,0.60525304,0.9642164,2026-01-26-05:36:08
10.0,2.1,30.0,160.0,5.5,40.0,0.53200215,0.65072405,0.6904011,2026-01-26-05:36:08
15.999999,4.7,25.0,160.0,7.5,40.0,0.95678955,0.5520775,0.5249387,2026-01-26-05:36:08
13.0,0.6,35.0,180.0,5.0,60.0,0.3503851,0.8949753,0.49976343,2026-01-26-05:37:15
4.0,0.6,25.0,180.0,5.0,60.0,0.19474584,0.8698127,0.8662712,2026-01-26-05:37:15
13.0,1.1,25.0,130.0,5.0,30.0,0.49277058,0.83158827,0.5937164,2026-01-26-05:37:15
4.0,2.3,40.0,180.0,5.0,40.0,0.49553755,0.5705449,0.8913877,2026-01-26-05:37:15
7.0,1.1,25.0,130.0,7.5,30.0,0.40733525,0.8032217,0.78958875,2026-01-26-05:37:15
7.0,2.3,30.0,160.0,7.5,40.0,0.5278236,0.59803045,0.79106236,2026-01-26-05:38:22
13.0,3.2,25.0,160.0,5.5,40.0,0.71294767,0.55901057,0.6000045,2026-01-26-05:38:22
15.999999,2.6,30.0,160.0,7.5,40.0,0.68694156,0.6767414,0.5249387,2026-01-26-05:38:22
13.0,2.4,25.0,130.0,5.5,40.0,0.60775703,0.6437753,0.5972116,2026-01-26-05:38:22
13.0,4.0,25.0,160.0,5.5,40.0,0.8341948,0.5006211,0.6000045,2026-01-26-05:38:22
2.0,1.0,35.0,170.0,5.5,40.0,0.3658163,0.81177765,0.96413314,2026-01-26-05:39:36
13.0,1.0,35.0,130.0,5.5,40.0,0.49204117,0.8492405,0.5972116,2026-01-26-05:39:36
10.0,1.0,35.0,130.0,5.5,40.0,0.4362622,0.8326856,0.68823946,2026-01-26-05:39:36
2.0,1.0,35.0,100.0,5.5,25.0,0.3266232,0.8001454,0.9619165,2026-01-26-05:39:36
5.0,2.6,40.0,120.0,7.5,40.0,0.5491462,0.53445625,0.8573481,2026-01-26-05:39:36
9.0,1.6,35.0,130.0,5.5,40.0,0.4644419,0.7205997,0.7205326,2026-01-26-05:40:50
10.0,3.2,30.0,130.0,5.5,40.0,0.67920214,0.50716823,0.68823946,2026-01-26-05:40:50
9.0,2.2,30.0,130.0,5.5,40.0,0.52772784,0.6233754,0.7205326,2026-01-26-05:40:50
15.999999,4.3,35.0,160.0,7.5,40.0,0.8998652,0.56128055,0.5249387,2026-01-26-05:40:50
13.0,1.2,35.0,130.0,5.5,40.0,0.5027441,0.8170053,0.5972116,2026-01-26-05:40:50
8.0,4.1,40.0,140.0,6.5,40.0,0.8266337,0.41587132,0.75722754,2026-01-26-05:42:03
11.0,4.1,40.0,140.0,3.0,40.0,0.8274199,0.41851997,0.63505095,2026-01-26-05:42:03
7.0,4.1,25.0,160.0,8.0,40.0,0.82289565,0.4032766,0.79027194,2026-01-26-05:42:03
7.0,4.1,25.0,300.0,8.5,40.0,0.77823055,0.25278494,0.73737925,2026-01-26-05:42:03
4.0,3.4,25.0,140.0,5.0,40.0,0.6763867,0.4253916,0.89188546,2026-01-26-05:42:03
2.0,2.3,35.0,140.0,5.0,40.0,0.4918923,0.5674417,0.96382046,2026-01-26-05:43:04
8.0,2.3,25.0,140.0,6.5,40.0,0.5360411,0.6050261,0.75722754,2026-01-26-05:43:04
1.0,2.3,25.0,140.0,6.0,40.0,0.4986852,0.57322454,1.0,2026-01-26-05:43:04
6.0,0.4,35.0,140.0,9.0,40.0,0.35906085,0.93816936,0.821218,2026-01-26-05:43:04
15.999999,4.8,25.0,200.0,7.5,30.0,0.9704905,0.5403652,0.5137704,2026-01-26-05:43:04
15.999999,4.6,30.0,160.0,7.0,35.0,0.9430965,0.55866736,0.5302339,2026-01-26-05:44:09
3.0,4.6,30.0,200.0,6.0,35.0,0.91536504,0.34358796,0.92801994,2026-01-26-05:44:09
7.0,2.4,25.0,140.0,8.0,40.0,0.53813434,0.5805458,0.7897808,2026-01-26-05:44:09
1.0,2.4,30.0,140.0,6.0,40.0,0.5126217,0.5573758,1.0,2026-01-26-05:44:09
8.0,3.0,25.0,140.0,6.5,40.0,0.63556355,0.51168835,0.75722754,2026-01-26-05:44:09
15.999999,4.0,30.0,160.0,7.5,35.0,0.8596025,0.577145,0.52963495,2026-01-26-05:45:10
6.0,3.6,25.0,160.0,8.0,40.0,0.7253985,0.42978382,0.8242784,2026-01-26-05:45:10
10.0,3.1,30.0,160.0,5.5,40.0,0.6659037,0.52104765,0.6904011,2026-01-26-05:45:10
10.0,2.2,30.0,160.0,5.5,40.0,0.5434375,0.6359034,0.6904011,2026-01-26-05:45:10
2.0,3.3,25.0,160.0,4.5,40.0,0.6510327,0.42434174,0.96350175,2026-01-26-05:45:10
13.0,1.1,25.0,130.0,6.0,40.0,0.50025123,0.834072,0.59970826,2026-01-26-05:46:17
2.0,2.5,30.0,140.0,6.0,40.0,0.52775246,0.54265374,0.9643565,2026-01-26-05:46:17
8.0,2.8,25.0,140.0,6.5,40.0,0.60502607,0.53604114,0.75722754,2026-01-26-05:46:17
2.0,0.9,35.0,150.0,6.0,35.0,0.3718278,0.8352739,0.96479,2026-01-26-05:46:17
7.0,2.2,25.0,140.0,8.0,40.0,0.5122088,0.6109994,0.7897808,2026-01-26-05:46:17
7.0,3.0,25.0,160.0,7.5,40.0,0.6291088,0.50303954,0.79106236,2026-01-26-05:47:24
13.0,2.3,25.0,160.0,6.0,40.0,0.6018393,0.66104084,0.6025011,2026-01-26-05:47:24
8.0,4.6,25.0,200.0,6.5,25.0,0.9181327,0.36505356,0.74491996,2026-01-26-05:47:24
3.0,3.4,40.0,160.0,5.5,40.0,0.6775571,0.42746973,0.9285378,2026-01-26-05:47:24
8.0,3.1,25.0,140.0,6.5,40.0,0.65140206,0.50025845,0.75722754,2026-01-26-05:47:24
3.0,2.3,40.0,160.0,6.0,35.0,0.5076851,0.58088624,0.9296832,2026-01-26-05:48:35
2.0,2.6,35.0,180.0,6.0,40.0,0.54051656,0.5255455,0.9641899,2026-01-26-05:48:35
7.0,1.4,30.0,190.0,9.5,40.0,0.4078105,0.7378553,0.7817923,2026-01-26-05:48:35
7.0,1.7,25.0,140.0,7.0,40.0,0.4591021,0.695372,0.79083455,2026-01-26-05:48:35
15.999999,2.3,30.0,160.0,7.5,35.0,0.6607352,0.7111796,0.52963495,2026-01-26-05:48:35
2.0,2.3,30.0,180.0,6.0,35.0,0.5019995,0.576046,0.9645401,2026-01-26-05:49:38
8.0,1.7,30.0,140.0,6.5,35.0,0.4743303,0.7039484,0.7596219,2026-01-26-05:49:38
3.0,2.6,30.0,160.0,6.0,35.0,0.5502047,0.53554934,0.9296832,2026-01-26-05:49:38
13.0,0.9,35.0,130.0,5.5,40.0,0.4874701,0.8655988,0.5972116,2026-01-26-05:49:38
9.0,1.2,35.0,140.0,6.5,35.0,0.446862,0.79644006,0.7273122,2026-01-26-05:49:38
10.0,2.8,30.0,160.0,5.5,40.0,0.621457,0.55534184,0.6904011,2026-01-26-05:50:46
15.999999,4.9,30.0,160.0,7.5,35.0,0.9857194,0.5546755,0.52963495,2026-01-26-05:50:46
7.0,2.8,30.0,160.0,8.0,40.0,0.5965099,0.52603745,0.79027194,2026-01-26-05:50:46
5.0,4.0,25.0,160.0,8.0,40.0,0.7978652,0.39120224,0.8588001,2026-01-26-05:50:46
15.999999,1.8,30.0,160.0,7.5,35.0,0.6189883,0.7690284,0.52963495,2026-01-26-05:50:46
7.0,3.1,25.0,160.0,7.5,40.0,0.6452278,0.49140713,0.79106236,2026-01-26-05:51:55
15.999999,5.0,40.0,160.0,9.5,35.0,1.0,0.54082865,0.5152586,2026-01-26-05:51:55
11.0,2.3,30.0,140.0,4.5,40.0,0.55913985,0.6246903,0.6516408,2026-01-26-05:51:55
7.0,2.7,35.0,160.0,7.5,40.0,0.583103,0.54095,0.79106236,2026-01-26-05:51:55
8.0,2.5,30.0,140.0,6.5,35.0,0.56661725,0.5802922,0.7596219,2026-01-26-05:51:55
7.0,3.2,35.0,160.0,9.5,40.0,0.6514738,0.46457016,0.7847395,2026-01-26-05:53:05
9.0,2.9,35.0,140.0,6.0,35.0,0.6311114,0.5374282,0.7262729,2026-01-26-05:53:05
8.0,3.2,40.0,140.0,6.5,40.0,0.6675986,0.4893421,0.75722754,2026-01-26-05:53:05
15.999999,4.1,40.0,160.0,8.0,35.0,0.8727434,0.57123035,0.5278379,2026-01-26-05:53:05
3.0,2.5,30.0,160.0,5.5,40.0,0.52798367,0.5428776,0.9285378,2026-01-26-05:53:05
9.0,2.1,30.0,160.0,6.5,35.0,0.5287618,0.6483058,0.72795814,2026-01-26-05:54:14
8.0,2.9,25.0,160.0,6.5,40.0,0.6209907,0.52473724,0.75779694,2026-01-26-05:54:14
7.0,2.9,30.0,160.0,8.0,40.0,0.6119085,0.51334846,0.79027194,2026-01-26-05:54:14
13.0,3.1,25.0,160.0,5.5,40.0,0.69896084,0.5684376,0.6000045,2026-01-26-05:54:14
14.0,4.3,30.0,160.0,4.5,40.0,0.88566446,0.49906275,0.5635576,2026-01-26-05:54:14
9.0,2.0,30.0,140.0,6.5,35.0,0.51658636,0.66279155,0.7273122,2026-01-26-05:55:28
15.999999,3.4,35.0,160.0,7.5,35.0,0.7813592,0.61178094,0.52963495,2026-01-26-05:55:28
11.0,3.0,30.0,140.0,5.0,40.0,0.6575131,0.5410988,0.6554691,2026-01-26-05:55:28
9.0,1.1,35.0,130.0,6.5,35.0,0.43797174,0.81339383,0.7260204,2026-01-26-05:55:28
8.0,2.7,30.0,160.0,6.5,35.0,0.5953593,0.55444556,0.7601913,2026-01-26-05:55:28
13.0,2.8,25.0,160.0,5.5,40.0,0.65891194,0.59933853,0.6000045,2026-01-26-05:56:38
9.0,2.9,30.0,160.0,6.5,40.0,0.6297221,0.53568614,0.725242,2026-01-26-05:56:38
8.0,2.1,30.0,160.0,6.5,35.0,0.51764965,0.6400125,0.7601913,2026-01-26-05:56:38
15.999999,4.5,25.0,160.0,8.0,35.0,0.92861813,0.55847734,0.5278379,2026-01-26-05:56:38
9.0,3.3,30.0,160.0,6.5,35.0,0.69518065,0.4971685,0.72795814,2026-01-26-05:56:38
1.0,1.8,35.0,160.0,6.0,35.0,0.44384506,0.66285557,1.0,2026-01-26-05:57:54
13.0,0.1,40.0,160.0,6.0,40.0,0.4770992,1.0,0.6025011,2026-01-26-05:57:54
15.999999,0.1,40.0,160.0,8.0,35.0,0.5527443,1.0,0.5278379,2026-01-26-05:57:54
9.0,1.8,30.0,140.0,6.5,35.0,0.4959746,0.6944568,0.7273122,2026-01-26-05:57:54
1.0,2.3,40.0,150.0,5.5,35.0,0.50164086,0.5757407,1.0,2026-01-26-05:57:54
5.0,3.4,40.0,150.0,8.0,35.0,0.688316,0.44657326,0.8601908,2026-01-26-05:59:04
6.0,2.3,35.0,160.0,8.0,35.0,0.5228329,0.5937817,0.8260089,2026-01-26-05:59:04
13.0,4.5,25.0,150.0,6.0,30.0,0.91654515,0.48380184,0.6025011,2026-01-26-05:59:04
5.0,2.8,35.0,150.0,8.0,35.0,0.5882713,0.51636004,0.8601908,2026-01-26-05:59:04
9.0,3.4,35.0,150.0,6.0,40.0,0.7074705,0.48058408,0.7242027,2026-01-26-05:59:04
5.0,2.4,35.0,140.0,8.0,35.0,0.528693,0.57197136,0.85986006,2026-01-26-06:00:17
5.0,4.5,35.0,80.0,10.5,50.0,0.8770531,0.23952956,0.83043426,2026-01-26-06:00:17
1.0,2.4,35.0,130.0,5.0,35.0,0.50780314,0.5529998,1.0,2026-01-26-06:00:17
2.0,2.2,35.0,140.0,5.5,35.0,0.48784822,0.5915725,0.9644833,2026-01-26-06:00:17
9.0,2.6,35.0,160.0,6.5,35.0,0.5909326,0.57760423,0.72795814,2026-01-26-06:00:17
9.0,2.3,25.0,160.0,6.5,35.0,0.5522631,0.618836,0.72795814,2026-01-26-06:01:29
2.0,2.5,40.0,160.0,5.5,35.0,0.5305367,0.54535013,0.9645666,2026-01-26-06:01:29
7.0,0.1,40.0,160.0,8.0,35.0,0.3836795,1.0,0.7923375,2026-01-26-06:01:29
8.0,3.3,40.0,160.0,6.0,35.0,0.6868008,0.48334494,0.7592751,2026-01-26-06:01:29
3.0,2.8,25.0,160.0,6.0,35.0,0.5808863,0.5076851,0.9296832,2026-01-26-06:01:29
11.0,4.3,30.0,120.0,2.0,35.0,0.8591334,0.38282233,0.61910677,2026-01-26-06:02:39
8.0,4.3,25.0,120.0,3.5,35.0,0.85597557,0.36898705,0.74211586,2026-01-26-06:02:39
13.0,4.3,25.0,160.0,6.0,30.0,0.88364375,0.49020943,0.6025011,2026-01-26-06:02:39
15.999999,0.1,35.0,130.0,7.5,35.0,0.5512728,1.0,0.52628446,2026-01-26-06:02:39
5.0,4.3,25.0,60.0,9.5,35.0,0.83985436,0.29835543,0.8415846,2026-01-26-06:02:39
11.0,1.4,30.0,130.0,4.5,35.0,0.47323337,0.766816,0.6533896,2026-01-26-06:03:55
3.0,2.4,30.0,160.0,6.0,35.0,0.5213714,0.56532204,0.9296832,2026-01-26-06:03:55
13.0,0.1,35.0,130.0,5.5,40.0,0.47014096,1.0,0.5972116,2026-01-26-06:03:55
10.0,1.3,35.0,130.0,5.5,35.0,0.4602307,0.78147167,0.6912694,2026-01-26-06:03:55
3.0,2.7,25.0,130.0,6.0,35.0,0.5622377,0.517975,0.9291842,2026-01-26-06:03:55
4.0,2.3,30.0,140.0,5.5,35.0,0.50705,0.5803456,0.89386636,2026-01-26-06:05:00
3.0,3.0,25.0,150.0,6.0,35.0,0.61329013,0.48184395,0.9296832,2026-01-26-06:05:00
3.0,2.2,25.0,150.0,6.0,35.0,0.49450487,0.596881,0.9296832,2026-01-26-06:05:00
1.0,2.1,25.0,160.0,6.0,35.0,0.4787886,0.6110098,1.0,2026-01-26-06:05:00
10.0,0.9,35.0,110.0,5.5,35.0,0.42751458,0.8498767,0.6862254,2026-01-26-06:05:00
10.0,1.7,25.0,130.0,6.0,35.0,0.49578288,0.71603024,0.69320184,2026-01-26-06:06:15
10.0,2.7,25.0,150.0,5.5,35.0,0.6112419,0.57193404,0.6934312,2026-01-26-06:06:15
7.0,2.0,25.0,150.0,8.0,35.0,0.49451104,0.64739275,0.7923375,2026-01-26-06:06:15
1.0,2.4,25.0,150.0,5.5,35.0,0.5154951,0.5599854,1.0,2026-01-26-06:06:15
10.0,2.0,25.0,150.0,5.5,35.0,0.52573526,0.66917336,0.6934312,2026-01-26-06:06:15
7.0,3.3,30.0,160.0,8.0,35.0,0.6805041,0.47295797,0.7923375,2026-01-26-06:07:33
15.999999,0.1,35.0,160.0,7.5,35.0,0.5544466,1.0,0.52963495,2026-01-26-06:07:33
13.0,3.8,25.0,150.0,5.5,30.0,0.8025402,0.5122703,0.6000045,2026-01-26-06:07:33
14.0,4.7,30.0,160.0,4.0,35.0,0.95047086,0.48657653,0.5618697,2026-01-26-06:07:33
10.0,3.4,25.0,160.0,5.5,35.0,0.7162426,0.4961597,0.6934312,2026-01-26-06:07:33
8.0,2.0,25.0,160.0,6.5,35.0,0.5063593,0.6556576,0.7601913,2026-01-26-06:08:44
10.0,1.5,35.0,150.0,6.0,40.0,0.47714922,0.7482084,0.6923336,2026-01-26-06:08:44
10.0,2.9,30.0,150.0,6.0,35.0,0.6417395,0.5507554,0.6953636,2026-01-26-06:08:44
13.0,2.2,25.0,130.0,6.0,40.0,0.58830726,0.67168593,0.59970826,2026-01-26-06:08:44
11.0,2.4,30.0,130.0,5.0,35.0,0.5782576,0.61698467,0.6572179,2026-01-26-06:08:44
10.0,1.6,35.0,150.0,6.0,35.0,0.49055526,0.734223,0.6953636,2026-01-26-06:09:52
4.0,2.5,40.0,150.0,5.5,35.0,0.5360408,0.5506805,0.8941152,2026-01-26-06:09:52
10.0,1.2,35.0,130.0,6.0,35.0,0.4569245,0.80014324,0.69320184,2026-01-26-06:09:52
15.999999,0.1,35.0,160.0,8.0,35.0,0.5527443,1.0,0.5278379,2026-01-26-06:09:52
9.0,1.9,35.0,150.0,6.5,35.0,0.5071968,0.6792207,0.72795814,2026-01-26-06:09:52
10.0,3.3,30.0,150.0,6.0,35.0,0.70212895,0.50863034,0.6953636,2026-01-26-06:11:06
10.0,1.9,35.0,150.0,6.0,40.0,0.5136402,0.6834149,0.6923336,2026-01-26-06:11:06
11.0,1.8,35.0,150.0,5.0,35.0,0.51619977,0.70671743,0.6595972,2026-01-26-06:11:06
3.0,3.1,25.0,150.0,6.0,35.0,0.63009655,0.46971548,0.9296832,2026-01-26-06:11:06
2.0,2.7,35.0,150.0,6.0,35.0,0.56340027,0.5192551,0.96479,2026-01-26-06:11:06
4.0,2.4,40.0,150.0,5.5,35.0,0.52187777,0.56578195,0.8941152,2026-01-26-06:12:14
11.0,2.5,35.0,150.0,5.0,35.0,0.59359115,0.606415,0.6595972,2026-01-26-06:12:14
4.0,2.8,40.0,150.0,6.0,35.0,0.58396864,0.51130587,0.8947827,2026-01-26-06:12:14
3.0,2.9,35.0,150.0,5.5,35.0,0.59432405,0.49129838,0.9292372,2026-01-26-06:12:14
11.0,3.1,35.0,150.0,5.0,35.0,0.6763229,0.5359844,0.6595972,2026-01-26-06:12:14
11.0,3.2,30.0,150.0,5.0,35.0,0.6913616,0.52584845,0.6595972,2026-01-26-06:13:26
5.0,2.2,35.0,150.0,7.0,35.0,0.50593203,0.60599387,0.8609002,2026-01-26-06:13:26
11.0,2.2,35.0,150.0,5.0,35.0,0.5576759,0.6472583,0.6595972,2026-01-26-06:13:26
15.999999,5.0,30.0,150.0,7.5,35.0,1.0,0.5544466,0.52963495,2026-01-26-06:13:26
10.0,3.6,30.0,150.0,6.0,35.0,0.75068814,0.4822984,0.6953636,2026-01-26-06:13:26
14.0,4.2,40.0,150.0,4.5,35.0,0.8709179,0.50775373,0.5677453,2026-01-26-06:14:36
6.0,2.2,40.0,140.0,8.0,35.0,0.5088992,0.6083602,0.82559735,2026-01-26-06:14:36
11.0,1.6,35.0,130.0,4.5,35.0,0.4892558,0.73354506,0.6533896,2026-01-26-06:14:36
11.0,2.8,35.0,150.0,5.0,35.0,0.63326234,0.56920904,0.6595972,2026-01-26-06:14:36
5.0,2.5,25.0,150.0,8.5,40.0,0.53630096,0.55093247,0.8579133,2026-01-26-06:14:36
13.0,1.3,40.0,130.0,6.0,40.0,0.511909,0.80239385,0.59970826,2026-01-26-06:15:45
13.0,2.0,25.0,130.0,6.0,40.0,0.568118,0.6987378,0.59970826,2026-01-26-06:15:45
13.0,3.7,25.0,150.0,6.0,40.0,0.78833854,0.5218529,0.6025011,2026-01-26-06:15:45
2.0,0.3,35.0,250.00002,5.5,35.0,0.2788303,0.9536994,0.9608188,2026-01-26-06:15:45
10.0,3.2,25.0,150.0,6.0,35.0,0.68653274,0.51843005,0.6953636,2026-01-26-06:15:45
11.0,1.7,35.0,150.0,4.5,35.0,0.50150406,0.7192523,0.6557688,2026-01-26-06:17:08
14.0,4.0,30.0,150.0,4.5,35.0,0.83964473,0.5170355,0.5677453,2026-01-26-06:17:08
11.0,2.9,30.0,150.0,5.0,35.0,0.6472583,0.55767584,0.6595972,2026-01-26-06:17:08
3.0,1.8,35.0,160.0,6.0,35.0,0.44710526,0.66483194,0.9296832,2026-01-26-06:17:08
4.0,2.7,30.0,150.0,6.0,35.0,0.56851906,0.5248914,0.8947827,2026-01-26-06:17:08
14.0,3.9,30.0,150.0,4.5,35.0,0.8242474,0.52242327,0.5677453,2026-01-26-06:18:14
15.999999,0.1,35.0,160.0,9.0,35.0,0.54593533,1.0,0.52064973,2026-01-26-06:18:14
8.0,3.6,25.0,150.0,6.0,35.0,0.73785883,0.45565805,0.7592751,2026-01-26-06:18:14
4.0,2.2,35.0,150.0,5.5,35.0,0.49503967,0.5973075,0.8941152,2026-01-26-06:18:14
4.0,3.0,30.0,150.0,6.0,35.0,0.61613417,0.48565474,0.8947827,2026-01-26-06:18:14
14.0,3.8,30.0,150.0,4.5,35.0,0.8090306,0.5283018,0.5677453,2026-01-26-06:19:25
13.0,1.5,40.0,130.0,6.0,40.0,0.52557254,0.7715278,0.59970826,2026-01-26-06:19:25
10.0,2.0,35.0,140.0,6.0,40.0,0.52292246,0.6672113,0.691613,2026-01-26-06:19:25
4.0,2.0,35.0,130.0,5.5,35.0,0.46654126,0.6278823,0.8933686,2026-01-26-06:19:25
1.0,2.3,30.0,160.0,6.0,35.0,0.50478214,0.5784149,1.0,2026-01-26-06:19:25
7.0,2.7,25.0,150.0,8.0,35.0,0.5856472,0.5437515,0.7923375,2026-01-26-06:20:37
4.0,3.1,40.0,200.0,6.0,35.0,0.6241319,0.46116465,0.89229393,2026-01-26-06:20:37
15.999999,4.7,30.0,150.0,8.0,35.0,0.9570533,0.55481106,0.5278379,2026-01-26-06:20:37
4.0,2.9,40.0,150.0,6.0,35.0,0.5998459,0.49822244,0.8947827,2026-01-26-06:20:37
2.0,2.4,40.0,150.0,6.0,35.0,0.5192552,0.56340015,0.96479,2026-01-26-06:20:37
8.0,1.9,35.0,140.0,6.5,35.0,0.4943784,0.6708768,0.7596219,2026-01-26-06:21:52
14.0,3.0,35.0,150.0,4.5,35.0,0.69562787,0.592169,0.5677453,2026-01-26-06:21:52
15.999999,5.0,25.0,140.0,8.0,35.0,1.0,0.5516864,0.52672106,2026-01-26-06:21:52
3.0,2.5,40.0,150.0,6.0,35.0,0.5355494,0.55020463,0.9296832,2026-01-26-06:21:52
5.0,2.3,25.0,150.0,7.5,35.0,0.5182008,0.5898384,0.8607229,2026-01-26-06:21:52
9.0,2.4,35.0,150.0,6.5,35.0,0.5647101,0.60468113,0.72795814,2026-01-26-06:22:56
8.0,3.7,40.0,150.0,6.0,35.0,0.75544053,0.44753566,0.7592751,2026-01-26-06:22:56
6.0,2.4,35.0,150.0,8.5,35.0,0.5331554,0.576024,0.8249053,2026-01-26-06:22:56
13.0,1.8,40.0,130.0,6.0,35.0,0.5541072,0.72969717,0.603623,2026-01-26-06:22:56
13.0,2.7,40.0,150.0,6.0,40.0,0.64845335,0.612908,0.6025011,2026-01-26-06:22:56
13.0,4.7,25.0,150.0,6.0,35.0,0.9502842,0.48464134,0.60641587,2026-01-26-06:24:11
13.0,1.9,40.0,130.0,6.0,35.0,0.56299984,0.71554446,0.603623,2026-01-26-06:24:11
1.0,2.6,25.0,150.0,6.0,35.0,0.54755247,0.5328106,1.0,2026-01-26-06:24:11
11.0,2.0,35.0,150.0,3.0,35.0,0.50815165,0.6569079,0.639179,2026-01-26-06:24:11
13.0,2.9,25.0,130.0,6.0,35.0,0.6748969,0.5923335,0.603623,2026-01-26-06:24:11
13.0,3.3,25.0,130.0,5.5,35.0,0.7279946,0.55129856,0.6011264,2026-01-26-06:25:19
11.0,2.7,40.0,150.0,5.0,35.0,0.6196433,0.58118486,0.6595972,2026-01-26-06:25:19
13.0,1.6,40.0,130.0,5.5,35.0,0.5347931,0.75730187,0.6011264,2026-01-26-06:25:19
10.0,1.7,35.0,150.0,6.0,40.0,0.49435586,0.71522653,0.6923336,2026-01-26-06:25:19
3.0,3.2,30.0,150.0,6.0,35.0,0.647283,0.45813194,0.9296832,2026-01-26-06:25:19
14.0,3.2,35.0,150.0,4.5,35.0,0.722383,0.57350576,0.5677453,2026-01-26-06:26:35
15.999999,5.0,30.0,160.0,10.0,35.0,1.0,0.534587,0.5086695,2026-01-26-06:26:35
14.0,3.6,35.0,150.0,4.5,35.0,0.7792012,0.5415064,0.5677453,2026-01-26-06:26:35
11.0,3.3,40.0,150.0,5.0,35.0,0.7067175,0.5161997,0.6595972,2026-01-26-06:26:35
11.0,1.9,35.0,130.0,5.0,35.0,0.5225344,0.68920434,0.6572179,2026-01-26-06:26:35
13.0,2.1,35.0,130.0,6.0,35.0,0.58212286,0.68813014,0.603623,2026-01-26-06:27:50
15.999999,4.6,25.0,150.0,8.0,35.0,0.94280624,0.55641633,0.5278379,2026-01-26-06:27:50
1.0,2.2,30.0,110.0,6.0,35.0,0.47949693,0.58491254,1.0,2026-01-26-06:27:50
15.999999,4.9,40.0,150.0,7.0,35.0,0.98573756,0.55524266,0.5302339,2026-01-26-06:27:50
3.0,2.1,35.0,110.0,6.0,35.0,0.46958777,0.604143,0.92801994,2026-01-26-06:27:50
11.0,2.1,35.0,130.0,5.0,35.0,0.5434281,0.6592515,0.6572179,2026-01-26-06:29:03
13.0,2.3,40.0,130.0,6.0,35.0,0.602963,0.66199756,0.603623,2026-01-26-06:29:03
13.0,3.9,25.0,150.0,6.0,35.0,0.82118696,0.5141069,0.60641587,2026-01-26-06:29:03
8.0,2.9,40.0,150.0,6.0,35.0,0.6233038,0.5276377,0.7592751,2026-01-26-06:29:03
14.0,3.1,35.0,150.0,4.5,35.0,0.7088559,0.5826229,0.5677453,2026-01-26-06:29:03
15.999999,5.0,35.0,160.0,7.5,35.0,1.0,0.5544466,0.52963495,2026-01-26-06:30:13
13.0,3.4,25.0,150.0,6.0,35.0,0.74593055,0.5488737,0.60641587,2026-01-26-06:30:13
4.0,2.1,40.0,160.0,6.0,35.0,0.4856548,0.6161341,0.8947827,2026-01-26-06:30:13
14.0,2.7,35.0,150.0,4.5,35.0,0.6578732,0.6232803,0.5677453,2026-01-26-06:30:13
4.0,3.2,40.0,160.0,6.0,35.0,0.649877,0.4621171,0.8947827,2026-01-26-06:30:13
9.0,1.5,40.0,180.0,6.5,35.0,0.46644863,0.7430552,0.7260204,2026-01-26-06:31:32
14.0,3.7,35.0,150.0,4.5,35.0,0.79401004,0.534665,0.5677453,2026-01-26-06:31:32
14.0,1.8,35.0,160.0,4.5,35.0,0.56482685,0.73619545,0.5677453,2026-01-26-06:31:32
15.999999,4.2,40.0,150.0,7.5,35.0,0.88698345,0.5690184,0.52963495,2026-01-26-06:31:32
9.0,3.7,25.0,150.0,6.0,35.0,0.7610746,0.460263,0.7269188,2026-01-26-06:31:32
20.0,4.6,40.0,150.0,7.5,35.0,0.95728624,0.6687204,0.444851,2026-01-26-06:33:05
20.0,0.1,35.0,160.0,7.5,35.0,0.6659781,1.0,0.444851,2026-01-26-06:33:05
22.0,4.6,40.0,150.0,6.0,35.0,0.9650792,0.72916085,0.40974465,2026-01-26-06:33:05
28.0,4.6,40.0,140.0,6.0,40.0,0.9908974,0.929402,0.34548733,2026-01-26-06:33:05
29.0,4.6,40.0,140.0,6.0,40.0,0.99544203,0.9646492,0.34259343,2026-01-26-06:33:05
14.0,0.1,35.0,160.0,4.5,35.0,0.49111047,1.0,0.5677453,2026-01-26-06:34:22
13.0,4.8,25.0,230.0,6.0,35.0,0.96463066,0.44909263,0.58034885,2026-01-26-06:34:22
15.999999,5.0,40.0,230.0,7.0,35.0,1.0,0.52539235,0.49896276,2026-01-26-06:34:22
7.0,1.9,25.0,170.0,9.0,40.0,0.46924615,0.65451753,0.7866193,2026-01-26-06:34:22
14.0,2.3,35.0,180.0,4.5,35.0,0.60982984,0.66784334,0.5647577,2026-01-26-06:34:22
9.0,0.1,35.0,160.0,6.0,35.0,0.40974465,1.0,0.7269188,2026-01-26-06:35:40
9.0,0.1,35.0,180.0,6.5,35.0,0.4078027,1.0,0.7260204,2026-01-26-06:35:40
15.999999,3.9,35.0,150.0,7.5,35.0,0.8461215,0.5818622,0.52963495,2026-01-26-06:35:40
11.0,3.6,40.0,150.0,5.0,35.0,0.7545287,0.49027342,0.6595972,2026-01-26-06:35:40
9.0,1.3,35.0,180.0,6.5,35.0,0.45108238,0.7777679,0.7260204,2026-01-26-06:35:40
14.0,4.8,40.0,150.0,4.0,35.0,0.96695226,0.48525286,0.5618697,2026-01-26-06:37:00
10.0,2.2,40.0,150.0,6.0,35.0,0.55075544,0.64173937,0.6953636,2026-01-26-06:37:00
8.0,1.5,25.0,130.0,6.5,35.0,0.45386708,0.7369963,0.7584831,2026-01-26-06:37:00
8.0,2.2,25.0,130.0,6.5,35.0,0.52608365,0.6220643,0.7584831,2026-01-26-06:37:00
15.999999,5.0,25.0,150.0,7.0,25.0,1.0,0.5372199,0.5114489,2026-01-26-06:37:00
13.0,4.2,25.0,140.0,5.5,35.0,0.8675265,0.4948205,0.60298824,2026-01-26-06:38:16
10.0,2.7,30.0,160.0,6.0,35.0,0.61369234,0.5746322,0.6953636,2026-01-26-06:38:16
15.999999,3.8,35.0,150.0,7.5,35.0,0.8327986,0.5870091,0.52963495,2026-01-26-06:38:16
13.0,2.7,25.0,140.0,6.0,35.0,0.6510922,0.6158137,0.60548484,2026-01-26-06:38:16
15.999999,0.1,35.0,140.0,7.5,35.0,0.55338866,1.0,0.5285181,2026-01-26-06:38:16
15.999999,3.1,30.0,160.0,7.5,35.0,0.74509156,0.6345694,0.52963495,2026-01-26-06:39:30
5.0,2.5,40.0,140.0,7.0,35.0,0.5449695,0.5593275,0.8605696,2026-01-26-06:39:30
1.0,2.6,25.0,160.0,5.5,40.0,0.54018223,0.5252003,1.0,2026-01-26-06:39:30
5.0,2.9,40.0,170.0,8.0,35.0,0.60304767,0.5022374,0.85986006,2026-01-26-06:39:30
7.0,1.9,35.0,130.0,8.0,35.0,0.4798038,0.6613898,0.7908639,2026-01-26-06:39:30
9.0,3.8,25.0,150.0,6.0,35.0,0.7784967,0.45288244,0.7269188,2026-01-26-06:40:35
4.0,1.8,40.0,160.0,6.0,40.0,0.44571275,0.6639878,0.8937361,2026-01-26-06:40:35
4.0,2.7,40.0,160.0,5.5,35.0,0.56578207,0.5218777,0.8941152,2026-01-26-06:40:35
4.0,1.8,40.0,90.0,5.5,35.0,0.4204286,0.64866036,0.88888884,2026-01-26-06:40:35
9.0,2.6,30.0,150.0,6.0,35.0,0.5893697,0.57599044,0.7269188,2026-01-26-06:40:35
11.0,1.5,35.0,140.0,4.5,35.0,0.48335305,0.75119597,0.6549758,2026-01-26-06:41:40
10.0,1.1,35.0,180.0,6.0,35.0,0.4507978,0.8176523,0.69320184,2026-01-26-06:41:40
10.0,3.7,30.0,150.0,6.0,35.0,0.7674093,0.47457355,0.6953636,2026-01-26-06:41:40
15.999999,3.7,30.0,160.0,7.5,35.0,0.81964743,0.5925803,0.52963495,2026-01-26-06:41:40
11.0,3.7,40.0,150.0,5.0,35.0,0.77099234,0.48266757,0.6595972,2026-01-26-06:41:40
1.0,2.9,30.0,150.0,5.0,40.0,0.58429766,0.47872564,1.0,2026-01-26-06:42:47
11.0,3.4,40.0,150.0,5.0,40.0,0.71965486,0.50221854,0.6562622,2026-01-26-06:42:47
7.0,2.6,35.0,170.0,7.0,35.0,0.5723983,0.558466,0.79290015,2026-01-26-06:42:47
14.0,4.7,40.0,150.0,4.5,40.0,0.9506616,0.48855454,0.5635576,2026-01-26-06:42:47
6.0,2.7,35.0,140.0,7.5,35.0,0.57930344,0.53676623,0.8262596,2026-01-26-06:42:47
4.0,2.5,35.0,160.0,6.0,35.0,0.5389652,0.55351263,0.8947827,2026-01-26-06:44:09
14.0,2.6,35.0,140.0,4.5,35.0,0.6451589,0.63359725,0.56674945,2026-01-26-06:44:09
7.0,2.4,30.0,160.0,7.0,35.0,0.5460668,0.58774984,0.7933913,2026-01-26-06:44:09
15.999999,0.1,30.0,160.0,7.5,35.0,0.5544466,1.0,0.52963495,2026-01-26-06:44:09
15.999999,3.6,30.0,160.0,7.5,35.0,0.80668163,0.5985702,0.52963495,2026-01-26-06:44:09
4.0,3.3,25.0,150.0,6.0,35.0,0.66729707,0.4511715,0.8947827,2026-01-26-06:45:27
14.0,2.9,35.0,140.0,4.5,35.0,0.68198156,0.60121745,0.56674945,2026-01-26-06:45:27
14.0,1.6,35.0,140.0,4.5,35.0,0.5477794,0.7640768,0.56674945,2026-01-26-06:45:27
10.0,2.1,35.0,180.0,6.0,35.0,0.53623575,0.6538837,0.69320184,2026-01-26-06:45:27
14.0,2.4,35.0,130.0,4.5,35.0,0.62067646,0.6555083,0.5647577,2026-01-26-06:45:27
15.999999,0.1,35.0,170.0,7.5,35.0,0.55338866,1.0,0.5285181,2026-01-26-06:46:49
2.0,2.4,35.0,170.0,6.0,35.0,0.5181181,0.5623675,0.9647067,2026-01-26-06:46:49
2.0,2.8,25.0,170.0,6.0,35.0,0.5780375,0.50433874,0.9647067,2026-01-26-06:46:49
11.0,2.3,35.0,170.0,5.0,35.0,0.56820536,0.6324079,0.6588041,2026-01-26-06:46:49
8.0,2.7,25.0,140.0,6.0,35.0,0.59285253,0.55168533,0.7587057,2026-01-26-06:46:49
10.0,4.1,25.0,160.0,6.0,35.0,0.8365089,0.44914427,0.6953636,2026-01-26-06:48:09
7.0,3.6,25.0,160.0,8.0,35.0,0.73258865,0.4447144,0.7923375,2026-01-26-06:48:09
15.999999,3.2,30.0,160.0,7.5,35.0,0.75693506,0.626587,0.52963495,2026-01-26-06:48:09
15.999999,4.8,30.0,160.0,7.5,35.0,0.97145337,0.555362,0.52963495,2026-01-26-06:48:09
14.0,2.8,35.0,140.0,4.5,35.0,0.6693634,0.61161536,0.56674945,2026-01-26-06:48:09
11.0,2.6,35.0,140.0,5.0,35.0,0.605498,0.5926442,0.6588041,2026-01-26-06:49:33
15.999999,3.3,40.0,150.0,7.5,35.0,0.7690285,0.6189882,0.52963495,2026-01-26-06:49:33
7.0,3.7,25.0,160.0,7.5,35.0,0.7514733,0.4385737,0.79312783,2026-01-26-06:49:33
14.0,1.4,35.0,140.0,4.5,35.0,0.5335929,0.7935354,0.56674945,2026-01-26-06:49:33
3.0,2.7,35.0,150.0,6.0,35.0,0.56532216,0.5213713,0.9296832,2026-01-26-06:49:33
14.0,0.8,35.0,140.0,4.5,35.0,0.5027264,0.8865006,0.56674945,2026-01-26-06:50:55
15.999999,0.1,35.0,110.0,7.5,35.0,0.5438674,1.0,0.51846665,2026-01-26-06:50:55
11.0,3.8,40.0,140.0,5.0,35.0,0.7871967,0.47437152,0.6588041,2026-01-26-06:50:55
7.0,2.8,25.0,140.0,7.5,35.0,0.6010591,0.5313813,0.79263663,2026-01-26-06:50:55
14.0,2.2,35.0,140.0,4.5,35.0,0.6012175,0.6819815,0.56674945,2026-01-26-06:50:55
6.0,2.1,35.0,140.0,7.0,40.0,0.49415225,0.622476,0.8247497,2026-01-26-06:52:02
11.0,3.9,30.0,150.0,5.0,35.0,0.8046085,0.46905792,0.6595972,2026-01-26-06:52:02
4.0,2.3,25.0,150.0,6.0,40.0,0.50644517,0.5798307,0.8937361,2026-01-26-06:52:02
13.0,1.4,30.0,130.0,6.0,35.0,0.52320236,0.7889359,0.603623,2026-01-26-06:52:02
8.0,3.0,40.0,160.0,6.0,35.0,0.6386372,0.51580673,0.7592751,2026-01-26-06:52:02
15.999999,2.8,30.0,170.0,7.5,35.0,0.71049386,0.6599296,0.5285181,2026-01-26-06:52:57
8.0,2.6,35.0,150.0,6.5,35.0,0.5812865,0.5676438,0.7601913,2026-01-26-06:52:57
10.0,1.8,25.0,170.0,6.0,40.0,0.5025808,0.6984616,0.691613,2026-01-26-06:52:57
10.0,3.8,30.0,150.0,6.0,35.0,0.78436965,0.46738863,0.6953636,2026-01-26-06:52:57
5.0,2.6,25.0,140.0,7.0,30.0,0.5549326,0.54043126,0.8591789,2026-01-26-06:52:57
2.0,2.7,40.0,200.0,6.0,30.0,0.5487307,0.50310224,0.96360695,2026-01-26-06:54:03
15.999999,0.1,30.0,170.0,8.0,35.0,0.5516864,1.0,0.52672106,2026-01-26-06:54:03
10.0,3.4,30.0,170.0,6.0,35.0,0.7173642,0.4981513,0.69464296,2026-01-26-06:54:03
2.0,2.9,40.0,170.0,6.0,30.0,0.59011376,0.4860188,0.9643565,2026-01-26-06:54:03
14.0,3.3,35.0,150.0,4.5,35.0,0.73619556,0.5648268,0.5677453,2026-01-26-06:54:03
15.999999,0.1,35.0,120.0,7.5,35.0,0.5480991,1.0,0.52293396,2026-01-26-06:54:59
14.0,4.6,30.0,150.0,4.0,35.0,0.9340401,0.48842788,0.5618697,2026-01-26-06:54:59
5.0,2.3,35.0,140.0,7.0,35.0,0.5176704,0.5893868,0.8605696,2026-01-26-06:54:59
1.0,2.6,30.0,140.0,5.5,35.0,0.54361224,0.528742,1.0,2026-01-26-06:54:59
9.0,2.8,40.0,140.0,6.5,35.0,0.61793095,0.5511999,0.7273122,2026-01-26-06:54:59
14.0,1.7,35.0,140.0,4.5,35.0,0.55557346,0.74970365,0.56674945,2026-01-26-06:56:18
15.999999,0.1,30.0,219.99998,7.5,35.0,0.5322304,1.0,0.50618154,2026-01-26-06:56:18
11.0,1.7,35.0,130.0,5.0,35.0,0.5036026,0.72043425,0.6572179,2026-01-26-06:56:18
14.0,2.5,35.0,140.0,4.5,35.0,0.6335973,0.64515877,0.56674945,2026-01-26-06:56:18
7.0,2.2,25.0,130.0,7.0,35.0,0.5171672,0.6149537,0.7919177,2026-01-26-06:56:18
6.0,2.8,25.0,150.0,7.0,35.0,0.5958431,0.5252543,0.82689184,2026-01-26-06:57:14
3.0,3.3,25.0,150.0,6.0,35.0,0.664832,0.44710523,0.9296832,2026-01-26-06:57:14
7.0,1.5,30.0,90.0,10.5,35.0,0.38543102,0.7040392,0.770167,2026-01-26-06:57:14
8.0,3.8,25.0,150.0,6.5,35.0,0.7741364,0.44211245,0.7601913,2026-01-26-06:57:14
3.0,2.4,40.0,150.0,6.0,40.0,0.5166108,0.5609986,0.9289838,2026-01-26-06:57:14
14.0,1.3,35.0,140.0,4.5,35.0,0.527215,0.8085906,0.56674945,2026-01-26-06:58:18
15.999999,5.0,35.0,170.0,7.0,35.0,1.0,0.5539561,0.5291171,2026-01-26-06:58:18
6.0,2.4,30.0,140.0,7.0,35.0,0.5373548,0.5798378,0.8264803,2026-01-26-06:58:18
11.0,1.8,30.0,170.0,4.5,35.0,0.5096314,0.70273566,0.6549758,2026-01-26-06:58:18
7.0,1.8,25.0,160.0,8.0,35.0,0.472958,0.680504,0.7923375,2026-01-26-06:58:18
15.999999,2.4,35.0,140.0,7.5,35.0,0.66938347,0.69974273,0.5285181,2026-01-26-06:59:38
10.0,1.7,35.0,140.0,5.5,35.0,0.49497548,0.71557546,0.6927106,2026-01-26-06:59:38
1.0,2.3,25.0,160.0,5.5,35.0,0.50164086,0.5757407,1.0,2026-01-26-06:59:38
5.0,2.0,25.0,140.0,7.0,35.0,0.48047087,0.63759893,0.8605696,2026-01-26-06:59:38
5.0,1.9,40.0,140.0,7.0,30.0,0.46382764,0.65099055,0.8591789,2026-01-26-06:59:38
15.999999,2.9,30.0,170.0,7.5,35.0,0.7215424,0.65082514,0.5285181,2026-01-26-07:00:43
15.0,0.1,40.0,160.0,6.0,35.0,0.52783793,1.0,0.55274427,2026-01-26-07:00:43
10.0,3.9,30.0,150.0,6.0,35.0,0.80155146,0.46075097,0.6953636,2026-01-26-07:00:43
8.0,1.3,35.0,140.0,5.5,35.0,0.43510398,0.77129894,0.75717866,2026-01-26-07:00:43
15.999999,0.1,30.0,170.0,7.5,35.0,0.55338866,1.0,0.5285181,2026-01-26-07:00:43
4.0,2.4,35.0,140.0,6.0,35.0,0.5237677,0.5674983,0.89453375,2026-01-26-07:01:19
13.0,3.7,25.0,130.0,5.5,35.0,0.7876065,0.5201991,0.6011264,2026-01-26-07:01:19
15.999999,0.9,30.0,210.0,8.0,35.0,0.5520221,0.8825264,0.51108545,2026-01-26-07:01:19
7.0,2.0,25.0,180.0,7.5,35.0,0.49284792,0.64623266,0.7916543,2026-01-26-07:01:19
10.0,1.2,35.0,120.0,6.0,35.0,0.453098,0.798735,0.69104016,2026-01-26-07:01:19
15.0,0.1,40.0,160.0,8.0,35.0,0.52783793,1.0,0.55274427,2026-01-26-07:02:28
15.999999,5.0,40.0,130.0,8.0,35.0,1.0,0.5495706,0.52448744,2026-01-26-07:02:28
5.0,3.7,25.0,160.0,8.0,35.0,0.7428979,0.41920176,0.8601908,2026-01-26-07:02:28
13.0,4.1,25.0,140.0,6.0,35.0,0.8523371,0.50247467,0.60548484,2026-01-26-07:02:28
10.0,4.6,30.0,140.0,6.0,35.0,0.9263473,0.42876416,0.69464296,2026-01-26-07:02:28
15.0,0.8,40.0,160.0,6.5,35.0,0.541428,0.895334,0.5544466,2026-01-26-07:03:36
1.0,3.9,25.0,160.0,5.0,35.0,0.7719673,0.38036105,1.0,2026-01-26-07:03:36
15.999999,0.9,30.0,140.0,7.5,35.0,0.56799513,0.88671494,0.5285181,2026-01-26-07:03:36
15.0,1.8,40.0,160.0,6.0,35.0,0.596234,0.75523466,0.55274427,2026-01-26-07:03:36
15.999999,2.7,30.0,160.0,7.5,35.0,0.7004541,0.6701666,0.52963495,2026-01-26-07:03:36
15.0,1.4,40.0,160.0,6.5,35.0,0.5698923,0.80960405,0.5544466,2026-01-26-07:05:21
15.0,0.9,40.0,160.0,6.5,35.0,0.5450183,0.8806898,0.5544466,2026-01-26-07:05:21
15.0,0.3,40.0,160.0,6.5,35.0,0.53060144,0.96986365,0.5544466,2026-01-26-07:05:21
15.0,2.3,40.0,160.0,6.5,35.0,0.6418425,0.6950961,0.5544466,2026-01-26-07:05:21
15.0,3.4,40.0,160.0,6.5,35.0,0.76918375,0.5901621,0.5544466,2026-01-26-07:05:21
15.0,0.1,35.0,160.0,6.5,35.0,0.529635,1.0,0.5544466,2026-01-26-07:06:17
15.0,2.4,40.0,160.0,6.5,35.0,0.65179914,0.68377316,0.5544466,2026-01-26-07:06:17
11.0,4.0,30.0,150.0,5.0,35.0,0.8217263,0.46306813,0.6595972,2026-01-26-07:06:17
4.0,1.9,35.0,160.0,5.5,40.0,0.4533552,0.64417374,0.89306873,2026-01-26-07:06:17
6.0,2.2,35.0,160.0,7.0,35.0,0.5125444,0.61126703,0.82689184,2026-01-26-07:06:17
15.0,2.6,40.0,160.0,6.5,35.0,0.6727753,0.6621135,0.5544466,2026-01-26-07:07:40
10.0,2.4,35.0,180.0,6.0,35.0,0.5716139,0.610951,0.69320184,2026-01-26-07:07:40
15.999999,4.9,30.0,140.0,7.0,35.0,0.98570365,0.5541853,0.5291171,2026-01-26-07:07:40
9.0,2.6,35.0,140.0,6.5,35.0,0.5899613,0.5766012,0.7273122,2026-01-26-07:07:40
13.0,4.3,30.0,150.0,6.0,35.0,0.8847897,0.49523,0.60641587,2026-01-26-07:07:40
5.0,2.8,40.0,160.0,7.0,35.0,0.5903607,0.5188144,0.8609002,2026-01-26-07:08:42
15.0,0.1,35.0,160.0,7.5,35.0,0.529635,1.0,0.5544466,2026-01-26-07:08:42
15.0,0.1,40.0,160.0,6.5,40.0,0.5249387,1.0,0.549998,2026-01-26-07:08:42
15.0,0.9,35.0,170.0,8.0,35.0,0.54219973,0.87995064,0.55168635,2026-01-26-07:08:42
11.0,1.8,35.0,180.0,5.0,35.0,0.5128182,0.7046675,0.6572179,2026-01-26-07:08:42
15.0,3.4,35.0,170.0,7.0,35.0,0.76892966,0.58971095,0.55395603,2026-01-26-07:10:05
11.0,0.9,35.0,140.0,5.0,30.0,0.44611272,0.8547537,0.6554691,2026-01-26-07:10:05
3.0,2.2,35.0,130.0,5.5,30.0,0.48268357,0.5874538,0.9280388,2026-01-26-07:10:05
3.0,3.6,35.0,140.0,4.5,30.0,0.70854384,0.39478493,0.92694414,2026-01-26-07:10:05
3.0,2.6,35.0,150.0,4.5,35.0,0.53822136,0.5231755,0.92780983,2026-01-26-07:10:05
15.0,0.1,30.0,170.0,6.5,35.0,0.52851814,1.0,0.5533886,2026-01-26-07:11:27
1.0,2.6,30.0,160.0,6.0,35.0,0.54755247,0.5328106,1.0,2026-01-26-07:11:27
9.0,2.5,35.0,160.0,6.0,35.0,0.5759905,0.58936965,0.7269188,2026-01-26-07:11:27
7.0,2.3,40.0,150.0,7.0,35.0,0.5330868,0.6025109,0.7933913,2026-01-26-07:11:27
3.0,2.4,40.0,150.0,5.5,35.0,0.5183354,0.56256485,0.9292372,2026-01-26-07:11:27
13.0,4.6,25.0,150.0,4.5,35.0,0.9320276,0.47281903,0.59593,2026-01-26-07:12:42
13.0,4.0,25.0,150.0,6.0,35.0,0.83685243,0.5086254,0.60641587,2026-01-26-07:12:42
9.0,3.0,40.0,150.0,6.5,35.0,0.6483058,0.52876174,0.72795814,2026-01-26-07:12:42
15.999999,5.0,30.0,160.0,8.0,40.0,1.0,0.5482958,0.5231416,2026-01-26-07:12:42
6.0,3.1,40.0,150.0,7.0,35.0,0.64329726,0.48863962,0.82689184,2026-01-26-07:12:42
15.0,1.7,30.0,160.0,7.0,35.0,0.5906841,0.7694776,0.55501395,2026-01-26-07:13:27
15.0,0.1,40.0,170.0,7.5,35.0,0.52851814,1.0,0.5533886,2026-01-26-07:13:27
15.0,4.1,30.0,160.0,7.0,35.0,0.8663387,0.54965043,0.55501395,2026-01-26-07:13:27
30.0,5.0,35.0,60.0,7.0,45.0,1.0,1.0,0.2578351,2026-01-26-07:13:27
15.0,1.3,40.0,170.0,6.5,35.0,0.5629755,0.82306844,0.5533886,2026-01-26-07:13:27
13.0,5.0,30.0,60.0,6.0,35.0,1.0,0.42713916,0.5645225,2026-01-26-07:14:14
13.0,5.0,30.0,160.0,6.0,35.0,1.0,0.4822489,0.60641587,2026-01-26-07:14:14
10.0,5.0,30.0,60.0,6.0,35.0,1.0,0.36423326,0.6629379,2026-01-26-07:14:14
4.0,4.1,40.0,60.0,6.0,40.0,0.7961376,0.31311983,0.8825367,2026-01-26-07:14:14
7.0,3.0,30.0,150.0,7.0,35.0,0.6332429,0.50857884,0.7933913,2026-01-26-07:14:14
15.0,5.0,30.0,160.0,7.0,35.0,1.0,0.530234,0.55501395,2026-01-26-07:15:47
15.0,1.7,40.0,170.0,6.5,35.0,0.58918905,0.76863563,0.5533886,2026-01-26-07:15:47
15.0,1.2,40.0,170.0,6.5,35.0,0.55752915,0.83716667,0.5533886,2026-01-26-07:15:47
15.0,0.1,40.0,140.0,6.5,35.0,0.52851814,1.0,0.5533886,2026-01-26-07:15:47
14.0,4.9,25.0,150.0,4.5,30.0,0.98353136,0.48644426,0.5635576,2026-01-26-07:15:47
15.0,5.0,40.0,150.0,7.0,35.0,1.0,0.530234,0.55501395,2026-01-26-07:17:15
15.0,1.7,35.0,170.0,6.5,35.0,0.58918905,0.76863563,0.5533886,2026-01-26-07:17:15
11.0,5.0,40.0,160.0,5.0,35.0,1.0,0.4342462,0.6595972,2026-01-26-07:17:15
1.0,2.8,25.0,150.0,5.0,35.0,0.5719967,0.497243,1.0,2026-01-26-07:17:15
13.0,5.0,25.0,150.0,5.5,35.0,1.0,0.4789647,0.6039192,2026-01-26-07:17:15
11.0,1.3,35.0,140.0,3.5,35.0,0.45274606,0.7784414,0.64476657,2026-01-26-07:18:16
3.0,2.4,25.0,140.0,6.0,35.0,0.5202393,0.5642939,0.92951685,2026-01-26-07:18:16
15.0,0.1,25.0,140.0,7.0,35.0,0.52911717,1.0,0.55395603,2026-01-26-07:18:16
15.0,4.6,30.0,150.0,7.0,35.0,0.9399277,0.53409076,0.55501395,2026-01-26-07:18:16
7.0,1.3,25.0,100.0,8.5,35.0,0.40482938,0.7590421,0.78365225,2026-01-26-07:18:16
15.0,1.6,25.0,170.0,6.5,35.0,0.5819845,0.7819216,0.5533886,2026-01-26-07:19:35
15.0,0.1,25.0,170.0,7.5,35.0,0.52851814,1.0,0.5533886,2026-01-26-07:19:35
15.999999,0.1,35.0,170.0,8.0,35.0,0.5516864,1.0,0.52672106,2026-01-26-07:19:35
9.0,0.9,30.0,170.0,6.5,35.0,0.4298716,0.85049474,0.7273122,2026-01-26-07:19:35
15.0,0.1,25.0,170.0,6.5,35.0,0.52851814,1.0,0.5533886,2026-01-26-07:19:35
8.0,3.1,35.0,160.0,6.0,35.0,0.65434206,0.5044732,0.7592751,2026-01-26-07:21:16
15.999999,0.1,40.0,160.0,7.0,35.0,0.555014,1.0,0.5302339,2026-01-26-07:21:16
1.0,2.2,40.0,140.0,6.0,35.0,0.49032146,0.59354484,1.0,2026-01-26-07:21:16
8.0,0.8,25.0,200.0,6.5,35.0,0.39928323,0.86289036,0.7544973,2026-01-26-07:21:16
1.0,2.6,40.0,160.0,6.0,35.0,0.54755247,0.5328106,1.0,2026-01-26-07:21:16
15.0,1.4,30.0,140.0,7.5,35.0,0.568871,0.80915207,0.5533886,2026-01-26-07:22:48
4.0,0.1,35.0,160.0,6.0,40.0,0.35181904,1.0,0.8937361,2026-01-26-07:22:48
3.0,0.1,40.0,160.0,6.0,35.0,0.35344744,1.0,0.9296832,2026-01-26-07:22:48
3.0,0.1,35.0,160.0,6.0,35.0,0.35344744,1.0,0.9296832,2026-01-26-07:22:48
4.0,0.1,35.0,150.0,6.0,40.0,0.35181904,1.0,0.8937361,2026-01-26-07:22:48
15.0,5.0,25.0,150.0,6.0,35.0,1.0,0.52783793,0.55274427,2026-01-26-07:24:17
13.0,5.0,35.0,160.0,6.0,35.0,1.0,0.4822489,0.60641587,2026-01-26-07:24:17
1.0,2.6,25.0,160.0,6.0,35.0,0.54755247,0.5328106,1.0,2026-01-26-07:24:17
4.0,2.6,40.0,140.0,6.0,35.0,0.5524567,0.53787464,0.89453375,2026-01-26-07:24:17
1.0,2.6,30.0,150.0,6.0,35.0,0.54755247,0.5328106,1.0,2026-01-26-07:24:17
15.0,2.9,25.0,160.0,7.0,35.0,0.7071057,0.6327221,0.55501395,2026-01-26-07:25:44
15.999999,0.1,40.0,180.0,7.0,35.0,0.55184025,1.0,0.5268835,2026-01-26-07:25:44
15.0,0.1,40.0,160.0,7.0,35.0,0.530234,1.0,0.55501395,2026-01-26-07:25:44
9.0,1.8,30.0,140.0,6.0,35.0,0.49405354,0.69329226,0.7262729,2026-01-26-07:25:44
15.0,0.1,35.0,160.0,7.0,35.0,0.530234,1.0,0.55501395,2026-01-26-07:25:44
15.0,1.5,35.0,170.0,6.5,35.0,0.5752095,0.79543173,0.5533886,2026-01-26-07:27:22
15.0,2.0,25.0,160.0,6.5,35.0,0.6142197,0.73089635,0.5544466,2026-01-26-07:27:22
15.0,0.1,35.0,160.0,8.0,35.0,0.52783793,1.0,0.55274427,2026-01-26-07:27:22
15.0,0.1,35.0,140.0,8.0,40.0,0.5220248,1.0,0.5472378,2026-01-26-07:27:22
15.999999,0.1,30.0,140.0,7.0,35.0,0.5539561,1.0,0.5291171,2026-01-26-07:27:22
14.0,5.0,40.0,150.0,4.5,30.0,1.0,0.48618025,0.5635576,2026-01-26-07:28:36
15.999999,0.1,35.0,140.0,8.0,35.0,0.5516864,1.0,0.52672106,2026-01-26-07:28:36
15.0,0.1,30.0,160.0,7.5,35.0,0.529635,1.0,0.5544466,2026-01-26-07:28:36
11.0,1.8,40.0,140.0,5.0,35.0,0.5150726,0.7060341,0.6588041,2026-01-26-07:28:36
3.0,1.9,30.0,140.0,6.0,35.0,0.45685026,0.64644873,0.92951685,2026-01-26-07:28:36
15.0,5.0,30.0,170.0,6.5,35.0,1.0,0.52851814,0.5533886,2026-01-26-07:30:11
13.0,0.3,40.0,130.0,6.0,40.0,0.47450715,0.9662622,0.59970826,2026-01-26-07:30:11
5.0,0.9,40.0,140.0,8.0,40.0,0.37804905,0.83690524,0.8584695,2026-01-26-07:30:11
13.0,0.8,40.0,160.0,5.5,40.0,0.48700753,0.8829128,0.6000045,2026-01-26-07:30:11
5.0,2.3,40.0,170.0,8.0,40.0,0.51040566,0.58320224,0.8584695,2026-01-26-07:30:11
15.999999,0.9,35.0,180.0,7.5,35.0,0.5659485,0.8861783,0.52628446,2026-01-26-07:31:37
10.0,4.0,30.0,160.0,6.0,35.0,0.8189372,0.45466748,0.6953636,2026-01-26-07:31:37
15.999999,5.0,25.0,140.0,7.0,35.0,1.0,0.5539561,0.5291171,2026-01-26-07:31:37
15.0,0.1,30.0,160.0,7.0,35.0,0.530234,1.0,0.55501395,2026-01-26-07:31:37
6.0,1.5,35.0,170.0,7.0,35.0,0.4369292,0.7288394,0.8264803,2026-01-26-07:31:37
15.999999,0.1,35.0,90.0,7.5,35.0,0.5322304,1.0,0.50618154,2026-01-26-07:32:46
1.0,2.6,25.0,170.0,6.0,35.0,0.54648226,0.53170556,1.0,2026-01-26-07:32:46
1.0,2.3,25.0,170.0,6.0,35.0,0.5036108,0.57741773,1.0,2026-01-26-07:32:46
15.0,0.1,35.0,90.0,7.0,35.0,0.5067806,1.0,0.53279775,2026-01-26-07:32:46
6.0,2.7,40.0,170.0,7.0,35.0,0.5798379,0.53735477,0.8264803,2026-01-26-07:32:46
11.0,3.0,40.0,160.0,5.0,35.0,0.66161674,0.5465972,0.6595972,2026-01-26-07:33:33
15.999999,0.1,35.0,160.0,7.0,35.0,0.555014,1.0,0.5302339,2026-01-26-07:33:33
15.0,0.1,30.0,160.0,6.5,35.0,0.529635,1.0,0.5544466,2026-01-26-07:33:33
1.0,2.2,30.0,150.0,6.0,35.0,0.49152416,0.594504,1.0,2026-01-26-07:33:33
11.0,1.2,35.0,140.0,4.5,35.0,0.46184957,0.8019557,0.6549758,2026-01-26-07:33:33
15.0,5.0,35.0,190.0,7.0,35.0,1.0,0.52353305,0.5486665,2026-01-26-07:34:42
8.0,4.0,40.0,190.0,6.5,30.0,0.80574894,0.41494673,0.75438064,2026-01-26-07:34:42
10.0,1.9,25.0,140.0,6.0,35.0,0.517291,0.68579125,0.69464296,2026-01-26-07:34:42
1.0,2.5,30.0,190.0,6.0,35.0,0.5261803,0.54113126,1.0,2026-01-26-07:34:42
15.999999,0.1,30.0,160.0,8.5,35.0,0.54990727,1.0,0.52484286,2026-01-26-07:34:42
15.0,5.0,25.0,140.0,7.5,35.0,1.0,0.52851814,0.5533886,2026-01-26-07:35:47
15.999999,0.1,30.0,190.0,7.0,35.0,0.54866654,1.0,0.523533,2026-01-26-07:35:47
15.999999,2.6,40.0,180.0,7.5,35.0,0.68782836,0.67765707,0.52628446,2026-01-26-07:35:47
2.0,2.7,25.0,160.0,6.0,35.0,0.56340027,0.5192551,0.96479,2026-01-26-07:35:47
7.0,3.4,35.0,150.0,7.5,35.0,0.69871193,0.46503222,0.79312783,2026-01-26-07:35:47
15.0,4.8,40.0,160.0,7.0,35.0,0.96990204,0.53119916,0.55501395,2026-01-26-07:36:39
11.0,3.4,35.0,160.0,5.0,35.0,0.7223748,0.5070481,0.6595972,2026-01-26-07:36:39
6.0,2.4,40.0,200.0,7.0,35.0,0.52747923,0.570869,0.8227764,2026-01-26-07:36:39
4.0,2.2,40.0,170.0,6.0,40.0,0.49204487,0.5949192,0.8934873,2026-01-26-07:36:39
30.0,0.8,35.0,70.0,8.5,25.0,1.0,1.0,0.26425436,2026-01-26-07:36:39
13.0,4.9,25.0,160.0,6.0,35.0,0.98340535,0.48251492,0.60641587,2026-01-26-07:38:06
15.0,4.1,25.0,160.0,8.0,40.0,0.8643207,0.5428512,0.54829574,2026-01-26-07:38:06
15.0,0.1,30.0,140.0,7.0,30.0,0.52442086,1.0,0.5495075,2026-01-26-07:38:06
13.0,3.7,30.0,150.0,6.0,35.0,0.79042304,0.52656186,0.60641587,2026-01-26-07:38:06
15.999999,4.6,30.0,150.0,7.0,30.0,0.94252765,0.5542553,0.52553767,2026-01-26-07:38:06
13.0,4.1,40.0,160.0,6.0,35.0,0.8526855,0.50364864,0.60641587,2026-01-26-07:39:16
15.0,3.0,25.0,160.0,7.0,35.0,0.719028,0.6235231,0.55501395,2026-01-26-07:39:16
9.0,2.5,30.0,170.0,6.5,35.0,0.5766013,0.58996123,0.7273122,2026-01-26-07:39:16
15.0,0.1,30.0,160.0,7.0,30.0,0.5255377,1.0,0.5505654,2026-01-26-07:39:16
20.0,1.9,25.0,300.0,11.0,10.0,0.5579332,0.7122465,0.12333701,2026-01-26-07:39:16
8.0,5.0,25.0,150.0,6.5,45.0,1.0,0.37408832,0.75061405,2026-01-26-07:40:56
15.999999,4.9,25.0,150.0,8.0,35.0,0.98566484,0.5529741,0.5278379,2026-01-26-07:40:56
15.0,5.0,25.0,150.0,7.0,45.0,1.0,0.5114489,0.5372198,2026-01-26-07:40:56
15.999999,0.1,30.0,160.0,7.0,35.0,0.555014,1.0,0.5302339,2026-01-26-07:40:56
1.0,2.5,25.0,160.0,6.0,35.0,0.53281075,0.54755235,1.0,2026-01-26-07:40:56
13.0,3.6,25.0,150.0,6.0,35.0,0.77535623,0.53352237,0.60641587,2026-01-26-07:41:45
15.0,1.9,30.0,160.0,6.5,35.0,0.60579264,0.74339944,0.5544466,2026-01-26-07:41:45
1.0,3.6,30.0,200.0,6.0,15.0,0.6662358,0.30693144,1.0,2026-01-26-07:41:45
9.0,2.0,25.0,150.0,6.5,30.0,0.5129164,0.6602316,0.725242,2026-01-26-07:41:45
4.0,1.7,40.0,140.0,6.0,40.0,0.43390507,0.6811813,0.8934873,2026-01-26-07:41:45
15.0,2.2,35.0,160.0,6.5,35.0,0.6322539,0.70673215,0.5544466,2026-01-26-07:43:28
15.0,5.0,35.0,160.0,7.0,35.0,1.0,0.530234,0.55501395,2026-01-26-07:43:28
15.0,5.0,40.0,160.0,7.0,35.0,1.0,0.530234,0.55501395,2026-01-26-07:43:28
15.0,0.1,25.0,160.0,7.0,35.0,0.530234,1.0,0.55501395,2026-01-26-07:43:28
1.0,2.6,40.0,150.0,6.0,35.0,0.54755247,0.5328106,1.0,2026-01-26-07:43:28
15.0,4.9,25.0,160.0,7.0,35.0,0.9849433,0.5304753,0.55501395,2026-01-26-07:44:46
5.0,2.5,35.0,170.0,7.5,35.0,0.5443907,0.5587669,0.86039215,2026-01-26-07:44:46
15.999999,2.9,40.0,230.0,8.0,40.0,0.6998983,0.6236843,0.49187043,2026-01-26-07:44:46
4.0,0.8,40.0,160.0,6.0,35.0,0.37429374,0.8571866,0.8947827,2026-01-26-07:44:46
5.0,0.3,35.0,170.0,7.5,35.0,0.36705828,0.9593639,0.86039215,2026-01-26-07:44:46
15.0,4.7,40.0,160.0,7.5,35.0,0.9548343,0.5318085,0.5544466,2026-01-26-07:46:12
1.0,5.0,25.0,170.0,6.0,20.0,1.0,0.28987816,1.0,2026-01-26-07:46:12
13.0,4.2,40.0,140.0,6.0,35.0,0.86835957,0.49799743,0.60548484,2026-01-26-07:46:12
15.999999,0.1,40.0,170.0,7.0,35.0,0.5539561,1.0,0.5291171,2026-01-26-07:46:12
1.0,2.2,35.0,160.0,5.5,35.0,0.48829877,0.5919318,1.0,2026-01-26-07:46:12
15.0,4.9,30.0,150.0,6.5,40.0,0.9847736,0.5251828,0.549998,2026-01-26-07:47:39
15.0,0.8,35.0,160.0,8.0,30.0,0.53509754,0.8938891,0.54829574,2026-01-26-07:47:39
11.0,0.8,35.0,160.0,5.0,20.0,0.39979663,0.8630075,0.62958246,2026-01-26-07:47:39
8.0,0.8,35.0,160.0,6.5,20.0,0.36048812,0.8540356,0.73864245,2026-01-26-07:47:39
13.0,0.9,30.0,130.0,6.0,35.0,0.4956282,0.8677382,0.603623,2026-01-26-07:47:39
13.0,1.6,35.0,160.0,6.0,35.0,0.5409622,0.7605203,0.60641587,2026-01-26-07:48:54
10.0,0.9,25.0,260.0,4.5,10.0,0.21886422,0.7951621,0.57186586,2026-01-26-07:48:54
11.0,1.8,30.0,160.0,5.0,35.0,0.51619977,0.70671743,0.6595972,2026-01-26-07:48:54
15.999999,0.9,35.0,160.0,8.0,35.0,0.56737185,0.88655156,0.5278379,2026-01-26-07:48:54
13.0,1.2,40.0,160.0,6.0,35.0,0.5141069,0.82118684,0.60641587,2026-01-26-07:48:54
15.0,4.8,30.0,150.0,6.5,35.0,0.96986365,0.5306014,0.5544466,2026-01-26-07:50:25
15.999999,0.3,40.0,160.0,7.0,35.0,0.5559283,0.97148967,0.5302339,2026-01-26-07:50:25
10.0,1.9,40.0,160.0,6.0,35.0,0.51843005,0.68653274,0.6953636,2026-01-26-07:50:25
15.0,3.1,40.0,150.0,6.5,35.0,0.7308964,0.6142196,0.5544466,2026-01-26-07:50:25
10.0,1.5,40.0,170.0,6.0,35.0,0.4810739,0.75009847,0.69464296,2026-01-26-07:50:25
15.0,4.9,30.0,150.0,7.5,35.0,0.9849241,0.5298767,0.5544466,2026-01-26-07:51:38
13.0,3.1,30.0,150.0,6.0,35.0,0.703786,0.5753549,0.60641587,2026-01-26-07:51:38
11.0,0.3,35.0,70.0,5.0,35.0,0.38805318,0.9607117,0.6310457,2026-01-26-07:51:38
11.0,1.0,35.0,130.0,4.5,35.0,0.44773918,0.83609194,0.6533896,2026-01-26-07:51:38
14.0,0.3,35.0,140.0,4.5,35.0,0.490986,0.96732026,0.56674945,2026-01-26-07:51:38
11.0,4.7,25.0,190.0,5.0,35.0,0.94491535,0.42898825,0.6548387,2026-01-26-07:53:11
15.0,3.7,35.0,150.0,7.0,35.0,0.8098466,0.57044,0.55501395,2026-01-26-07:53:11
8.0,2.4,25.0,190.0,6.5,35.0,0.5480981,0.58959454,0.7567749,2026-01-26-07:53:11
6.0,3.1,25.0,170.0,7.5,35.0,0.64199436,0.48677185,0.8262596,2026-01-26-07:53:11
15.999999,0.9,35.0,160.0,7.0,35.0,0.5695673,0.8871273,0.5302339,2026-01-26-07:53:11
12.0,0.1,40.0,160.0,5.5,35.0,0.45828548,1.0,0.63270843,2026-01-26-07:54:39
3.0,1.7,25.0,200.0,6.0,30.0,0.4177181,0.67206496,0.92732054,2026-01-26-07:54:39
3.0,2.3,30.0,150.0,6.0,30.0,0.5027884,0.5767177,0.9289838,2026-01-26-07:54:39
15.0,5.0,30.0,150.0,6.5,35.0,1.0,0.529635,0.5544466,2026-01-26-07:54:39
6.0,3.7,25.0,160.0,7.0,30.0,0.74510306,0.42418328,0.82516134,2026-01-26-07:54:39
12.0,0.3,35.0,160.0,5.5,35.0,0.45939848,0.9652922,0.63270843,2026-01-26-07:56:19
15.999999,0.1,25.0,160.0,7.0,30.0,0.5505655,1.0,0.52553767,2026-01-26-07:56:19
12.0,0.3,40.0,160.0,5.5,35.0,0.45939848,0.9652922,0.63270843,2026-01-26-07:56:19
8.0,1.9,25.0,150.0,6.5,35.0,0.49557614,0.6716565,0.7601913,2026-01-26-07:56:19
12.0,0.1,35.0,140.0,5.5,35.0,0.45701215,1.0,0.63184506,2026-01-26-07:56:19
15.0,2.7,25.0,170.0,7.0,35.0,0.68342507,0.65141577,0.55395603,2026-01-26-07:57:35
15.999999,5.0,40.0,140.0,7.5,35.0,1.0,0.55338866,0.5285181,2026-01-26-07:57:35
15.0,5.0,40.0,170.0,7.5,35.0,1.0,0.52851814,0.5533886,2026-01-26-07:57:35
13.0,5.0,40.0,140.0,6.0,35.0,1.0,0.48102427,0.60548484,2026-01-26-07:57:35
12.0,1.4,40.0,140.0,5.5,35.0,0.5034851,0.7802076,0.63184506,2026-01-26-07:57:35
12.0,0.9,35.0,160.0,5.5,35.0,0.4760023,0.8625916,0.63270843,2026-01-26-07:58:44
5.0,2.6,40.0,150.0,8.0,25.0,0.5405506,0.52558064,0.8546284,2026-01-26-07:58:44
12.0,1.3,40.0,140.0,5.5,35.0,0.49669546,0.79623455,0.63184506,2026-01-26-07:58:44
12.0,1.6,30.0,140.0,5.5,35.0,0.51858735,0.74884737,0.63184506,2026-01-26-07:58:44
12.0,2.1,35.0,160.0,5.5,35.0,0.56586266,0.6759948,0.63270843,2026-01-26-07:58:44
12.0,2.2,35.0,160.0,5.5,35.0,0.57647055,0.66224647,0.63270843,2026-01-26-08:00:24
15.0,5.0,25.0,150.0,7.0,30.0,1.0,0.5255377,0.5505654,2026-01-26-08:00:24
9.0,3.1,35.0,190.0,6.5,35.0,0.6587978,0.51086086,0.7240826,2026-01-26-08:00:24
12.0,2.8,30.0,160.0,5.5,35.0,0.64884526,0.5875137,0.63270843,2026-01-26-08:00:24
7.0,2.2,35.0,160.0,7.5,35.0,0.51997524,0.617193,0.79312783,2026-01-26-08:00:24
7.0,2.9,35.0,140.0,7.0,30.0,0.61294955,0.514654,0.79083455,2026-01-26-08:01:09
13.0,5.0,25.0,170.0,4.0,35.0,1.0,0.46000507,0.5895065,2026-01-26-08:01:09
15.999999,5.0,25.0,160.0,7.0,35.0,1.0,0.555014,0.5302339,2026-01-26-08:01:09
9.0,3.4,25.0,130.0,5.0,40.0,0.7010056,0.4691049,0.7181075,2026-01-26-08:01:09
11.0,3.4,25.0,200.0,5.0,40.0,0.7131865,0.4907334,0.6483313,2026-01-26-08:01:09
15.0,3.2,40.0,150.0,7.0,35.0,0.74372625,0.6062947,0.55501395,2026-01-26-08:02:14
5.0,2.4,35.0,180.0,7.0,35.0,0.5288547,0.5721182,0.85990816,2026-01-26-08:02:14
1.0,2.5,30.0,120.0,6.0,35.0,0.5261803,0.54113126,1.0,2026-01-26-08:02:14
12.0,3.4,30.0,140.0,5.5,35.0,0.7335464,0.52688444,0.63184506,2026-01-26-08:02:14
9.0,2.7,25.0,120.0,6.5,35.0,0.5990494,0.5585087,0.7240826,2026-01-26-08:02:14
12.0,1.8,30.0,160.0,5.5,35.0,0.53675675,0.7191792,0.63270843,2026-01-26-08:03:21
15.0,0.1,35.0,160.0,6.5,25.0,0.5108499,1.0,0.5366524,2026-01-26-08:03:21
12.0,3.0,30.0,160.0,5.5,35.0,0.6759948,0.5658626,0.63270843,2026-01-26-08:03:21
24.0,3.0,40.0,219.99998,6.0,15.0,0.84985924,0.798825,0.25498366,2026-01-26-08:03:21
12.0,2.5,30.0,160.0,5.5,35.0,0.61085975,0.62313867,0.63270843,2026-01-26-08:03:21
15.0,3.9,30.0,150.0,7.0,35.0,0.8377593,0.55913943,0.55501395,2026-01-26-08:04:58
13.0,0.9,40.0,170.0,6.0,35.0,0.49799743,0.8683595,0.60548484,2026-01-26-08:04:58
15.0,4.5,25.0,150.0,7.0,35.0,0.9250254,0.53625554,0.55501395,2026-01-26-08:04:58
15.0,4.2,40.0,140.0,7.5,35.0,0.88040656,0.543938,0.5533886,2026-01-26-08:04:58
7.0,2.9,25.0,150.0,7.0,35.0,0.61768055,0.52058643,0.7933913,2026-01-26-08:04:58
12.0,1.2,40.0,170.0,5.5,35.0,0.49042302,0.812471,0.63184506,2026-01-26-08:06:34
15.0,2.5,30.0,160.0,7.0,35.0,0.66254395,0.67319196,0.55501395,2026-01-26-08:06:34
13.0,2.5,25.0,170.0,6.0,35.0,0.62719417,0.6389576,0.60548484,2026-01-26-08:06:34
12.0,1.1,35.0,160.0,5.0,35.0,0.48134574,0.8277949,0.6294672,2026-01-26-08:06:34
15.999999,5.0,35.0,160.0,7.0,35.0,1.0,0.555014,0.5302339,2026-01-26-08:06:34
12.0,2.3,40.0,160.0,5.5,35.0,0.5875136,0.64884526,0.63270843,2026-01-26-08:08:07
15.0,0.1,35.0,200.0,7.5,35.0,0.51846665,1.0,0.54386735,2026-01-26-08:08:07
12.0,1.5,40.0,170.0,5.0,35.0,0.5064778,0.7623323,0.6286039,2026-01-26-08:08:07
15.999999,5.0,25.0,160.0,7.5,35.0,1.0,0.5544466,0.52963495,2026-01-26-08:08:07
13.0,5.0,25.0,160.0,6.0,35.0,1.0,0.4822489,0.60641587,2026-01-26-08:08:07
12.0,0.1,35.0,130.0,4.5,35.0,0.4435389,1.0,0.62271005,2026-01-26-08:09:02
4.0,2.0,40.0,150.0,6.0,30.0,0.46837994,0.6291649,0.8937361,2026-01-26-08:09:02
7.0,1.9,30.0,160.0,7.0,25.0,0.46554005,0.65210515,0.7851294,2026-01-26-08:09:02
15.0,5.0,30.0,120.0,7.0,35.0,1.0,0.52353305,0.5486665,2026-01-26-08:09:02
3.0,2.8,30.0,140.0,6.0,35.0,0.5798949,0.5065206,0.92951685,2026-01-26-08:09:02
13.0,1.6,25.0,170.0,6.0,35.0,0.53987646,0.7599539,0.60548484,2026-01-26-08:10:51
12.0,3.2,30.0,130.0,5.5,35.0,0.702392,0.5427941,0.6301185,2026-01-26-08:10:51
15.0,5.0,40.0,150.0,6.5,35.0,1.0,0.529635,0.5544466,2026-01-26-08:10:51
1.0,2.6,30.0,140.0,6.0,35.0,0.54648226,0.53170556,1.0,2026-01-26-08:10:51
13.0,0.1,25.0,170.0,6.0,35.0,0.48102427,1.0,0.60548484,2026-01-26-08:10:51
15.999999,0.1,40.0,100.0,7.0,35.0,0.5391453,1.0,0.5134815,2026-01-26-08:12:21
12.0,1.9,35.0,170.0,5.5,35.0,0.5449283,0.7037812,0.63184506,2026-01-26-08:12:21
12.0,3.6,30.0,130.0,5.5,35.0,0.7633016,0.50849044,0.6301185,2026-01-26-08:12:21
12.0,2.9,30.0,130.0,5.5,35.0,0.6598649,0.573484,0.6301185,2026-01-26-08:12:21
15.0,5.0,35.0,150.0,7.0,35.0,1.0,0.530234,0.55501395,2026-01-26-08:12:21
12.0,1.4,30.0,160.0,5.5,35.0,0.5046494,0.78072304,0.63270843,2026-01-26-08:13:48
12.0,1.7,30.0,170.0,5.5,35.0,0.52688456,0.7335463,0.63184506,2026-01-26-08:13:48
15.0,4.7,25.0,150.0,7.0,30.0,0.9544409,0.5277301,0.5505654,2026-01-26-08:13:48
13.0,1.1,35.0,130.0,6.0,35.0,0.5051386,0.83569473,0.603623,2026-01-26-08:13:48
15.999999,1.4,30.0,160.0,7.0,35.0,0.5930992,0.8198771,0.5302339,2026-01-26-08:13:48
12.0,2.4,40.0,170.0,5.5,35.0,0.5980381,0.63494873,0.63184506,2026-01-26-08:15:09
8.0,2.8,40.0,170.0,5.5,35.0,0.60494655,0.53594774,0.75717866,2026-01-26-08:15:09
15.0,5.0,25.0,140.0,6.5,35.0,1.0,0.52851814,0.5533886,2026-01-26-08:15:09
15.999999,0.1,40.0,150.0,7.0,35.0,0.555014,1.0,0.5302339,2026-01-26-08:15:09
1.0,2.0,25.0,150.0,6.0,35.0,0.46658865,0.6279153,1.0,2026-01-26-08:15:09
15.999999,0.3,30.0,170.0,7.5,30.0,0.5498669,0.97110057,0.52382183,2026-01-26-08:16:33
12.0,3.3,40.0,170.0,5.5,35.0,0.7185192,0.53566784,0.63184506,2026-01-26-08:16:33
1.0,2.5,40.0,180.0,6.0,40.0,0.52484876,0.53984165,1.0,2026-01-26-08:16:33
15.999999,4.2,40.0,140.0,8.5,35.0,0.8855637,0.56360424,0.523726,2026-01-26-08:16:33
15.0,4.8,25.0,150.0,8.0,35.0,0.96974856,0.528808,0.55274427,2026-01-26-08:16:33
15.999999,4.8,40.0,150.0,7.0,35.0,0.9714897,0.55592823,0.5302339,2026-01-26-08:18:07
12.0,2.0,35.0,150.0,5.5,35.0,0.5557008,0.6900762,0.63270843,2026-01-26-08:18:07
15.0,4.7,25.0,150.0,7.5,35.0,0.9548343,0.5318085,0.5544466,2026-01-26-08:18:07
15.999999,0.1,25.0,160.0,7.0,35.0,0.555014,1.0,0.5302339,2026-01-26-08:18:07
13.0,0.1,40.0,170.0,6.0,35.0,0.48102427,1.0,0.60548484,2026-01-26-08:18:07
12.0,3.1,40.0,150.0,5.5,35.0,0.6900762,0.5557007,0.63270843,2026-01-26-08:19:16
13.0,0.8,40.0,190.0,6.0,35.0,0.48806632,0.8831545,0.6008301,2026-01-26-08:19:16
12.0,3.9,30.0,150.0,5.5,35.0,0.81291085,0.491618,0.63270843,2026-01-26-08:19:16
9.0,0.3,40.0,200.0,6.5,25.0,0.37583122,0.9599271,0.71063423,2026-01-26-08:19:16
12.0,2.6,40.0,150.0,5.0,35.0,0.619813,0.60742563,0.6294672,2026-01-26-08:19:16
9.0,1.9,30.0,170.0,6.0,30.0,0.4992236,0.6740307,0.7235567,2026-01-26-08:20:57
10.0,0.1,25.0,130.0,6.0,35.0,0.42131722,1.0,0.69320184,2026-01-26-08:20:57
9.0,0.1,30.0,170.0,6.0,30.0,0.40247765,1.0,0.7235567,2026-01-26-08:20:57
5.0,0.3,40.0,200.0,7.5,30.0,0.34726018,0.9580927,0.8560253,2026-01-26-08:20:57
1.0,1.8,40.0,130.0,5.5,40.0,0.43083903,0.6549713,1.0,2026-01-26-08:20:57
12.0,4.1,25.0,150.0,5.5,35.0,0.8458673,0.48067567,0.63270843,2026-01-26-08:22:43
12.0,2.7,35.0,150.0,5.5,35.0,0.6358049,0.5989806,0.63270843,2026-01-26-08:22:43
12.0,3.7,30.0,150.0,5.5,35.0,0.78072304,0.50464934,0.63270843,2026-01-26-08:22:43
12.0,3.8,30.0,130.0,5.5,35.0,0.79527897,0.49433503,0.6301185,2026-01-26-08:22:43
12.0,4.2,25.0,150.0,5.5,35.0,0.8625918,0.47600228,0.63270843,2026-01-26-08:22:43
15.0,5.0,35.0,130.0,6.5,30.0,1.0,0.5215882,0.5468243,2026-01-26-08:23:50
18.0,4.5,35.0,170.0,6.5,15.0,0.927278,0.55018836,0.40059942,2026-01-26-08:23:50
5.0,2.5,35.0,140.0,7.5,35.0,0.5443907,0.5587669,0.86039215,2026-01-26-08:23:50
15.0,5.0,35.0,170.0,6.5,35.0,1.0,0.52851814,0.5533886,2026-01-26-08:23:50
9.0,3.1,25.0,150.0,6.5,35.0,0.6635904,0.5177315,0.72795814,2026-01-26-08:23:50
8.0,3.9,35.0,170.0,6.5,30.0,0.7895647,0.4281791,0.75722754,2026-01-26-08:25:32
15.0,0.1,40.0,110.0,7.0,35.0,0.51906574,1.0,0.5444348,2026-01-26-08:25:32
5.0,1.6,30.0,80.0,8.5,35.0,0.39599946,0.6848933,0.85004437,2026-01-26-08:25:32
13.0,0.1,30.0,90.0,6.0,25.0,0.4359322,1.0,0.57120675,2026-01-26-08:25:32
12.0,0.1,40.0,180.0,5.5,40.0,0.44911152,1.0,0.6264883,2026-01-26-08:25:32
2.0,2.2,30.0,90.0,6.0,35.0,0.46704978,0.5749863,0.963041,2026-01-26-08:27:10
2.0,1.8,30.0,90.0,4.0,35.0,0.3945306,0.6329608,0.9616116,2026-01-26-08:27:10
15.999999,0.1,35.0,150.0,7.0,35.0,0.555014,1.0,0.5302339,2026-01-26-08:27:10
15.0,0.1,25.0,160.0,7.5,35.0,0.529635,1.0,0.5544466,2026-01-26-08:27:10
2.0,2.6,30.0,90.0,6.0,35.0,0.52577484,0.51032346,0.963041,2026-01-26-08:27:10
12.0,1.0,35.0,160.0,5.5,30.0,0.47554284,0.8443439,0.6290782,2026-01-26-08:28:47
1.0,1.8,30.0,90.0,6.0,20.0,0.36643445,0.61592877,1.0,2026-01-26-08:28:47
14.0,0.1,35.0,140.0,4.5,25.0,0.47021717,1.0,0.5499984,2026-01-26-08:28:47
2.0,2.5,25.0,150.0,5.0,35.0,0.5263939,0.54133797,0.96425396,2026-01-26-08:28:47
15.0,5.0,40.0,160.0,6.5,35.0,1.0,0.529635,0.5544466,2026-01-26-08:28:47
8.0,2.9,30.0,140.0,6.5,30.0,0.6200997,0.52362,0.75722754,2026-01-26-08:30:23
12.0,0.9,30.0,170.0,5.0,30.0,0.46496758,0.859698,0.6249737,2026-01-26-08:30:23
12.0,4.0,25.0,150.0,5.5,35.0,0.82930136,0.4858827,0.63270843,2026-01-26-08:30:23
12.0,4.6,25.0,130.0,5.5,35.0,0.93023866,0.45894444,0.6301185,2026-01-26-08:30:23
12.0,1.9,30.0,180.0,5.0,30.0,0.53430045,0.6968633,0.62324715,2026-01-26-08:30:23
1.0,2.7,30.0,170.0,5.5,35.0,0.55895126,0.5143562,1.0,2026-01-26-08:32:12
1.0,2.7,40.0,170.0,4.0,35.0,0.5439741,0.49786472,1.0,2026-01-26-08:32:12
15.0,0.1,40.0,150.0,7.0,35.0,0.530234,1.0,0.55501395,2026-01-26-08:32:12
13.0,5.0,40.0,160.0,5.5,35.0,1.0,0.4789647,0.6039192,2026-01-26-08:32:12
1.0,2.8,30.0,170.0,5.5,35.0,0.57474345,0.50046945,1.0,2026-01-26-08:32:12
15.0,5.0,25.0,100.0,7.0,35.0,1.0,0.5134815,0.5391452,2026-01-26-08:33:58
12.0,1.6,35.0,180.0,5.5,35.0,0.5163296,0.74766946,0.6301185,2026-01-26-08:33:58
7.0,2.6,35.0,140.0,9.0,35.0,0.563695,0.5494792,0.7886848,2026-01-26-08:33:58
7.0,3.0,35.0,140.0,9.0,35.0,0.62488836,0.49738452,0.7886848,2026-01-26-08:33:58
12.0,4.7,25.0,130.0,5.5,35.0,0.9476163,0.45698643,0.6301185,2026-01-26-08:33:58
6.0,3.0,35.0,170.0,7.0,35.0,0.6262041,0.4991474,0.8264803,2026-01-26-08:35:37
15.0,0.1,40.0,100.0,7.0,35.0,0.5134815,1.0,0.5391452,2026-01-26-08:35:37
6.0,2.0,35.0,150.0,7.0,35.0,0.4886397,0.6432972,0.82689184,2026-01-26-08:35:37
1.0,2.3,25.0,150.0,6.0,35.0,0.50478214,0.5784149,1.0,2026-01-26-08:35:37
15.0,0.1,25.0,160.0,6.5,35.0,0.529635,1.0,0.5544466,2026-01-26-08:35:37
7.0,2.8,35.0,160.0,7.0,35.0,0.6025109,0.5330867,0.7933913,2026-01-26-08:37:12
7.0,2.4,40.0,150.0,7.0,35.0,0.5460668,0.58774984,0.7933913,2026-01-26-08:37:12
13.0,0.9,35.0,180.0,6.0,30.0,0.49064696,0.8664319,0.59970826,2026-01-26-08:37:12
15.999999,0.1,25.0,160.0,7.5,35.0,0.5544466,1.0,0.52963495,2026-01-26-08:37:12
15.0,0.1,35.0,150.0,7.0,35.0,0.530234,1.0,0.55501395,2026-01-26-08:37:12
9.0,1.8,40.0,160.0,6.0,40.0,0.49022704,0.69097257,0.7242027,2026-01-26-08:38:58
15.0,2.1,35.0,160.0,6.5,35.0,0.6230431,0.7186697,0.5544466,2026-01-26-08:38:58
15.0,0.1,35.0,150.0,6.5,35.0,0.529635,1.0,0.5544466,2026-01-26-08:38:58
1.0,2.4,25.0,170.0,6.0,35.0,0.51741034,0.5617247,1.0,2026-01-26-08:38:58
5.0,2.5,35.0,160.0,7.0,35.0,0.54604876,0.56037265,0.8609002,2026-01-26-08:38:58
15.0,3.9,25.0,130.0,7.0,35.0,0.83660215,0.55599505,0.5518402,2026-01-26-08:40:33
9.0,4.1,25.0,140.0,5.5,30.0,0.8289231,0.4235851,0.7218245,2026-01-26-08:40:33
1.0,4.7,40.0,160.0,5.0,35.0,0.93659943,0.34278482,1.0,2026-01-26-08:40:33
7.0,4.7,40.0,140.0,7.5,35.0,0.9409045,0.3874112,0.79263663,2026-01-26-08:40:33
1.0,4.7,40.0,170.0,5.0,35.0,0.93645173,0.34125358,1.0,2026-01-26-08:40:33
15.0,4.0,25.0,160.0,7.0,35.0,0.85197294,0.5541659,0.55501395,2026-01-26-08:41:28
7.0,3.6,30.0,170.0,10.0,50.0,0.6971622,0.37115064,0.76482654,2026-01-26-08:41:28
12.0,1.7,35.0,160.0,5.0,35.0,0.5238286,0.7318253,0.6294672,2026-01-26-08:41:28
18.0,2.8,40.0,150.0,2.0,30.0,0.71125704,0.6608262,0.41404152,2026-01-26-08:41:28
15.0,3.3,35.0,150.0,7.0,35.0,0.7564769,0.59828293,0.55501395,2026-01-26-08:41:28
2.0,2.0,40.0,170.0,5.0,35.0,0.45800236,0.6219259,0.9641707,2026-01-26-08:43:19
2.0,2.7,40.0,170.0,5.5,35.0,0.5595981,0.5150685,0.9644833,2026-01-26-08:43:19
6.0,2.7,30.0,180.0,7.0,35.0,0.5778449,0.5351602,0.8256572,2026-01-26-08:43:19
15.0,3.6,25.0,160.0,7.0,35.0,0.7961762,0.5767554,0.55501395,2026-01-26-08:43:19
12.0,0.8,35.0,160.0,5.5,30.0,0.46664748,0.8782658,0.6290782,2026-01-26-08:43:19
4.0,2.5,30.0,140.0,6.0,40.0,0.5332891,0.5480157,0.8934873,2026-01-26-08:45:04
15.999999,5.0,30.0,160.0,8.0,35.0,1.0,0.5527443,0.5278379,2026-01-26-08:45:04
13.0,4.9,35.0,150.0,6.0,35.0,0.98340535,0.48251492,0.60641587,2026-01-26-08:45:04
1.0,2.5,40.0,160.0,5.0,35.0,0.52569824,0.5406644,1.0,2026-01-26-08:45:04
15.0,5.0,30.0,160.0,7.5,35.0,1.0,0.529635,0.5544466,2026-01-26-08:45:04
9.0,2.2,35.0,140.0,6.5,30.0,0.5345946,0.62885153,0.724596,2026-01-26-08:46:45
12.0,1.6,40.0,160.0,5.0,35.0,0.5154779,0.7472251,0.6294672,2026-01-26-08:46:45
6.0,2.3,40.0,180.0,7.0,30.0,0.51712227,0.58892024,0.8239267,2026-01-26-08:46:45
15.999999,0.3,30.0,160.0,7.5,35.0,0.5553621,0.97145337,0.52963495,2026-01-26-08:46:45
14.0,4.5,30.0,150.0,4.5,30.0,0.91799444,0.4927665,0.5635576,2026-01-26-08:46:45
15.999999,4.6,40.0,150.0,7.5,40.0,0.94245505,0.5536926,0.52493864,2026-01-26-08:48:26
2.0,2.5,35.0,130.0,6.0,35.0,0.5301856,0.5450101,0.9645401,2026-01-26-08:48:26
3.0,2.3,30.0,180.0,6.0,35.0,0.50419164,0.5779122,0.9291842,2026-01-26-08:48:26
10.0,0.3,35.0,110.0,5.0,35.0,0.40428197,0.96175367,0.6835201,2026-01-26-08:48:26
12.0,1.5,35.0,160.0,5.5,30.0,0.5071081,0.7626358,0.6290782,2026-01-26-08:48:26
8.0,2.3,30.0,150.0,6.5,35.0,0.5417051,0.6098479,0.7601913,2026-01-26-08:50:06
6.0,2.5,30.0,150.0,7.0,35.0,0.55212414,0.5662564,0.82689184,2026-01-26-08:50:06
1.0,2.4,40.0,140.0,4.5,35.0,0.50458354,0.55007577,1.0,2026-01-26-08:50:06
12.0,4.5,25.0,150.0,5.5,35.0,0.9135425,0.4652293,0.63270843,2026-01-26-08:50:06
13.0,3.2,30.0,150.0,6.0,35.0,0.7175487,0.56607896,0.60641587,2026-01-26-08:50:06
15.999999,5.0,30.0,160.0,8.5,30.0,1.0,0.54545873,0.52014655,2026-01-26-08:51:41
1.0,2.2,25.0,170.0,6.0,25.0,0.47009167,0.5774121,1.0,2026-01-26-08:51:41
7.0,2.7,30.0,140.0,7.0,35.0,0.5867698,0.54498756,0.79290015,2026-01-26-08:51:41
10.0,2.2,35.0,170.0,6.0,35.0,0.54969287,0.64089197,0.69464296,2026-01-26-08:51:41
15.999999,0.9,30.0,170.0,7.5,30.0,0.5636921,0.8855866,0.52382183,2026-01-26-08:51:41
13.0,3.8,30.0,160.0,6.0,35.0,0.80570513,0.52008784,0.60641587,2026-01-26-08:52:37
11.0,4.5,25.0,150.0,5.0,35.0,0.9097058,0.44149816,0.6595972,2026-01-26-08:52:37
10.0,3.0,25.0,150.0,6.0,35.0,0.6563225,0.5395034,0.6953636,2026-01-26-08:52:37
21.0,2.1,35.0,110.0,6.5,60.0,0.6903075,0.7688704,0.27111027,2026-01-26-08:52:37
15.0,3.8,25.0,150.0,7.5,35.0,0.8234875,0.5640108,0.5544466,2026-01-26-08:52:37
9.0,3.2,25.0,140.0,6.5,35.0,0.67845905,0.5060266,0.7273122,2026-01-26-08:53:24
15.0,5.0,30.0,140.0,7.5,40.0,1.0,0.5238219,0.54894006,2026-01-26-08:53:24
3.0,2.9,25.0,140.0,6.0,35.0,0.5959276,0.49330914,0.92951685,2026-01-26-08:53:24
8.0,3.1,35.0,260.0,5.5,20.0,0.5762392,0.39250687,0.70488226,2026-01-26-08:53:24
19.0,1.7,25.0,160.0,3.5,60.0,0.5847583,0.7661402,0.2971163,2026-01-26-08:53:24
1.0,2.6,35.0,180.0,6.0,35.0,0.54434186,0.5294954,1.0,2026-01-26-08:54:41
15.999999,4.8,25.0,160.0,7.5,35.0,0.97145337,0.555362,0.52963495,2026-01-26-08:54:41
2.0,2.8,40.0,160.0,6.0,35.0,0.5790332,0.5055084,0.96479,2026-01-26-08:54:41
15.0,5.0,25.0,160.0,7.0,35.0,1.0,0.530234,0.55501395,2026-01-26-08:54:41
5.0,3.1,40.0,160.0,7.0,35.0,0.6384586,0.481703,0.8609002,2026-01-26-08:54:41
15.999999,2.5,35.0,160.0,7.0,35.0,0.68034464,0.690431,0.5302339,2026-01-26-08:56:26
9.0,1.4,30.0,150.0,5.0,35.0,0.4520462,0.75743717,0.72276145,2026-01-26-08:56:26
15.999999,5.0,30.0,140.0,7.5,35.0,1.0,0.55338866,0.5285181,2026-01-26-08:56:26
4.0,3.6,35.0,140.0,4.5,25.0,0.7023783,0.38198197,0.8875446,2026-01-26-08:56:26
15.0,0.1,40.0,170.0,7.0,35.0,0.52911717,1.0,0.55395603,2026-01-26-08:56:26
12.0,1.1,25.0,130.0,5.0,35.0,0.4777206,0.8265914,0.6268773,2026-01-26-08:57:22
2.0,2.0,35.0,110.0,6.0,35.0,0.45477238,0.6196728,0.9639572,2026-01-26-08:57:22
8.0,1.6,25.0,140.0,6.5,30.0,0.45978364,0.7181695,0.75722754,2026-01-26-08:57:22
6.0,2.1,35.0,160.0,9.5,30.0,0.47941172,0.6114748,0.8196429,2026-01-26-08:57:22
5.0,2.1,35.0,110.0,8.5,35.0,0.47570512,0.6087085,0.8559969,2026-01-26-08:57:22
8.0,3.2,25.0,150.0,5.5,35.0,0.66831136,0.49043706,0.7577481,2026-01-26-08:58:18
12.0,3.1,35.0,160.0,5.0,35.0,0.68734115,0.55177987,0.6294672,2026-01-26-08:58:18
14.0,1.9,35.0,140.0,4.5,35.0,0.5725231,0.7217434,0.56674945,2026-01-26-08:58:18
13.0,4.3,35.0,150.0,6.0,40.0,0.88364375,0.49020943,0.6025011,2026-01-26-08:58:18
7.0,3.2,30.0,170.0,7.0,35.0,0.6646866,0.48486856,0.79290015,2026-01-26-08:58:18
6.0,2.3,30.0,150.0,7.5,35.0,0.52464896,0.5953278,0.8266712,2026-01-26-09:00:06
15.0,5.0,25.0,160.0,6.5,35.0,1.0,0.529635,0.5544466,2026-01-26-09:00:06
15.0,0.3,30.0,140.0,6.5,35.0,0.5294869,0.96979207,0.5533886,2026-01-26-09:00:06
15.999999,0.1,25.0,160.0,8.0,40.0,0.5482958,1.0,0.5231416,2026-01-26-09:00:06
3.0,2.3,30.0,150.0,6.0,35.0,0.5076851,0.58088624,0.9296832,2026-01-26-09:00:06
6.0,2.8,40.0,170.0,8.0,35.0,0.5928209,0.5217042,0.82559735,2026-01-26-09:01:41
4.0,2.3,40.0,160.0,6.0,35.0,0.51130587,0.58396864,0.8947827,2026-01-26-09:01:41
15.999999,5.0,25.0,170.0,7.0,35.0,1.0,0.5539561,0.5291171,2026-01-26-09:01:41
13.0,1.2,40.0,170.0,6.0,35.0,0.51295763,0.8207639,0.60548484,2026-01-26-09:01:41
2.0,2.5,40.0,150.0,6.0,35.0,0.53349584,0.5482159,0.96479,2026-01-26-09:01:41
10.0,1.3,40.0,170.0,6.0,35.0,0.46612883,0.78385955,0.69464296,2026-01-26-09:03:30
13.0,1.3,40.0,170.0,6.0,35.0,0.51895267,0.8052456,0.60548484,2026-01-26-09:03:30
10.0,1.3,40.0,140.0,6.0,30.0,0.46083134,0.78171486,0.691613,2026-01-26-09:03:30
13.0,0.3,30.0,170.0,6.0,35.0,0.48209056,0.96674913,0.60548484,2026-01-26-09:03:30
13.0,1.4,30.0,140.0,5.5,35.0,0.5224388,0.7885978,0.60298824,2026-01-26-09:03:30
13.0,2.8,25.0,170.0,6.0,35.0,0.66358525,0.604828,0.60548484,2026-01-26-09:05:04
4.0,1.5,40.0,130.0,6.0,40.0,0.41190588,0.7167888,0.8929895,2026-01-26-09:05:04
15.999999,5.0,30.0,160.0,7.0,35.0,1.0,0.555014,0.5302339,2026-01-26-09:05:04
15.0,0.1,25.0,150.0,7.5,35.0,0.529635,1.0,0.5544466,2026-01-26-09:05:04
15.999999,0.1,30.0,150.0,7.5,35.0,0.5544466,1.0,0.52963495,2026-01-26-09:05:04
15.0,4.9,40.0,140.0,7.5,30.0,0.9847378,0.5240665,0.54894006,2026-01-26-09:06:53
12.0,1.2,40.0,160.0,5.0,30.0,0.48210704,0.8094106,0.625837,2026-01-26-09:06:53
6.0,2.6,35.0,140.0,7.0,35.0,0.5652253,0.5510593,0.8264803,2026-01-26-09:06:53
10.0,2.6,35.0,140.0,6.0,35.0,0.5993116,0.5862562,0.69464296,2026-01-26-09:06:53
15.999999,5.0,40.0,160.0,8.0,35.0,1.0,0.5527443,0.5278379,2026-01-26-09:06:53
9.0,3.9,40.0,140.0,6.5,35.0,0.79644024,0.44686198,0.7273122,2026-01-26-09:08:17
1.0,2.6,40.0,140.0,6.0,35.0,0.54648226,0.53170556,1.0,2026-01-26-09:08:17
15.0,0.1,40.0,140.0,7.0,35.0,0.52911717,1.0,0.55395603,2026-01-26-09:08:17
12.0,1.1,35.0,140.0,5.5,30.0,0.47959295,0.8272129,0.62821496,2026-01-26-09:08:17
15.999999,5.0,35.0,100.0,7.5,35.0,1.0,0.53857785,0.51288253,2026-01-26-09:08:17
5.0,1.0,40.0,140.0,8.5,30.0,0.3797335,0.81590825,0.8575826,2026-01-26-09:10:00
2.0,1.3,40.0,150.0,5.0,25.0,0.3649371,0.74289155,0.96285313,2026-01-26-09:10:00
9.0,1.0,40.0,140.0,6.5,30.0,0.42932817,0.8306276,0.724596,2026-01-26-09:10:00
6.0,1.4,30.0,160.0,9.5,50.0,0.36041316,0.7168739,0.8057984,2026-01-26-09:10:00
3.0,1.6,35.0,170.0,5.0,25.0,0.39387804,0.6837866,0.9256488,2026-01-26-09:10:00
10.0,1.9,35.0,180.0,6.0,35.0,0.51501286,0.6843084,0.69320184,2026-01-26-09:11:10
22.0,4.2,35.0,180.0,5.5,20.0,0.9236002,0.7086541,0.34897432,2026-01-26-09:11:10
8.0,2.1,25.0,170.0,6.5,40.0,0.51168835,0.6355635,0.75722754,2026-01-26-09:11:10
15.0,0.1,40.0,150.0,6.0,35.0,0.52783793,1.0,0.55274427,2026-01-26-09:11:10
15.0,4.9,30.0,160.0,7.0,30.0,0.98479277,0.5257815,0.5505654,2026-01-26-09:11:10
15.0,2.8,35.0,160.0,6.5,35.0,0.6950961,0.6418425,0.5544466,2026-01-26-09:12:54
15.0,5.0,40.0,160.0,6.5,25.0,1.0,0.5108499,0.5366524,2026-01-26-09:12:54
2.0,4.0,40.0,150.0,6.0,35.0,0.7953652,0.38367257,0.96479,2026-01-26-09:12:54
2.0,5.0,40.0,160.0,6.0,35.0,1.0,0.35058877,0.96479,2026-01-26-09:12:54
4.0,4.6,25.0,160.0,6.0,35.0,0.9179288,0.36347163,0.8947827,2026-01-26-09:12:54
13.0,4.2,40.0,150.0,5.5,35.0,0.86783713,0.4960052,0.6039192,2026-01-26-09:14:36
10.0,1.9,40.0,140.0,6.0,35.0,0.517291,0.68579125,0.69464296,2026-01-26-09:14:36
13.0,0.1,40.0,180.0,6.0,35.0,0.47857496,1.0,0.603623,2026-01-26-09:14:36
15.0,0.1,30.0,140.0,7.0,35.0,0.52911717,1.0,0.55395603,2026-01-26-09:14:36
15.0,0.1,40.0,160.0,6.5,35.0,0.529635,1.0,0.5544466,2026-01-26-09:14:36
9.0,4.6,40.0,140.0,6.0,40.0,0.9235906,0.40738332,0.7235567,2026-01-26-09:16:26
7.0,4.8,40.0,160.0,10.5,30.0,0.95786524,0.34371504,0.7784166,2026-01-26-09:16:26
5.0,4.6,40.0,140.0,7.0,45.0,0.9157662,0.3466991,0.85500723,2026-01-26-09:16:26
2.0,4.6,40.0,140.0,6.0,40.0,0.9159328,0.34799075,0.9643565,2026-01-26-09:16:26
6.0,4.6,40.0,140.0,7.0,40.0,0.9192847,0.37398776,0.8247497,2026-01-26-09:16:26
9.0,0.8,40.0,70.0,6.5,30.0,0.37200856,0.85666513,0.70198846,2026-01-26-09:18:03
2.0,1.1,35.0,130.0,5.0,15.0,0.27183336,0.75823206,0.9584007,2026-01-26-09:18:03
8.0,1.1,35.0,130.0,5.0,15.0,0.32255664,0.77507335,0.715593,2026-01-26-09:18:03
10.0,0.8,35.0,160.0,4.5,25.0,0.40258884,0.86364484,0.67512745,2026-01-26-09:18:03
6.0,0.8,35.0,190.0,8.5,25.0,0.35219982,0.8521439,0.81551373,2026-01-26-09:18:03
1.0,2.7,25.0,160.0,6.0,35.0,0.56275904,0.518549,1.0,2026-01-26-09:19:50
15.0,4.8,25.0,160.0,6.5,35.0,0.96986365,0.5306014,0.5544466,2026-01-26-09:19:50
13.0,0.1,25.0,170.0,6.0,40.0,0.47587454,1.0,0.6015702,2026-01-26-09:19:50
2.0,2.2,35.0,160.0,6.0,35.0,0.49226987,0.5950986,0.96479,2026-01-26-09:19:50
1.0,2.4,25.0,150.0,6.0,35.0,0.5185491,0.5627589,1.0,2026-01-26-09:19:50
6.0,1.1,25.0,140.0,7.5,35.0,0.40612227,0.802819,0.8262596,2026-01-26-09:21:35
7.0,1.6,30.0,170.0,7.0,30.0,0.4496162,0.7128651,0.79083455,2026-01-26-09:21:35
5.0,1.8,40.0,160.0,8.0,40.0,0.4514453,0.6674629,0.8588001,2026-01-26-09:21:35
15.0,0.2,40.0,160.0,6.5,35.0,0.5298767,0.9849241,0.5544466,2026-01-26-09:21:35
13.0,0.8,35.0,130.0,5.5,35.0,0.48844627,0.88324124,0.6011264,2026-01-26-09:21:35
6.0,4.8,30.0,160.0,8.0,30.0,0.95945054,0.36840814,0.8242784,2026-01-26-09:23:29
13.0,4.4,40.0,150.0,6.0,35.0,0.9010275,0.49179667,0.60641587,2026-01-26-09:23:29
10.0,4.8,30.0,160.0,6.0,30.0,0.9628188,0.42087176,0.6923336,2026-01-26-09:23:29
3.0,4.8,30.0,160.0,4.0,30.0,0.9564816,0.322164,0.92612916,2026-01-26-09:23:29
15.0,4.8,30.0,160.0,8.0,30.0,0.9694476,0.5241214,0.54829574,2026-01-26-09:23:29
12.0,0.2,40.0,160.0,5.0,35.0,0.45378578,0.982484,0.6294672,2026-01-26-09:25:15
2.0,2.6,35.0,80.0,5.0,25.0,0.49344215,0.47693735,0.96052116,2026-01-26-09:25:15
15.999999,0.2,40.0,160.0,7.0,35.0,0.55524266,0.98573756,0.5302339,2026-01-26-09:25:15
10.0,0.3,30.0,170.0,6.0,40.0,0.41951546,0.9627317,0.691613,2026-01-26-09:25:15
8.0,1.0,25.0,160.0,6.5,35.0,0.4230023,0.82875013,0.7601913,2026-01-26-09:25:15
13.0,0.2,40.0,160.0,6.0,35.0,0.48251492,0.9834053,0.60641587,2026-01-26-09:26:20
6.0,2.7,30.0,150.0,7.0,30.0,0.57664406,0.533838,0.82516134,2026-01-26-09:26:20
12.0,3.4,35.0,150.0,5.5,35.0,0.7341713,0.527994,0.63270843,2026-01-26-09:26:20
5.0,2.6,40.0,150.0,7.0,35.0,0.56037277,0.54604864,0.8609002,2026-01-26-09:26:20
9.0,0.8,30.0,280.0,4.0,25.0,0.272117,0.8338654,0.6545852,2026-01-26-09:26:20
15.0,4.3,25.0,150.0,7.0,35.0,0.89546734,0.542012,0.55501395,2026-01-26-09:28:00
13.0,0.9,35.0,120.0,6.0,35.0,0.4920744,0.86680627,0.6008301,2026-01-26-09:28:00
15.999999,2.2,25.0,170.0,7.5,35.0,0.6508252,0.72154236,0.5285181,2026-01-26-09:28:00
15.999999,5.0,30.0,160.0,7.5,35.0,1.0,0.5544466,0.52963495,2026-01-26-09:28:00
10.0,2.0,25.0,160.0,6.0,35.0,0.5287246,0.6712587,0.6953636,2026-01-26-09:28:00
6.0,2.0,25.0,160.0,8.0,40.0,0.48091945,0.63791186,0.8242784,2026-01-26-09:29:48
15.999999,0.3,40.0,170.0,7.5,35.0,0.55430627,0.97138554,0.5285181,2026-01-26-09:29:48
12.0,4.3,25.0,150.0,5.5,35.0,0.8794573,0.47186735,0.63270843,2026-01-26-09:29:48
15.999999,5.0,30.0,180.0,7.0,35.0,1.0,0.55184025,0.5268835,2026-01-26-09:29:48
9.0,1.9,30.0,160.0,6.5,35.0,0.5071968,0.6792207,0.72795814,2026-01-26-09:29:48
1.0,3.0,40.0,219.99998,6.0,40.0,0.5878188,0.4477147,1.0,2026-01-26-09:31:33
7.0,3.4,35.0,160.0,8.0,40.0,0.69455266,0.45764706,0.79027194,2026-01-26-09:31:33
7.0,4.2,40.0,180.0,8.5,20.0,0.8275722,0.34245762,0.77095735,2026-01-26-09:31:33
1.0,3.0,35.0,180.0,6.0,45.0,0.59277356,0.4543536,1.0,2026-01-26-09:31:33
7.0,4.0,35.0,180.0,7.0,45.0,0.7976732,0.39062393,0.7836558,2026-01-26-09:31:33
3.0,2.8,35.0,180.0,6.0,40.0,0.57374364,0.49929497,0.92848486,2026-01-26-09:33:24
3.0,3.0,40.0,140.0,5.5,15.0,0.54838115,0.39487174,0.9178806,2026-01-26-09:33:24
4.0,2.9,35.0,170.0,6.0,40.0,0.5949193,0.49204478,0.8934873,2026-01-26-09:33:24
4.0,3.0,40.0,130.0,5.5,15.0,0.54988664,0.396889,0.8766242,2026-01-26-09:33:24
1.0,2.9,35.0,170.0,6.0,40.0,0.58951175,0.4852639,1.0,2026-01-26-09:33:24
13.0,4.5,25.0,170.0,6.0,35.0,0.9171716,0.48767662,0.60548484,2026-01-26-09:35:04
12.0,4.8,35.0,150.0,5.0,35.0,0.964986,0.45462778,0.6294672,2026-01-26-09:35:04
6.0,3.7,35.0,170.0,7.5,40.0,0.7441812,0.42210087,0.82452905,2026-01-26-09:35:04
10.0,4.5,25.0,170.0,6.0,35.0,0.90807617,0.43141836,0.69464296,2026-01-26-09:35:04
9.0,4.5,25.0,170.0,6.5,35.0,0.90593106,0.4181501,0.7273122,2026-01-26-09:35:04
13.0,2.6,35.0,150.0,6.0,35.0,0.63980967,0.6280738,0.60641587,2026-01-26-09:37:01
7.0,3.8,40.0,200.0,7.0,35.0,0.7644183,0.41810855,0.7884794,2026-01-26-09:37:01
15.999999,4.6,30.0,190.0,8.0,35.0,0.94199455,0.55012095,0.52113694,2026-01-26-09:37:01
15.0,4.9,40.0,170.0,6.5,35.0,0.9848883,0.5287604,0.5533886,2026-01-26-09:37:01
15.0,5.0,30.0,150.0,7.0,35.0,1.0,0.530234,0.55501395,2026-01-26-09:37:01
15.999999,0.2,30.0,150.0,7.5,30.0,0.5502293,0.9855768,0.5249387,2026-01-26-09:38:49
8.0,3.3,30.0,150.0,6.5,35.0,0.6879928,0.4853114,0.7601913,2026-01-26-09:38:49
9.0,3.0,35.0,160.0,6.5,35.0,0.6483058,0.52876174,0.72795814,2026-01-26-09:38:49
13.0,3.8,35.0,150.0,6.0,35.0,0.80570513,0.52008784,0.60641587,2026-01-26-09:38:49
15.0,0.2,30.0,170.0,7.5,35.0,0.5287604,0.9848883,0.5533886,2026-01-26-09:38:49
15.0,0.2,40.0,150.0,7.0,35.0,0.5304753,0.9849433,0.55501395,2026-01-26-09:40:02
15.0,0.2,30.0,160.0,7.0,30.0,0.52578145,0.98479277,0.5505654,2026-01-26-09:40:02
15.999999,0.2,30.0,160.0,7.5,35.0,0.5546756,0.9857194,0.52963495,2026-01-26-09:40:02
13.0,1.5,35.0,170.0,6.0,35.0,0.532419,0.7748249,0.60548484,2026-01-26-09:40:02
22.0,0.6,25.0,240.0,5.0,45.0,0.6926344,0.95030755,0.32701355,2026-01-26-09:40:02
15.0,0.2,25.0,140.0,8.0,40.0,0.52227044,0.9846802,0.5472378,2026-01-26-09:41:29
10.0,3.6,25.0,160.0,5.5,35.0,0.7491067,0.47901455,0.6934312,2026-01-26-09:41:29
15.999999,4.7,25.0,160.0,7.0,35.0,0.9572712,0.5570702,0.5302339,2026-01-26-09:41:29
15.0,0.1,25.0,240.0,7.0,35.0,0.49002817,1.0,0.516929,2026-01-26-09:41:29
13.0,0.1,35.0,240.0,6.0,35.0,0.4381611,1.0,0.5729011,2026-01-26-09:41:29
14.0,0.2,35.0,140.0,4.5,35.0,0.4902001,0.98365176,0.56674945,2026-01-26-09:43:37
9.0,4.0,40.0,150.0,6.5,35.0,0.8147136,0.4419469,0.72795814,2026-01-26-09:43:37
15.999999,5.0,30.0,150.0,7.0,35.0,1.0,0.555014,0.5302339,2026-01-26-09:43:37
15.999999,0.1,25.0,150.0,7.0,35.0,0.555014,1.0,0.5302339,2026-01-26-09:43:37
15.999999,5.0,40.0,150.0,7.0,35.0,1.0,0.555014,0.5302339,2026-01-26-09:43:37
9.0,0.6,25.0,240.0,6.5,45.0,0.34672856,0.8943842,0.69384,2026-01-26-09:45:23
1.0,1.7,25.0,170.0,5.0,45.0,0.40081212,0.66254365,1.0,2026-01-26-09:45:23
2.0,0.6,25.0,240.0,6.0,45.0,0.27881703,0.88340473,0.9603909,2026-01-26-09:45:23
8.0,0.6,25.0,240.0,6.5,45.0,0.3313239,0.8918936,0.73011565,2026-01-26-09:45:23
15.0,0.4,40.0,160.0,6.5,35.0,0.5318085,0.95483416,0.5544466,2026-01-26-09:45:23
12.0,0.4,40.0,160.0,5.0,30.0,0.45070094,0.9470098,0.625837,2026-01-26-09:47:12
3.0,1.6,30.0,150.0,6.0,30.0,0.42106542,0.6979702,0.9289838,2026-01-26-09:47:12
13.0,0.4,40.0,130.0,6.0,40.0,0.4758585,0.9494368,0.59970826,2026-01-26-09:47:12
7.0,1.4,40.0,170.0,7.0,35.0,0.43795562,0.7511996,0.79290015,2026-01-26-09:47:12
10.0,0.2,30.0,140.0,6.0,30.0,0.4186192,0.9813563,0.691613,2026-01-26-09:47:12
10.0,0.4,35.0,160.0,6.0,35.0,0.4280498,0.9448247,0.6953636,2026-01-26-09:48:59
11.0,0.6,30.0,240.0,5.0,45.0,0.37276664,0.8985938,0.6177058,2026-01-26-09:48:59
1.0,2.2,25.0,170.0,5.0,35.0,0.48258045,0.5873716,1.0,2026-01-26-09:48:59
9.0,1.5,25.0,170.0,6.5,40.0,0.46367496,0.7417195,0.724596,2026-01-26-09:48:59
12.0,0.6,30.0,240.0,5.0,30.0,0.40997458,0.9046093,0.59475833,2026-01-26-09:48:59
15.0,0.2,25.0,160.0,7.0,35.0,0.5304753,0.9849433,0.55501395,2026-01-26-09:50:38
9.0,0.2,30.0,150.0,6.5,40.0,0.40642542,0.98096526,0.725242,2026-01-26-09:50:38
13.0,0.2,30.0,130.0,6.0,40.0,0.47369578,0.9831225,0.59970826,2026-01-26-09:50:38
9.0,1.7,25.0,160.0,6.5,35.0,0.48765692,0.7114538,0.72795814,2026-01-26-09:50:38
5.0,2.1,25.0,150.0,7.5,45.0,0.47265992,0.6064358,0.85516053,2026-01-26-09:50:38
6.0,4.2,40.0,140.0,8.5,55.0,0.8143647,0.29209146,0.79680467,2026-01-26-09:52:20
9.0,3.0,30.0,219.99998,6.5,30.0,0.6272581,0.5005598,0.71167743,2026-01-26-09:52:20
11.0,4.6,40.0,150.0,3.5,35.0,0.9246696,0.41575202,0.6455597,2026-01-26-09:52:20
2.0,2.9,25.0,170.0,5.0,35.0,0.5879769,0.48333916,0.9641707,2026-01-26-09:52:20
9.0,4.9,35.0,20.0,6.5,30.0,0.9768931,0.2794401,0.6664622,2026-01-26-09:52:20
1.0,4.4,35.0,160.0,5.5,40.0,0.873652,0.35122943,1.0,2026-01-26-09:54:12
10.0,4.4,35.0,160.0,6.0,40.0,0.88906676,0.43038106,0.6923336,2026-01-26-09:54:12
8.0,4.8,35.0,150.0,6.5,30.0,0.96105283,0.39336517,0.75779694,2026-01-26-09:54:12
1.0,3.3,35.0,140.0,6.0,40.0,0.6587048,0.43699783,1.0,2026-01-26-09:54:12
8.0,4.4,40.0,140.0,6.5,30.0,0.88352466,0.40192336,0.75722754,2026-01-26-09:54:12
15.999999,4.4,25.0,150.0,7.0,35.0,0.91493714,0.5632199,0.5302339,2026-01-26-09:56:16
15.999999,0.4,25.0,160.0,7.0,35.0,0.55707026,0.95727116,0.5302339,2026-01-26-09:56:16
15.0,5.0,40.0,150.0,7.5,30.0,1.0,0.52493876,0.54999804,2026-01-26-09:56:16
2.0,2.8,40.0,130.0,6.0,35.0,0.576046,0.5019995,0.9645401,2026-01-26-09:56:16
15.0,5.0,40.0,150.0,7.5,35.0,1.0,0.529635,0.5544466,2026-01-26-09:56:16
11.0,5.0,30.0,210.0,3.0,50.0,1.0,0.33065385,0.59726775,2026-01-26-09:57:53
6.0,3.2,35.0,150.0,7.5,35.0,0.6594367,0.47680324,0.8266712,2026-01-26-09:57:53
9.0,4.4,25.0,150.0,6.5,35.0,0.88759714,0.4228346,0.72795814,2026-01-26-09:57:53
1.0,3.2,35.0,180.0,6.0,45.0,0.6285699,0.42938358,1.0,2026-01-26-09:57:53
12.0,4.4,25.0,150.0,5.5,35.0,0.89644665,0.46827516,0.63270843,2026-01-26-09:57:53
12.0,4.9,40.0,160.0,4.5,40.0,0.9821154,0.44229132,0.6216697,2026-01-26-09:59:24
10.0,4.7,35.0,160.0,6.0,25.0,0.9426297,0.4052947,0.6832435,2026-01-26-09:59:24
12.0,4.6,40.0,150.0,5.0,35.0,0.9301158,0.4579917,0.6294672,2026-01-26-09:59:24
1.0,3.1,40.0,160.0,6.0,40.0,0.62421453,0.4612831,1.0,2026-01-26-09:59:24
6.0,3.4,40.0,160.0,8.0,35.0,0.6924874,0.45398003,0.8260089,2026-01-26-09:59:24
15.999999,2.1,35.0,160.0,7.5,35.0,0.64292747,0.7335098,0.52963495,2026-01-26-10:01:19
11.0,4.2,40.0,160.0,5.0,35.0,0.85649407,0.45274922,0.6595972,2026-01-26-10:01:19
14.0,0.4,35.0,140.0,4.5,35.0,0.49229494,0.9510224,0.56674945,2026-01-26-10:01:19
15.0,5.0,25.0,150.0,7.0,35.0,1.0,0.530234,0.55501395,2026-01-26-10:01:19
15.999999,0.1,35.0,150.0,7.5,35.0,0.5544466,1.0,0.52963495,2026-01-26-10:01:19
2.0,3.3,35.0,180.0,5.5,35.0,0.6588257,0.4371972,0.9643167,2026-01-26-10:02:48
6.0,3.8,35.0,170.0,7.5,35.0,0.7651743,0.41997585,0.8262596,2026-01-26-10:02:48
4.0,3.9,35.0,140.0,6.0,40.0,0.77561677,0.39027795,0.8934873,2026-01-26-10:02:48
5.0,2.7,40.0,160.0,7.5,30.0,0.5703595,0.52691793,0.8593323,2026-01-26-10:02:48
7.0,3.9,35.0,130.0,7.0,35.0,0.78671426,0.4204335,0.7919177,2026-01-26-10:02:48
5.0,3.3,35.0,170.0,7.0,45.0,0.65853024,0.4367098,0.85500723,2026-01-26-10:04:22
13.0,4.5,40.0,140.0,5.0,35.0,0.9159136,0.47989544,0.59949297,2026-01-26-10:04:22
11.0,4.4,35.0,150.0,5.0,35.0,0.8918513,0.4446792,0.6595972,2026-01-26-10:04:22
13.0,4.6,35.0,140.0,6.0,40.0,0.9329764,0.4801776,0.6015702,2026-01-26-10:04:22
9.0,3.4,40.0,160.0,6.5,40.0,0.7085729,0.48254144,0.725242,2026-01-26-10:04:22
13.0,0.4,40.0,160.0,6.0,35.0,0.48464137,0.950284,0.60641587,2026-01-26-10:06:09
11.0,0.4,40.0,160.0,3.0,35.0,0.40308198,0.9424161,0.639179,2026-01-26-10:06:09
11.0,0.2,30.0,140.0,3.0,35.0,0.39930156,0.9807368,0.63838595,2026-01-26-10:06:09
15.999999,0.1,25.0,140.0,7.0,35.0,0.5539561,1.0,0.5291171,2026-01-26-10:06:09
15.0,0.2,40.0,140.0,7.5,35.0,0.5287604,0.9848883,0.5533886,2026-01-26-10:06:09
10.0,2.4,35.0,160.0,6.0,35.0,0.57463235,0.6136922,0.6953636,2026-01-26-10:08:11
15.0,0.1,25.0,150.0,7.0,35.0,0.530234,1.0,0.55501395,2026-01-26-10:08:11
8.0,2.6,30.0,160.0,6.5,35.0,0.5812865,0.5676438,0.7601913,2026-01-26-10:08:11
1.0,2.5,30.0,160.0,6.0,35.0,0.53281075,0.54755235,1.0,2026-01-26-10:08:11
15.0,5.0,30.0,150.0,8.0,35.0,1.0,0.52783793,0.55274427,2026-01-26-10:08:11
1.0,2.1,35.0,160.0,5.0,40.0,0.4656696,0.6012188,1.0,2026-01-26-10:10:07
9.0,0.4,25.0,160.0,6.5,45.0,0.3913334,0.94128275,0.7170935,2026-01-26-10:10:07
1.0,2.1,35.0,160.0,6.0,25.0,0.45805213,0.5955337,1.0,2026-01-26-10:10:07
2.0,2.1,30.0,170.0,6.0,30.0,0.47314546,0.6067982,0.9643565,2026-01-26-10:10:07
6.0,1.7,30.0,110.0,7.0,35.0,0.4438357,0.6867741,0.8227764,2026-01-26-10:10:07
8.0,1.5,40.0,150.0,6.5,30.0,0.45231566,0.73624915,0.75779694,2026-01-26-10:11:54
9.0,1.6,25.0,160.0,6.5,35.0,0.47867182,0.7280234,0.72795814,2026-01-26-10:11:54
7.0,0.4,40.0,180.0,7.0,35.0,0.38528743,0.94069946,0.7919177,2026-01-26-10:11:54
1.0,1.9,25.0,170.0,5.0,35.0,0.4453495,0.63896257,1.0,2026-01-26-10:11:54
1.0,0.7,30.0,140.0,6.0,30.0,0.35376883,0.8741465,1.0,2026-01-26-10:11:54
1.0,0.2,25.0,130.0,4.0,30.0,0.3125017,0.9779533,1.0,2026-01-26-10:13:43
8.0,1.2,40.0,150.0,6.5,35.0,0.43515986,0.7921336,0.7601913,2026-01-26-10:13:43
15.999999,0.6,35.0,160.0,7.5,35.0,0.56015784,0.9288897,0.52963495,2026-01-26-10:13:43
12.0,0.3,30.0,170.0,4.5,35.0,0.4472235,0.9645106,0.62443656,2026-01-26-10:13:43
3.0,1.5,25.0,140.0,5.0,45.0,0.38405427,0.70337623,0.9256488,2026-01-26-10:13:43
15.0,1.0,25.0,160.0,7.0,35.0,0.5496504,0.8663387,0.55501395,2026-01-26-10:15:36
15.0,0.5,35.0,160.0,7.5,35.0,0.5334967,0.9398511,0.5544466,2026-01-26-10:15:36
15.999999,1.9,25.0,160.0,7.0,35.0,0.6270625,0.7572446,0.5302339,2026-01-26-10:15:36
15.0,0.1,30.0,150.0,7.0,35.0,0.530234,1.0,0.55501395,2026-01-26-10:15:36
15.999999,5.0,40.0,160.0,7.0,35.0,1.0,0.555014,0.5302339,2026-01-26-10:15:36
15.0,0.4,35.0,160.0,7.0,35.0,0.5324047,0.9548917,0.55501395,2026-01-26-10:17:31
14.0,1.4,40.0,150.0,4.5,35.0,0.534665,0.79401004,0.5677453,2026-01-26-10:17:31
13.0,1.0,40.0,160.0,6.0,35.0,0.50364864,0.8526855,0.60641587,2026-01-26-10:17:31
15.999999,0.4,40.0,160.0,7.5,35.0,0.5565055,0.9572166,0.52963495,2026-01-26-10:17:31
13.0,0.4,35.0,130.0,5.0,35.0,0.47313863,0.94917434,0.5976311,2026-01-26-10:17:31
5.0,2.7,40.0,170.0,7.0,35.0,0.57413846,0.531079,0.8605696,2026-01-26-10:19:07
2.0,2.9,35.0,160.0,6.0,35.0,0.59509873,0.4922698,0.96479,2026-01-26-10:19:07
11.0,3.1,40.0,130.0,5.0,35.0,0.6740605,0.53274107,0.6572179,2026-01-26-10:19:07
3.0,4.7,25.0,150.0,6.0,35.0,0.9379163,0.35643506,0.9296832,2026-01-26-10:19:07
3.0,5.0,25.0,150.0,6.0,35.0,1.0,0.35344744,0.9296832,2026-01-26-10:19:07
14.0,5.0,35.0,60.0,4.0,45.0,1.0,0.4117113,0.5003031,2026-01-26-10:21:08
5.0,3.1,30.0,180.0,8.0,35.0,0.63403594,0.4753628,0.8591987,2026-01-26-10:21:08
15.0,5.0,35.0,60.0,7.0,45.0,1.0,0.46119165,0.48961356,2026-01-26-10:21:08
5.0,3.0,25.0,180.0,8.0,35.0,0.6174085,0.48736218,0.8591987,2026-01-26-10:21:08
15.0,0.2,35.0,160.0,7.5,40.0,0.52518284,0.9847736,0.54999804,2026-01-26-10:21:08
15.999999,0.5,35.0,160.0,7.0,35.0,0.5586673,0.9430965,0.5302339,2026-01-26-10:22:59
13.0,0.5,35.0,160.0,6.0,35.0,0.48649967,0.9337915,0.60641587,2026-01-26-10:22:59
15.0,5.0,40.0,150.0,7.5,40.0,1.0,0.5249387,0.549998,2026-01-26-10:22:59
13.0,5.0,40.0,150.0,6.0,35.0,1.0,0.4822489,0.60641587,2026-01-26-10:22:59
15.999999,4.9,35.0,160.0,7.0,35.0,0.98573756,0.55524266,0.5302339,2026-01-26-10:22:59
15.999999,4.6,35.0,140.0,7.5,35.0,0.9428886,0.55705535,0.5285181,2026-01-26-10:23:53
29.0,0.9,40.0,70.0,6.0,10.0,0.9545725,0.98808753,0.13380882,2026-01-26-10:23:53
26.0,1.1,25.0,200.0,11.0,20.0,0.84219706,0.94760585,0.24461086,2026-01-26-10:23:53
15.999999,1.9,40.0,170.0,7.5,35.0,0.6257003,0.75635797,0.5285181,2026-01-26-10:23:53
17.0,4.1,40.0,30.0,6.5,30.0,0.85736555,0.519417,0.40982053,2026-01-26-10:23:53
15.999999,1.7,25.0,150.0,7.5,35.0,0.611781,0.78135914,0.52963495,2026-01-26-10:24:58
15.999999,0.2,25.0,150.0,7.5,35.0,0.5546756,0.9857194,0.52963495,2026-01-26-10:24:58
15.999999,1.1,25.0,150.0,7.5,35.0,0.57714504,0.8596025,0.52963495,2026-01-26-10:24:58
7.0,0.9,40.0,160.0,7.5,35.0,0.40610537,0.84426254,0.79312783,2026-01-26-10:24:58
4.0,1.4,40.0,160.0,6.0,35.0,0.41313228,0.74021107,0.8947827,2026-01-26-10:24:58
14.0,0.9,40.0,160.0,4.5,35.0,0.5077538,0.87091786,0.5677453,2026-01-26-10:26:42
15.999999,0.3,30.0,160.0,7.0,35.0,0.5559283,0.97148967,0.5302339,2026-01-26-10:26:42
13.0,0.3,25.0,160.0,6.0,35.0,0.4833127,0.96682763,0.60641587,2026-01-26-10:26:42
13.0,0.1,25.0,160.0,6.0,35.0,0.4822489,1.0,0.60641587,2026-01-26-10:26:42
15.0,0.1,35.0,150.0,7.5,35.0,0.529635,1.0,0.5544466,2026-01-26-10:26:42
3.0,0.9,40.0,70.0,6.0,40.0,0.31511754,0.8204027,0.92299616,2026-01-26-10:28:50
8.0,0.9,40.0,70.0,6.0,40.0,0.36000845,0.8321745,0.7363825,2026-01-26-10:28:50
4.0,0.9,40.0,70.0,6.0,10.0,0.17196089,0.7828626,0.85966,2026-01-26-10:28:50
9.0,0.9,40.0,70.0,6.0,40.0,0.37475228,0.8360408,0.70094913,2026-01-26-10:28:50
15.0,0.9,40.0,70.0,6.0,35.0,0.50438917,0.8700355,0.51465935,2026-01-26-10:28:50
4.0,3.7,30.0,150.0,6.0,35.0,0.7402111,0.41313222,0.8947827,2026-01-26-10:30:44
15.0,1.3,25.0,60.0,6.5,40.0,0.5130734,0.8028653,0.5023918,2026-01-26-10:30:44
7.0,1.2,40.0,160.0,8.5,35.0,0.4179338,0.7857943,0.7910203,2026-01-26-10:30:44
11.0,2.7,30.0,140.0,5.0,35.0,0.61875707,0.58020914,0.6588041,2026-01-26-10:30:44
13.0,0.2,25.0,160.0,6.0,35.0,0.48251492,0.9834053,0.60641587,2026-01-26-10:30:44
14.0,1.1,35.0,140.0,4.5,35.0,0.5159227,0.8392753,0.56674945,2026-01-26-10:32:52
12.0,0.5,35.0,160.0,5.5,35.0,0.46273294,0.93072706,0.63270843,2026-01-26-10:32:52
15.0,0.1,35.0,170.0,7.0,35.0,0.52911717,1.0,0.55395603,2026-01-26-10:32:52
2.0,1.2,40.0,160.0,6.0,35.0,0.39054808,0.77571607,0.96479,2026-01-26-10:32:52
2.0,1.2,30.0,150.0,6.0,35.0,0.39054808,0.77571607,0.96479,2026-01-26-10:32:52
10.0,4.3,25.0,150.0,6.0,35.0,0.8721384,0.43980113,0.6953636,2026-01-26-10:34:15
15.0,4.4,25.0,150.0,7.0,35.0,0.91020024,0.53889686,0.55501395,2026-01-26-10:34:15
15.0,0.2,25.0,150.0,7.0,35.0,0.5304753,0.9849433,0.55501395,2026-01-26-10:34:15
17.0,0.4,35.0,70.0,6.5,60.0,0.4426062,0.9462289,0.34073886,2026-01-26-10:34:15
15.0,0.3,40.0,170.0,7.0,35.0,0.53008467,0.9698305,0.55395603,2026-01-26-10:34:15
4.0,3.8,30.0,150.0,6.0,35.0,0.7591546,0.40510714,0.8947827,2026-01-26-10:36:17
3.0,3.7,35.0,170.0,6.0,35.0,0.7376673,0.4073857,0.92951685,2026-01-26-10:36:17
14.0,4.4,25.0,150.0,4.5,35.0,0.9027214,0.50049484,0.5677453,2026-01-26-10:36:17
3.0,3.8,35.0,170.0,6.0,35.0,0.75679624,0.39928204,0.92951685,2026-01-26-10:36:17
3.0,3.8,35.0,30.0,6.0,20.0,0.6908862,0.23648289,0.9104154,2026-01-26-10:36:17
10.0,4.9,40.0,160.0,4.5,35.0,0.9810924,0.41038916,0.68724746,2026-01-26-10:38:20
11.0,4.9,40.0,160.0,5.0,35.0,0.9818668,0.43453687,0.6595972,2026-01-26-10:38:20
3.0,4.1,35.0,160.0,6.0,35.0,0.81603795,0.38017082,0.9296832,2026-01-26-10:38:20
7.0,4.5,25.0,160.0,8.0,35.0,0.90163535,0.39157963,0.7923375,2026-01-26-10:38:20
3.0,4.1,30.0,170.0,5.0,35.0,0.8128022,0.3692685,0.9284464,2026-01-26-10:38:20
14.0,0.5,35.0,160.0,4.5,35.0,0.4952885,0.93492466,0.5677453,2026-01-26-10:39:28
13.0,2.1,25.0,160.0,6.0,35.0,0.5850673,0.69032764,0.60641587,2026-01-26-10:39:28
7.0,2.6,40.0,160.0,7.0,35.0,0.5734125,0.5595132,0.7933913,2026-01-26-10:39:28
10.0,3.0,25.0,210.0,5.0,60.0,0.5534387,0.4016485,0.6041671,2026-01-26-10:39:28
8.0,4.7,35.0,160.0,5.0,35.0,0.9411024,0.3894624,0.75561035,2026-01-26-10:39:28
1.0,3.5,30.0,150.0,5.5,35.0,0.6972732,0.41972917,1.0,2026-01-26-10:41:28
14.0,0.6,35.0,160.0,4.5,35.0,0.49763352,0.91878134,0.5677453,2026-01-26-10:41:28
8.0,3.5,35.0,150.0,6.5,35.0,0.7216101,0.4663785,0.7601913,2026-01-26-10:41:28
15.999999,0.8,35.0,160.0,7.0,35.0,0.56617075,0.90098137,0.5302339,2026-01-26-10:41:28
3.0,3.3,40.0,290.0,4.0,25.0,0.56574655,0.28365335,0.9088955,2026-01-26-10:41:28
15.999999,4.3,25.0,150.0,7.0,35.0,0.90098137,0.5661707,0.5302339,2026-01-26-10:42:21
28.0,3.0,30.0,30.0,8.0,60.0,0.9397256,0.9192378,0.07339017,2026-01-26-10:42:21
19.0,4.8,40.0,190.0,3.0,50.0,0.97241086,0.5702752,0.3648984,2026-01-26-10:42:21
15.999999,4.2,35.0,120.0,9.5,15.0,0.86386484,0.48085716,0.4334174,2026-01-26-10:42:21
18.0,3.8,40.0,300.0,3.5,30.0,0.80571693,0.520117,0.3189513,2026-01-26-10:42:21
10.0,3.5,30.0,150.0,6.0,35.0,0.7342231,0.49055523,0.6953636,2026-01-26-10:44:12
10.0,1.8,25.0,140.0,6.0,35.0,0.50746816,0.7014243,0.69464296,2026-01-26-10:44:12
13.0,0.2,35.0,160.0,6.0,35.0,0.48251492,0.9834053,0.60641587,2026-01-26-10:44:12
13.0,0.1,40.0,160.0,6.0,35.0,0.4822489,1.0,0.60641587,2026-01-26-10:44:12
1.0,2.4,30.0,150.0,6.0,35.0,0.5185491,0.5627589,1.0,2026-01-26-10:44:12
13.0,1.6,25.0,150.0,5.5,30.0,0.5334847,0.7566193,0.6000045,2026-01-26-10:46:24
11.0,1.6,30.0,150.0,5.0,30.0,0.49348888,0.7357535,0.6562622,2026-01-26-10:46:24
4.0,1.1,25.0,200.0,4.5,20.0,0.30573866,0.76948935,0.880072,2026-01-26-10:46:24
4.0,2.1,25.0,140.0,6.0,35.0,0.48443818,0.61522615,0.89453375,2026-01-26-10:46:24
12.0,1.1,30.0,200.0,4.5,35.0,0.4634286,0.821846,0.6166669,2026-01-26-10:46:24
13.0,0.9,40.0,110.0,5.5,35.0,0.48415908,0.8647306,0.59460956,2026-01-26-10:48:25
9.0,3.5,40.0,150.0,6.5,35.0,0.72802347,0.47867182,0.72795814,2026-01-26-10:48:25
7.0,3.5,30.0,160.0,7.5,35.0,0.71601325,0.45565036,0.79312783,2026-01-26-10:48:25
11.0,3.5,35.0,170.0,5.0,35.0,0.7377076,0.4972344,0.6588041,2026-01-26-10:48:25
7.0,1.0,35.0,160.0,7.0,35.0,0.41215166,0.82552975,0.7933913,2026-01-26-10:48:25
12.0,3.3,25.0,150.0,5.5,35.0,0.7191793,0.5367567,0.63270843,2026-01-26-10:50:11
8.0,0.3,40.0,300.0,6.5,35.0,0.24961674,0.9518238,0.7004044,2026-01-26-10:50:11
4.0,4.2,30.0,160.0,6.0,35.0,0.8372053,0.3791925,0.8947827,2026-01-26-10:50:11
6.0,4.0,25.0,150.0,7.0,35.0,0.80353665,0.40828353,0.82689184,2026-01-26-10:50:11
1.0,4.3,30.0,140.0,5.5,35.0,0.85401994,0.36041912,1.0,2026-01-26-10:50:11
15.0,0.5,35.0,160.0,7.0,35.0,0.5340907,0.9399277,0.55501395,2026-01-26-10:51:25
13.0,1.0,25.0,170.0,6.0,35.0,0.5024746,0.8523371,0.60548484,2026-01-26-10:51:25
12.0,3.5,40.0,150.0,5.5,35.0,0.7494364,0.51971626,0.63270843,2026-01-26-10:51:25
15.999999,0.4,35.0,160.0,7.0,35.0,0.55707026,0.95727116,0.5302339,2026-01-26-10:51:25
12.0,0.4,35.0,170.0,5.5,35.0,0.4595212,0.9478607,0.63184506,2026-01-26-10:51:25
12.0,1.0,40.0,130.0,5.5,35.0,0.47701374,0.84478045,0.6301185,2026-01-26-10:52:51
13.0,1.0,25.0,160.0,6.0,30.0,0.4987118,0.85122037,0.6025011,2026-01-26-10:52:51
13.0,3.3,30.0,170.0,6.0,35.0,0.73096687,0.55620164,0.60548484,2026-01-26-10:52:51
19.0,1.4,40.0,230.0,4.5,20.0,0.60539085,0.8253182,0.36352038,2026-01-26-10:52:51
15.0,1.2,35.0,160.0,7.0,35.0,0.55913943,0.83775926,0.55501395,2026-01-26-10:52:51
13.0,3.5,40.0,160.0,6.0,35.0,0.7605204,0.5409622,0.60641587,2026-01-26-10:54:58
2.0,2.6,25.0,150.0,6.0,35.0,0.548216,0.5334958,0.96479,2026-01-26-10:54:58
15.999999,5.0,35.0,150.0,7.0,35.0,1.0,0.555014,0.5302339,2026-01-26-10:54:58
13.0,5.0,25.0,140.0,6.0,35.0,1.0,0.48102427,0.60548484,2026-01-26-10:54:58
15.0,5.0,40.0,160.0,7.5,35.0,1.0,0.529635,0.5544466,2026-01-26-10:54:58
9.0,3.6,40.0,150.0,6.5,35.0,0.7448726,0.47022238,0.72795814,2026-01-26-10:56:52
10.0,3.5,40.0,160.0,5.5,35.0,0.7325372,0.48732373,0.6934312,2026-01-26-10:56:52
6.0,3.0,30.0,150.0,8.0,40.0,0.6214606,0.4927916,0.8242784,2026-01-26-10:56:52
7.0,3.0,30.0,170.0,8.0,35.0,0.6305003,0.50490403,0.7918463,2026-01-26-10:56:52
5.0,3.5,40.0,160.0,8.0,35.0,0.7062143,0.43686768,0.8601908,2026-01-26-10:56:52
6.0,3.5,25.0,160.0,7.0,35.0,0.7116171,0.44722378,0.82689184,2026-01-26-10:58:00
2.0,3.5,40.0,100.0,6.0,35.0,0.6889651,0.40380403,0.9635407,2026-01-26-10:58:00
6.0,3.5,40.0,190.0,7.0,35.0,0.7075035,0.43933877,0.8244226,2026-01-26-10:58:00
17.0,3.9,25.0,20.0,5.0,20.0,0.80805856,0.47843295,0.34570396,2026-01-26-10:58:00
4.0,3.5,25.0,160.0,6.0,35.0,0.7031442,0.43098274,0.8947827,2026-01-26-10:58:00
5.0,2.0,40.0,150.0,8.5,35.0,0.47575504,0.6343094,0.8593039,2026-01-26-10:59:53
2.0,2.2,40.0,150.0,5.5,30.0,0.48399913,0.58850294,0.9642164,2026-01-26-10:59:53
13.0,0.8,35.0,160.0,5.0,35.0,0.48754546,0.8830356,0.60042393,2026-01-26-10:59:53
8.0,1.7,25.0,150.0,6.0,35.0,0.47357193,0.70352125,0.7592751,2026-01-26-10:59:53
9.0,0.5,35.0,160.0,6.5,40.0,0.41099605,0.9240564,0.725242,2026-01-26-10:59:53
15.0,0.3,25.0,160.0,6.0,35.0,0.52880806,0.96974856,0.55274427,2026-01-26-11:01:35
24.0,2.2,25.0,230.0,5.0,50.0,0.80988467,0.8483881,0.27830693,2026-01-26-11:01:35
15.999999,0.5,35.0,200.0,7.0,35.0,0.54817504,0.9417436,0.5190657,2026-01-26-11:01:35
7.0,0.2,40.0,150.0,7.5,30.0,0.38021377,0.9801247,0.79106236,2026-01-26-11:01:35
2.0,0.2,35.0,170.0,6.0,35.0,0.3493871,0.9791361,0.9647067,2026-01-26-11:01:35
3.0,2.6,25.0,170.0,6.0,35.0,0.5491408,0.5344507,0.92951685,2026-01-26-11:03:14
15.999999,4.9,30.0,150.0,7.0,35.0,0.98573756,0.55524266,0.5302339,2026-01-26-11:03:14
3.0,2.4,35.0,170.0,6.0,35.0,0.5202393,0.5642939,0.92951685,2026-01-26-11:03:14
19.0,4.2,35.0,10.0,6.5,20.0,0.87649447,0.52901924,0.28186888,2026-01-26-11:03:14
14.0,1.0,40.0,160.0,4.5,35.0,0.51214397,0.85520697,0.5677453,2026-01-26-11:03:14
4.0,4.0,30.0,160.0,4.5,35.0,0.79237646,0.37467083,0.89197946,2026-01-26-11:04:45
15.0,3.5,30.0,150.0,7.0,35.0,0.7827153,0.58350575,0.55501395,2026-01-26-11:04:45
3.0,4.2,25.0,160.0,6.0,35.0,0.83599913,0.374593,0.9296832,2026-01-26-11:04:45
15.999999,0.3,30.0,170.0,7.5,35.0,0.55430627,0.97138554,0.5285181,2026-01-26-11:04:45
11.0,2.3,25.0,150.0,5.0,35.0,0.5692091,0.63326234,0.6595972,2026-01-26-11:04:45
11.0,0.5,35.0,140.0,5.0,35.0,0.4375837,0.92748445,0.6588041,2026-01-26-11:06:28
5.0,2.2,30.0,140.0,7.0,30.0,0.49981824,0.60111827,0.8591789,2026-01-26-11:06:28
6.0,1.0,25.0,150.0,7.5,20.0,0.34775054,0.80641586,0.8110961,2026-01-26-11:06:28
9.0,0.3,30.0,140.0,6.0,20.0,0.35683504,0.95870745,0.7018276,2026-01-26-11:06:28
15.0,0.8,40.0,160.0,8.0,35.0,0.539676,0.89493406,0.55274427,2026-01-26-11:06:28
4.0,2.0,30.0,160.0,6.0,35.0,0.47361556,0.632817,0.8947827,2026-01-26-11:08:05
13.0,0.5,35.0,190.0,5.5,35.0,0.47595477,0.93243194,0.5983335,2026-01-26-11:08:05
14.0,1.2,35.0,160.0,4.5,35.0,0.52242327,0.8242474,0.5677453,2026-01-26-11:08:05
4.0,2.0,30.0,160.0,5.0,35.0,0.4656019,0.627227,0.89318085,2026-01-26-11:08:05
3.0,2.1,25.0,160.0,5.0,35.0,0.4739556,0.6074028,0.9286127,2026-01-26-11:08:05
7.0,0.5,35.0,160.0,8.5,35.0,0.38486215,0.9206868,0.7910203,2026-01-26-11:09:50
15.999999,5.0,25.0,150.0,7.0,35.0,1.0,0.555014,0.5302339,2026-01-26-11:09:50
15.999999,5.0,35.0,150.0,7.5,35.0,1.0,0.5544466,0.52963495,2026-01-26-11:09:50
13.0,0.8,35.0,160.0,5.5,35.0,0.49202818,0.8840588,0.6039192,2026-01-26-11:09:50
1.0,2.7,30.0,150.0,6.0,35.0,0.56275904,0.518549,1.0,2026-01-26-11:09:50
3.0,1.4,30.0,150.0,5.5,35.0,0.405034,0.7366262,0.9292372,2026-01-26-11:11:03
15.999999,0.1,30.0,170.0,7.0,35.0,0.5539561,1.0,0.5291171,2026-01-26-11:11:03
29.0,2.1,25.0,190.0,5.5,15.0,0.9667122,0.9751567,0.233905,2026-01-26-11:11:03
22.0,1.4,40.0,230.0,4.5,15.0,0.6873615,0.8616042,0.260993,2026-01-26-11:11:03
14.0,4.3,25.0,150.0,4.5,30.0,0.88566446,0.49906275,0.5635576,2026-01-26-11:11:03
