metal_a_type,metal_a_concentration,metal_b_type,metal_molar_ratio_b_a,Adhesion,Coverage,Uniformity,Timestamp
20.0,10.0,16.0,4.0,0.32000002,0.316,0.272,2026-01-26-12:00:06
10.0,40.0,1.0,6.0,0.3551316,0.28152636,0.3618421,2026-01-26-12:00:06
5.0,20.0,14.0,2.0,0.19157894,0.18202631,0.18926318,2026-01-26-12:00:06
15.0,30.0,9.0,9.0,0.43842107,0.37005264,0.43242106,2026-01-26-12:00:06
12.0,30.0,3.0,9.0,0.37447372,0.30168423,0.3834737,2026-01-26-12:00:06
3.0,40.0,18.0,1.0,0.27947366,0.25339475,0.29013157,2026-01-26-12:00:06
8.0,20.0,6.0,7.0,0.25776318,0.21442106,0.26571053,2026-01-26-12:00:06
17.0,50.0,11.0,4.0,0.52552634,0.44968417,0.47205263,2026-01-26-12:00:06
16.0,20.0,6.0,1.0,0.25092107,0.2354737,0.19923684,2026-01-26-12:00:06
6.0,30.0,11.0,10.0,0.36157897,0.2949474,0.406579,2026-01-26-12:00:06
7.0,50.0,9.0,4.0,0.38394737,0.3166316,0.3988947,2026-01-26-12:00:08
5.0,50.0,16.0,6.0,0.4226316,0.35442108,0.4692632,2026-01-26-12:00:08
11.0,50.0,12.0,1.0,0.40657896,0.35305262,0.3671579,2026-01-26-12:00:08
19.0,50.0,15.0,4.0,0.5718421,0.49789476,0.5046842,2026-01-26-12:00:08
12.0,50.0,7.0,4.0,0.43973684,0.3651579,0.42047366,2026-01-26-12:00:08
19.0,50.0,15.0,2.0,0.5418421,0.47789478,0.4566842,2026-01-26-12:00:10
3.0,50.0,15.0,4.0,0.36131576,0.3042105,0.40363157,2026-01-26-12:00:10
20.0,50.0,15.0,8.0,0.645,0.55,0.607,2026-01-26-12:00:10
13.0,50.0,15.0,3.0,0.47789475,0.41526318,0.44278944,2026-01-26-12:00:10
8.0,50.0,15.0,4.0,0.42710528,0.36473686,0.43521053,2026-01-26-12:00:10
20.0,50.0,11.0,8.0,0.625,0.526,0.587,2026-01-26-12:00:12
20.0,50.0,15.0,4.0,0.585,0.51,0.511,2026-01-26-12:00:12
20.0,50.0,1.0,8.0,0.575,0.46600005,0.537,2026-01-26-12:00:12
20.0,50.0,5.0,10.0,0.62499994,0.51,0.60499996,2026-01-26-12:00:12
20.0,50.0,15.0,5.0,0.59999996,0.52000004,0.53499997,2026-01-26-12:00:12
20.0,50.0,15.0,10.0,0.67499995,0.57000005,0.655,2026-01-26-12:00:13
20.0,50.0,5.0,8.0,0.59499997,0.49000004,0.557,2026-01-26-12:00:13
20.0,50.0,2.0,10.0,0.60999995,0.492,0.59,2026-01-26-12:00:13
20.0,50.0,4.0,8.0,0.59,0.48400003,0.552,2026-01-26-12:00:13
20.0,50.0,19.0,8.0,0.665,0.574,0.627,2026-01-26-12:00:13
20.0,50.0,19.0,10.0,0.695,0.59400004,0.675,2026-01-26-12:00:16
20.0,50.0,10.0,10.0,0.65,0.54,0.63,2026-01-26-12:00:16
20.0,50.0,19.0,7.0,0.65000004,0.564,0.603,2026-01-26-12:00:16
20.0,50.0,19.0,9.0,0.68,0.584,0.651,2026-01-26-12:00:16
20.0,50.0,19.0,6.0,0.635,0.554,0.579,2026-01-26-12:00:16
15.0,50.0,19.0,10.0,0.62921053,0.5334737,0.64342105,2026-01-26-12:00:17
15.0,50.0,3.0,9.0,0.5342105,0.4274737,0.5394211,2026-01-26-12:00:17
1.0,50.0,19.0,10.0,0.44500002,0.364,0.555,2026-01-26-12:00:17
2.0,50.0,19.0,10.0,0.45815793,0.37610525,0.56131583,2026-01-26-12:00:17
4.0,50.0,19.0,10.0,0.4844737,0.40031576,0.57394737,2026-01-26-12:00:17
20.0,50.0,8.0,10.0,0.64,0.528,0.62,2026-01-26-12:00:19
20.0,50.0,19.0,3.0,0.59,0.524,0.50699997,2026-01-26-12:00:19
9.0,50.0,19.0,10.0,0.55026317,0.4608421,0.6055263,2026-01-26-12:00:19
14.0,50.0,19.0,10.0,0.6160526,0.5213684,0.6371053,2026-01-26-12:00:19
14.0,10.0,16.0,3.0,0.24815792,0.2491579,0.21610528,2026-01-26-12:00:19
18.0,50.0,19.0,10.0,0.66868424,0.56978947,0.6623685,2026-01-26-12:00:22
20.0,50.0,13.0,10.0,0.66499996,0.558,0.645,2026-01-26-12:00:22
18.0,30.0,13.0,10.0,0.50736845,0.43642107,0.49236843,2026-01-26-12:00:22
19.0,50.0,13.0,10.0,0.65184206,0.54589474,0.6386842,2026-01-26-12:00:22
18.0,50.0,13.0,10.0,0.63868415,0.53378946,0.63236845,2026-01-26-12:00:22
20.0,50.0,17.0,10.0,0.68499994,0.582,0.66499996,2026-01-26-12:00:24
20.0,50.0,18.0,10.0,0.68999994,0.58800006,0.66999996,2026-01-26-12:00:24
15.0,40.0,17.0,1.0,0.4213158,0.38476315,0.36092106,2026-01-26-12:00:24
17.0,50.0,18.0,5.0,0.5755263,0.5016842,0.5310526,2026-01-26-12:00:24
5.0,50.0,18.0,9.0,0.4776316,0.39642107,0.55126315,2026-01-26-12:00:24
20.0,50.0,14.0,10.0,0.66999996,0.564,0.65,2026-01-26-12:00:26
8.0,20.0,12.0,3.0,0.22776318,0.21042106,0.21771052,2026-01-26-12:00:26
10.0,50.0,19.0,10.0,0.5634211,0.47294736,0.6118421,2026-01-26-12:00:26
20.0,20.0,7.0,4.0,0.34250003,0.31199998,0.28800002,2026-01-26-12:00:26
11.0,20.0,6.0,6.0,0.2739474,0.2348158,0.2651579,2026-01-26-12:00:26
19.0,50.0,20.0,10.0,0.6868421,0.58789474,0.67368424,2026-01-26-12:00:27
16.0,50.0,19.0,10.0,0.64236844,0.54557896,0.6497368,2026-01-26-12:00:27
16.0,20.0,13.0,2.0,0.30092105,0.28747368,0.25373682,2026-01-26-12:00:27
16.0,40.0,20.0,7.0,0.53855264,0.47421053,0.5172368,2026-01-26-12:00:27
10.0,20.0,6.0,1.0,0.18855263,0.17468423,0.1613421,2026-01-26-12:00:27
18.0,50.0,20.0,10.0,0.67368424,0.5757895,0.6673685,2026-01-26-12:00:29
8.0,40.0,12.0,7.0,0.40065792,0.3346316,0.42671055,2026-01-26-12:00:29
18.0,50.0,20.0,6.0,0.6136842,0.5357895,0.57136846,2026-01-26-12:00:29
16.0,40.0,12.0,7.0,0.49855265,0.42621052,0.47723687,2026-01-26-12:00:29
19.0,50.0,18.0,10.0,0.67684203,0.5758948,0.6636842,2026-01-26-12:00:29
20.0,50.0,16.0,10.0,0.67999995,0.57600003,0.65999997,2026-01-26-12:00:31
5.0,50.0,18.0,6.0,0.43263158,0.36642107,0.4792632,2026-01-26-12:00:31
8.0,10.0,13.0,4.0,0.1913158,0.18431579,0.18121052,2026-01-26-12:00:31
11.0,50.0,3.0,7.0,0.45157897,0.35905263,0.4661579,2026-01-26-12:00:31
20.0,40.0,16.0,4.0,0.52250004,0.46600002,0.455,2026-01-26-12:00:31
17.0,50.0,20.0,10.0,0.66052634,0.5636842,0.66105264,2026-01-26-12:00:33
18.0,50.0,11.0,4.0,0.53868425,0.46178943,0.4783684,2026-01-26-12:00:33
17.0,50.0,15.0,7.0,0.59052634,0.5036842,0.56405264,2026-01-26-12:00:33
19.0,50.0,20.0,9.0,0.6718421,0.57789475,0.64968425,2026-01-26-12:00:33
17.0,50.0,13.0,10.0,0.6255263,0.5216842,0.6260526,2026-01-26-12:00:33
19.0,50.0,17.0,10.0,0.67184204,0.56989473,0.6586842,2026-01-26-12:00:34
20.0,50.0,18.0,9.0,0.67499995,0.578,0.64599997,2026-01-26-12:00:34
5.0,50.0,19.0,3.0,0.39263156,0.34242105,0.41226315,2026-01-26-12:00:34
16.0,50.0,20.0,10.0,0.64736843,0.551579,0.6547369,2026-01-26-12:00:34
16.0,50.0,20.0,3.0,0.5423684,0.48157895,0.48673683,2026-01-26-12:00:34
19.0,50.0,16.0,10.0,0.66684204,0.56389475,0.6536842,2026-01-26-12:00:36
14.0,50.0,12.0,6.0,0.52105266,0.43936843,0.5061053,2026-01-26-12:00:36
17.0,50.0,19.0,10.0,0.65552634,0.5576842,0.65605265,2026-01-26-12:00:36
18.0,50.0,17.0,10.0,0.65868413,0.5577895,0.6523684,2026-01-26-12:00:36
17.0,50.0,12.0,10.0,0.6205263,0.5156842,0.6210526,2026-01-26-12:00:36
20.0,50.0,17.0,9.0,0.66999996,0.572,0.641,2026-01-26-12:00:37
18.0,50.0,16.0,10.0,0.65368414,0.5517895,0.64736843,2026-01-26-12:00:37
13.0,20.0,4.0,10.0,0.34473687,0.28307894,0.34578946,2026-01-26-12:00:37
1.0,10.0,20.0,9.0,0.23500001,0.21,0.262,2026-01-26-12:00:37
14.0,30.0,9.0,4.0,0.35210526,0.30926314,0.32110524,2026-01-26-12:00:37
19.0,50.0,15.0,10.0,0.66184205,0.55789477,0.6486842,2026-01-26-12:00:39
19.0,50.0,14.0,10.0,0.65684205,0.5518947,0.6436842,2026-01-26-12:00:39
19.0,50.0,14.0,4.0,0.5668421,0.49189472,0.49968418,2026-01-26-12:00:39
17.0,50.0,18.0,10.0,0.6505263,0.5516842,0.6510526,2026-01-26-12:00:39
19.0,50.0,20.0,8.0,0.6568421,0.56789476,0.6256842,2026-01-26-12:00:39
20.0,50.0,0.0,0.0,0.45,0.38000003,0.34,2026-01-26-12:00:41
20.0,50.0,6.0,1.0,0.49499997,0.42600003,0.39400002,2026-01-26-12:00:41
7.0,20.0,14.0,4.0,0.24236841,0.22228947,0.24089472,2026-01-26-12:00:41
20.0,50.0,3.0,2.0,0.495,0.41800004,0.40300003,2026-01-26-12:00:41
8.0,40.0,20.0,7.0,0.4406579,0.38263157,0.4667105,2026-01-26-12:00:41
20.0,50.0,16.0,9.0,0.66499996,0.566,0.636,2026-01-26-12:00:43
19.0,50.0,18.0,9.0,0.66184205,0.5658947,0.6396842,2026-01-26-12:00:43
19.0,10.0,18.0,9.0,0.39552632,0.3685263,0.3656842,2026-01-26-12:00:43
20.0,50.0,18.0,8.0,0.65999997,0.568,0.622,2026-01-26-12:00:43
19.0,50.0,18.0,6.0,0.6168421,0.53589475,0.56768423,2026-01-26-12:00:43
18.0,50.0,20.0,9.0,0.65868425,0.56578946,0.6433684,2026-01-26-12:00:44
20.0,50.0,7.0,10.0,0.635,0.522,0.615,2026-01-26-12:00:44
18.0,50.0,7.0,9.0,0.5936842,0.48778945,0.5783684,2026-01-26-12:00:44
5.0,50.0,7.0,10.0,0.43763158,0.34042108,0.52026314,2026-01-26-12:00:44
19.0,50.0,7.0,10.0,0.6218421,0.5098947,0.60868424,2026-01-26-12:00:44
20.0,50.0,15.0,9.0,0.65999997,0.56,0.631,2026-01-26-12:00:46
17.0,50.0,16.0,10.0,0.6405263,0.53968424,0.6410526,2026-01-26-12:00:46
15.0,50.0,20.0,10.0,0.6342105,0.5394737,0.64842105,2026-01-26-12:00:46
19.0,50.0,17.0,9.0,0.65684205,0.55989474,0.6346842,2026-01-26-12:00:46
19.0,50.0,15.0,9.0,0.64684206,0.5478947,0.6246842,2026-01-26-12:00:46
18.0,50.0,19.0,9.0,0.65368426,0.5597895,0.6383684,2026-01-26-12:00:48
16.0,50.0,18.0,10.0,0.63736844,0.539579,0.6447368,2026-01-26-12:00:48
5.0,50.0,14.0,10.0,0.47263157,0.38242108,0.55526316,2026-01-26-12:00:48
16.0,30.0,12.0,2.0,0.35973686,0.32884213,0.30673686,2026-01-26-12:00:48
17.0,50.0,20.0,9.0,0.64552635,0.5536842,0.63705266,2026-01-26-12:00:48
19.0,40.0,20.0,10.0,0.6202632,0.5385527,0.60368425,2026-01-26-12:00:50
18.0,40.0,20.0,10.0,0.6080263,0.5271053,0.5973684,2026-01-26-12:00:50
18.0,40.0,4.0,6.0,0.4680263,0.39110523,0.42736843,2026-01-26-12:00:50
18.0,40.0,1.0,7.0,0.4680263,0.38310528,0.4348684,2026-01-26-12:00:50
19.0,40.0,17.0,1.0,0.47026318,0.43055263,0.38618422,2026-01-26-12:00:50
17.0,40.0,20.0,10.0,0.5957895,0.5156579,0.59105265,2026-01-26-12:00:51
17.0,40.0,9.0,4.0,0.45078945,0.38965788,0.40105262,2026-01-26-12:00:51
17.0,40.0,9.0,8.0,0.51078945,0.4296579,0.49105263,2026-01-26-12:00:51
17.0,40.0,12.0,10.0,0.5557895,0.4676579,0.55105263,2026-01-26-12:00:51
17.0,40.0,20.0,8.0,0.5657895,0.49565792,0.5460527,2026-01-26-12:00:51
20.0,50.0,12.0,10.0,0.65999997,0.55200005,0.64,2026-01-26-12:00:53
18.0,50.0,15.0,10.0,0.64868414,0.5457895,0.64236844,2026-01-26-12:00:53
16.0,50.0,17.0,10.0,0.63236845,0.53357893,0.63973683,2026-01-26-12:00:53
19.0,50.0,20.0,7.0,0.6418421,0.55789477,0.6016842,2026-01-26-12:00:53
11.0,50.0,3.0,2.0,0.376579,0.30905265,0.34615788,2026-01-26-12:00:53
20.0,50.0,17.0,8.0,0.655,0.56200004,0.617,2026-01-26-12:00:54
20.0,40.0,19.0,9.0,0.6125001,0.53400004,0.5825,2026-01-26-12:00:54
20.0,40.0,12.0,9.0,0.57750005,0.492,0.54749995,2026-01-26-12:00:54
18.0,40.0,19.0,9.0,0.5880263,0.51110524,0.5698684,2026-01-26-12:00:54
17.0,50.0,19.0,9.0,0.64052635,0.5476842,0.63205266,2026-01-26-12:00:54
20.0,50.0,14.0,9.0,0.655,0.554,0.626,2026-01-26-12:00:56
18.0,50.0,20.0,8.0,0.64368427,0.5557895,0.61936843,2026-01-26-12:00:56
18.0,50.0,14.0,10.0,0.64368415,0.53978944,0.63736844,2026-01-26-12:00:56
18.0,50.0,15.0,9.0,0.63368416,0.5357895,0.61836845,2026-01-26-12:00:56
20.0,10.0,14.0,9.0,0.385,0.354,0.352,2026-01-26-12:00:56
20.0,50.0,11.0,10.0,0.655,0.546,0.635,2026-01-26-12:00:58
20.0,50.0,16.0,8.0,0.65,0.556,0.612,2026-01-26-12:00:58
6.0,30.0,11.0,8.0,0.33157897,0.27494738,0.36457896,2026-01-26-12:00:58
14.0,50.0,20.0,10.0,0.6210526,0.5273684,0.6421053,2026-01-26-12:00:58
14.0,50.0,16.0,8.0,0.5710526,0.48336846,0.57410526,2026-01-26-12:00:58
6.0,50.0,20.0,10.0,0.5157895,0.43052632,0.59157896,2026-01-26-12:00:59
15.0,30.0,11.0,10.0,0.46342108,0.39205262,0.46342108,2026-01-26-12:00:59
14.0,30.0,11.0,10.0,0.45210528,0.38126314,0.4571053,2026-01-26-12:00:59
6.0,50.0,12.0,2.0,0.35578948,0.30252635,0.35957897,2026-01-26-12:00:59
18.0,30.0,11.0,8.0,0.46736842,0.40442106,0.4403684,2026-01-26-12:00:59
19.0,50.0,12.0,10.0,0.64684206,0.53989476,0.6336842,2026-01-26-12:01:01
20.0,50.0,18.0,7.0,0.645,0.558,0.598,2026-01-26-12:01:01
13.0,50.0,20.0,10.0,0.6078948,0.51526314,0.6357895,2026-01-26-12:01:01
12.0,50.0,20.0,10.0,0.5947369,0.5031579,0.6294737,2026-01-26-12:01:01
12.0,50.0,18.0,7.0,0.53973687,0.46115786,0.54747367,2026-01-26-12:01:01
17.0,50.0,15.0,10.0,0.6355263,0.5336842,0.6360526,2026-01-26-12:01:03
20.0,50.0,17.0,7.0,0.64,0.55200005,0.593,2026-01-26-12:01:03
17.0,50.0,18.0,9.0,0.6355263,0.5416842,0.6270526,2026-01-26-12:01:03
17.0,40.0,15.0,10.0,0.5707895,0.4856579,0.5660526,2026-01-26-12:01:03
19.0,50.0,16.0,9.0,0.65184206,0.5538947,0.6296842,2026-01-26-12:01:03
19.0,50.0,11.0,10.0,0.64184207,0.5338948,0.6286842,2026-01-26-12:01:05
20.0,50.0,13.0,9.0,0.65,0.548,0.621,2026-01-26-12:01:05
16.0,50.0,20.0,9.0,0.63236845,0.54157895,0.6307369,2026-01-26-12:01:05
16.0,50.0,15.0,10.0,0.62236845,0.52157897,0.62973684,2026-01-26-12:01:05
19.0,50.0,14.0,9.0,0.64184207,0.54189473,0.6196842,2026-01-26-12:01:05
19.0,50.0,18.0,8.0,0.64684206,0.55589473,0.6156842,2026-01-26-12:01:06
16.0,50.0,19.0,9.0,0.62736845,0.53557897,0.62573683,2026-01-26-12:01:06
20.0,50.0,9.0,10.0,0.645,0.534,0.625,2026-01-26-12:01:06
17.0,50.0,14.0,10.0,0.6305263,0.5276842,0.6310526,2026-01-26-12:01:06
13.0,50.0,19.0,10.0,0.6028948,0.50926316,0.63078946,2026-01-26-12:01:06
20.0,40.0,19.0,10.0,0.62750006,0.544,0.605,2026-01-26-12:01:08
19.0,50.0,18.0,7.0,0.6318421,0.54589474,0.5916842,2026-01-26-12:01:08
15.0,50.0,20.0,9.0,0.61921054,0.52947366,0.62442106,2026-01-26-12:01:08
20.0,40.0,17.0,10.0,0.6175,0.532,0.595,2026-01-26-12:01:08
20.0,40.0,19.0,8.0,0.5975,0.52400005,0.56000006,2026-01-26-12:01:08
20.0,50.0,12.0,9.0,0.645,0.542,0.616,2026-01-26-12:01:09
20.0,50.0,18.0,6.0,0.63,0.54800004,0.574,2026-01-26-12:01:09
15.0,50.0,18.0,10.0,0.62421054,0.5274736,0.63842106,2026-01-26-12:01:09
18.0,50.0,19.0,8.0,0.6386843,0.5497895,0.61436844,2026-01-26-12:01:09
17.0,50.0,20.0,8.0,0.63052636,0.5436842,0.61305267,2026-01-26-12:01:09
18.0,50.0,17.0,9.0,0.64368415,0.54778945,0.62836844,2026-01-26-12:01:11
19.0,50.0,13.0,9.0,0.6368421,0.53589475,0.6146842,2026-01-26-12:01:11
18.0,50.0,12.0,10.0,0.63368416,0.5277895,0.62736845,2026-01-26-12:01:11
19.0,50.0,17.0,8.0,0.64184207,0.54989475,0.6106842,2026-01-26-12:01:11
14.0,50.0,18.0,10.0,0.61105263,0.5153684,0.63210523,2026-01-26-12:01:11
20.0,50.0,11.0,9.0,0.64,0.536,0.611,2026-01-26-12:01:13
20.0,50.0,16.0,7.0,0.635,0.546,0.588,2026-01-26-12:01:13
18.0,50.0,16.0,9.0,0.63868415,0.5417895,0.62336844,2026-01-26-12:01:13
19.0,50.0,16.0,8.0,0.6368421,0.54389477,0.6056842,2026-01-26-12:01:13
19.0,50.0,11.0,9.0,0.6268421,0.5238948,0.60468423,2026-01-26-12:01:13
19.0,50.0,15.0,8.0,0.6318421,0.5378948,0.6006842,2026-01-26-12:01:14
15.0,50.0,17.0,10.0,0.61921054,0.52147365,0.63342106,2026-01-26-12:01:14
18.0,50.0,20.0,7.0,0.6286843,0.5457895,0.59536844,2026-01-26-12:01:14
19.0,40.0,15.0,8.0,0.5652632,0.48855266,0.53368425,2026-01-26-12:01:14
19.0,50.0,10.0,10.0,0.6368421,0.52789474,0.6236842,2026-01-26-12:01:14
18.0,50.0,11.0,10.0,0.62868416,0.52178943,0.62236845,2026-01-26-12:01:16
17.0,50.0,20.0,7.0,0.6155264,0.5336842,0.5890527,2026-01-26-12:01:16
16.0,40.0,14.0,10.0,0.5535526,0.46821052,0.55473685,2026-01-26-12:01:16
17.0,40.0,20.0,7.0,0.55078954,0.4856579,0.52355266,2026-01-26-12:01:16
13.0,40.0,14.0,10.0,0.5168421,0.4338684,0.5357895,2026-01-26-12:01:16
19.0,50.0,9.0,10.0,0.6318421,0.52189475,0.61868423,2026-01-26-12:01:18
19.0,50.0,20.0,6.0,0.6268421,0.5478947,0.5776842,2026-01-26-12:01:18
14.0,50.0,17.0,10.0,0.60605264,0.5093684,0.62710524,2026-01-26-12:01:18
18.0,50.0,17.0,8.0,0.62868416,0.53778946,0.6043684,2026-01-26-12:01:18
19.0,40.0,9.0,10.0,0.5652632,0.47255263,0.54868424,2026-01-26-12:01:18
15.0,50.0,16.0,10.0,0.61421055,0.51547366,0.62842107,2026-01-26-12:01:20
20.0,40.0,18.0,10.0,0.6225,0.53800005,0.6,2026-01-26-12:01:20
13.0,50.0,18.0,10.0,0.5978948,0.5032631,0.62578946,2026-01-26-12:01:20
20.0,50.0,6.0,10.0,0.62999994,0.51600003,0.60999995,2026-01-26-12:01:20
20.0,50.0,14.0,8.0,0.64,0.544,0.602,2026-01-26-12:01:20
17.0,50.0,19.0,8.0,0.62552637,0.5376842,0.6080526,2026-01-26-12:01:21
12.0,50.0,19.0,10.0,0.5897369,0.49715787,0.6244737,2026-01-26-12:01:21
16.0,50.0,14.0,10.0,0.61736846,0.5155789,0.62473685,2026-01-26-12:01:21
18.0,50.0,14.0,9.0,0.62868416,0.52978945,0.61336845,2026-01-26-12:01:21
20.0,50.0,19.0,5.0,0.61999995,0.544,0.55499995,2026-01-26-12:01:21
20.0,50.0,10.0,9.0,0.635,0.53000003,0.606,2026-01-26-12:01:23
19.0,50.0,8.0,10.0,0.6268421,0.5158948,0.61368424,2026-01-26-12:01:23
20.0,50.0,13.0,8.0,0.635,0.538,0.597,2026-01-26-12:01:23
14.0,50.0,20.0,9.0,0.60605264,0.51736844,0.6181053,2026-01-26-12:01:23
20.0,50.0,17.0,6.0,0.625,0.542,0.569,2026-01-26-12:01:23
20.0,50.0,15.0,7.0,0.63,0.54,0.583,2026-01-26-12:01:25
16.0,50.0,18.0,9.0,0.6223684,0.5295789,0.62073684,2026-01-26-12:01:25
19.0,50.0,17.0,7.0,0.6268421,0.53989476,0.5866842,2026-01-26-12:01:25
11.0,50.0,20.0,10.0,0.58157897,0.49105263,0.6231579,2026-01-26-12:01:25
13.0,50.0,17.0,10.0,0.5928948,0.49726316,0.62078947,2026-01-26-12:01:25
18.0,50.0,19.0,7.0,0.6236843,0.53978944,0.59036845,2026-01-26-12:01:26
15.0,50.0,14.0,10.0,0.60421056,0.50347364,0.6184211,2026-01-26-12:01:26
16.0,50.0,13.0,10.0,0.61236846,0.50957894,0.61973685,2026-01-26-12:01:26
17.0,50.0,18.0,8.0,0.6205263,0.5316842,0.6030526,2026-01-26-12:01:26
19.0,50.0,16.0,7.0,0.6218421,0.5338947,0.58168423,2026-01-26-12:01:26
20.0,50.0,9.0,9.0,0.63,0.524,0.601,2026-01-26-12:01:28
15.0,50.0,19.0,9.0,0.61421055,0.5234737,0.61942106,2026-01-26-12:01:28
5.0,40.0,18.0,3.0,0.3339474,0.29628944,0.34776315,2026-01-26-12:01:28
20.0,50.0,18.0,5.0,0.61499995,0.53800005,0.54999995,2026-01-26-12:01:28
19.0,50.0,20.0,5.0,0.6118421,0.5378948,0.5536842,2026-01-26-12:01:28
18.0,50.0,16.0,8.0,0.62368417,0.5317895,0.5993684,2026-01-26-12:01:30
19.0,50.0,12.0,9.0,0.6318421,0.52989477,0.6096842,2026-01-26-12:01:30
17.0,50.0,16.0,9.0,0.6255263,0.52968425,0.6170526,2026-01-26-12:01:30
17.0,50.0,14.0,9.0,0.6155263,0.5176842,0.6070526,2026-01-26-12:01:30
19.0,50.0,20.0,4.0,0.5968421,0.52789474,0.5296842,2026-01-26-12:01:30
18.0,50.0,10.0,10.0,0.62368417,0.51578945,0.61736846,2026-01-26-12:01:31
18.0,50.0,19.0,6.0,0.6086842,0.52978945,0.56636846,2026-01-26-12:01:31
18.0,50.0,13.0,9.0,0.62368417,0.52378947,0.6083684,2026-01-26-12:01:31
20.0,50.0,16.0,6.0,0.62,0.536,0.564,2026-01-26-12:01:31
11.0,50.0,19.0,10.0,0.576579,0.48505262,0.6181579,2026-01-26-12:01:31
15.0,50.0,18.0,9.0,0.6092105,0.51747364,0.61442107,2026-01-26-12:01:33
20.0,50.0,14.0,7.0,0.625,0.534,0.578,2026-01-26-12:01:33
16.0,50.0,12.0,10.0,0.60736847,0.50357896,0.61473686,2026-01-26-12:01:33
16.0,50.0,17.0,9.0,0.6173684,0.52357894,0.61573684,2026-01-26-12:01:33
17.0,50.0,11.0,10.0,0.6155263,0.5096842,0.6160526,2026-01-26-12:01:33
20.0,40.0,16.0,10.0,0.6125,0.526,0.59000003,2026-01-26-12:01:34
10.0,50.0,20.0,10.0,0.56842107,0.47894737,0.61684215,2026-01-26-12:01:34
20.0,50.0,8.0,9.0,0.625,0.518,0.596,2026-01-26-12:01:34
14.0,50.0,16.0,10.0,0.60105264,0.50336844,0.62210524,2026-01-26-12:01:34
20.0,50.0,4.0,10.0,0.61999995,0.504,0.59999996,2026-01-26-12:01:34
20.0,40.0,18.0,9.0,0.6075,0.528,0.5775,2026-01-26-12:01:36
17.0,40.0,1.0,1.0,0.36578944,0.3116579,0.2935526,2026-01-26-12:01:36
17.0,50.0,15.0,9.0,0.6205263,0.5236842,0.6120526,2026-01-26-12:01:36
19.0,40.0,18.0,10.0,0.61026317,0.5265526,0.5936842,2026-01-26-12:01:36
14.0,50.0,19.0,9.0,0.60105264,0.5113684,0.6131053,2026-01-26-12:01:36
20.0,50.0,12.0,8.0,0.63,0.532,0.592,2026-01-26-12:01:37
13.0,50.0,20.0,9.0,0.5928948,0.50526315,0.6117895,2026-01-26-12:01:37
16.0,50.0,20.0,8.0,0.61736846,0.53157896,0.60673684,2026-01-26-12:01:37
13.0,50.0,16.0,10.0,0.5878948,0.49126318,0.6157895,2026-01-26-12:01:37
12.0,50.0,18.0,10.0,0.5847369,0.4911579,0.6194737,2026-01-26-12:01:37
20.0,50.0,13.0,7.0,0.62,0.528,0.573,2026-01-26-12:01:39
15.0,50.0,13.0,10.0,0.59921056,0.4974737,0.613421,2026-01-26-12:01:39
12.0,40.0,13.0,2.0,0.37960526,0.33642104,0.34447366,2026-01-26-12:01:39
20.0,50.0,19.0,4.0,0.60499996,0.534,0.53099996,2026-01-26-12:01:39
18.0,50.0,12.0,9.0,0.6186842,0.5177895,0.6033684,2026-01-26-12:01:39
20.0,50.0,10.0,8.0,0.62,0.52000004,0.582,2026-01-26-12:01:40
14.0,50.0,15.0,10.0,0.59605265,0.49736843,0.61710525,2026-01-26-12:01:40
20.0,40.0,15.0,10.0,0.6075,0.52000004,0.58500004,2026-01-26-12:01:40
20.0,50.0,17.0,5.0,0.60999995,0.532,0.54499996,2026-01-26-12:01:40
20.0,50.0,3.0,10.0,0.61499995,0.49800003,0.59499997,2026-01-26-12:01:40
19.0,50.0,17.0,6.0,0.6118421,0.52989477,0.56268424,2026-01-26-12:01:42
11.0,50.0,18.0,10.0,0.571579,0.4790526,0.61315787,2026-01-26-12:01:42
18.0,50.0,9.0,10.0,0.6186842,0.50978947,0.61236846,2026-01-26-12:01:42
19.0,50.0,15.0,7.0,0.6168421,0.52789474,0.57668424,2026-01-26-12:01:42
13.0,40.0,18.0,9.0,0.5218421,0.44786844,0.5332895,2026-01-26-12:01:42
15.0,50.0,20.0,8.0,0.60421056,0.5194737,0.6004211,2026-01-26-12:01:44
16.0,50.0,19.0,8.0,0.61236846,0.525579,0.60173684,2026-01-26-12:01:44
20.0,50.0,7.0,9.0,0.62,0.512,0.591,2026-01-26-12:01:44
19.0,50.0,14.0,8.0,0.6268421,0.53189474,0.59568423,2026-01-26-12:01:44
18.0,50.0,8.0,10.0,0.6136842,0.5037895,0.60736847,2026-01-26-12:01:44
19.0,50.0,13.0,8.0,0.6218421,0.52589476,0.5906842,2026-01-26-12:01:46
14.0,50.0,18.0,9.0,0.5960526,0.5053684,0.60810524,2026-01-26-12:01:46
13.0,50.0,15.0,10.0,0.5828948,0.48526317,0.6107895,2026-01-26-12:01:46
16.0,50.0,11.0,10.0,0.6023684,0.49757892,0.60973686,2026-01-26-12:01:46
16.0,10.0,11.0,10.0,0.34710526,0.30810526,0.32973686,2026-01-26-12:01:46
19.0,50.0,6.0,10.0,0.61684203,0.50389475,0.60368425,2026-01-26-12:01:47
19.0,50.0,16.0,6.0,0.6068421,0.5238947,0.55768424,2026-01-26-12:01:47
17.0,50.0,10.0,10.0,0.6105263,0.5036842,0.61105263,2026-01-26-12:01:47
1.0,20.0,8.0,6.0,0.18,0.1455,0.21200003,2026-01-26-12:01:47
19.0,50.0,10.0,9.0,0.6218421,0.51789474,0.59968424,2026-01-26-12:01:47
19.0,50.0,5.0,10.0,0.61184204,0.49789476,0.5986842,2026-01-26-12:01:49
19.0,50.0,14.0,7.0,0.6118421,0.52189475,0.57168424,2026-01-26-12:01:49
17.0,50.0,19.0,7.0,0.6105264,0.5276842,0.5840526,2026-01-26-12:01:49
19.0,50.0,9.0,9.0,0.6168421,0.51189476,0.59468424,2026-01-26-12:01:49
19.0,40.0,20.0,9.0,0.60526323,0.52855265,0.5811842,2026-01-26-12:01:49
18.0,40.0,19.0,10.0,0.60302633,0.52110523,0.5923684,2026-01-26-12:01:50
17.0,50.0,9.0,10.0,0.6055263,0.49768418,0.60605264,2026-01-26-12:01:50
18.0,50.0,17.0,7.0,0.6136842,0.5277895,0.5803684,2026-01-26-12:01:50
18.0,50.0,11.0,9.0,0.6136842,0.51178944,0.5983684,2026-01-26-12:01:50
20.0,50.0,12.0,7.0,0.615,0.522,0.568,2026-01-26-12:01:50
18.0,50.0,16.0,7.0,0.6086842,0.5217895,0.5753684,2026-01-26-12:01:52
16.0,50.0,15.0,9.0,0.6073684,0.511579,0.60573685,2026-01-26-12:01:52
19.0,40.0,17.0,10.0,0.6052632,0.52055264,0.5886842,2026-01-26-12:01:52
20.0,50.0,15.0,6.0,0.615,0.53000003,0.559,2026-01-26-12:01:52
19.0,50.0,18.0,5.0,0.60184205,0.52589476,0.5436842,2026-01-26-12:01:52
20.0,50.0,9.0,8.0,0.615,0.514,0.577,2026-01-26-12:01:53
12.0,50.0,17.0,10.0,0.5797369,0.4851579,0.6144737,2026-01-26-12:01:53
20.0,50.0,18.0,4.0,0.59999996,0.528,0.52599996,2026-01-26-12:01:53
19.0,50.0,12.0,8.0,0.6168421,0.5198948,0.5856842,2026-01-26-12:01:53
18.0,50.0,15.0,8.0,0.6186842,0.5257895,0.5943684,2026-01-26-12:01:53
20.0,40.0,17.0,9.0,0.6025,0.522,0.5725,2026-01-26-12:01:55
15.0,50.0,17.0,9.0,0.6042105,0.51147366,0.6094211,2026-01-26-12:01:55
20.0,50.0,16.0,5.0,0.60499996,0.526,0.53999996,2026-01-26-12:01:55
10.0,20.0,3.0,3.0,0.20355263,0.17668422,0.18534212,2026-01-26-12:01:55
20.0,50.0,14.0,6.0,0.61,0.524,0.554,2026-01-26-12:01:55
17.0,50.0,13.0,9.0,0.6105263,0.51168424,0.6020526,2026-01-26-12:01:57
19.0,50.0,15.0,6.0,0.6018421,0.51789474,0.55268425,2026-01-26-12:01:57
20.0,50.0,10.0,7.0,0.605,0.51,0.558,2026-01-26-12:01:57
20.0,40.0,16.0,9.0,0.5975,0.51600003,0.5675,2026-01-26-12:01:57
17.0,50.0,20.0,6.0,0.60052633,0.5236842,0.5650527,2026-01-26-12:01:57
15.0,50.0,16.0,9.0,0.5992105,0.5054737,0.6044211,2026-01-26-12:01:58
20.0,40.0,14.0,10.0,0.6025,0.514,0.58000004,2026-01-26-12:01:58
19.0,40.0,18.0,9.0,0.5952632,0.5165526,0.57118416,2026-01-26-12:01:58
19.0,40.0,16.0,10.0,0.6002632,0.51455265,0.5836842,2026-01-26-12:01:58
20.0,50.0,6.0,9.0,0.61499995,0.50600004,0.58599997,2026-01-26-12:01:58
17.0,50.0,8.0,10.0,0.60052633,0.4916842,0.60105264,2026-01-26-12:02:00
18.0,50.0,20.0,5.0,0.5986842,0.5257895,0.5473684,2026-01-26-12:02:00
17.0,50.0,16.0,8.0,0.6105263,0.51968426,0.5930526,2026-01-26-12:02:00
14.0,50.0,13.0,10.0,0.58605266,0.48536843,0.60710526,2026-01-26-12:02:00
14.0,50.0,17.0,9.0,0.5910526,0.49936843,0.60310525,2026-01-26-12:02:00
16.0,50.0,18.0,8.0,0.6073684,0.51957893,0.59673685,2026-01-26-12:02:01
13.0,50.0,19.0,9.0,0.5878948,0.49926317,0.60678947,2026-01-26-12:02:01
17.0,50.0,15.0,8.0,0.6055263,0.5136842,0.58805263,2026-01-26-12:02:01
18.0,40.0,20.0,9.0,0.59302634,0.5171053,0.5748684,2026-01-26-12:02:01
16.0,50.0,20.0,7.0,0.6023685,0.52157897,0.58273685,2026-01-26-12:02:01
16.0,50.0,17.0,8.0,0.6023684,0.51357895,0.59173685,2026-01-26-12:02:03
15.0,50.0,12.0,10.0,0.59421057,0.49147367,0.608421,2026-01-26-12:02:03
19.0,50.0,11.0,8.0,0.6118421,0.5138948,0.5806842,2026-01-26-12:02:03
20.0,50.0,17.0,4.0,0.59499997,0.522,0.521,2026-01-26-12:02:03
17.0,50.0,12.0,9.0,0.6055263,0.5056842,0.59705263,2026-01-26-12:02:03
15.0,50.0,19.0,8.0,0.59921056,0.5134737,0.5954211,2026-01-26-12:02:04
16.0,50.0,10.0,10.0,0.5973684,0.49157894,0.60473686,2026-01-26-12:02:04
9.0,10.0,8.0,1.0,0.13078947,0.13378948,0.10852632,2026-01-26-12:02:04
19.0,50.0,17.0,5.0,0.59684205,0.5198948,0.5386842,2026-01-26-12:02:04
19.0,40.0,20.0,8.0,0.5902632,0.51855266,0.55868423,2026-01-26-12:02:04
20.0,50.0,13.0,6.0,0.60499996,0.518,0.549,2026-01-26-12:02:06
12.0,50.0,16.0,10.0,0.5747369,0.47915792,0.6094737,2026-01-26-12:02:06
18.0,50.0,10.0,9.0,0.6086842,0.50578946,0.5933684,2026-01-26-12:02:06
18.0,50.0,14.0,8.0,0.6136842,0.51978946,0.5893684,2026-01-26-12:02:06
12.0,50.0,20.0,9.0,0.5797369,0.49315792,0.6054737,2026-01-26-12:02:06
15.0,50.0,18.0,8.0,0.5942105,0.50747365,0.590421,2026-01-26-12:02:08
16.0,50.0,14.0,9.0,0.6023684,0.50557894,0.60073686,2026-01-26-12:02:08
18.0,50.0,7.0,10.0,0.6086842,0.49778944,0.6023685,2026-01-26-12:02:08
18.0,50.0,19.0,5.0,0.5936842,0.51978946,0.5423684,2026-01-26-12:02:08
20.0,50.0,8.0,8.0,0.61,0.508,0.572,2026-01-26-12:02:08
19.0,50.0,8.0,9.0,0.6118421,0.5058948,0.58968425,2026-01-26-12:02:10
19.0,50.0,20.0,3.0,0.5818421,0.51789474,0.5056842,2026-01-26-12:02:10
19.0,50.0,13.0,7.0,0.6068421,0.5158947,0.5666842,2026-01-26-12:02:10
19.0,50.0,4.0,10.0,0.60684204,0.49189472,0.5936842,2026-01-26-12:02:10
11.0,50.0,17.0,10.0,0.566579,0.47305262,0.6081579,2026-01-26-12:02:10
20.0,50.0,5.0,9.0,0.60999995,0.5,0.581,2026-01-26-12:02:11
18.0,50.0,6.0,10.0,0.6036842,0.49178946,0.5973684,2026-01-26-12:02:11
18.0,50.0,13.0,8.0,0.6086842,0.5137895,0.5843684,2026-01-26-12:02:11
13.0,50.0,14.0,10.0,0.5778948,0.47926316,0.6057895,2026-01-26-12:02:11
9.0,50.0,20.0,10.0,0.55526316,0.46684211,0.6105263,2026-01-26-12:02:11
20.0,50.0,11.0,7.0,0.61,0.51600003,0.563,2026-01-26-12:02:13
15.0,50.0,11.0,10.0,0.5892105,0.48547366,0.60342103,2026-01-26-12:02:13
3.0,40.0,20.0,10.0,0.42447367,0.35539475,0.50263155,2026-01-26-12:02:13
14.0,30.0,9.0,9.0,0.42710528,0.35926315,0.4261053,2026-01-26-12:02:13
18.0,50.0,9.0,9.0,0.6036842,0.49978945,0.5883684,2026-01-26-12:02:13
17.0,50.0,7.0,10.0,0.59552634,0.4856842,0.59605265,2026-01-26-12:02:15
19.0,50.0,10.0,8.0,0.6068421,0.50789475,0.5756842,2026-01-26-12:02:15
17.0,40.0,20.0,9.0,0.5807895,0.5056579,0.5685526,2026-01-26-12:02:15
20.0,40.0,18.0,8.0,0.59250003,0.518,0.555,2026-01-26-12:02:15
20.0,50.0,12.0,6.0,0.59999996,0.512,0.544,2026-01-26-12:02:15
18.0,50.0,12.0,8.0,0.6036842,0.5077895,0.5793684,2026-01-26-12:02:17
12.0,50.0,15.0,10.0,0.5697369,0.47315788,0.6044737,2026-01-26-12:02:17
10.0,50.0,18.0,10.0,0.5584211,0.46694735,0.6068421,2026-01-26-12:02:17
20.0,50.0,14.0,5.0,0.59499997,0.514,0.53,2026-01-26-12:02:17
17.0,50.0,14.0,8.0,0.60052633,0.50768423,0.58305264,2026-01-26-12:02:17
13.0,50.0,18.0,9.0,0.5828947,0.49326316,0.6017895,2026-01-26-12:02:19
16.0,50.0,19.0,7.0,0.5973685,0.5155789,0.57773685,2026-01-26-12:02:19
18.0,50.0,15.0,7.0,0.6036842,0.51578945,0.5703684,2026-01-26-12:02:19
19.0,50.0,9.0,8.0,0.6018421,0.5018948,0.5706842,2026-01-26-12:02:19
17.0,50.0,18.0,7.0,0.6055263,0.52168417,0.5790526,2026-01-26-12:02:19
15.0,50.0,20.0,7.0,0.58921057,0.5094737,0.5764211,2026-01-26-12:02:20
11.0,50.0,16.0,10.0,0.561579,0.46705264,0.6031579,2026-01-26-12:02:20
17.0,50.0,19.0,6.0,0.59552634,0.5176842,0.56005263,2026-01-26-12:02:20
19.0,50.0,7.0,9.0,0.6068421,0.49989474,0.58468425,2026-01-26-12:02:20
19.0,50.0,18.0,4.0,0.58684206,0.5158948,0.5196842,2026-01-26-12:02:20
17.0,50.0,11.0,9.0,0.60052633,0.49968418,0.59205264,2026-01-26-12:02:22
19.0,40.0,17.0,9.0,0.5902632,0.51055264,0.56618416,2026-01-26-12:02:22
12.0,50.0,19.0,9.0,0.5747369,0.48715788,0.6004737,2026-01-26-12:02:22
20.0,50.0,18.0,3.0,0.585,0.518,0.502,2026-01-26-12:02:22
20.0,50.0,7.0,8.0,0.605,0.50200003,0.56700003,2026-01-26-12:02:22
17.0,40.0,19.0,10.0,0.5907895,0.50965786,0.5860526,2026-01-26-12:02:23
19.0,50.0,16.0,5.0,0.59184206,0.51389474,0.5336842,2026-01-26-12:02:23
8.0,50.0,20.0,10.0,0.5421053,0.45473686,0.60421056,2026-01-26-12:02:23
19.0,50.0,2.0,10.0,0.59684205,0.47989476,0.5836842,2026-01-26-12:02:23
14.0,50.0,12.0,10.0,0.58105266,0.47936842,0.60210526,2026-01-26-12:02:23
20.0,50.0,1.0,10.0,0.60499996,0.48600003,0.585,2026-01-26-12:02:25
20.0,50.0,16.0,4.0,0.59,0.516,0.51600003,2026-01-26-12:02:25
9.0,50.0,18.0,10.0,0.5452631,0.4548421,0.60052633,2026-01-26-12:02:25
20.0,40.0,19.0,7.0,0.5825,0.514,0.5375,2026-01-26-12:02:25
19.0,50.0,12.0,7.0,0.6018421,0.5098947,0.5616842,2026-01-26-12:02:25
19.0,40.0,15.0,10.0,0.5952632,0.5085527,0.5786842,2026-01-26-12:02:27
14.0,50.0,20.0,8.0,0.59105265,0.50736845,0.5941053,2026-01-26-12:02:27
14.0,50.0,16.0,9.0,0.5860526,0.49336845,0.59810525,2026-01-26-12:02:27
1.0,40.0,17.0,3.0,0.28,0.24450001,0.3175,2026-01-26-12:02:27
14.0,40.0,17.0,5.0,0.46907896,0.4133158,0.4446053,2026-01-26-12:02:27
18.0,40.0,17.0,10.0,0.59302634,0.50910527,0.58236843,2026-01-26-12:02:29
11.0,50.0,20.0,9.0,0.566579,0.48105264,0.5991579,2026-01-26-12:02:29
20.0,40.0,17.0,8.0,0.58750004,0.512,0.55,2026-01-26-12:02:29
10.0,50.0,17.0,10.0,0.5534211,0.46094736,0.6018421,2026-01-26-12:02:29
18.0,50.0,5.0,10.0,0.5986842,0.48578945,0.5923684,2026-01-26-12:02:29
19.0,50.0,3.0,10.0,0.60184205,0.48589474,0.5886842,2026-01-26-12:02:30
16.0,50.0,20.0,6.0,0.5873684,0.511579,0.55873686,2026-01-26-12:02:30
13.0,50.0,20.0,8.0,0.5778948,0.4952632,0.5877895,2026-01-26-12:02:30
16.0,50.0,9.0,10.0,0.5923684,0.48557892,0.59973687,2026-01-26-12:02:30
12.0,50.0,8.0,6.0,0.47473687,0.39115793,0.4734737,2026-01-26-12:02:30
14.0,50.0,19.0,8.0,0.58605266,0.5013684,0.58910525,2026-01-26-12:02:32
20.0,40.0,13.0,10.0,0.5975,0.508,0.575,2026-01-26-12:02:32
8.0,50.0,19.0,10.0,0.5371053,0.44873685,0.59921056,2026-01-26-12:02:32
17.0,50.0,20.0,5.0,0.58552635,0.5136842,0.54105264,2026-01-26-12:02:32
20.0,50.0,9.0,7.0,0.6,0.504,0.55300003,2026-01-26-12:02:32
17.0,50.0,10.0,9.0,0.59552634,0.4936842,0.58705264,2026-01-26-12:02:34
20.0,40.0,18.0,7.0,0.5775,0.508,0.53249997,2026-01-26-12:02:34
15.0,50.0,10.0,10.0,0.5842105,0.47947368,0.59842104,2026-01-26-12:02:34
18.0,50.0,8.0,9.0,0.5986842,0.49378946,0.5833684,2026-01-26-12:02:34
17.0,50.0,16.0,7.0,0.59552634,0.5096842,0.56905264,2026-01-26-12:02:34
16.0,50.0,18.0,7.0,0.5923684,0.50957894,0.57273686,2026-01-26-12:02:35
10.0,50.0,16.0,10.0,0.5484211,0.45494738,0.5968421,2026-01-26-12:02:35
16.0,50.0,13.0,9.0,0.5973684,0.49957895,0.59573686,2026-01-26-12:02:35
15.0,50.0,14.0,9.0,0.5892105,0.49347368,0.5944211,2026-01-26-12:02:35
16.0,50.0,8.0,10.0,0.5873684,0.47957894,0.5947369,2026-01-26-12:02:35
16.0,40.0,20.0,10.0,0.5835526,0.50421053,0.5847369,2026-01-26-12:02:37
18.0,50.0,17.0,6.0,0.5986842,0.5177895,0.5563684,2026-01-26-12:02:37
13.0,50.0,17.0,9.0,0.5778947,0.48726317,0.5967895,2026-01-26-12:02:37
12.0,50.0,14.0,10.0,0.5647369,0.4671579,0.5994737,2026-01-26-12:02:37
8.0,40.0,14.0,7.0,0.4106579,0.3466316,0.43671054,2026-01-26-12:02:37
20.0,50.0,4.0,9.0,0.60499996,0.49400002,0.576,2026-01-26-12:02:38
19.0,40.0,20.0,7.0,0.5752632,0.5085527,0.5361842,2026-01-26-12:02:38
11.0,50.0,19.0,9.0,0.561579,0.47505262,0.59415793,2026-01-26-12:02:38
19.0,50.0,17.0,4.0,0.58184206,0.5098947,0.5146842,2026-01-26-12:02:38
20.0,40.0,15.0,9.0,0.59250003,0.51000005,0.5625,2026-01-26-12:02:38
14.0,50.0,11.0,10.0,0.5760526,0.4733684,0.59710526,2026-01-26-12:02:40
19.0,50.0,11.0,7.0,0.5968421,0.50389475,0.5566842,2026-01-26-12:02:40
19.0,50.0,6.0,9.0,0.60184205,0.49389476,0.57968426,2026-01-26-12:02:40
17.0,50.0,19.0,5.0,0.5805263,0.50768423,0.5360526,2026-01-26-12:02:40
13.0,50.0,12.0,10.0,0.5678948,0.46726316,0.5957895,2026-01-26-12:02:40
14.0,50.0,15.0,9.0,0.5810526,0.48736843,0.59310526,2026-01-26-12:02:42
20.0,50.0,6.0,8.0,0.59999996,0.49600005,0.56200004,2026-01-26-12:02:42
18.0,50.0,16.0,6.0,0.5936842,0.5117895,0.5513684,2026-01-26-12:02:42
17.0,50.0,9.0,9.0,0.59052634,0.4876842,0.58205265,2026-01-26-12:02:42
18.0,50.0,20.0,4.0,0.5836842,0.51578945,0.5233684,2026-01-26-12:02:42
18.0,50.0,17.0,5.0,0.5836842,0.5077895,0.53236836,2026-01-26-12:02:44
17.0,40.0,14.0,4.0,0.47578946,0.4196579,0.42605263,2026-01-26-12:02:44
18.0,30.0,6.0,9.0,0.45736843,0.38442108,0.43636844,2026-01-26-12:02:44
16.0,40.0,13.0,3.0,0.44355264,0.3922105,0.39223686,2026-01-26-12:02:44
14.0,40.0,12.0,9.0,0.5040789,0.4233158,0.5096052,2026-01-26-12:02:44
18.0,40.0,16.0,10.0,0.58802634,0.5031052,0.57736844,2026-01-26-12:02:46
9.0,50.0,17.0,10.0,0.5402631,0.4488421,0.59552634,2026-01-26-12:02:46
20.0,50.0,2.0,9.0,0.59499997,0.48200002,0.566,2026-01-26-12:02:46
7.0,50.0,20.0,10.0,0.5289474,0.44263157,0.5978947,2026-01-26-12:02:46
11.0,50.0,15.0,10.0,0.556579,0.46105263,0.5981579,2026-01-26-12:02:46
20.0,40.0,12.0,10.0,0.59250003,0.50200003,0.57,2026-01-26-12:02:47
19.0,50.0,14.0,6.0,0.5968421,0.51189476,0.54768425,2026-01-26-12:02:47
14.0,50.0,10.0,10.0,0.5710526,0.46736842,0.59210527,2026-01-26-12:02:47
16.0,50.0,12.0,9.0,0.5923684,0.49357894,0.59073687,2026-01-26-12:02:47
11.0,50.0,18.0,9.0,0.55657893,0.4690526,0.5891579,2026-01-26-12:02:47
19.0,40.0,14.0,10.0,0.5902632,0.5025526,0.5736842,2026-01-26-12:02:49
17.0,40.0,18.0,10.0,0.5857895,0.5036579,0.5810526,2026-01-26-12:02:49
12.0,50.0,18.0,9.0,0.56973684,0.4811579,0.5954737,2026-01-26-12:02:49
12.0,50.0,13.0,10.0,0.5597369,0.46115792,0.59447366,2026-01-26-12:02:49
13.0,40.0,20.0,9.0,0.5318421,0.45986843,0.5432895,2026-01-26-12:02:49
17.0,50.0,6.0,10.0,0.5905263,0.4796842,0.5910526,2026-01-26-12:02:51
20.0,50.0,19.0,2.0,0.575,0.514,0.483,2026-01-26-12:02:51
18.0,50.0,14.0,7.0,0.5986842,0.50978947,0.5653684,2026-01-26-12:02:51
20.0,50.0,3.0,9.0,0.59999996,0.48800004,0.571,2026-01-26-12:02:51
16.0,50.0,8.0,8.0,0.55736846,0.45957896,0.54673684,2026-01-26-12:02:51
15.0,50.0,13.0,9.0,0.5842105,0.4874737,0.58942103,2026-01-26-12:02:53
20.0,50.0,17.0,3.0,0.58,0.512,0.497,2026-01-26-12:02:53
11.0,50.0,14.0,10.0,0.551579,0.4550526,0.5931579,2026-01-26-12:02:53
19.0,50.0,13.0,6.0,0.59184206,0.5058947,0.5426842,2026-01-26-12:02:53
20.0,50.0,8.0,7.0,0.595,0.49800003,0.54800004,2026-01-26-12:02:53
15.0,50.0,19.0,7.0,0.5842106,0.50347364,0.5714211,2026-01-26-12:02:55
10.0,50.0,20.0,9.0,0.5534211,0.46894738,0.59284216,2026-01-26-12:02:55
16.0,50.0,15.0,8.0,0.5923684,0.501579,0.58173686,2026-01-26-12:02:55
2.0,20.0,3.0,2.0,0.10539474,0.08563159,0.115315795,2026-01-26-12:02:55
17.0,50.0,13.0,8.0,0.59552634,0.50168425,0.57805264,2026-01-26-12:02:55
16.0,50.0,11.0,9.0,0.5873684,0.48757893,0.5857369,2026-01-26-12:02:56
16.0,50.0,19.0,6.0,0.58236843,0.50557894,0.55373687,2026-01-26-12:02:56
15.0,50.0,9.0,10.0,0.5792105,0.47347367,0.59342104,2026-01-26-12:02:56
20.0,40.0,19.0,6.0,0.5675,0.504,0.515,2026-01-26-12:02:56
17.0,40.0,19.0,9.0,0.57578945,0.4996579,0.56355256,2026-01-26-12:02:56
19.0,50.0,1.0,10.0,0.59184206,0.47389477,0.5786842,2026-01-26-12:02:58
19.0,50.0,8.0,8.0,0.5968421,0.4958948,0.5656842,2026-01-26-12:02:58
19.0,40.0,18.0,8.0,0.5802632,0.50655264,0.54868424,2026-01-26-12:02:58
20.0,40.0,17.0,7.0,0.5725,0.50200003,0.52750003,2026-01-26-12:02:58
9.0,50.0,20.0,9.0,0.5402632,0.45684212,0.58652633,2026-01-26-12:02:58
17.0,50.0,18.0,6.0,0.59052634,0.5116842,0.55505264,2026-01-26-12:03:00
13.0,50.0,16.0,9.0,0.5728947,0.4812632,0.5917895,2026-01-26-12:03:00
20.0,50.0,13.0,5.0,0.59,0.508,0.525,2026-01-26-12:03:00
17.0,50.0,12.0,8.0,0.59052634,0.4956842,0.57305264,2026-01-26-12:03:00
18.0,50.0,4.0,10.0,0.5936842,0.47978944,0.5873684,2026-01-26-12:03:00
18.0,50.0,11.0,8.0,0.5986842,0.50178945,0.5743684,2026-01-26-12:03:01
8.0,50.0,18.0,10.0,0.53210527,0.44273683,0.5942105,2026-01-26-12:03:01
10.0,50.0,15.0,10.0,0.5434211,0.44894737,0.5918421,2026-01-26-12:03:01
16.0,50.0,10.0,9.0,0.58236843,0.48157895,0.5807369,2026-01-26-12:03:01
19.0,50.0,15.0,5.0,0.58684206,0.50789475,0.5286842,2026-01-26-12:03:01
15.0,50.0,17.0,8.0,0.5892105,0.50147367,0.585421,2026-01-26-12:03:03
12.0,50.0,17.0,9.0,0.56473684,0.47515792,0.5904737,2026-01-26-12:03:03
18.0,50.0,15.0,6.0,0.5886842,0.50578946,0.5463684,2026-01-26-12:03:03
12.0,50.0,20.0,8.0,0.5647369,0.48315793,0.5814737,2026-01-26-12:03:03
18.0,50.0,13.0,7.0,0.5936842,0.5037895,0.5603684,2026-01-26-12:03:03
16.0,50.0,14.0,8.0,0.5873684,0.49557894,0.57673687,2026-01-26-12:03:05
10.0,50.0,14.0,10.0,0.5384211,0.44294736,0.5868421,2026-01-26-12:03:05
18.0,40.0,15.0,10.0,0.58302635,0.49710524,0.57236844,2026-01-26-12:03:05
20.0,40.0,16.0,8.0,0.58250004,0.50600004,0.545,2026-01-26-12:03:05
16.0,40.0,19.0,10.0,0.5785526,0.49821052,0.5797369,2026-01-26-12:03:05
16.0,50.0,7.0,10.0,0.58236843,0.47357893,0.5897369,2026-01-26-12:03:06
20.0,40.0,14.0,9.0,0.58750004,0.504,0.5575,2026-01-26-12:03:06
20.0,40.0,15.0,8.0,0.57750005,0.50000006,0.54,2026-01-26-12:03:06
19.0,50.0,5.0,9.0,0.59684205,0.48789477,0.5746842,2026-01-26-12:03:06
16.0,50.0,17.0,7.0,0.5873684,0.50357896,0.56773686,2026-01-26-12:03:06
19.0,40.0,13.0,10.0,0.5852632,0.49655265,0.5686842,2026-01-26-12:03:08
17.0,50.0,8.0,9.0,0.58552635,0.4816842,0.57705265,2026-01-26-12:03:08
18.0,50.0,19.0,4.0,0.5786842,0.50978947,0.5183684,2026-01-26-12:03:08
17.0,30.0,4.0,4.0,0.36105266,0.31163156,0.31505263,2026-01-26-12:03:08
8.0,50.0,17.0,10.0,0.5271053,0.43673685,0.5892105,2026-01-26-12:03:08
18.0,50.0,10.0,8.0,0.5936842,0.49578947,0.5693684,2026-01-26-12:03:10
18.0,50.0,3.0,10.0,0.5886842,0.47378945,0.58236843,2026-01-26-12:03:10
20.0,40.0,11.0,10.0,0.58750004,0.496,0.565,2026-01-26-12:03:10
20.0,50.0,18.0,2.0,0.57,0.508,0.47800002,2026-01-26-12:03:10
14.0,50.0,18.0,8.0,0.5810526,0.49536842,0.58410525,2026-01-26-12:03:10
19.0,40.0,16.0,9.0,0.5852632,0.50455266,0.56118417,2026-01-26-12:03:11
12.0,50.0,16.0,9.0,0.55973685,0.46915793,0.5854737,2026-01-26-12:03:11
13.0,50.0,19.0,8.0,0.5728948,0.48926318,0.5827894,2026-01-26-12:03:11
18.0,50.0,12.0,7.0,0.5886842,0.49778944,0.5553684,2026-01-26-12:03:11
7.0,50.0,19.0,10.0,0.5239474,0.43663156,0.59289473,2026-01-26-12:03:11
14.0,50.0,17.0,8.0,0.5760526,0.48936844,0.57910526,2026-01-26-12:03:13
20.0,50.0,16.0,3.0,0.575,0.506,0.492,2026-01-26-12:03:13
17.0,50.0,5.0,10.0,0.5855263,0.4736842,0.5860526,2026-01-26-12:03:13
19.0,50.0,7.0,8.0,0.5918421,0.48989475,0.5606842,2026-01-26-12:03:13
20.0,50.0,14.0,4.0,0.58,0.504,0.506,2026-01-26-12:03:13
15.0,40.0,20.0,10.0,0.57131577,0.49276316,0.57842106,2026-01-26-12:03:15
15.0,50.0,8.0,10.0,0.5742105,0.4674737,0.58842105,2026-01-26-12:03:15
15.0,50.0,16.0,8.0,0.5842105,0.4954737,0.58042103,2026-01-26-12:03:15
18.0,40.0,20.0,8.0,0.57802635,0.5071053,0.55236846,2026-01-26-12:03:15
19.0,50.0,10.0,7.0,0.5918421,0.49789476,0.5516842,2026-01-26-12:03:15
20.0,40.0,10.0,10.0,0.58250004,0.49,0.56,2026-01-26-12:03:16
19.0,40.0,15.0,9.0,0.5802632,0.49855265,0.5561842,2026-01-26-12:03:16
13.0,50.0,11.0,10.0,0.5628947,0.46126315,0.5907895,2026-01-26-12:03:16
18.0,40.0,19.0,8.0,0.5730263,0.50110525,0.5473684,2026-01-26-12:03:16
19.0,40.0,17.0,8.0,0.5752632,0.50055265,0.54368424,2026-01-26-12:03:16
18.0,50.0,2.0,10.0,0.5836842,0.46778944,0.57736844,2026-01-26-12:03:18
20.0,50.0,11.0,6.0,0.59499997,0.50600004,0.53900003,2026-01-26-12:03:18
16.0,50.0,6.0,10.0,0.57736844,0.46757895,0.5847369,2026-01-26-12:03:18
16.0,40.0,9.0,6.0,0.46855262,0.39821053,0.43973684,2026-01-26-12:03:18
20.0,50.0,7.0,7.0,0.59000003,0.492,0.54300004,2026-01-26-12:03:18
15.0,50.0,12.0,9.0,0.5792105,0.48147368,0.58442104,2026-01-26-12:03:19
18.0,50.0,16.0,5.0,0.5786842,0.5017895,0.5273684,2026-01-26-12:03:19
18.0,50.0,9.0,8.0,0.5886842,0.48978946,0.5643684,2026-01-26-12:03:19
20.0,50.0,10.0,6.0,0.59,0.5,0.53400004,2026-01-26-12:03:19
11.0,50.0,13.0,10.0,0.546579,0.44905263,0.5881579,2026-01-26-12:03:19
16.0,40.0,18.0,10.0,0.5735526,0.49221054,0.57473683,2026-01-26-12:03:21
17.0,50.0,20.0,4.0,0.57052636,0.5036842,0.51705265,2026-01-26-12:03:21
20.0,50.0,1.0,9.0,0.59,0.47600004,0.561,2026-01-26-12:03:21
14.0,50.0,9.0,10.0,0.5660526,0.4613684,0.5871053,2026-01-26-12:03:21
11.0,50.0,20.0,8.0,0.551579,0.47105265,0.5751579,2026-01-26-12:03:21
20.0,50.0,12.0,5.0,0.585,0.50200003,0.52,2026-01-26-12:03:23
9.0,50.0,16.0,10.0,0.5352631,0.44284213,0.59052634,2026-01-26-12:03:23
13.0,50.0,18.0,8.0,0.5678947,0.48326316,0.5777894,2026-01-26-12:03:23
14.0,50.0,20.0,7.0,0.57605267,0.49736843,0.5701053,2026-01-26-12:03:23
19.0,50.0,9.0,7.0,0.5868421,0.49189472,0.5466842,2026-01-26-12:03:23
17.0,50.0,11.0,8.0,0.58552635,0.4896842,0.56805265,2026-01-26-12:03:25
19.0,50.0,20.0,2.0,0.5668421,0.50789475,0.4816842,2026-01-26-12:03:25
6.0,50.0,19.0,10.0,0.5107895,0.4245263,0.58657897,2026-01-26-12:03:25
14.0,50.0,13.0,9.0,0.5710526,0.47536844,0.58310527,2026-01-26-12:03:25
19.0,50.0,14.0,5.0,0.58184206,0.5018948,0.5236842,2026-01-26-12:03:25
18.0,50.0,14.0,6.0,0.5836842,0.49978945,0.5413684,2026-01-26-12:03:26
10.0,50.0,19.0,9.0,0.5484211,0.46294737,0.5878421,2026-01-26-12:03:26
15.0,50.0,20.0,6.0,0.5742105,0.4994737,0.5524211,2026-01-26-12:03:26
18.0,50.0,11.0,7.0,0.5836842,0.49178943,0.5503684,2026-01-26-12:03:26
18.0,40.0,20.0,7.0,0.56302637,0.49710524,0.5298684,2026-01-26-12:03:26
16.0,50.0,13.0,8.0,0.58236843,0.48957896,0.5717368,2026-01-26-12:03:28
17.0,50.0,14.0,7.0,0.58552635,0.49768418,0.55905265,2026-01-26-12:03:28
11.0,50.0,17.0,9.0,0.55157894,0.46305263,0.5841579,2026-01-26-12:03:28
15.0,50.0,7.0,10.0,0.5692105,0.46147367,0.58342105,2026-01-26-12:03:28
18.0,50.0,15.0,5.0,0.5736842,0.49578947,0.5223684,2026-01-26-12:03:28
15.0,50.0,18.0,7.0,0.5792105,0.49747366,0.56642103,2026-01-26-12:03:30
11.0,50.0,12.0,10.0,0.541579,0.44305262,0.5831579,2026-01-26-12:03:30
20.0,50.0,19.0,1.0,0.56,0.504,0.45900002,2026-01-26-12:03:30
13.0,50.0,10.0,10.0,0.5578947,0.45526317,0.5857895,2026-01-26-12:03:30
13.0,50.0,15.0,9.0,0.5678947,0.47526318,0.5867895,2026-01-26-12:03:30
19.0,50.0,4.0,9.0,0.59184206,0.48189473,0.5696842,2026-01-26-12:03:31
16.0,50.0,20.0,5.0,0.57236844,0.501579,0.5347368,2026-01-26-12:03:31
7.0,50.0,18.0,10.0,0.51894736,0.43063158,0.58789474,2026-01-26-12:03:31
17.0,50.0,19.0,4.0,0.5655263,0.49768418,0.51205266,2026-01-26-12:03:31
17.0,50.0,4.0,10.0,0.5805263,0.46768418,0.5810526,2026-01-26-12:03:31
18.0,50.0,8.0,8.0,0.5836842,0.48378947,0.55936843,2026-01-26-12:03:33
9.0,50.0,15.0,10.0,0.5302631,0.4368421,0.58552635,2026-01-26-12:03:33
17.0,50.0,16.0,6.0,0.58052635,0.4996842,0.54505265,2026-01-26-12:03:33
20.0,50.0,15.0,3.0,0.57,0.5,0.487,2026-01-26-12:03:33
12.0,50.0,15.0,9.0,0.55473685,0.4631579,0.5804737,2026-01-26-12:03:33
19.0,40.0,12.0,10.0,0.5802632,0.49055263,0.5636842,2026-01-26-12:03:35
12.0,50.0,11.0,10.0,0.54973686,0.4491579,0.58447367,2026-01-26-12:03:35
19.0,50.0,16.0,4.0,0.57684207,0.50389475,0.5096842,2026-01-26-12:03:35
9.0,50.0,19.0,9.0,0.5352632,0.4508421,0.58152634,2026-01-26-12:03:35
19.0,50.0,3.0,9.0,0.58684206,0.47589475,0.5646842,2026-01-26-12:03:35
17.0,50.0,7.0,9.0,0.58052635,0.4756842,0.57205266,2026-01-26-12:03:37
16.0,50.0,18.0,6.0,0.57736844,0.49957892,0.5487369,2026-01-26-12:03:37
8.0,50.0,16.0,10.0,0.5221053,0.43073687,0.5842105,2026-01-26-12:03:37
6.0,20.0,12.0,4.0,0.22197369,0.20015791,0.22457895,2026-01-26-12:03:37
8.0,50.0,20.0,9.0,0.52710533,0.44473687,0.58021057,2026-01-26-12:03:37
17.0,40.0,16.0,10.0,0.5757895,0.49165788,0.5710526,2026-01-26-12:03:38
16.0,50.0,9.0,9.0,0.57736844,0.47557893,0.5757369,2026-01-26-12:03:38
20.0,50.0,13.0,4.0,0.575,0.498,0.501,2026-01-26-12:03:38
16.0,50.0,19.0,5.0,0.5673684,0.49557894,0.5297368,2026-01-26-12:03:38
4.0,50.0,20.0,10.0,0.4894737,0.40631577,0.57894737,2026-01-26-12:03:38
12.0,50.0,19.0,8.0,0.5597369,0.4771579,0.5764737,2026-01-26-12:03:40
20.0,40.0,13.0,9.0,0.58250004,0.49800003,0.55249995,2026-01-26-12:03:40
19.0,50.0,6.0,8.0,0.58684206,0.48389477,0.5556842,2026-01-26-12:03:40
6.0,50.0,18.0,10.0,0.5057895,0.41852632,0.58157897,2026-01-26-12:03:40
20.0,50.0,17.0,2.0,0.565,0.50200003,0.47300002,2026-01-26-12:03:40
13.0,50.0,14.0,9.0,0.5628947,0.46926317,0.5817895,2026-01-26-12:03:42
18.0,50.0,20.0,3.0,0.5686842,0.50578946,0.4993684,2026-01-26-12:03:42
17.0,50.0,3.0,10.0,0.5755263,0.4616842,0.5760526,2026-01-26-12:03:42
20.0,50.0,3.0,8.0,0.585,0.47800004,0.547,2026-01-26-12:03:42
19.0,50.0,18.0,3.0,0.5718421,0.5058948,0.4956842,2026-01-26-12:03:42
18.0,40.0,17.0,9.0,0.5780263,0.49910527,0.5598684,2026-01-26-12:03:44
10.0,50.0,18.0,9.0,0.54342103,0.45694736,0.5828421,2026-01-26-12:03:44
20.0,50.0,11.0,5.0,0.58,0.49600005,0.515,2026-01-26-12:03:44
20.0,50.0,9.0,6.0,0.585,0.49400002,0.529,2026-01-26-12:03:44
20.0,50.0,14.0,3.0,0.565,0.49400002,0.482,2026-01-26-12:03:44
18.0,40.0,14.0,10.0,0.57802635,0.49110526,0.56736845,2026-01-26-12:03:46
15.0,50.0,11.0,9.0,0.5742105,0.47547367,0.57942104,2026-01-26-12:03:46
19.0,50.0,17.0,3.0,0.5668421,0.49989474,0.4906842,2026-01-26-12:03:46
18.0,50.0,6.0,9.0,0.5886842,0.48178947,0.57336843,2026-01-26-12:03:46
19.0,40.0,20.0,6.0,0.5602632,0.49855265,0.5136842,2026-01-26-12:03:46
17.0,50.0,10.0,8.0,0.58052635,0.4836842,0.56305265,2026-01-26-12:03:48
19.0,50.0,13.0,5.0,0.57684207,0.49589473,0.5186842,2026-01-26-12:03:48
10.0,50.0,13.0,10.0,0.5334211,0.43694738,0.5818421,2026-01-26-12:03:48
14.0,50.0,12.0,9.0,0.5660526,0.46936843,0.5781053,2026-01-26-12:03:48
15.0,40.0,19.0,10.0,0.56631577,0.48676315,0.57342106,2026-01-26-12:03:48
16.0,50.0,12.0,8.0,0.57736844,0.48357895,0.5667368,2026-01-26-12:03:49
18.0,50.0,17.0,4.0,0.5686842,0.49778944,0.50836843,2026-01-26-12:03:49
20.0,50.0,10.0,5.0,0.575,0.49000004,0.51,2026-01-26-12:03:49
5.0,50.0,20.0,10.0,0.5026316,0.41842106,0.5852632,2026-01-26-12:03:49
15.0,50.0,6.0,10.0,0.56421053,0.4554737,0.57842106,2026-01-26-12:03:49
16.0,40.0,20.0,9.0,0.5685526,0.49421054,0.56223685,2026-01-26-12:03:51
14.0,50.0,8.0,10.0,0.5610526,0.45536843,0.5821053,2026-01-26-12:03:51
20.0,50.0,8.0,6.0,0.58,0.48800004,0.524,2026-01-26-12:03:51
20.0,40.0,16.0,7.0,0.5675,0.49600002,0.52250004,2026-01-26-12:03:51
20.0,50.0,6.0,7.0,0.585,0.48600003,0.53800005,2026-01-26-12:03:51
14.0,40.0,20.0,10.0,0.55907893,0.4813158,0.5721053,2026-01-26-12:03:53
19.0,40.0,11.0,10.0,0.5752632,0.48455262,0.55868423,2026-01-26-12:03:53
17.0,40.0,18.0,9.0,0.57078946,0.49365792,0.55855256,2026-01-26-12:03:53
16.0,50.0,5.0,10.0,0.57236844,0.46157894,0.5797368,2026-01-26-12:03:53
19.0,30.0,20.0,10.0,0.55368423,0.48921052,0.5336842,2026-01-26-12:03:53
20.0,40.0,14.0,8.0,0.57250005,0.49400002,0.535,2026-01-26-12:03:55
20.0,40.0,9.0,10.0,0.57750005,0.484,0.555,2026-01-26-12:03:55
12.0,50.0,14.0,9.0,0.54973686,0.4571579,0.5754737,2026-01-26-12:03:55
7.0,50.0,17.0,10.0,0.51394737,0.4246316,0.58289474,2026-01-26-12:03:55
18.0,50.0,19.0,3.0,0.5636842,0.49978945,0.4943684,2026-01-26-12:03:55
15.0,50.0,19.0,6.0,0.5692105,0.49347368,0.5474211,2026-01-26-12:03:56
10.0,50.0,12.0,10.0,0.5284211,0.43094736,0.5768421,2026-01-26-12:03:56
13.0,50.0,9.0,10.0,0.5528947,0.44926316,0.5807895,2026-01-26-12:03:56
18.0,50.0,5.0,9.0,0.5836842,0.47578946,0.56836843,2026-01-26-12:03:56
2.0,40.0,1.0,4.0,0.22723684,0.16994739,0.26631576,2026-01-26-12:03:56
18.0,40.0,13.0,10.0,0.5730263,0.48510522,0.56236845,2026-01-26-12:03:58
17.0,50.0,13.0,7.0,0.58052635,0.4916842,0.55405265,2026-01-26-12:03:58
16.0,50.0,8.0,9.0,0.57236844,0.46957895,0.5707369,2026-01-26-12:03:58
9.0,50.0,18.0,9.0,0.5302631,0.4448421,0.57652634,2026-01-26-12:03:58
18.0,50.0,20.0,2.0,0.55368423,0.49578947,0.4753684,2026-01-26-12:03:58
14.0,50.0,15.0,8.0,0.5660526,0.47736844,0.56910527,2026-01-26-12:04:00
18.0,50.0,13.0,6.0,0.5786842,0.49378946,0.5363684,2026-01-26-12:04:00
20.0,40.0,19.0,5.0,0.5525,0.49400002,0.4925,2026-01-26-12:04:00
19.0,50.0,12.0,6.0,0.58684206,0.49989474,0.5376842,2026-01-26-12:04:00
7.0,50.0,20.0,9.0,0.51394737,0.43263158,0.57389474,2026-01-26-12:04:00
16.0,50.0,15.0,7.0,0.57736844,0.49157894,0.5577369,2026-01-26-12:04:01
16.0,50.0,11.0,8.0,0.57236844,0.47757894,0.5617368,2026-01-26-12:04:01
3.0,50.0,20.0,10.0,0.4763158,0.39421052,0.5726316,2026-01-26-12:04:01
2.0,10.0,12.0,3.0,0.114473686,0.11147369,0.1203158,2026-01-26-12:04:01
20.0,40.0,18.0,6.0,0.5625,0.498,0.51,2026-01-26-12:04:01
18.0,40.0,16.0,9.0,0.5730263,0.49310523,0.5548684,2026-01-26-12:04:03
8.0,50.0,15.0,10.0,0.5171053,0.42473686,0.5792105,2026-01-26-12:04:03
20.0,50.0,12.0,4.0,0.57,0.492,0.496,2026-01-26-12:04:03
19.0,50.0,8.0,7.0,0.5818421,0.48589474,0.5416842,2026-01-26-12:04:03
16.0,50.0,4.0,10.0,0.56736845,0.45557892,0.57473683,2026-01-26-12:04:03
16.0,40.0,19.0,9.0,0.5635526,0.48821053,0.55723685,2026-01-26-12:04:05
15.0,50.0,14.0,8.0,0.5742105,0.4834737,0.57042104,2026-01-26-12:04:05
19.0,40.0,11.0,8.0,0.5452632,0.46455264,0.5136842,2026-01-26-12:04:05
19.0,40.0,18.0,7.0,0.56526315,0.49655262,0.5261842,2026-01-26-12:04:05
19.0,40.0,14.0,9.0,0.5752632,0.49255264,0.5511842,2026-01-26-12:04:05
15.0,50.0,10.0,9.0,0.5692105,0.4694737,0.57442105,2026-01-26-12:04:07
15.0,50.0,17.0,7.0,0.5742105,0.49147367,0.56142104,2026-01-26-12:04:07
19.0,50.0,11.0,6.0,0.58184206,0.49389476,0.5326842,2026-01-26-12:04:07
16.0,50.0,17.0,6.0,0.57236844,0.49357894,0.5437369,2026-01-26-12:04:07
18.0,50.0,12.0,6.0,0.5736842,0.48778945,0.53136843,2026-01-26-12:04:07
19.0,50.0,2.0,9.0,0.58184206,0.46989477,0.5596842,2026-01-26-12:04:08
19.0,50.0,20.0,1.0,0.5518421,0.49789476,0.45768422,2026-01-26-12:04:08
17.0,50.0,15.0,6.0,0.57552636,0.4936842,0.54005265,2026-01-26-12:04:08
6.0,50.0,17.0,10.0,0.5007895,0.41252634,0.576579,2026-01-26-12:04:08
10.0,50.0,17.0,9.0,0.53842103,0.45094737,0.5778421,2026-01-26-12:04:08
15.0,40.0,18.0,10.0,0.5613158,0.48076317,0.56842107,2026-01-26-12:04:10
16.0,40.0,17.0,10.0,0.5685526,0.48621053,0.56973684,2026-01-26-12:04:10
18.0,50.0,14.0,5.0,0.5686842,0.48978946,0.5173684,2026-01-26-12:04:10
20.0,50.0,2.0,8.0,0.58,0.47200003,0.542,2026-01-26-12:04:10
15.0,50.0,13.0,8.0,0.5692105,0.4774737,0.56542104,2026-01-26-12:04:10
14.0,50.0,19.0,7.0,0.5710527,0.4913684,0.56510526,2026-01-26-12:04:12
10.0,50.0,20.0,8.0,0.5384211,0.4589474,0.5688421,2026-01-26-12:04:12
19.0,50.0,5.0,8.0,0.58184206,0.47789478,0.5506842,2026-01-26-12:04:12
18.0,40.0,19.0,7.0,0.5580263,0.49110526,0.5248684,2026-01-26-12:04:12
18.0,50.0,7.0,8.0,0.5786842,0.47778946,0.55436844,2026-01-26-12:04:12
15.0,50.0,12.0,8.0,0.56421053,0.4714737,0.56042105,2026-01-26-12:04:14
17.0,50.0,12.0,7.0,0.57552636,0.4856842,0.54905266,2026-01-26-12:04:14
20.0,30.0,19.0,10.0,0.56,0.494,0.53499997,2026-01-26-12:04:14
9.0,50.0,20.0,8.0,0.52526313,0.44684213,0.56252635,2026-01-26-12:04:14
11.0,50.0,19.0,8.0,0.546579,0.46505263,0.5701579,2026-01-26-12:04:14
18.0,50.0,10.0,7.0,0.5786842,0.48578945,0.54536843,2026-01-26-12:04:15
11.0,50.0,16.0,9.0,0.54657894,0.45705265,0.5791579,2026-01-26-12:04:15
20.0,30.0,18.0,10.0,0.555,0.48799998,0.53,2026-01-26-12:04:15
4.0,30.0,18.0,3.0,0.26894736,0.2453684,0.28194737,2026-01-26-12:04:15
19.0,50.0,18.0,2.0,0.5568421,0.4958948,0.47168422,2026-01-26-12:04:15
15.0,40.0,20.0,9.0,0.5563158,0.48276317,0.555921,2026-01-26-12:04:17
13.0,50.0,8.0,10.0,0.5478947,0.44326317,0.5757895,2026-01-26-12:04:17
15.0,50.0,5.0,10.0,0.55921054,0.44947368,0.57342106,2026-01-26-12:04:17
16.0,50.0,20.0,4.0,0.55736846,0.49157894,0.5107368,2026-01-26-12:04:17
15.0,50.0,20.0,5.0,0.55921054,0.4894737,0.52842104,2026-01-26-12:04:17
13.0,50.0,17.0,8.0,0.5628947,0.47726318,0.57278943,2026-01-26-12:04:19
20.0,50.0,18.0,1.0,0.555,0.49800003,0.45400003,2026-01-26-12:04:19
17.0,50.0,2.0,10.0,0.5705263,0.45568419,0.5710526,2026-01-26-12:04:19
18.0,50.0,4.0,9.0,0.5786842,0.46978945,0.56336844,2026-01-26-12:04:19
13.0,50.0,20.0,7.0,0.5628948,0.48526317,0.5637895,2026-01-26-12:04:19
18.0,40.0,12.0,10.0,0.5680263,0.47910523,0.55736846,2026-01-26-12:04:21
20.0,40.0,17.0,6.0,0.5575,0.492,0.505,2026-01-26-12:04:21
14.0,40.0,19.0,10.0,0.55407894,0.47531578,0.56710523,2026-01-26-12:04:21
20.0,40.0,16.0,6.0,0.5525,0.48600003,0.5,2026-01-26-12:04:21
10.0,50.0,16.0,9.0,0.53342104,0.4449474,0.5728421,2026-01-26-12:04:21
15.0,50.0,16.0,7.0,0.5692105,0.4854737,0.55642104,2026-01-26-12:04:23
19.0,50.0,16.0,3.0,0.56184214,0.49389476,0.48568422,2026-01-26-12:04:23
14.0,50.0,7.0,10.0,0.5560526,0.44936842,0.5771053,2026-01-26-12:04:23
17.0,50.0,6.0,9.0,0.5755263,0.4696842,0.5670526,2026-01-26-12:04:23
17.0,50.0,9.0,8.0,0.57552636,0.4776842,0.55805266,2026-01-26-12:04:23
17.0,40.0,14.0,10.0,0.5657895,0.4796579,0.5610526,2026-01-26-12:04:25
12.0,50.0,10.0,10.0,0.54473686,0.4431579,0.5794737,2026-01-26-12:04:25
16.0,50.0,14.0,7.0,0.57236844,0.48557892,0.5527369,2026-01-26-12:04:25
17.0,50.0,8.0,8.0,0.57052636,0.47168422,0.55305266,2026-01-26-12:04:25
20.0,50.0,17.0,1.0,0.55,0.492,0.44900003,2026-01-26-12:04:25
20.0,40.0,11.0,9.0,0.57250005,0.486,0.54249996,2026-01-26-12:04:27
20.0,50.0,5.0,7.0,0.58,0.48000002,0.53300005,2026-01-26-12:04:27
18.0,50.0,1.0,10.0,0.5786842,0.46178946,0.57236844,2026-01-26-12:04:27
20.0,50.0,16.0,2.0,0.56,0.49600002,0.46800002,2026-01-26-12:04:27
20.0,40.0,13.0,8.0,0.5675,0.48800004,0.53000003,2026-01-26-12:04:27
19.0,40.0,16.0,8.0,0.5702632,0.49455267,0.53868425,2026-01-26-12:04:28
14.0,50.0,11.0,9.0,0.5610526,0.46336842,0.5731053,2026-01-26-12:04:28
14.0,50.0,16.0,7.0,0.5560526,0.47336844,0.5501053,2026-01-26-12:04:28
20.0,50.0,7.0,6.0,0.575,0.48200002,0.519,2026-01-26-12:04:28
17.0,50.0,18.0,4.0,0.5605263,0.49168417,0.50705266,2026-01-26-12:04:28
17.0,40.0,19.0,8.0,0.56078947,0.4896579,0.5410527,2026-01-26-12:04:30
8.0,50.0,19.0,9.0,0.5221053,0.43873686,0.5752106,2026-01-26-12:04:30
20.0,40.0,15.0,7.0,0.5625,0.49,0.5175,2026-01-26-12:04:30
19.0,40.0,17.0,7.0,0.56026316,0.49055263,0.5211842,2026-01-26-12:04:30
14.0,50.0,18.0,7.0,0.5660526,0.4853684,0.56010526,2026-01-26-12:04:30
16.0,40.0,15.0,10.0,0.5585526,0.47421053,0.55973685,2026-01-26-12:04:31
19.0,40.0,10.0,10.0,0.5702632,0.47855264,0.55368423,2026-01-26-12:04:31
12.0,50.0,18.0,8.0,0.55473685,0.4711579,0.57147366,2026-01-26-12:04:31
20.0,40.0,18.0,5.0,0.5475,0.488,0.4875,2026-01-26-12:04:31
19.0,40.0,13.0,9.0,0.5702632,0.48655266,0.5461842,2026-01-26-12:04:31
14.0,50.0,20.0,6.0,0.5610526,0.48736843,0.5461053,2026-01-26-12:04:33
12.0,50.0,13.0,9.0,0.54473686,0.45115793,0.5704737,2026-01-26-12:04:33
7.0,50.0,16.0,10.0,0.5089474,0.41863158,0.57789475,2026-01-26-12:04:33
17.0,50.0,14.0,6.0,0.57052636,0.4876842,0.53505266,2026-01-26-12:04:33
17.0,40.0,18.0,8.0,0.5557895,0.48365793,0.53605264,2026-01-26-12:04:33
17.0,50.0,5.0,9.0,0.5705263,0.4636842,0.5620526,2026-01-26-12:04:35
20.0,50.0,11.0,4.0,0.565,0.48600003,0.491,2026-01-26-12:04:35
9.0,50.0,17.0,9.0,0.5252632,0.43884212,0.57152635,2026-01-26-12:04:35
20.0,50.0,13.0,3.0,0.56,0.488,0.477,2026-01-26-12:04:35
16.0,50.0,13.0,7.0,0.56736845,0.47957894,0.5477368,2026-01-26-12:04:35
15.0,50.0,18.0,6.0,0.56421053,0.48747367,0.54242104,2026-01-26-12:04:37
13.0,40.0,20.0,10.0,0.5468421,0.46986842,0.5657895,2026-01-26-12:04:37
19.0,50.0,7.0,7.0,0.5768421,0.47989476,0.5366842,2026-01-26-12:04:37
20.0,40.0,8.0,10.0,0.57250005,0.47800002,0.55,2026-01-26-12:04:37
11.0,50.0,15.0,9.0,0.54157895,0.45105264,0.5741579,2026-01-26-12:04:37
14.0,50.0,17.0,7.0,0.5610526,0.47936842,0.55510527,2026-01-26-12:04:39
5.0,50.0,19.0,10.0,0.49763158,0.41242105,0.5802632,2026-01-26-12:04:39
19.0,50.0,10.0,6.0,0.57684207,0.48789477,0.5276842,2026-01-26-12:04:39
18.0,50.0,16.0,4.0,0.5636842,0.49178946,0.50336844,2026-01-26-12:04:39
17.0,50.0,20.0,3.0,0.5555263,0.4936842,0.49305263,2026-01-26-12:04:39
16.0,50.0,3.0,10.0,0.56236845,0.44957894,0.56973684,2026-01-26-12:04:40
17.0,50.0,19.0,3.0,0.5505263,0.4876842,0.48805264,2026-01-26-12:04:40
20.0,50.0,4.0,7.0,0.575,0.474,0.52800006,2026-01-26-12:04:40
16.0,40.0,18.0,9.0,0.5585526,0.48221055,0.5522368,2026-01-26-12:04:40
20.0,40.0,7.0,10.0,0.56750005,0.472,0.545,2026-01-26-12:04:40
15.0,40.0,17.0,10.0,0.5563158,0.47476315,0.5634211,2026-01-26-12:04:42
20.0,40.0,14.0,7.0,0.5575,0.484,0.5125,2026-01-26-12:04:42
14.0,50.0,6.0,10.0,0.55105263,0.44336843,0.5721052,2026-01-26-12:04:42
18.0,40.0,17.0,8.0,0.5630263,0.48910528,0.5373684,2026-01-26-12:04:42
19.0,50.0,8.0,6.0,0.5668421,0.47589475,0.5176842,2026-01-26-12:04:42
17.0,50.0,11.0,7.0,0.57052636,0.47968417,0.54405266,2026-01-26-12:04:44
15.0,50.0,9.0,9.0,0.56421053,0.46347368,0.56942105,2026-01-26-12:04:44
18.0,50.0,17.0,3.0,0.55368423,0.48778945,0.4843684,2026-01-26-12:04:44
20.0,50.0,15.0,2.0,0.555,0.49000004,0.46300003,2026-01-26-12:04:44
9.0,50.0,14.0,10.0,0.52526313,0.4308421,0.58052635,2026-01-26-12:04:44
15.0,50.0,8.0,9.0,0.55921054,0.4574737,0.56442106,2026-01-26-12:04:45
20.0,40.0,12.0,8.0,0.5625,0.48200002,0.52500004,2026-01-26-12:04:45
20.0,50.0,6.0,6.0,0.57,0.47600004,0.514,2026-01-26-12:04:45
19.0,50.0,9.0,6.0,0.5718421,0.48189473,0.5226842,2026-01-26-12:04:45
18.0,50.0,3.0,9.0,0.5736842,0.46378946,0.55836844,2026-01-26-12:04:45
19.0,50.0,12.0,5.0,0.5718421,0.48989475,0.5136842,2026-01-26-12:04:47
9.0,50.0,13.0,10.0,0.52026314,0.42484212,0.5755263,2026-01-26-12:04:47
18.0,40.0,11.0,10.0,0.5630263,0.47310525,0.5523684,2026-01-26-12:04:47
13.0,50.0,12.0,9.0,0.5528947,0.45726317,0.5717895,2026-01-26-12:04:47
19.0,50.0,4.0,8.0,0.57684207,0.47189474,0.5456842,2026-01-26-12:04:47
13.0,50.0,16.0,8.0,0.5578947,0.4712632,0.56778944,2026-01-26-12:04:49
19.0,40.0,20.0,5.0,0.5452632,0.48855266,0.4911842,2026-01-26-12:04:49
18.0,40.0,16.0,8.0,0.5580263,0.48310524,0.5323684,2026-01-26-12:04:49
19.0,50.0,3.0,8.0,0.5718421,0.46589476,0.5406842,2026-01-26-12:04:49
5.0,40.0,20.0,3.0,0.34394738,0.30828947,0.35776317,2026-01-26-12:04:49
16.0,50.0,7.0,9.0,0.56736845,0.46357894,0.5657369,2026-01-26-12:04:50
16.0,50.0,18.0,5.0,0.5623684,0.48957893,0.5247368,2026-01-26-12:04:50
8.0,50.0,18.0,9.0,0.5171053,0.43273684,0.5702105,2026-01-26-12:04:50
20.0,50.0,3.0,7.0,0.57,0.46800002,0.523,2026-01-26-12:04:50
19.0,50.0,15.0,3.0,0.5568421,0.48789477,0.48068422,2026-01-26-12:04:50
17.0,40.0,16.0,9.0,0.56078947,0.4816579,0.5485526,2026-01-26-12:04:52
7.0,50.0,19.0,9.0,0.5089474,0.42663157,0.56889474,2026-01-26-12:04:52
20.0,50.0,9.0,5.0,0.57,0.48400003,0.505,2026-01-26-12:04:52
8.0,50.0,14.0,10.0,0.5121053,0.41873685,0.5742105,2026-01-26-12:04:52
15.0,40.0,16.0,10.0,0.5513158,0.46876314,0.5584211,2026-01-26-12:04:52
17.0,50.0,16.0,5.0,0.5655263,0.48968422,0.52105266,2026-01-26-12:04:54
11.0,50.0,14.0,9.0,0.53657895,0.44505262,0.5691579,2026-01-26-12:04:54
10.0,50.0,19.0,8.0,0.5334211,0.45294738,0.56384206,2026-01-26-12:04:54
5.0,50.0,18.0,10.0,0.49263158,0.40642107,0.57526314,2026-01-26-12:04:54
19.0,50.0,11.0,5.0,0.5668421,0.48389477,0.5086842,2026-01-26-12:04:54
18.0,40.0,15.0,9.0,0.5680263,0.48710525,0.5498684,2026-01-26-12:04:55
8.0,50.0,17.0,9.0,0.5121053,0.42673686,0.5652105,2026-01-26-12:04:55
13.0,50.0,19.0,7.0,0.5578948,0.47926316,0.55878943,2026-01-26-12:04:55
11.0,50.0,10.0,10.0,0.531579,0.43105263,0.5731579,2026-01-26-12:04:55
13.0,50.0,18.0,7.0,0.5528947,0.47326314,0.55378944,2026-01-26-12:04:55
16.0,50.0,10.0,8.0,0.56736845,0.47157896,0.5567368,2026-01-26-12:04:57
12.0,50.0,9.0,10.0,0.53973687,0.43715787,0.5744737,2026-01-26-12:04:57
20.0,30.0,17.0,10.0,0.55,0.482,0.52500004,2026-01-26-12:04:57
17.0,50.0,15.0,5.0,0.5605263,0.4836842,0.5160526,2026-01-26-12:04:57
15.0,50.0,13.0,7.0,0.55421054,0.4674737,0.54142106,2026-01-26-12:04:57
19.0,40.0,14.0,8.0,0.5602632,0.48255265,0.5286842,2026-01-26-12:04:59
9.0,50.0,12.0,10.0,0.51526314,0.4188421,0.5705263,2026-01-26-12:04:59
20.0,40.0,10.0,9.0,0.56750005,0.48000002,0.5375,2026-01-26-12:04:59
17.0,50.0,7.0,8.0,0.56552637,0.4656842,0.54805267,2026-01-26-12:04:59
19.0,40.0,16.0,7.0,0.55526316,0.48455265,0.5161842,2026-01-26-12:04:59
19.0,50.0,6.0,7.0,0.5718421,0.47389477,0.5316842,2026-01-26-12:05:01
11.0,50.0,18.0,8.0,0.54157895,0.45905262,0.5651579,2026-01-26-12:05:01
18.0,50.0,9.0,7.0,0.5736842,0.47978944,0.54036844,2026-01-26-12:05:01
6.0,10.0,2.0,2.0,0.08736842,0.07936843,0.07757895,2026-01-26-12:05:01
19.0,40.0,18.0,6.0,0.55026317,0.48655263,0.5036842,2026-01-26-12:05:01
16.0,40.0,20.0,8.0,0.5535526,0.48421055,0.53973687,2026-01-26-12:05:03
17.0,40.0,13.0,10.0,0.56078947,0.47365788,0.5560526,2026-01-26-12:05:03
14.0,50.0,5.0,10.0,0.54605263,0.43736842,0.56710523,2026-01-26-12:05:03
13.0,50.0,11.0,9.0,0.5478947,0.45126316,0.5667895,2026-01-26-12:05:03
19.0,50.0,13.0,4.0,0.5618421,0.48589474,0.4946842,2026-01-26-12:05:03
13.0,40.0,19.0,10.0,0.5418421,0.4638684,0.5607895,2026-01-26-12:05:05
18.0,50.0,2.0,9.0,0.5686842,0.45778945,0.5533684,2026-01-26-12:05:05
18.0,40.0,14.0,9.0,0.5630263,0.48110527,0.5448684,2026-01-26-12:05:05
16.0,50.0,15.0,6.0,0.56236845,0.48157895,0.5337369,2026-01-26-12:05:05
19.0,50.0,14.0,3.0,0.5518421,0.48189473,0.4756842,2026-01-26-12:05:05
14.0,40.0,18.0,10.0,0.54907894,0.4693158,0.56210524,2026-01-26-12:05:06
18.0,50.0,6.0,8.0,0.5736842,0.47178948,0.5493684,2026-01-26-12:05:06
20.0,50.0,14.0,2.0,0.55,0.48400003,0.458,2026-01-26-12:05:06
7.0,50.0,15.0,10.0,0.5039474,0.41263157,0.57289475,2026-01-26-12:05:06
17.0,50.0,20.0,2.0,0.54052633,0.4836842,0.4690526,2026-01-26-12:05:06
17.0,40.0,15.0,9.0,0.5557895,0.4756579,0.5435526,2026-01-26-12:05:08
12.0,50.0,20.0,7.0,0.5497369,0.47315788,0.5574737,2026-01-26-12:05:08
8.0,50.0,13.0,10.0,0.5071053,0.41273686,0.5692105,2026-01-26-12:05:08
15.0,50.0,4.0,10.0,0.55421054,0.44347367,0.56842107,2026-01-26-12:05:08
18.0,50.0,13.0,5.0,0.5636842,0.48378947,0.5123684,2026-01-26-12:05:08
12.0,50.0,17.0,8.0,0.54973686,0.46515793,0.56647366,2026-01-26-12:05:10
18.0,40.0,20.0,6.0,0.5480263,0.48710525,0.5073684,2026-01-26-12:05:10
16.0,50.0,2.0,10.0,0.55736846,0.44357893,0.56473684,2026-01-26-12:05:10
20.0,50.0,12.0,3.0,0.555,0.48200002,0.472,2026-01-26-12:05:10
18.0,50.0,11.0,6.0,0.5686842,0.48178944,0.52636844,2026-01-26-12:05:10
15.0,40.0,19.0,9.0,0.5513157,0.47676316,0.550921,2026-01-26-12:05:11
18.0,50.0,15.0,4.0,0.55868423,0.48578945,0.49836838,2026-01-26-12:05:11
19.0,40.0,12.0,9.0,0.5652632,0.48055264,0.5411842,2026-01-26-12:05:11
10.0,50.0,11.0,10.0,0.5234211,0.42494735,0.57184213,2026-01-26-12:05:11
10.0,50.0,15.0,9.0,0.52842104,0.43894738,0.5678421,2026-01-26-12:05:11
17.0,50.0,10.0,7.0,0.56552637,0.4736842,0.53905267,2026-01-26-12:05:13
11.0,50.0,9.0,10.0,0.52657896,0.4250526,0.5681579,2026-01-26-12:05:13
12.0,40.0,20.0,10.0,0.53460526,0.45842105,0.5594737,2026-01-26-12:05:13
18.0,50.0,14.0,4.0,0.55368423,0.47978944,0.4933684,2026-01-26-12:05:13
14.0,50.0,10.0,9.0,0.5560526,0.45736843,0.5681053,2026-01-26-12:05:13
15.0,50.0,19.0,5.0,0.5542105,0.4834737,0.52342105,2026-01-26-12:05:15
17.0,50.0,1.0,10.0,0.5655263,0.4496842,0.5660526,2026-01-26-12:05:15
17.0,50.0,13.0,6.0,0.5655263,0.4816842,0.53005266,2026-01-26-12:05:15
4.0,50.0,18.0,10.0,0.4794737,0.39431578,0.5689474,2026-01-26-12:05:15
6.0,50.0,16.0,10.0,0.4957895,0.40652633,0.571579,2026-01-26-12:05:15
19.0,40.0,8.0,10.0,0.5602632,0.46655264,0.5436842,2026-01-26-12:05:17
13.0,50.0,7.0,10.0,0.5428947,0.43726316,0.5707895,2026-01-26-12:05:17
19.0,40.0,13.0,8.0,0.55526316,0.47655267,0.5236842,2026-01-26-12:05:17
14.0,50.0,13.0,8.0,0.5560526,0.46536845,0.5591053,2026-01-26-12:05:17
20.0,50.0,2.0,7.0,0.565,0.462,0.518,2026-01-26-12:05:17
18.0,50.0,5.0,8.0,0.5686842,0.46578947,0.54436845,2026-01-26-12:05:18
12.0,50.0,8.0,10.0,0.5347369,0.4311579,0.5694737,2026-01-26-12:05:18
19.0,50.0,5.0,7.0,0.5668421,0.46789473,0.5266842,2026-01-26-12:05:18
18.0,40.0,19.0,6.0,0.5430263,0.48110527,0.5023684,2026-01-26-12:05:18
14.0,50.0,9.0,9.0,0.55105263,0.45136842,0.5631053,2026-01-26-12:05:18
14.0,50.0,19.0,6.0,0.5560526,0.48136842,0.5411053,2026-01-26-12:05:20
19.0,50.0,1.0,9.0,0.57684207,0.46389478,0.5546842,2026-01-26-12:05:20
5.0,50.0,17.0,10.0,0.4876316,0.40042108,0.57026315,2026-01-26-12:05:20
16.0,50.0,19.0,4.0,0.5523684,0.48557892,0.5057368,2026-01-26-12:05:20
6.0,50.0,20.0,9.0,0.5007895,0.42052633,0.567579,2026-01-26-12:05:20
15.0,50.0,11.0,8.0,0.55921054,0.46547368,0.55542105,2026-01-26-12:05:22
18.0,40.0,20.0,5.0,0.5330263,0.47710526,0.4848684,2026-01-26-12:05:22
6.0,50.0,15.0,10.0,0.49078947,0.40052631,0.566579,2026-01-26-12:05:22
20.0,30.0,16.0,10.0,0.545,0.476,0.52000004,2026-01-26-12:05:22
16.0,50.0,17.0,5.0,0.5573684,0.48357895,0.5197368,2026-01-26-12:05:22
18.0,40.0,10.0,10.0,0.5580263,0.46710527,0.5473684,2026-01-26-12:05:24
13.0,50.0,10.0,9.0,0.5428947,0.44526318,0.5617895,2026-01-26-12:05:24
18.0,30.0,20.0,10.0,0.5423685,0.47842106,0.5273684,2026-01-26-12:05:24
18.0,40.0,13.0,9.0,0.5580263,0.47510523,0.5398684,2026-01-26-12:05:24
18.0,40.0,12.0,9.0,0.5530263,0.46910524,0.5348684,2026-01-26-12:05:24
13.0,50.0,17.0,7.0,0.5478947,0.46726316,0.54878944,2026-01-26-12:05:26
19.0,50.0,17.0,2.0,0.5518421,0.48989475,0.46668422,2026-01-26-12:05:26
7.0,50.0,14.0,10.0,0.49894738,0.4066316,0.56789476,2026-01-26-12:05:26
17.0,50.0,4.0,9.0,0.5655263,0.4576842,0.5570526,2026-01-26-12:05:26
16.0,50.0,12.0,7.0,0.56236845,0.47357893,0.5427368,2026-01-26-12:05:26
15.0,50.0,10.0,8.0,0.55421054,0.4594737,0.55042106,2026-01-26-12:05:28
15.0,50.0,17.0,6.0,0.55921054,0.48147368,0.53742105,2026-01-26-12:05:28
8.0,50.0,12.0,10.0,0.5021053,0.40673685,0.56421053,2026-01-26-12:05:28
5.0,50.0,16.0,10.0,0.4826316,0.39442107,0.56526315,2026-01-26-12:05:28
4.0,50.0,17.0,10.0,0.4744737,0.38831577,0.5639474,2026-01-26-12:05:28
20.0,40.0,9.0,9.0,0.56250006,0.474,0.53249997,2026-01-26-12:05:29
10.0,50.0,14.0,9.0,0.52342105,0.43294737,0.56284213,2026-01-26-12:05:29
19.0,50.0,18.0,1.0,0.5418421,0.48589474,0.44768423,2026-01-26-12:05:29
18.0,50.0,19.0,2.0,0.54868424,0.48978946,0.47036842,2026-01-26-12:05:29
9.0,50.0,11.0,10.0,0.51026314,0.4128421,0.5655263,2026-01-26-12:05:29
13.0,50.0,20.0,6.0,0.5478947,0.47526318,0.5397895,2026-01-26-12:05:31
2.0,50.0,20.0,10.0,0.46315792,0.38210526,0.5663158,2026-01-26-12:05:31
17.0,50.0,3.0,9.0,0.5605263,0.4516842,0.5520526,2026-01-26-12:05:31
17.0,50.0,12.0,6.0,0.5605263,0.4756842,0.52505267,2026-01-26-12:05:31
16.0,50.0,6.0,9.0,0.5623684,0.45757896,0.5607369,2026-01-26-12:05:31
18.0,50.0,4.0,8.0,0.5636842,0.45978945,0.53936845,2026-01-26-12:05:33
18.0,50.0,20.0,1.0,0.5386842,0.48578945,0.45136842,2026-01-26-12:05:33
11.0,50.0,8.0,10.0,0.52157897,0.41905263,0.5631579,2026-01-26-12:05:33
18.0,50.0,8.0,7.0,0.5686842,0.47378945,0.53536844,2026-01-26-12:05:33
20.0,50.0,8.0,5.0,0.565,0.47800004,0.5,2026-01-26-12:05:33
16.0,50.0,14.0,6.0,0.55736846,0.47557893,0.5287368,2026-01-26-12:05:35
7.0,50.0,18.0,9.0,0.5039474,0.4206316,0.56389475,2026-01-26-12:05:35
19.0,40.0,15.0,7.0,0.55026317,0.47855264,0.5111842,2026-01-26-12:05:35
20.0,50.0,7.0,5.0,0.56,0.47200003,0.495,2026-01-26-12:05:35
13.0,50.0,6.0,10.0,0.5378947,0.43126318,0.5657895,2026-01-26-12:05:35
19.0,50.0,10.0,5.0,0.5618421,0.47789478,0.5036842,2026-01-26-12:05:37
14.0,50.0,4.0,10.0,0.54105264,0.4313684,0.56210524,2026-01-26-12:05:37
19.0,40.0,11.0,9.0,0.5602632,0.47455263,0.5361842,2026-01-26-12:05:37
20.0,50.0,10.0,4.0,0.56,0.48000002,0.486,2026-01-26-12:05:37
13.0,50.0,5.0,10.0,0.53289473,0.42526317,0.56078947,2026-01-26-12:05:37
20.0,40.0,6.0,10.0,0.5625,0.46600002,0.54,2026-01-26-12:05:38
18.0,50.0,16.0,3.0,0.54868424,0.48178947,0.47936842,2026-01-26-12:05:38
12.0,50.0,16.0,8.0,0.54473686,0.45915794,0.56147367,2026-01-26-12:05:38
18.0,50.0,1.0,9.0,0.5636842,0.45178947,0.5483684,2026-01-26-12:05:38
15.0,50.0,3.0,10.0,0.54921055,0.43747368,0.5634211,2026-01-26-12:05:38
18.0,50.0,10.0,6.0,0.5636842,0.47578946,0.52136844,2026-01-26-12:05:40
13.0,40.0,18.0,10.0,0.5368421,0.45786843,0.5557895,2026-01-26-12:05:40
20.0,40.0,13.0,7.0,0.5525,0.47800002,0.5075,2026-01-26-12:05:40
20.0,40.0,5.0,10.0,0.5575,0.46,0.535,2026-01-26-12:05:40
16.0,50.0,1.0,10.0,0.5523684,0.43757895,0.55973685,2026-01-26-12:05:40
16.0,40.0,19.0,8.0,0.54855263,0.47821054,0.5347369,2026-01-26-12:05:42
11.0,50.0,13.0,9.0,0.53157896,0.43905264,0.5641579,2026-01-26-12:05:42
19.0,50.0,12.0,4.0,0.5568421,0.47989476,0.4896842,2026-01-26-12:05:42
16.0,50.0,9.0,8.0,0.56236845,0.46557894,0.55173683,2026-01-26-12:05:42
20.0,50.0,5.0,6.0,0.565,0.47000003,0.509,2026-01-26-12:05:42
20.0,40.0,11.0,8.0,0.5575,0.476,0.52000004,2026-01-26-12:05:43
11.0,40.0,20.0,10.0,0.52236843,0.4469737,0.5531579,2026-01-26-12:05:43
12.0,50.0,11.0,9.0,0.5347369,0.4391579,0.5604737,2026-01-26-12:05:43
17.0,50.0,9.0,7.0,0.5605264,0.46768418,0.53405267,2026-01-26-12:05:43
17.0,40.0,19.0,7.0,0.5457895,0.4796579,0.51855266,2026-01-26-12:05:43
12.0,50.0,19.0,7.0,0.5447369,0.4671579,0.5524737,2026-01-26-12:05:45
18.0,40.0,15.0,8.0,0.5530263,0.47710526,0.5273684,2026-01-26-12:05:45
11.0,50.0,12.0,9.0,0.52657896,0.43305263,0.5591579,2026-01-26-12:05:45
20.0,40.0,15.0,6.0,0.5475,0.48000002,0.495,2026-01-26-12:05:45
13.0,50.0,15.0,8.0,0.5528947,0.4652632,0.56278944,2026-01-26-12:05:45
13.0,50.0,14.0,8.0,0.5478947,0.45926318,0.55778944,2026-01-26-12:05:47
20.0,40.0,17.0,5.0,0.5425,0.48200002,0.48250002,2026-01-26-12:05:47
17.0,50.0,6.0,8.0,0.5605263,0.45968422,0.5430527,2026-01-26-12:05:47
3.0,10.0,11.0,1.0,0.08894737,0.09494737,0.08563158,2026-01-26-12:05:47
4.0,50.0,20.0,9.0,0.4744737,0.39631578,0.5549474,2026-01-26-12:05:47
11.0,50.0,17.0,8.0,0.536579,0.45305264,0.5601579,2026-01-26-12:05:48
18.0,50.0,7.0,7.0,0.5636842,0.46778944,0.53036845,2026-01-26-12:05:48
20.0,30.0,19.0,9.0,0.545,0.484,0.514,2026-01-26-12:05:48
16.0,40.0,18.0,8.0,0.54355264,0.47221056,0.5297369,2026-01-26-12:05:48
20.0,40.0,19.0,4.0,0.5375,0.484,0.47,2026-01-26-12:05:48
17.0,40.0,11.0,10.0,0.5507895,0.4616579,0.54605263,2026-01-26-12:05:50
10.0,50.0,9.0,10.0,0.51342106,0.41294736,0.56184214,2026-01-26-12:05:50
20.0,50.0,16.0,1.0,0.545,0.486,0.44400004,2026-01-26-12:05:50
7.0,50.0,13.0,10.0,0.4939474,0.40063158,0.56289476,2026-01-26-12:05:50
12.0,50.0,15.0,8.0,0.53973687,0.4531579,0.5564737,2026-01-26-12:05:50
14.0,40.0,20.0,9.0,0.54407895,0.4713158,0.54960525,2026-01-26-12:05:52
15.0,50.0,7.0,9.0,0.55421054,0.45147368,0.55942106,2026-01-26-12:05:52
14.0,50.0,20.0,5.0,0.54605263,0.47736844,0.5221053,2026-01-26-12:05:52
19.0,40.0,17.0,6.0,0.5452632,0.48055264,0.49868423,2026-01-26-12:05:52
20.0,50.0,11.0,3.0,0.55,0.47600004,0.467,2026-01-26-12:05:52
15.0,40.0,18.0,9.0,0.5463157,0.47076318,0.545921,2026-01-26-12:05:54
15.0,50.0,14.0,7.0,0.55921054,0.47347367,0.54642105,2026-01-26-12:05:54
16.0,40.0,13.0,10.0,0.54855263,0.4622105,0.54973686,2026-01-26-12:05:54
18.0,50.0,17.0,2.0,0.53868425,0.47778946,0.46036842,2026-01-26-12:05:54
14.0,50.0,8.0,9.0,0.54605263,0.44536844,0.5581053,2026-01-26-12:05:54
14.0,50.0,18.0,6.0,0.55105263,0.4753684,0.5361053,2026-01-26-12:05:56
8.0,50.0,20.0,8.0,0.5121053,0.43473688,0.5562105,2026-01-26-12:05:56
20.0,50.0,15.0,1.0,0.53999996,0.48000002,0.43900004,2026-01-26-12:05:56
20.0,40.0,8.0,9.0,0.55750006,0.46800002,0.5275,2026-01-26-12:05:56
5.0,50.0,20.0,9.0,0.4876316,0.40842107,0.5612632,2026-01-26-12:05:56
18.0,40.0,17.0,7.0,0.5480263,0.47910523,0.51486844,2026-01-26-12:05:58
6.0,50.0,19.0,9.0,0.4957895,0.4145263,0.562579,2026-01-26-12:05:58
19.0,50.0,16.0,2.0,0.5468421,0.48389477,0.46168423,2026-01-26-12:05:58
19.0,50.0,2.0,8.0,0.5668421,0.45989478,0.5356842,2026-01-26-12:05:58
9.0,50.0,16.0,9.0,0.5202632,0.43284214,0.56652635,2026-01-26-12:05:58
15.0,40.0,20.0,8.0,0.5413158,0.47276318,0.53342104,2026-01-26-12:06:00
16.0,40.0,17.0,9.0,0.5535526,0.47621053,0.5472368,2026-01-26-12:06:00
19.0,40.0,20.0,4.0,0.5302632,0.47855264,0.4686842,2026-01-26-12:06:00
9.0,50.0,15.0,9.0,0.51526314,0.42684212,0.56152636,2026-01-26-12:06:00
10.0,50.0,13.0,9.0,0.51842105,0.42694739,0.55784214,2026-01-26-12:06:00
17.0,40.0,14.0,9.0,0.5507895,0.4696579,0.5385526,2026-01-26-12:06:02
15.0,50.0,6.0,9.0,0.54921055,0.4454737,0.55442107,2026-01-26-12:06:02
17.0,50.0,18.0,3.0,0.5455263,0.48168418,0.48305264,2026-01-26-12:06:02
20.0,50.0,1.0,7.0,0.56,0.45600003,0.513,2026-01-26-12:06:02
18.0,50.0,8.0,6.0,0.55368423,0.46378946,0.5113684,2026-01-26-12:06:02
13.0,50.0,19.0,6.0,0.5428947,0.46926317,0.53478944,2026-01-26-12:06:05
10.0,50.0,8.0,10.0,0.50842106,0.40694737,0.5568421,2026-01-26-12:06:05
20.0,50.0,9.0,4.0,0.555,0.474,0.48099998,2026-01-26-12:06:05
14.0,50.0,12.0,8.0,0.55105263,0.45936844,0.5541053,2026-01-26-12:06:05
19.0,50.0,4.0,7.0,0.56184214,0.46189475,0.5216842,2026-01-26-12:06:05
14.0,40.0,19.0,9.0,0.5390789,0.4653158,0.5446052,2026-01-26-12:06:06
14.0,40.0,17.0,10.0,0.54407895,0.46331578,0.55710524,2026-01-26-12:06:06
14.0,50.0,15.0,7.0,0.55105263,0.46736842,0.5451053,2026-01-26-12:06:06
18.0,50.0,12.0,5.0,0.55868423,0.47778946,0.5073684,2026-01-26-12:06:06
20.0,50.0,6.0,5.0,0.555,0.46600005,0.49,2026-01-26-12:06:06
15.0,50.0,16.0,6.0,0.55421054,0.4754737,0.53242105,2026-01-26-12:06:08
5.0,50.0,19.0,9.0,0.4826316,0.40242106,0.5562632,2026-01-26-12:06:08
19.0,50.0,7.0,6.0,0.5618421,0.46989477,0.5126842,2026-01-26-12:06:08
1.0,50.0,20.0,10.0,0.45000002,0.37,0.56,2026-01-26-12:06:08
12.0,50.0,7.0,10.0,0.5297369,0.4251579,0.5644737,2026-01-26-12:06:08
15.0,50.0,2.0,10.0,0.54421055,0.43147367,0.558421,2026-01-26-12:06:10
20.0,30.0,18.0,9.0,0.54,0.478,0.509,2026-01-26-12:06:10
17.0,50.0,14.0,5.0,0.5555263,0.4776842,0.5110526,2026-01-26-12:06:10
19.0,40.0,7.0,10.0,0.5552632,0.46055263,0.5386842,2026-01-26-12:06:10
19.0,40.0,10.0,9.0,0.5552632,0.46855265,0.5311842,2026-01-26-12:06:10
16.0,40.0,15.0,9.0,0.54355264,0.46421054,0.5372368,2026-01-26-12:06:12
12.0,50.0,6.0,10.0,0.5247369,0.41915792,0.5594737,2026-01-26-12:06:12
17.0,50.0,11.0,6.0,0.5555263,0.46968418,0.5200527,2026-01-26-12:06:12
19.0,50.0,13.0,3.0,0.5468421,0.47589475,0.4706842,2026-01-26-12:06:12
8.0,50.0,16.0,9.0,0.5071053,0.42073688,0.5602105,2026-01-26-12:06:12
15.0,40.0,17.0,9.0,0.54131573,0.46476316,0.54092103,2026-01-26-12:06:14
19.0,30.0,20.0,9.0,0.53868425,0.47921053,0.5126842,2026-01-26-12:06:14
3.0,50.0,19.0,10.0,0.4713158,0.3882105,0.56763154,2026-01-26-12:06:14
20.0,40.0,7.0,9.0,0.55250007,0.462,0.5225,2026-01-26-12:06:14
18.0,40.0,9.0,10.0,0.5530263,0.46110523,0.5423684,2026-01-26-12:06:14
15.0,40.0,14.0,10.0,0.5413158,0.45676315,0.5484211,2026-01-26-12:06:17
20.0,30.0,15.0,10.0,0.54,0.47,0.515,2026-01-26-12:06:17
15.0,50.0,20.0,4.0,0.54421055,0.47947368,0.50442106,2026-01-26-12:06:17
4.0,50.0,16.0,10.0,0.46947372,0.38231575,0.5589474,2026-01-26-12:06:17
20.0,40.0,18.0,4.0,0.5325,0.478,0.465,2026-01-26-12:06:17
17.0,40.0,13.0,9.0,0.5457895,0.4636579,0.5335526,2026-01-26-12:06:19
10.0,50.0,18.0,8.0,0.5284211,0.44694737,0.55884206,2026-01-26-12:06:19
20.0,50.0,8.0,4.0,0.55,0.46800002,0.47599998,2026-01-26-12:06:19
20.0,50.0,10.0,3.0,0.545,0.47000003,0.462,2026-01-26-12:06:19
18.0,50.0,9.0,6.0,0.55868423,0.46978945,0.5163684,2026-01-26-12:06:19
11.0,50.0,20.0,7.0,0.536579,0.46105263,0.5511579,2026-01-26-12:06:21
18.0,50.0,6.0,7.0,0.55868423,0.46178946,0.52536845,2026-01-26-12:06:21
17.0,40.0,20.0,6.0,0.5357895,0.4756579,0.5010526,2026-01-26-12:06:21
19.0,50.0,1.0,8.0,0.5618421,0.4538948,0.53068423,2026-01-26-12:06:21
20.0,30.0,19.0,8.0,0.53000003,0.474,0.493,2026-01-26-12:06:21
15.0,50.0,18.0,5.0,0.54921055,0.47747368,0.51842105,2026-01-26-12:06:23
13.0,50.0,9.0,9.0,0.5378947,0.43926316,0.5567895,2026-01-26-12:06:23
17.0,50.0,2.0,9.0,0.5555263,0.4456842,0.5470526,2026-01-26-12:06:23
6.0,20.0,5.0,2.0,0.15697369,0.1381579,0.15057896,2026-01-26-12:06:23
19.0,30.0,18.0,10.0,0.5436842,0.47721052,0.5236842,2026-01-26-12:06:23
16.0,40.0,12.0,10.0,0.54355264,0.45621052,0.54473686,2026-01-26-12:06:25
18.0,40.0,14.0,8.0,0.5480263,0.47110528,0.52236843,2026-01-26-12:06:25
20.0,50.0,4.0,6.0,0.56,0.46400002,0.504,2026-01-26-12:06:25
9.0,50.0,14.0,9.0,0.51026314,0.4208421,0.55652636,2026-01-26-12:06:25
6.0,50.0,14.0,10.0,0.48578948,0.39452633,0.561579,2026-01-26-12:06:25
17.0,40.0,16.0,8.0,0.5457895,0.4716579,0.52605265,2026-01-26-12:06:27
11.0,50.0,7.0,10.0,0.516579,0.41305262,0.55815786,2026-01-26-12:06:27
5.0,50.0,15.0,10.0,0.47763157,0.38842106,0.56026316,2026-01-26-12:06:27
14.0,50.0,19.0,5.0,0.54105264,0.47136843,0.5171053,2026-01-26-12:06:27
20.0,50.0,13.0,2.0,0.545,0.47800002,0.453,2026-01-26-12:06:27
19.0,40.0,12.0,8.0,0.55026317,0.47055265,0.5186842,2026-01-26-12:06:29
12.0,40.0,19.0,10.0,0.52960527,0.45242104,0.5544737,2026-01-26-12:06:29
18.0,50.0,19.0,1.0,0.5336842,0.47978944,0.44636843,2026-01-26-12:06:29
3.0,50.0,18.0,10.0,0.4663158,0.38221052,0.56263155,2026-01-26-12:06:29
10.0,50.0,17.0,8.0,0.5234211,0.44094738,0.55384207,2026-01-26-12:06:29
20.0,40.0,10.0,8.0,0.5525,0.47000003,0.51500005,2026-01-26-12:06:31
17.0,50.0,16.0,4.0,0.5505263,0.4796842,0.49705264,2026-01-26-12:06:31
11.0,50.0,16.0,8.0,0.531579,0.44705266,0.5551579,2026-01-26-12:06:31
16.0,50.0,11.0,7.0,0.55736846,0.46757892,0.5377369,2026-01-26-12:06:31
10.0,40.0,20.0,10.0,0.5101316,0.43552634,0.54684216,2026-01-26-12:06:31
14.0,40.0,16.0,10.0,0.53907895,0.45731577,0.55210525,2026-01-26-12:06:32
18.0,40.0,16.0,7.0,0.5430263,0.47310525,0.50986844,2026-01-26-12:06:32
16.0,50.0,15.0,5.0,0.5473684,0.47157896,0.50973684,2026-01-26-12:06:32
19.0,40.0,6.0,10.0,0.55026317,0.45455265,0.5336842,2026-01-26-12:06:32
14.0,50.0,3.0,10.0,0.53605264,0.42536843,0.55710524,2026-01-26-12:06:32
19.0,40.0,9.0,9.0,0.5502632,0.46255264,0.5261842,2026-01-26-12:06:35
16.0,50.0,18.0,4.0,0.5473684,0.4795789,0.50073683,2026-01-26-12:06:35
3.0,50.0,17.0,10.0,0.4613158,0.3762105,0.55763155,2026-01-26-12:06:35
5.0,10.0,1.0,1.0,0.057894737,0.05389474,0.04826316,2026-01-26-12:06:35
15.0,50.0,9.0,8.0,0.54921055,0.4534737,0.54542106,2026-01-26-12:06:35
17.0,50.0,15.0,4.0,0.5455263,0.4736842,0.4920526,2026-01-26-12:06:37
12.0,50.0,14.0,8.0,0.5347369,0.44715792,0.5514737,2026-01-26-12:06:37
19.0,50.0,6.0,6.0,0.5568421,0.46389478,0.50768423,2026-01-26-12:06:37
7.0,50.0,17.0,9.0,0.49894738,0.4146316,0.55889475,2026-01-26-12:06:37
16.0,50.0,19.0,3.0,0.5373684,0.47557893,0.48173684,2026-01-26-12:06:37
14.0,50.0,11.0,8.0,0.54605263,0.45336843,0.5491053,2026-01-26-12:06:39
13.0,50.0,20.0,5.0,0.53289473,0.4652632,0.51578945,2026-01-26-12:06:39
16.0,50.0,5.0,9.0,0.5573684,0.45157894,0.55573684,2026-01-26-12:06:39
20.0,40.0,14.0,6.0,0.5425,0.474,0.49,2026-01-26-12:06:39
9.0,50.0,19.0,8.0,0.52026314,0.44084212,0.55752635,2026-01-26-12:06:39
15.0,50.0,8.0,8.0,0.54421055,0.4474737,0.54042107,2026-01-26-12:06:41
20.0,40.0,16.0,5.0,0.5375,0.47600004,0.47750002,2026-01-26-12:06:41
4.0,50.0,15.0,10.0,0.4644737,0.37631577,0.5539474,2026-01-26-12:06:41
20.0,50.0,5.0,5.0,0.55,0.46000004,0.485,2026-01-26-12:06:41
19.0,50.0,17.0,1.0,0.5368421,0.47989476,0.44268423,2026-01-26-12:06:41
18.0,30.0,19.0,10.0,0.5373684,0.47242105,0.52236843,2026-01-26-12:06:42
8.0,50.0,11.0,10.0,0.49710527,0.40073684,0.55921054,2026-01-26-12:06:42
17.0,40.0,10.0,10.0,0.5457895,0.4556579,0.54105264,2026-01-26-12:06:42
18.0,50.0,11.0,5.0,0.55368423,0.47178945,0.5023684,2026-01-26-12:06:42
19.0,50.0,14.0,2.0,0.5368421,0.47189474,0.4516842,2026-01-26-12:06:42
20.0,40.0,4.0,10.0,0.5525,0.454,0.53000003,2026-01-26-12:06:44
10.0,50.0,12.0,9.0,0.51342106,0.42094737,0.55284214,2026-01-26-12:06:44
3.0,50.0,20.0,9.0,0.46131578,0.38421053,0.54863155,2026-01-26-12:06:44
20.0,50.0,12.0,2.0,0.54,0.47200003,0.448,2026-01-26-12:06:44
9.0,50.0,10.0,10.0,0.50526315,0.4068421,0.5605263,2026-01-26-12:06:44
15.0,40.0,19.0,8.0,0.5363158,0.46676317,0.52842104,2026-01-26-12:06:46
7.0,50.0,12.0,10.0,0.4889474,0.3946316,0.5578947,2026-01-26-12:06:46
19.0,40.0,18.0,5.0,0.5352632,0.47655264,0.4811842,2026-01-26-12:06:46
19.0,50.0,12.0,3.0,0.5418421,0.46989477,0.4656842,2026-01-26-12:06:46
17.0,50.0,8.0,7.0,0.5555263,0.4616842,0.5290527,2026-01-26-12:06:46
15.0,50.0,12.0,7.0,0.54921055,0.46147367,0.53642106,2026-01-26-12:06:48
13.0,50.0,4.0,10.0,0.52789474,0.41926315,0.5557895,2026-01-26-12:06:48
18.0,50.0,15.0,3.0,0.54368424,0.47578946,0.4743684,2026-01-26-12:06:48
19.0,50.0,5.0,6.0,0.5518421,0.45789474,0.50268424,2026-01-26-12:06:48
19.0,50.0,9.0,5.0,0.5568421,0.47189474,0.4986842,2026-01-26-12:06:48
17.0,50.0,13.0,5.0,0.5505263,0.47168422,0.5060526,2026-01-26-12:06:50
9.0,50.0,18.0,8.0,0.51526314,0.4348421,0.5525263,2026-01-26-12:06:50
17.0,40.0,18.0,7.0,0.5407895,0.4736579,0.51355267,2026-01-26-12:06:50
17.0,50.0,19.0,2.0,0.53552634,0.4776842,0.46405262,2026-01-26-12:06:50
18.0,40.0,8.0,10.0,0.5480263,0.45510525,0.5373684,2026-01-26-12:06:50
13.0,40.0,17.0,10.0,0.5318421,0.4518684,0.5507895,2026-01-26-12:06:52
19.0,30.0,17.0,10.0,0.5386842,0.4712105,0.5186842,2026-01-26-12:06:52
16.0,50.0,7.0,8.0,0.5523684,0.45357895,0.54173684,2026-01-26-12:06:52
7.0,50.0,16.0,9.0,0.4939474,0.4086316,0.55389476,2026-01-26-12:06:52
20.0,50.0,14.0,1.0,0.53499997,0.474,0.43400002,2026-01-26-12:06:52
14.0,50.0,17.0,6.0,0.54605263,0.46936843,0.5311053,2026-01-26-12:06:53
13.0,40.0,16.0,10.0,0.5268421,0.4458684,0.5457895,2026-01-26-12:06:53
20.0,40.0,12.0,7.0,0.5475,0.472,0.5025,2026-01-26-12:06:53
17.0,50.0,5.0,8.0,0.5555263,0.4536842,0.5380527,2026-01-26-12:06:53
8.0,50.0,10.0,10.0,0.49210528,0.39473686,0.55421054,2026-01-26-12:06:53
14.0,50.0,16.0,6.0,0.54105264,0.46336845,0.5261053,2026-01-26-12:06:56
8.0,50.0,15.0,9.0,0.5021053,0.41473687,0.55521053,2026-01-26-12:06:56
15.0,50.0,17.0,5.0,0.54421055,0.4714737,0.51342106,2026-01-26-12:06:56
20.0,40.0,3.0,10.0,0.5475,0.448,0.52500004,2026-01-26-12:06:56
19.0,50.0,11.0,4.0,0.5518421,0.47389477,0.4846842,2026-01-26-12:06:56
16.0,40.0,14.0,9.0,0.53855264,0.45821053,0.5322368,2026-01-26-12:06:58
19.0,40.0,14.0,7.0,0.5452632,0.47255263,0.5061842,2026-01-26-12:06:58
10.0,50.0,7.0,10.0,0.50342107,0.40094736,0.5518421,2026-01-26-12:06:58
7.0,50.0,20.0,8.0,0.49894738,0.4226316,0.54989475,2026-01-26-12:06:58
12.0,50.0,10.0,9.0,0.5297369,0.43315792,0.5554737,2026-01-26-12:06:58
13.0,50.0,16.0,7.0,0.5428948,0.46126318,0.54378945,2026-01-26-12:07:00
17.0,50.0,10.0,6.0,0.5505263,0.4636842,0.5150527,2026-01-26-12:07:00
6.0,50.0,13.0,10.0,0.48078948,0.38852632,0.55657893,2026-01-26-12:07:00
20.0,30.0,14.0,10.0,0.535,0.464,0.51,2026-01-26-12:07:00
14.0,50.0,10.0,8.0,0.54105264,0.44736844,0.5441053,2026-01-26-12:07:00
14.0,40.0,15.0,10.0,0.53407896,0.4513158,0.54710525,2026-01-26-12:07:02
19.0,30.0,20.0,8.0,0.5236842,0.46921054,0.4916842,2026-01-26-12:07:02
19.0,40.0,16.0,6.0,0.5402632,0.47455266,0.49368423,2026-01-26-12:07:02
20.0,50.0,3.0,6.0,0.555,0.45800003,0.499,2026-01-26-12:07:02
16.0,50.0,4.0,9.0,0.5523684,0.44557893,0.55073684,2026-01-26-12:07:02
15.0,40.0,16.0,9.0,0.5363158,0.45876315,0.53592104,2026-01-26-12:07:03
20.0,30.0,17.0,9.0,0.535,0.472,0.504,2026-01-26-12:07:03
11.0,40.0,19.0,10.0,0.51736844,0.4409737,0.5481579,2026-01-26-12:07:03
6.0,50.0,18.0,9.0,0.4907895,0.40852633,0.557579,2026-01-26-12:07:03
15.0,50.0,5.0,9.0,0.54421055,0.4394737,0.5494211,2026-01-26-12:07:03
12.0,50.0,17.0,7.0,0.5347369,0.45515788,0.5424737,2026-01-26-12:07:05
20.0,40.0,13.0,6.0,0.5375,0.46800002,0.485,2026-01-26-12:07:05
12.0,50.0,5.0,10.0,0.5197369,0.41315788,0.5544737,2026-01-26-12:07:05
18.0,50.0,7.0,6.0,0.54868424,0.45778945,0.5063684,2026-01-26-12:07:05
20.0,50.0,9.0,3.0,0.54,0.46400002,0.457,2026-01-26-12:07:05
12.0,50.0,20.0,6.0,0.5347369,0.4631579,0.5334737,2026-01-26-12:07:07
13.0,50.0,12.0,8.0,0.5378947,0.44726318,0.54778945,2026-01-26-12:07:07
14.0,50.0,7.0,9.0,0.54105264,0.43936843,0.55310524,2026-01-26-12:07:07
20.0,30.0,16.0,9.0,0.53000003,0.46600002,0.49900004,2026-01-26-12:07:07
20.0,50.0,7.0,4.0,0.545,0.462,0.471,2026-01-26-12:07:07
17.0,50.0,7.0,7.0,0.5505263,0.45568419,0.5240527,2026-01-26-12:07:09
2.0,50.0,18.0,10.0,0.45315793,0.37010527,0.5563158,2026-01-26-12:07:09
18.0,40.0,13.0,8.0,0.5430263,0.46510524,0.51736844,2026-01-26-12:07:09
11.0,50.0,15.0,8.0,0.52657896,0.44105265,0.5501579,2026-01-26-12:07:09
12.0,40.0,18.0,10.0,0.5246053,0.44642106,0.5494737,2026-01-26-12:07:09
11.0,50.0,19.0,7.0,0.531579,0.4550526,0.5461579,2026-01-26-12:07:11
20.0,40.0,15.0,5.0,0.5325,0.47000003,0.4725,2026-01-26-12:07:11
16.0,50.0,13.0,6.0,0.5523684,0.46957895,0.52373683,2026-01-26-12:07:11
7.0,50.0,15.0,9.0,0.4889474,0.40263158,0.54889476,2026-01-26-12:07:11
19.0,40.0,17.0,5.0,0.5302632,0.47055265,0.47618422,2026-01-26-12:07:11
14.0,40.0,18.0,9.0,0.53407896,0.4593158,0.53960526,2026-01-26-12:07:13
18.0,50.0,3.0,8.0,0.55868423,0.45378947,0.5343684,2026-01-26-12:07:13
18.0,50.0,13.0,4.0,0.54868424,0.47378945,0.4883684,2026-01-26-12:07:13
18.0,50.0,16.0,2.0,0.53368425,0.47178948,0.45536843,2026-01-26-12:07:13
8.0,50.0,9.0,10.0,0.48710525,0.38873684,0.5492105,2026-01-26-12:07:13
17.0,40.0,15.0,8.0,0.5407895,0.46565792,0.52105266,2026-01-26-12:07:15
11.0,50.0,14.0,8.0,0.52157897,0.43505263,0.5451579,2026-01-26-12:07:15
20.0,40.0,17.0,4.0,0.52750003,0.472,0.46,2026-01-26-12:07:15
6.0,50.0,17.0,9.0,0.4857895,0.40252635,0.552579,2026-01-26-12:07:15
19.0,50.0,4.0,6.0,0.5468421,0.45189476,0.49768424,2026-01-26-12:07:15
16.0,50.0,10.0,7.0,0.55236846,0.46157894,0.5327369,2026-01-26-12:07:17
19.0,50.0,16.0,1.0,0.5318421,0.47389472,0.43768424,2026-01-26-12:07:17
8.0,50.0,14.0,9.0,0.49710527,0.40873685,0.55021054,2026-01-26-12:07:17
10.0,50.0,16.0,8.0,0.5184211,0.4349474,0.5488421,2026-01-26-12:07:17
13.0,50.0,8.0,9.0,0.53289473,0.43326318,0.55178946,2026-01-26-12:07:17
14.0,50.0,13.0,7.0,0.54105264,0.45536843,0.5351053,2026-01-26-12:07:18
16.0,40.0,17.0,8.0,0.53855264,0.46621054,0.5247369,2026-01-26-12:07:18
20.0,40.0,2.0,10.0,0.5425,0.442,0.52,2026-01-26-12:07:18
15.0,50.0,1.0,10.0,0.53921056,0.4254737,0.553421,2026-01-26-12:07:18
19.0,40.0,18.0,4.0,0.5202632,0.46655262,0.4586842,2026-01-26-12:07:18
12.0,50.0,13.0,8.0,0.5297369,0.44115794,0.5464737,2026-01-26-12:07:20
19.0,40.0,15.0,6.0,0.5352632,0.46855265,0.48868424,2026-01-26-12:07:20
19.0,50.0,8.0,5.0,0.5518421,0.46589476,0.4936842,2026-01-26-12:07:20
5.0,50.0,13.0,10.0,0.46763158,0.37642106,0.55026317,2026-01-26-12:07:20
19.0,50.0,3.0,7.0,0.5568421,0.45589477,0.51668423,2026-01-26-12:07:20
11.0,50.0,18.0,7.0,0.526579,0.4490526,0.5411579,2026-01-26-12:07:22
17.0,50.0,20.0,1.0,0.5255263,0.4736842,0.44505262,2026-01-26-12:07:22
17.0,50.0,9.0,6.0,0.5455263,0.4576842,0.5100526,2026-01-26-12:07:22
18.0,50.0,2.0,8.0,0.55368423,0.44778946,0.5293684,2026-01-26-12:07:22
9.0,40.0,20.0,10.0,0.49789476,0.42407894,0.54052633,2026-01-26-12:07:22
16.0,40.0,11.0,10.0,0.53855264,0.45021054,0.53973687,2026-01-26-12:07:25
18.0,40.0,19.0,5.0,0.5280263,0.47110528,0.4798684,2026-01-26-12:07:25
14.0,50.0,2.0,10.0,0.53105265,0.41936842,0.55210525,2026-01-26-12:07:25
14.0,40.0,20.0,8.0,0.52907896,0.4613158,0.5271053,2026-01-26-12:07:25
16.0,50.0,3.0,9.0,0.5473684,0.43957895,0.54573685,2026-01-26-12:07:25
16.0,50.0,12.0,6.0,0.5473684,0.46357894,0.51873684,2026-01-26-12:07:27
9.0,50.0,13.0,9.0,0.50526315,0.41484213,0.5515263,2026-01-26-12:07:27
18.0,50.0,12.0,4.0,0.54368424,0.46778944,0.4833684,2026-01-26-12:07:27
19.0,50.0,15.0,1.0,0.52684206,0.46789473,0.4326842,2026-01-26-12:07:27
4.0,50.0,19.0,9.0,0.46947372,0.39031577,0.5499474,2026-01-26-12:07:27
19.0,40.0,13.0,7.0,0.5402632,0.46655264,0.5011842,2026-01-26-12:07:29
12.0,40.0,20.0,9.0,0.5196053,0.44842106,0.53697366,2026-01-26-12:07:29
16.0,50.0,6.0,8.0,0.5473684,0.44757897,0.53673685,2026-01-26-12:07:29
3.0,50.0,16.0,10.0,0.45631582,0.3702105,0.55263156,2026-01-26-12:07:29
20.0,40.0,19.0,3.0,0.5225,0.474,0.4475,2026-01-26-12:07:29
16.0,50.0,14.0,5.0,0.5423684,0.46557894,0.50473684,2026-01-26-12:07:31
13.0,50.0,3.0,10.0,0.52289474,0.41326317,0.5507895,2026-01-26-12:07:31
15.0,50.0,7.0,8.0,0.53921056,0.4414737,0.5354211,2026-01-26-12:07:31
17.0,50.0,18.0,2.0,0.53052634,0.4716842,0.45905262,2026-01-26-12:07:31
1.0,30.0,2.0,6.0,0.2,0.14700001,0.24600002,2026-01-26-12:07:31
20.0,40.0,9.0,8.0,0.5475,0.46400002,0.51,2026-01-26-12:07:33
15.0,40.0,18.0,8.0,0.5313158,0.4607632,0.52342105,2026-01-26-12:07:33
4.0,50.0,14.0,10.0,0.4594737,0.37031576,0.54894733,2026-01-26-12:07:33
11.0,40.0,18.0,10.0,0.51236844,0.43497372,0.5431579,2026-01-26-12:07:33
15.0,50.0,14.0,6.0,0.54421055,0.46347368,0.52242106,2026-01-26-12:07:33
16.0,50.0,9.0,7.0,0.5473684,0.45557892,0.52773684,2026-01-26-12:07:35
15.0,40.0,13.0,10.0,0.5363158,0.45076314,0.54342103,2026-01-26-12:07:35
18.0,50.0,14.0,3.0,0.53868425,0.46978945,0.4693684,2026-01-26-12:07:35
11.0,50.0,10.0,9.0,0.516579,0.42105263,0.5491579,2026-01-26-12:07:35
11.0,50.0,6.0,10.0,0.511579,0.40705264,0.55315787,2026-01-26-12:07:35
20.0,40.0,11.0,7.0,0.5425,0.466,0.4975,2026-01-26-12:07:37
19.0,40.0,5.0,10.0,0.5452632,0.44855264,0.5286842,2026-01-26-12:07:37
12.0,40.0,17.0,10.0,0.5196053,0.44042104,0.5444737,2026-01-26-12:07:37
7.0,50.0,11.0,10.0,0.4839474,0.38863158,0.5528947,2026-01-26-12:07:37
15.0,50.0,19.0,4.0,0.53921056,0.47347367,0.49942103,2026-01-26-12:07:37
18.0,40.0,7.0,10.0,0.5430263,0.44910526,0.5323684,2026-01-26-12:07:39
20.0,30.0,18.0,8.0,0.52500004,0.468,0.488,2026-01-26-12:07:39
8.0,50.0,13.0,9.0,0.49210528,0.40273687,0.54521054,2026-01-26-12:07:39
1.0,50.0,18.0,10.0,0.44000003,0.358,0.55,2026-01-26-12:07:39
18.0,40.0,20.0,4.0,0.5180263,0.46710527,0.4623684,2026-01-26-12:07:39
17.0,50.0,4.0,8.0,0.5505263,0.4476842,0.5330527,2026-01-26-12:07:41
16.0,50.0,17.0,4.0,0.5423684,0.47357893,0.49573684,2026-01-26-12:07:41
10.0,50.0,20.0,7.0,0.5234211,0.44894737,0.5448421,2026-01-26-12:07:41
19.0,30.0,18.0,9.0,0.52868426,0.46721053,0.50268424,2026-01-26-12:07:41
9.0,50.0,8.0,10.0,0.49526316,0.39484212,0.5505263,2026-01-26-12:07:41
19.0,40.0,8.0,9.0,0.5452632,0.45655265,0.5211842,2026-01-26-12:07:43
16.0,50.0,2.0,9.0,0.5423684,0.43357894,0.54073685,2026-01-26-12:07:43
8.0,50.0,19.0,8.0,0.5071053,0.42873687,0.5512105,2026-01-26-12:07:43
15.0,50.0,18.0,4.0,0.53421056,0.46747366,0.49442104,2026-01-26-12:07:43
20.0,40.0,6.0,9.0,0.5475,0.45600003,0.5175,2026-01-26-12:07:43
20.0,30.0,13.0,10.0,0.53000003,0.458,0.505,2026-01-26-12:07:45
18.0,40.0,11.0,9.0,0.5480263,0.46310526,0.5298684,2026-01-26-12:07:45
7.0,50.0,19.0,8.0,0.4939474,0.41663158,0.54489475,2026-01-26-12:07:45
20.0,50.0,13.0,1.0,0.53,0.468,0.42900002,2026-01-26-12:07:45
20.0,50.0,6.0,4.0,0.54,0.45600003,0.466,2026-01-26-12:07:45
15.0,50.0,16.0,5.0,0.53921056,0.4654737,0.50842106,2026-01-26-12:07:47
14.0,50.0,6.0,9.0,0.53605264,0.43336844,0.54810524,2026-01-26-12:07:47
16.0,50.0,20.0,2.0,0.5273684,0.47157896,0.46273685,2026-01-26-12:07:47
12.0,50.0,9.0,9.0,0.5247368,0.42715788,0.5504737,2026-01-26-12:07:47
17.0,40.0,12.0,9.0,0.5407895,0.4576579,0.5285526,2026-01-26-12:07:47
13.0,50.0,18.0,6.0,0.5378947,0.46326315,0.52978945,2026-01-26-12:07:49
10.0,50.0,11.0,9.0,0.50842106,0.41494736,0.54784214,2026-01-26-12:07:49
18.0,50.0,5.0,7.0,0.55368423,0.45578945,0.52036846,2026-01-26-12:07:49
15.0,50.0,17.0,4.0,0.52921057,0.46147367,0.48942104,2026-01-26-12:07:49
18.0,30.0,20.0,9.0,0.5273684,0.46842107,0.5063684,2026-01-26-12:07:49
14.0,40.0,17.0,9.0,0.52907896,0.4533158,0.53460526,2026-01-26-12:07:51
17.0,40.0,19.0,6.0,0.5307895,0.4696579,0.49605265,2026-01-26-12:07:51
6.0,50.0,16.0,9.0,0.4807895,0.39652634,0.547579,2026-01-26-12:07:51
18.0,50.0,6.0,6.0,0.54368424,0.45178947,0.5013684,2026-01-26-12:07:51
8.0,50.0,18.0,8.0,0.5021053,0.42273685,0.5462105,2026-01-26-12:07:51
18.0,40.0,10.0,9.0,0.5430263,0.45710528,0.5248684,2026-01-26-12:07:53
18.0,40.0,15.0,7.0,0.53802633,0.46710527,0.5048684,2026-01-26-12:07:53
13.0,50.0,7.0,9.0,0.52789474,0.42726317,0.54678947,2026-01-26-12:07:53
17.0,50.0,12.0,5.0,0.5455263,0.4656842,0.5010526,2026-01-26-12:07:53
18.0,50.0,1.0,8.0,0.54868424,0.44178948,0.5243684,2026-01-26-12:07:53
13.0,50.0,15.0,7.0,0.5378947,0.45526317,0.53878945,2026-01-26-12:07:55
20.0,40.0,18.0,3.0,0.5175,0.468,0.4425,2026-01-26-12:07:55
2.0,50.0,17.0,10.0,0.44815794,0.36410525,0.5513158,2026-01-26-12:07:55
17.0,50.0,1.0,9.0,0.5505263,0.4396842,0.5420526,2026-01-26-12:07:55
15.0,50.0,20.0,3.0,0.52921057,0.4694737,0.48042104,2026-01-26-12:07:55
19.0,30.0,16.0,10.0,0.5336842,0.46521053,0.5136842,2026-01-26-12:07:57
10.0,40.0,19.0,10.0,0.5051316,0.42952633,0.5418421,2026-01-26-12:07:57
14.0,50.0,20.0,4.0,0.53105265,0.46736842,0.49810526,2026-01-26-12:07:57
13.0,40.0,19.0,9.0,0.5268421,0.45386842,0.5382895,2026-01-26-12:07:57
14.0,50.0,5.0,9.0,0.53105265,0.42736843,0.54310524,2026-01-26-12:07:57
17.0,30.0,20.0,10.0,0.53105265,0.46763158,0.52105266,2026-01-26-12:08:00
12.0,50.0,4.0,10.0,0.5147369,0.4071579,0.5494737,2026-01-26-12:08:00
18.0,50.0,10.0,5.0,0.54868424,0.46578947,0.49736843,2026-01-26-12:08:00
9.0,50.0,17.0,8.0,0.51026314,0.42884213,0.54752636,2026-01-26-12:08:00
12.0,50.0,16.0,7.0,0.5297369,0.4491579,0.53747374,2026-01-26-12:08:00
18.0,50.0,4.0,7.0,0.54868424,0.44978943,0.51536846,2026-01-26-12:08:02
14.0,50.0,1.0,10.0,0.52605265,0.41336843,0.54710525,2026-01-26-12:08:02
20.0,30.0,15.0,9.0,0.52500004,0.46,0.49400002,2026-01-26-12:08:02
13.0,50.0,19.0,5.0,0.52789474,0.45926318,0.51078945,2026-01-26-12:08:02
13.0,50.0,2.0,10.0,0.51789474,0.40726316,0.5457895,2026-01-26-12:08:02
18.0,40.0,12.0,8.0,0.53802633,0.45910525,0.51236844,2026-01-26-12:08:04
15.0,50.0,4.0,9.0,0.53921056,0.43347368,0.5444211,2026-01-26-12:08:04
16.0,40.0,20.0,6.0,0.52355266,0.46421054,0.49473685,2026-01-26-12:08:04
6.0,50.0,12.0,10.0,0.4757895,0.38252634,0.55157894,2026-01-26-12:08:04
20.0,50.0,11.0,2.0,0.535,0.46600005,0.44300002,2026-01-26-12:08:04
17.0,40.0,9.0,10.0,0.5407895,0.4496579,0.5360526,2026-01-26-12:08:06
20.0,40.0,12.0,6.0,0.5325,0.462,0.48000002,2026-01-26-12:08:06
11.0,20.0,14.0,8.0,0.34394738,0.30281582,0.34415787,2026-01-26-12:08:06
20.0,40.0,5.0,9.0,0.5425,0.45000002,0.5125,2026-01-26-12:08:06
18.0,40.0,14.0,7.0,0.53302634,0.46110523,0.4998684,2026-01-26-12:08:06
12.0,50.0,19.0,6.0,0.5297369,0.4571579,0.5284737,2026-01-26-12:08:08
11.0,50.0,5.0,10.0,0.506579,0.40105262,0.5481579,2026-01-26-12:08:08
14.0,50.0,18.0,5.0,0.53605264,0.46536842,0.5121053,2026-01-26-12:08:08
17.0,50.0,14.0,4.0,0.54052633,0.46768418,0.48705262,2026-01-26-12:08:08
16.0,50.0,18.0,3.0,0.5323684,0.46957892,0.47673684,2026-01-26-12:08:08
15.0,50.0,11.0,7.0,0.54421055,0.45547366,0.53142107,2026-01-26-12:08:11
19.0,40.0,16.0,5.0,0.5252632,0.46455267,0.47118422,2026-01-26-12:08:11
19.0,50.0,10.0,4.0,0.5468421,0.46789473,0.4796842,2026-01-26-12:08:11
12.0,50.0,3.0,10.0,0.5097369,0.40115792,0.5444737,2026-01-26-12:08:11
19.0,40.0,4.0,10.0,0.5402632,0.44255263,0.5236842,2026-01-26-12:08:11
19.0,50.0,7.0,5.0,0.5468421,0.45989478,0.4886842,2026-01-26-12:08:13
10.0,40.0,18.0,10.0,0.5001316,0.42352635,0.5368421,2026-01-26-12:08:13
13.0,50.0,11.0,8.0,0.53289473,0.44126317,0.54278946,2026-01-26-12:08:13
17.0,40.0,20.0,5.0,0.52078944,0.46565792,0.47855264,2026-01-26-12:08:13
18.0,50.0,17.0,1.0,0.5236842,0.46778944,0.43636844,2026-01-26-12:08:13
17.0,50.0,6.0,7.0,0.5455263,0.4496842,0.5190527,2026-01-26-12:08:15
13.0,50.0,6.0,9.0,0.52289474,0.4212632,0.5417895,2026-01-26-12:08:15
17.0,50.0,19.0,1.0,0.5205263,0.46768418,0.44005263,2026-01-26-12:08:15
7.0,50.0,10.0,10.0,0.4789474,0.38263157,0.5478947,2026-01-26-12:08:15
16.0,50.0,11.0,6.0,0.5423684,0.45757893,0.51373684,2026-01-26-12:08:15
14.0,50.0,12.0,7.0,0.53605264,0.44936842,0.5301053,2026-01-26-12:08:17
16.0,40.0,19.0,7.0,0.53355265,0.46821052,0.51223683,2026-01-26-12:08:17
14.0,50.0,9.0,8.0,0.53605264,0.44136843,0.5391053,2026-01-26-12:08:17
8.0,50.0,17.0,8.0,0.49710527,0.41673687,0.54121053,2026-01-26-12:08:17
13.0,50.0,1.0,10.0,0.51289475,0.40126318,0.5407895,2026-01-26-12:08:17
20.0,40.0,8.0,8.0,0.5425,0.45800003,0.505,2026-01-26-12:08:19
10.0,50.0,19.0,7.0,0.5184211,0.44294736,0.5398421,2026-01-26-12:08:19
20.0,30.0,17.0,8.0,0.52000004,0.462,0.483,2026-01-26-12:08:19
4.0,50.0,18.0,9.0,0.46447372,0.3843158,0.5449474,2026-01-26-12:08:19
16.0,50.0,8.0,7.0,0.5423684,0.44957894,0.52273685,2026-01-26-12:08:19
13.0,40.0,15.0,10.0,0.5218421,0.43986842,0.5407895,2026-01-26-12:08:21
17.0,30.0,19.0,10.0,0.52605265,0.46163157,0.51605266,2026-01-26-12:08:21
20.0,50.0,4.0,5.0,0.545,0.45400003,0.48000002,2026-01-26-12:08:21
10.0,50.0,6.0,10.0,0.49842107,0.39494738,0.5468421,2026-01-26-12:08:21
19.0,50.0,2.0,7.0,0.5518421,0.44989473,0.51168424,2026-01-26-12:08:21
15.0,50.0,13.0,6.0,0.53921056,0.4574737,0.51742107,2026-01-26-12:08:23
10.0,50.0,15.0,8.0,0.51342106,0.4289474,0.5438421,2026-01-26-12:08:23
20.0,40.0,19.0,2.0,0.5075,0.46400002,0.42499998,2026-01-26-12:08:23
19.0,40.0,20.0,3.0,0.51526314,0.46855265,0.44618422,2026-01-26-12:08:23
19.0,40.0,7.0,9.0,0.5402632,0.45055264,0.5161842,2026-01-26-12:08:23
16.0,50.0,5.0,8.0,0.5423684,0.44157895,0.53173685,2026-01-26-12:08:25
19.0,30.0,15.0,10.0,0.5286842,0.45921052,0.5086842,2026-01-26-12:08:25
2.0,50.0,16.0,10.0,0.44315794,0.35810524,0.5463158,2026-01-26-12:08:25
18.0,50.0,16.0,1.0,0.5186842,0.46178946,0.43136844,2026-01-26-12:08:25
19.0,40.0,10.0,8.0,0.5402632,0.45855266,0.5086842,2026-01-26-12:08:25
16.0,40.0,18.0,7.0,0.52855265,0.46221054,0.50723684,2026-01-26-12:08:27
14.0,40.0,13.0,10.0,0.52407897,0.43931577,0.53710526,2026-01-26-12:08:27
20.0,50.0,2.0,6.0,0.55,0.45200002,0.49400002,2026-01-26-12:08:27
9.0,50.0,12.0,9.0,0.50026315,0.40884212,0.5465263,2026-01-26-12:08:27
6.0,50.0,20.0,8.0,0.48578948,0.41052634,0.543579,2026-01-26-12:08:27
16.0,40.0,10.0,10.0,0.53355265,0.44421053,0.5347369,2026-01-26-12:08:29
15.0,40.0,20.0,7.0,0.5263158,0.46276316,0.51092106,2026-01-26-12:08:29
16.0,40.0,13.0,9.0,0.53355265,0.45221052,0.5272368,2026-01-26-12:08:29
12.0,50.0,8.0,9.0,0.5197368,0.4211579,0.5454737,2026-01-26-12:08:29
19.0,40.0,12.0,7.0,0.5352632,0.46055263,0.49618423,2026-01-26-12:08:29
18.0,50.0,9.0,5.0,0.5436842,0.45978945,0.4923684,2026-01-26-12:08:31
9.0,50.0,20.0,7.0,0.51026314,0.4368421,0.53852636,2026-01-26-12:08:31
1.0,50.0,17.0,10.0,0.43500003,0.352,0.545,2026-01-26-12:08:31
17.0,40.0,16.0,7.0,0.5307895,0.46165788,0.5035527,2026-01-26-12:08:31
15.0,40.0,12.0,10.0,0.5313158,0.44476315,0.53842103,2026-01-26-12:08:31
17.0,50.0,11.0,5.0,0.54052633,0.4596842,0.49605265,2026-01-26-12:08:33
10.0,50.0,5.0,10.0,0.49342108,0.38894737,0.5418421,2026-01-26-12:08:33
11.0,50.0,20.0,6.0,0.52157897,0.45105264,0.5271579,2026-01-26-12:08:33
9.0,50.0,16.0,8.0,0.50526315,0.42284214,0.54252636,2026-01-26-12:08:33
20.0,40.0,14.0,5.0,0.52750003,0.46400002,0.4675,2026-01-26-12:08:33
12.0,50.0,18.0,6.0,0.5247369,0.45115787,0.5234737,2026-01-26-12:08:36
9.0,50.0,7.0,10.0,0.49026316,0.3888421,0.5455263,2026-01-26-12:08:36
20.0,40.0,7.0,8.0,0.5375,0.45200002,0.5,2026-01-26-12:08:36
18.0,40.0,9.0,9.0,0.5380263,0.45110524,0.5198684,2026-01-26-12:08:36
19.0,50.0,9.0,4.0,0.5418421,0.46189475,0.47468418,2026-01-26-12:08:36
18.0,30.0,17.0,10.0,0.5273684,0.46042106,0.51236844,2026-01-26-12:08:38
16.0,50.0,1.0,9.0,0.5373684,0.42757896,0.53573686,2026-01-26-12:08:38
20.0,40.0,10.0,7.0,0.5375,0.46,0.4925,2026-01-26-12:08:38
5.0,50.0,12.0,10.0,0.46263158,0.37042108,0.5452632,2026-01-26-12:08:38
19.0,50.0,11.0,3.0,0.5368421,0.46389478,0.4606842,2026-01-26-12:08:38
18.0,40.0,6.0,10.0,0.53802633,0.44310528,0.5273684,2026-01-26-12:08:40
18.0,50.0,15.0,2.0,0.52868426,0.46578947,0.45036843,2026-01-26-12:08:40
6.0,50.0,11.0,10.0,0.4707895,0.37652633,0.54657894,2026-01-26-12:08:40
19.0,50.0,6.0,5.0,0.5418421,0.4538948,0.4836842,2026-01-26-12:08:40
18.0,40.0,17.0,6.0,0.53302634,0.46910524,0.49236843,2026-01-26-12:08:40
14.0,50.0,17.0,5.0,0.53105265,0.45936844,0.5071053,2026-01-26-12:08:42
9.0,50.0,15.0,8.0,0.50026315,0.41684213,0.5375263,2026-01-26-12:08:42
16.0,50.0,19.0,2.0,0.52236843,0.46557894,0.45773685,2026-01-26-12:08:42
16.0,40.0,9.0,10.0,0.52855265,0.43821052,0.5297368,2026-01-26-12:08:42
11.0,50.0,9.0,9.0,0.5115789,0.41505262,0.54415786,2026-01-26-12:08:42
17.0,40.0,8.0,10.0,0.5357895,0.4436579,0.5310526,2026-01-26-12:08:44
19.0,50.0,13.0,2.0,0.5318421,0.46589476,0.4466842,2026-01-26-12:08:44
17.0,50.0,3.0,8.0,0.5455263,0.44168422,0.5280526,2026-01-26-12:08:44
14.0,40.0,12.0,10.0,0.51907897,0.43331578,0.53210527,2026-01-26-12:08:44
3.0,50.0,15.0,10.0,0.4513158,0.36421052,0.54763156,2026-01-26-12:08:44
15.0,50.0,12.0,6.0,0.53421056,0.45147368,0.5124211,2026-01-26-12:08:46
12.0,50.0,7.0,9.0,0.51473683,0.4151579,0.5404737,2026-01-26-12:08:46
16.0,50.0,17.0,3.0,0.5273684,0.46357894,0.47173685,2026-01-26-12:08:46
18.0,40.0,19.0,4.0,0.5130263,0.46110523,0.4573684,2026-01-26-12:08:46
13.0,50.0,17.0,6.0,0.53289473,0.45726317,0.52478945,2026-01-26-12:08:46
13.0,50.0,10.0,8.0,0.52789474,0.4352632,0.53778946,2026-01-26-12:08:49
17.0,50.0,13.0,4.0,0.53552634,0.4616842,0.48205262,2026-01-26-12:08:49
6.0,50.0,10.0,10.0,0.4657895,0.3705263,0.54157895,2026-01-26-12:08:49
19.0,50.0,14.0,1.0,0.52184206,0.46189475,0.42768422,2026-01-26-12:08:49
18.0,40.0,16.0,6.0,0.52802634,0.46310526,0.48736843,2026-01-26-12:08:49
16.0,40.0,15.0,8.0,0.52855265,0.45421055,0.5147369,2026-01-26-12:08:51
7.0,50.0,9.0,10.0,0.47394735,0.3766316,0.5428947,2026-01-26-12:08:51
17.0,50.0,16.0,3.0,0.53552634,0.4696842,0.47305265,2026-01-26-12:08:51
11.0,50.0,17.0,7.0,0.521579,0.44305262,0.5361579,2026-01-26-12:08:51
16.0,50.0,4.0,8.0,0.5373684,0.43557894,0.52673686,2026-01-26-12:08:51
14.0,50.0,15.0,6.0,0.53605264,0.45736843,0.5211053,2026-01-26-12:08:53
9.0,50.0,6.0,10.0,0.48526317,0.38284212,0.54052633,2026-01-26-12:08:53
15.0,50.0,6.0,8.0,0.53421056,0.4354737,0.5304211,2026-01-26-12:08:53
17.0,50.0,15.0,3.0,0.53052634,0.4636842,0.46805263,2026-01-26-12:08:53
15.0,40.0,19.0,7.0,0.5213158,0.45676315,0.50592107,2026-01-26-12:08:53
12.0,40.0,19.0,9.0,0.5146053,0.44242105,0.53197366,2026-01-26-12:08:55
18.0,50.0,10.0,4.0,0.53368425,0.45578945,0.4733684,2026-01-26-12:08:55
18.0,50.0,13.0,3.0,0.53368425,0.46378946,0.4643684,2026-01-26-12:08:55
3.0,50.0,19.0,9.0,0.4563158,0.3782105,0.54363155,2026-01-26-12:08:55
16.0,50.0,13.0,5.0,0.5373684,0.45957896,0.49973685,2026-01-26-12:08:55
19.0,30.0,17.0,9.0,0.52368426,0.46121052,0.49768424,2026-01-26-12:08:57
11.0,50.0,4.0,10.0,0.501579,0.3950526,0.5431579,2026-01-26-12:08:57
19.0,50.0,1.0,7.0,0.5468421,0.44389474,0.50668424,2026-01-26-12:08:57
13.0,50.0,14.0,7.0,0.53289473,0.44926316,0.53378946,2026-01-26-12:08:57
20.0,40.0,13.0,5.0,0.52250004,0.45800003,0.4625,2026-01-26-12:08:57
15.0,50.0,10.0,7.0,0.53921056,0.44947368,0.52642107,2026-01-26-12:08:59
1.0,50.0,16.0,10.0,0.43000004,0.34600002,0.54,2026-01-26-12:08:59
20.0,40.0,18.0,2.0,0.5025,0.458,0.42,2026-01-26-12:08:59
2.0,50.0,20.0,9.0,0.4481579,0.37210527,0.5423158,2026-01-26-12:08:59
13.0,50.0,20.0,4.0,0.51789474,0.45526317,0.49178943,2026-01-26-12:08:59
14.0,40.0,16.0,9.0,0.52407897,0.44731578,0.52960527,2026-01-26-12:09:01
16.0,50.0,15.0,4.0,0.5323684,0.46157894,0.48573685,2026-01-26-12:09:01
5.0,50.0,17.0,9.0,0.4726316,0.3904211,0.54626316,2026-01-26-12:09:01
14.0,40.0,19.0,8.0,0.52407897,0.4553158,0.5221053,2026-01-26-12:09:01
18.0,50.0,12.0,3.0,0.52868426,0.45778945,0.4593684,2026-01-26-12:09:01
14.0,40.0,18.0,8.0,0.51907897,0.44931582,0.5171053,2026-01-26-12:09:03
9.0,40.0,19.0,10.0,0.49289477,0.41807896,0.53552634,2026-01-26-12:09:03
20.0,40.0,11.0,6.0,0.52750003,0.456,0.47500002,2026-01-26-12:09:03
20.0,50.0,12.0,1.0,0.525,0.462,0.42400002,2026-01-26-12:09:03
17.0,40.0,11.0,9.0,0.5357895,0.45165792,0.5235526,2026-01-26-12:09:03
18.0,30.0,16.0,10.0,0.52236843,0.45442107,0.50736845,2026-01-26-12:09:05
9.0,50.0,19.0,7.0,0.50526315,0.4308421,0.53352636,2026-01-26-12:09:05
19.0,40.0,14.0,6.0,0.5302632,0.46255264,0.4836842,2026-01-26-12:09:05
17.0,50.0,5.0,7.0,0.54052633,0.4436842,0.5140527,2026-01-26-12:09:05
9.0,50.0,11.0,9.0,0.4952632,0.4028421,0.5415263,2026-01-26-12:09:05
15.0,40.0,11.0,10.0,0.5263158,0.43876317,0.53342104,2026-01-26-12:09:07
16.0,50.0,14.0,4.0,0.5273684,0.45557892,0.48073682,2026-01-26-12:09:07
20.0,30.0,19.0,7.0,0.515,0.464,0.472,2026-01-26-12:09:07
11.0,50.0,13.0,8.0,0.516579,0.42905265,0.5401579,2026-01-26-12:09:07
20.0,50.0,10.0,2.0,0.53000003,0.46000004,0.43800002,2026-01-26-12:09:07
12.0,50.0,11.0,8.0,0.5197369,0.4291579,0.5364737,2026-01-26-12:09:09
18.0,30.0,20.0,8.0,0.51236844,0.45842108,0.4853684,2026-01-26-12:09:09
16.0,30.0,20.0,10.0,0.5197369,0.45684212,0.51473683,2026-01-26-12:09:09
18.0,40.0,11.0,8.0,0.53302634,0.45310527,0.50736845,2026-01-26-12:09:09
16.0,50.0,7.0,7.0,0.5373684,0.44357893,0.51773685,2026-01-26-12:09:09
17.0,40.0,18.0,6.0,0.5257895,0.46365792,0.49105266,2026-01-26-12:09:11
12.0,40.0,16.0,10.0,0.5146053,0.43442103,0.5394737,2026-01-26-12:09:11
12.0,50.0,20.0,5.0,0.5197368,0.4531579,0.5094737,2026-01-26-12:09:11
18.0,40.0,5.0,10.0,0.53302634,0.43710524,0.52236843,2026-01-26-12:09:11
18.0,50.0,3.0,7.0,0.54368424,0.44378945,0.5103684,2026-01-26-12:09:11
14.0,50.0,8.0,8.0,0.53105265,0.43536845,0.5341053,2026-01-26-12:09:14
18.0,40.0,13.0,7.0,0.52802634,0.45510525,0.4948684,2026-01-26-12:09:14
17.0,40.0,14.0,8.0,0.5357895,0.4596579,0.51605266,2026-01-26-12:09:14
6.0,50.0,15.0,9.0,0.4757895,0.39052632,0.542579,2026-01-26-12:09:14
20.0,50.0,8.0,3.0,0.535,0.45800003,0.452,2026-01-26-12:09:14
