organic_formula,organic_concentration,organic_temperature,organic_soak_time,organic_ph,organic_curing_time,Model_Predicted_Adhesion,True_Adhesion,Adhesion_Error,Model_Predicted_Coverage,True_Coverage,Coverage_Error,Model_Predicted_Uniformity,True_Uniformity,Uniformity_Error
30.0,0.6,35.0,130.0,7.5,15.0,0.7388504,0.7396665,-0.0008160852470397995,2.9227035,2.9182427,0.004460804562377962,0.15244424,0.15464213,-0.00219788656890868
10.0,3.4,30.0,210.0,6.0,40.0,0.17635822,0.17615724,0.00020098296142578853,0.4943614,0.4940312,0.0003302006042480432,1.0328561,1.0342891,-0.0014329932418823965
4.0,1.8,35.0,70.0,5.5,55.0,0.80150723,0.8013582,0.0001490345733642373,0.39519262,0.39492676,0.00026586313842774656,0.019484043,0.019523278,-3.923487866211092e-05
21.0,4.5,25.0,280.0,5.0,35.0,-0.13405144,-0.13432798,0.00027653785369874395,1.3585396,1.3584474,9.21812988281534e-05,2.0981345,2.099517,-0.0013824823303223432
18.0,2.5,30.0,230.0,2.5,20.0,0.18413484,0.18454707,-0.0004122290347290114,1.3730941,1.3734486,-0.00035451812133779903,0.69346833,0.69403225,-0.0005639177093506031
6.0,4.1,40.0,40.0,9.0,45.0,0.849264,0.84860265,0.0006613756881713728,0.75892854,0.7581241,0.0008044373687744466,0.08376813,0.08399898,-0.00023085065124511805
15.0,1.1,25.0,180.0,7.5,55.0,0.7855142,0.78613925,-0.0006250741081237354,0.83109546,0.8308149,0.00028055707702634436,0.9857411,0.9867869,-0.0010458211463928446
24.0,2.6,35.0,80.0,5.0,25.0,0.712896,0.71317655,-0.00028056058197023503,2.556532,2.5561519,0.00038000612792954414,0.46827453,0.4689989,-0.0007243662513732874
25.0,1.6,30.0,20.0,6.0,30.0,0.5271167,0.5282187,-0.0011019840919495039,2.1264105,2.1254957,0.0009147843139647449,0.6299828,0.6308206,-0.0008377709060668481
12.0,5.0,35.0,260.0,4.5,60.0,0.59932995,0.59901047,0.0003194784252930072,0.59722424,0.5962664,0.0009578355346679945,1.627783,1.6262019,0.0015810408645628993
24.0,2.6,40.0,80.0,5.0,25.0,1.3142859,1.3149772,-0.0006913256332397033,3.1234918,3.1233933,9.846406860347656e-05,-0.17776012,-0.17774433,-1.579420654296282e-05
30.0,0.6,40.0,130.0,7.5,15.0,1.359514,1.3607776,-0.0012636019683838207,3.5706198,3.5682425,0.0023773215484617083,-0.5191443,-0.5231356,0.00399130335388187
25.0,1.6,35.0,20.0,6.0,30.0,0.9224956,0.92212677,0.0003688335614013827,2.606599,2.6065302,6.889248352059951e-05,0.19117439,0.19001591,0.0011584779318237204
30.0,0.6,35.0,80.0,7.5,15.0,0.8102538,0.81259763,-0.0023438310383605554,2.8902218,2.882405,0.007816834182739374,0.09215295,0.10134164,-0.009188686852111813
7.0,0.6,35.0,130.0,7.5,15.0,0.35433733,0.3540562,0.00028113463287354756,0.6454232,0.64559263,-0.00016945609558105534,-0.26360524,-0.25948787,-0.004117367007141104
25.0,5.0,35.0,80.0,6.0,30.0,0.19706357,0.19711293,-4.936474578856598e-05,2.7339616,2.734419,-0.00045741781616204236,1.5690888,1.5717616,-0.0026727833572388615
30.0,5.0,35.0,80.0,8.5,15.0,0.10145402,0.10060316,0.000850859546508792,3.3368435,3.3379364,-0.0010929093994138661,1.6888728,1.6910313,-0.002158485821533107
30.0,5.0,40.0,130.0,7.5,15.0,0.6597058,0.65853685,0.0011689676994324216,4.005982,4.0117245,-0.00574257785034149,1.0596079,1.0547068,0.004901063426208552
30.0,4.5,25.0,180.0,7.5,15.0,-0.48288798,-0.48337784,0.0004898566778564484,2.3919497,2.3918347,0.00011495362548830101,2.2406774,2.2434301,-0.0027527432800291685
15.0,4.5,25.0,180.0,7.5,60.0,0.24193871,0.24201459,-7.587978729248213e-05,0.77002525,0.76925486,0.0007703932958984527,2.0526166,2.047956,0.0046605962219237185
24.0,4.5,40.0,80.0,5.0,25.0,0.867738,0.86736447,0.0003735384991454538,3.1606646,3.161364,-0.0006994415893553096,0.5800729,0.5800971,-2.4220208740266536e-05
30.0,4.5,40.0,130.0,7.5,15.0,0.8196488,0.8195532,9.560228042604368e-05,4.004504,4.0059977,-0.001493496203613276,0.79089254,0.79012966,0.0007628814085388624
30.0,4.5,35.0,80.0,7.5,60.0,0.97549576,0.9751022,0.00039355567245480394,3.4154441,3.4212437,-0.005799564334106666,1.7695272,1.7686439,0.0008832968841552269
30.0,3.4,40.0,80.0,7.5,25.0,1.329633,1.3298013,-0.00016830248718258112,3.9392886,3.9397078,-0.0004191838195799491,0.3121562,0.31040213,0.0017540704089355486
30.0,4.5,30.0,80.0,8.5,25.0,0.02240324,0.02228935,0.00011389020385742243,2.812005,2.8115294,0.0004756430297851999,1.9779513,1.9789386,-0.0009873117767333905
30.0,4.5,35.0,280.0,9.0,60.0,1.3255994,1.3258657,-0.00026626800842288745,3.293782,3.2934852,0.00029679577331531704,2.407177,2.4060576,0.0011193714355468565
30.0,5.0,30.0,280.0,7.5,60.0,0.7457401,0.7454652,0.0002749156425475574,2.6470242,2.6479065,-0.0008823453369140033,3.03205,3.0358486,-0.003798705667114266
24.0,5.0,25.0,80.0,4.5,60.0,-0.0763495,-0.07739779,0.00104829315856933,1.7398789,1.7393107,0.000568192898559472,2.3305154,2.329771,0.0007443846740722293
25.0,5.0,25.0,280.0,4.0,60.0,0.42688757,0.42655566,0.00033191181167602224,1.5082811,1.5077982,0.0004829117172240327,2.8092518,2.8113632,-0.0021114147216798607
30.0,1.3,40.0,280.0,7.5,60.0,2.4744172,2.4749687,-0.0005514903747556588,3.5349228,3.534308,0.0006148382110597872,0.45350116,0.45131657,0.0021845949131775177
30.0,5.0,40.0,280.0,9.0,60.0,1.7836893,1.7859604,-0.0022711395172119175,3.9544978,3.9492118,0.005286014178466747,1.987534,1.992857,-0.0053229538269043974
25.0,1.1,35.0,280.0,4.0,60.0,1.7504048,1.7508303,-0.0004254652526856084,2.1723468,2.1724,-5.3169631958116526e-05,0.74218047,0.7393822,0.0027982666519165145
30.0,1.1,40.0,280.0,9.0,60.0,2.4900074,2.4896173,0.0003901005126953905,3.6015444,3.6007946,0.0007497801879883248,0.5109975,0.509038,0.0019594741935730076
30.0,0.1,40.0,280.0,9.0,60.0,2.4654164,2.4659605,-0.0005440685729980466,3.4048429,3.399212,0.005630853546142678,0.3448971,0.34285718,0.002039911388702409
24.0,0.1,30.0,280.0,4.0,60.0,1.3311065,1.3314664,-0.00035985645904546004,1.4489135,1.4474142,0.001499255009460354,1.0116943,1.0105946,0.0010997120956421913
24.0,0.7,40.0,280.0,4.0,60.0,2.3391912,2.34004,-0.0008488016510010965,2.5821426,2.5804765,0.0016660914764403678,0.0039122105,0.0022313446,0.0016808658644775392
24.0,1.7,40.0,280.0,4.0,60.0,2.2962136,2.300206,-0.003992373138427929,2.7092078,2.7081249,0.001082873208618107,0.19716358,0.19555606,0.0016075218481445275
30.0,3.4,40.0,280.0,9.0,60.0,2.2280393,2.2279096,0.00012966467895525469,3.8898995,3.89057,-0.0006705077362059164,1.222514,1.2231779,-0.0006638666824341222
30.0,4.5,40.0,280.0,9.0,60.0,1.9473135,1.9469769,0.00033664713439951477,3.9423423,3.943485,-0.0011427186584471727,1.7272036,1.7282798,-0.00107619244079582
30.0,5.0,35.0,280.0,9.0,60.0,1.1639404,1.1648495,-0.0009090703125000932,3.3005056,3.2992122,0.0012934381225586655,2.6635146,2.670635,-0.007120385894775261
30.0,4.8,40.0,280.0,9.0,55.0,1.6951303,1.6936147,0.0015156482055664888,3.9702263,3.9733007,-0.0030744121582029216,1.8018689,1.8038458,-0.0019768844421386156
30.0,4.8,35.0,280.0,9.0,55.0,1.0728543,1.0725037,0.00035058047180180907,3.3226397,3.3233006,-0.0006608962493896975,2.4830403,2.4816234,0.0014169327941893073
30.0,0.2,40.0,280.0,9.0,55.0,2.312172,2.3128233,-0.0006513639648435543,3.4489546,3.4464366,0.0025179822143552855,0.27861667,0.2749827,0.003633966793823218
30.0,2.8,40.0,280.0,9.0,55.0,2.1797934,2.1794124,0.00038095784912117736,3.8627343,3.8633463,-0.0006119822204588843,0.9110758,0.9117173,-0.0006415291450500016
30.0,0.3,40.0,280.0,9.0,55.0,2.3178632,2.3181045,-0.0002412740631103638,3.4707038,3.4681985,0.0025053402557371207,0.28780007,0.2885396,-0.0007395263763427806
30.0,2.6,40.0,280.0,9.0,60.0,2.3687463,2.3689175,-0.00017121932983377164,3.816798,3.8172667,-0.00046872827453592336,0.92145705,0.9223033,-0.0008462477691650871
30.0,5.0,40.0,20.0,9.0,55.0,1.367835,1.3685024,-0.000667355139160053,4.165826,4.1701775,-0.004351656188965158,1.2209169,1.216064,0.004852867256164517
30.0,5.0,30.0,280.0,9.0,60.0,0.754241,0.7548495,-0.0006085103149413573,2.7500472,2.749212,0.0008352068786621203,3.1326685,3.1373017,-0.004633204821777426
30.0,4.5,40.0,280.0,8.0,55.0,1.7880056,1.7886124,-0.0006068095611573288,3.9049873,3.9043815,0.0006058352050781757,1.5830636,1.5836593,-0.0005956975524903374
30.0,0.5,40.0,280.0,9.0,60.0,2.485151,2.485419,-0.0002679475250242369,3.488818,3.4853427,0.0034752302215577124,0.39760202,0.39883387,-0.0012318483058166296
24.0,2.2,40.0,280.0,5.0,55.0,2.1240263,2.1246283,-0.0006020014770506954,2.86164,2.8610244,0.0006155765014650427,0.32772803,0.32638174,0.0013462930657959227
30.0,1.6,40.0,280.0,9.0,55.0,2.3109183,2.3109574,-3.9068853759705036e-05,3.709786,3.7094104,0.0003755382629395676,0.54613405,0.5443704,0.001763654660797087
30.0,5.0,40.0,280.0,9.0,55.0,1.6274494,1.6267092,0.000740193272399825,3.9752192,3.9742167,0.0010025497253418614,1.9080774,1.9123003,-0.004222940800476138
30.0,2.9,40.0,280.0,9.0,55.0,2.162846,2.1630359,-0.00018981159057629426,3.872491,3.8731964,-0.0007055171264647164,0.94860804,0.94801486,0.0005931808096313329
30.0,0.4,40.0,280.0,9.0,55.0,2.3213506,2.3225527,-0.0012021255065919334,3.4929755,3.4895022,0.0034732734039306656,0.30257344,0.30297107,-0.00039762754089356367
30.0,2.1,40.0,280.0,9.0,60.0,2.429888,2.4299755,-8.748997497542987e-05,3.7565267,3.756563,-3.629139709460105e-05,0.76334226,0.7626824,0.0006598613143921073
24.0,0.8,40.0,280.0,6.0,60.0,2.351396,2.3523173,-0.0009212161682130571,2.7308614,2.7303772,0.00048422539978032475,0.15483987,0.15289892,0.0019409533139038149
30.0,0.9,40.0,280.0,9.0,60.0,2.4911232,2.4915497,-0.00042650053710957536,3.5655737,3.5641432,0.001430492321777166,0.46947235,0.46880472,0.0006676286900329509
30.0,5.0,40.0,280.0,7.0,60.0,1.7733448,1.7734482,-0.00010344482727053794,3.8147764,3.814138,0.0006384205932619125,1.8549731,1.857586,-0.002612922225952108
30.0,1.0,40.0,280.0,9.0,60.0,2.4908543,2.4910002,-0.0001459366943361573,3.5835497,3.5826979,0.0008518379302979717,0.4886378,0.48848403,0.00015377498504637321
30.0,3.9,40.0,280.0,9.0,60.0,2.113204,2.1127076,0.0004964023803712969,3.9209962,3.9214947,-0.0004985108825685813,1.438125,1.4396502,-0.001525185694885245
18.0,3.9,30.0,280.0,2.0,60.0,0.78158724,0.7810802,0.0005070430801391579,0.9418521,0.941462,0.0003900927429199008,1.6329736,1.6317475,0.0012260517501831991
30.0,4.5,30.0,280.0,9.0,60.0,0.91645515,0.9158657,0.0005894496505737257,2.742955,2.743485,-0.0005300305938722438,2.8735356,2.8727243,0.0008113330871584168
9.0,3.9,30.0,280.0,3.5,60.0,0.59964,0.60117674,-0.0015367282125854365,0.0007266998,-0.0012327507,0.0019594505291015626,1.4185604,1.4135481,0.005012285704040442
30.0,4.4,40.0,280.0,9.0,60.0,1.9754987,1.976681,-0.0011823236999510822,3.9400523,3.940965,-0.0009127291107176028,1.6729015,1.6779883,-0.005086788807678211
30.0,1.2,40.0,280.0,9.0,60.0,2.487084,2.4874015,-0.0003175881042478679,3.6189637,3.618433,0.0005307184143066301,0.52976364,0.5304665,-0.000702861026763868
30.0,5.0,40.0,280.0,9.0,10.0,0.19632196,0.19344819,0.0028737742639160235,4.184142,4.199261,-0.015118887268066317,1.1985573,1.1872905,0.011266757652282688
30.0,1.4,40.0,280.0,9.0,60.0,2.480885,2.4804711,0.0004139288391113993,3.6513643,3.6523356,-0.0009712735229490121,0.5756808,0.5759475,-0.00026670766830438897
30.0,1.5,40.0,280.0,9.0,60.0,2.4753609,2.4757564,-0.0003955296386717322,3.6690626,3.6685996,0.00046301444091811916,0.60043615,0.6,0.00043615102767946556
30.0,1.4,35.0,280.0,9.0,60.0,1.8589388,1.85936,-0.0004211867904662103,3.0040004,3.0023355,0.0016649253387450713,1.2532586,1.2537253,-0.000466714070129326
26.0,5.0,40.0,280.0,9.0,60.0,1.6698747,1.6697557,0.00011896812133782575,3.4313624,3.4311092,0.0002531905181886174,1.8629587,1.8616012,0.00135746966247563
26.0,4.4,40.0,280.0,10.0,60.0,1.8722062,1.8721371,6.911109008789218e-05,3.5082877,3.5089784,-0.00069073177185075,1.6269844,1.6245017,0.0024826578338623673
30.0,5.0,40.0,230.0,9.0,60.0,1.7189475,1.718719,0.00022852979278553676,3.997757,3.9972415,0.0005154580078126081,1.8477861,1.8499998,-0.0022137310836791713
5.0,5.0,40.0,280.0,9.0,60.0,1.048783,1.0471952,0.0015877446792602612,0.33799648,0.33651748,0.0014790028491211138,1.2340931,1.2349334,-0.0008403299697876676
20.0,5.0,40.0,280.0,9.0,60.0,1.484894,1.484796,9.803724670409686e-05,2.5260715,2.5262752,-0.0002036515380861026,1.6533369,1.6515557,0.0017811825912474877
30.0,3.3,40.0,280.0,9.0,60.0,2.2488794,2.2484512,0.0004282326782227841,3.8821003,3.8830101,-0.0009097562957762761,1.1805897,1.1825072,-0.001917524096679779
26.0,3.3,30.0,280.0,10.0,60.0,1.1481066,1.1484517,-0.000345124987793044,2.3958063,2.3954287,0.0003776125610350789,2.253055,2.2506642,0.002390895672607307
30.0,3.6,40.0,280.0,9.0,60.0,2.1839914,2.1843278,-0.0003363678100587464,3.9037333,3.9043143,-0.000581046520995887,1.3043664,1.307143,-0.0027766498260497485
26.0,5.0,35.0,280.0,10.0,60.0,1.0673337,1.0677743,-0.0004406017272948759,2.9030302,2.9038188,-0.0007886429107664128,2.5864537,2.586325,0.00012867622375489773
30.0,2.4,40.0,280.0,9.0,60.0,2.395757,2.3958397,-8.274008483866169e-05,3.7940183,3.79436,-0.00034173141479509894,0.85437804,0.855831,-0.0014529553947448814
30.0,2.3,40.0,280.0,9.0,60.0,2.4086187,2.4080513,0.0005673885833741288,3.7818003,3.7822192,-0.00041892991943370816,0.82323426,0.8239068,-0.0006725399177551772
30.0,2.0,40.0,280.0,9.0,60.0,2.439758,2.439688,7.006236267104171e-05,3.7429926,3.7430477,-5.506045837400109e-05,0.7333963,0.733382,1.429173278810758e-05
26.0,1.9,40.0,280.0,10.0,60.0,2.3660717,2.3665433,-0.0004715989501953288,3.3752975,3.374498,0.0007995463867187524,0.69626325,0.6936933,0.0025699536888122987
30.0,3.9,35.0,280.0,9.0,60.0,1.4922311,1.4915966,0.0006345305999755357,3.2706048,3.2714946,-0.0008897511383056944,2.1149042,2.117428,-0.00252383473205553
24.0,2.7,40.0,280.0,6.0,60.0,2.1896138,2.1895854,2.8419122314549128e-05,2.9239807,2.9250324,-0.001051687109375088,0.6128138,0.6116152,0.0011985707710265858
30.0,3.0,40.0,280.0,9.0,60.0,2.3053405,2.3050776,0.0002629284881590088,3.8570898,3.8575833,-0.0004935420806884139,1.0636007,1.0657436,-0.00214294062957765
8.0,4.4,35.0,280.0,6.0,60.0,0.7786691,0.77661014,0.002058978881225637,0.25195694,0.24986595,0.0020909896972656217,1.3989956,1.3931905,0.0058051378936767595
30.0,5.0,40.0,10.0,9.0,60.0,1.4235498,1.422857,0.0006927713088988874,4.207466,4.2085714,-0.0011052745117190454,1.2217155,1.2214285,0.0002869502868652063
30.0,5.0,40.0,30.0,9.0,60.0,1.4500904,1.4497535,0.00033690832519539526,4.1856604,4.1893597,-0.003699337756347454,1.2816074,1.2785714,0.0030359894500733287
30.0,3.1,40.0,280.0,9.0,60.0,2.287128,2.287035,9.297164916999279e-05,3.8657875,3.8665173,-0.0007297938964843098,1.1031294,1.1037903,-0.0006609130981445333
1.0,5.0,35.0,280.0,5.0,60.0,0.40337974,0.40315825,0.00022148833084106867,-0.5687032,-0.5709361,0.0022329254089354933,1.4560926,1.450093,0.005999596054077072
30.0,3.2,40.0,280.0,9.0,60.0,2.2686353,2.2681596,0.0004756729797361636,3.8743243,3.8749926,-0.0006682782531739484,1.1418595,1.1427114,-0.0008518685974121532
30.0,3.5,40.0,280.0,9.0,60.0,2.2066255,2.206535,9.046157836900548e-05,3.8967075,3.897671,-0.0009634652099608232,1.2644384,1.2647231,-0.00028470926818857656
26.0,3.5,25.0,280.0,10.0,60.0,0.9186002,0.91871893,-0.00011872839324955642,2.0094898,2.0090685,0.0004212747039793463,2.5636947,2.564368,-0.0006732845001220511
2.0,5.0,35.0,280.0,5.0,60.0,0.42201412,0.42118996,0.0008241572409057873,-0.49886513,-0.50075686,0.0018917324365234078,1.4620819,1.4618422,0.00023970917968751948
30.0,3.7,40.0,280.0,9.0,60.0,2.1615484,2.1612873,0.0002610760833738901,3.910098,3.9104989,-0.0004008241333006701,1.3506827,1.3504374,0.0002453354431153354
30.0,3.8,40.0,280.0,9.0,60.0,2.1374516,2.137414,3.7648712158055986e-05,3.915596,3.9162257,-0.0006296916992187818,1.3942043,1.3946064,-0.0004021410812378168
26.0,3.8,35.0,280.0,10.0,60.0,1.430307,1.4300373,0.00026973067779545445,2.9077137,2.9079893,-0.000275648342895618,2.013088,2.0083413,0.0047466878997801665
24.0,3.7,35.0,280.0,5.5,60.0,1.378542,1.3782256,0.0003163464111328729,2.3596137,2.360042,-0.0004283430023193091,1.5946428,1.5927924,0.0018503583694458037
19.0,3.7,30.0,280.0,6.5,60.0,0.88446057,0.8850987,-0.0006381315719604652,1.374654,1.3744243,0.00022975464172358961,1.8972968,1.8962718,0.0010249863082885113
30.0,5.0,40.0,130.0,9.0,60.0,1.5838588,1.5842364,-0.0003775523818969617,4.0970106,4.093301,0.0037096124877926684,1.5615025,1.5642856,-0.0027831433349609913
30.0,5.0,40.0,260.0,9.0,60.0,1.7589709,1.759064,-9.314333343501957e-05,3.9718325,3.9684234,0.0034091138092042783,1.9324334,1.9357141,-0.0032807332244872978
12.0,4.8,40.0,130.0,4.5,25.0,0.40124673,0.4007202,0.0005265265129089092,1.2878306,1.2876562,0.00017439120178219802,0.38402653,0.38288674,0.001139787404785153
30.0,4.0,40.0,280.0,9.0,60.0,2.0874953,2.0871682,0.0003271269958498024,3.9256303,3.926305,-0.0006746689605714451,1.4848408,1.4855685,-0.0007277493057251672
26.0,4.7,40.0,280.0,10.0,60.0,1.7779379,1.7778229,0.00011498909912099897,3.5051074,3.5058742,-0.0007667971984863797,1.7755165,1.7729335,0.002583010009765685
26.0,4.9,40.0,280.0,10.0,60.0,1.7108983,1.7107818,0.00011648014373788484,3.5017664,3.5015137,0.0002527432525636364,1.877732,1.876261,0.001471038497924848
30.0,4.2,40.0,280.0,9.0,60.0,2.0336168,2.0335906,2.6181234741073922e-05,3.9342902,3.9345515,-0.0002613293304443154,1.5798694,1.5800294,-0.00016001046600333524
30.0,4.2,35.0,280.0,9.0,60.0,1.4122227,1.4124795,-0.000256756965637317,3.2837205,3.2845511,-0.0008306066833494441,2.25585,2.2578073,-0.0019572233245850335
24.0,4.3,40.0,280.0,4.0,60.0,1.8083425,1.8067998,0.0015426568176268862,2.8236272,2.8255987,-0.0019714664947509952,1.1107156,1.1075296,0.003186027670288194
30.0,5.0,40.0,50.0,9.0,60.0,1.4770848,1.4766502,0.0004345558975220598,4.162102,4.170148,-0.008045777557373235,1.3418987,1.3357142,0.0061844797332764045
26.0,4.6,40.0,280.0,10.0,60.0,1.8105378,1.810094,0.00044381509399404884,3.506843,3.507367,-0.0005239099426268545,1.7272036,1.7225814,0.004622207559204172
26.0,4.6,35.0,280.0,10.0,60.0,1.2015871,1.2018564,-0.0002693190444946758,2.912279,2.9125392,-0.00026030939025867283,2.3808246,2.3796694,0.0011551658874511261
30.0,4.6,40.0,280.0,9.0,60.0,1.9159865,1.9164395,-0.0004529620666504641,3.9450326,3.9455464,-0.0005138034118652435,1.7775128,1.779446,-0.0019332112274170754
26.0,4.6,30.0,280.0,10.0,60.0,0.8054249,0.80473006,0.000694868665161108,2.4174962,2.4177115,-0.00021529562377908817,2.82682,2.8256464,0.0011734966979979333
21.0,4.6,40.0,180.0,5.0,35.0,0.92104894,0.921039,9.939228057809224e-06,2.672638,2.673,-0.00036206054687504263,0.7373891,0.73776984,-0.00038075232299805695
30.0,4.8,40.0,210.0,9.0,60.0,1.7589284,1.758728,0.00020041815948479424,4.015608,4.015537,7.083386230455346e-05,1.68488,1.6844023,0.00047771823425302173
30.0,5.0,40.0,60.0,9.0,60.0,1.490062,1.4900985,-3.650163269042217e-05,4.159548,4.160542,-0.000994194213867594,1.3642583,1.3642856,-2.7310662841895095e-05
30.0,4.8,40.0,219.99998,9.0,60.0,1.7724302,1.7721763,0.0002538815032959718,4.006015,4.0059314,8.342391357452072e-05,1.7104338,1.7129738,-0.0025399592483521527
30.0,4.1,40.0,280.0,9.0,60.0,2.0616598,2.060796,0.0008638129272462436,3.9299183,3.9306571,-0.0007388108154295914,1.5335529,1.5323615,0.0011913850555420602
30.0,5.0,40.0,90.0,9.0,60.0,1.5300839,1.5304432,-0.00035930527038563476,4.132239,4.1317244,0.0005144648986812328,1.448107,1.4499998,-0.0018927958343506468
30.0,5.0,40.0,100.0,8.0,60.0,1.4941794,1.4941871,-7.731980895986368e-06,4.0757074,4.076749,-0.001041564392090244,1.4317366,1.4322166,-0.00048001152191168295
30.0,5.0,40.0,110.0,8.0,60.0,1.5110481,1.5100491,0.0009989785369872717,4.0643477,4.0659113,-0.0015635560119626746,1.4592869,1.4596058,-0.0003188718231201815
30.0,5.0,40.0,260.0,9.0,35.0,0.99975574,0.9979801,0.0017756401657104126,4.063713,4.0727587,-0.009045626269530871,1.559506,1.550862,0.008644058692932166
30.0,2.7,40.0,280.0,8.0,60.0,2.34761,2.347951,-0.00034100320434582443,3.7609353,3.7604964,0.0004389065490721933,0.89031327,0.88921595,0.0010973177078247298
30.0,4.8,35.0,280.0,8.0,60.0,1.2249207,1.2254988,-0.0005780503356933586,3.230401,3.230759,-0.00035796087646478014,2.489828,2.494545,-0.004716890258789075
30.0,5.0,40.0,219.99998,9.0,30.0,0.8780187,0.87638414,0.00163453723464968,4.0734987,4.082394,-0.008895274108886575,1.4117726,1.4026402,0.00913240875701904
20.0,3.7,30.0,280.0,10.0,60.0,0.92904085,0.9289111,0.00012974920883179752,1.7317777,1.7315946,0.00018306799926759432,2.174397,2.1726587,0.0017382917297363853
30.0,5.0,40.0,150.0,9.0,60.0,1.6108929,1.6111329,-0.0002400081161499923,4.074018,4.0740886,-7.05984436031315e-05,1.6201966,1.6214285,-0.001231919113159119
20.0,1.7,30.0,150.0,9.5,35.0,0.528408,0.52873176,-0.00032376906753539547,1.7408789,1.7407434,0.00013553962860113344,0.84798956,0.8493064,-0.0013168408264160325
26.0,4.8,40.0,280.0,9.5,60.0,1.7416661,1.7415907,7.537856750494676e-05,3.4700897,3.4701545,-6.482600402835104e-05,1.7946819,1.7903421,0.004339806700134341
30.0,4.8,40.0,280.0,9.0,60.0,1.8514814,1.8528659,-0.0013844623168945969,3.9496462,3.9482958,0.0013504345123291905,1.8797286,1.8844024,-0.004673844320678633
30.0,4.8,35.0,260.0,9.0,60.0,1.2057456,1.2048583,0.0008872778121948866,3.3175669,3.3175075,5.9371643066352675e-05,2.5053997,2.5050373,0.00036240397949205416
30.0,4.8,30.0,280.0,9.0,60.0,0.82250464,0.821755,0.0007496396255493032,2.748376,2.7482955,8.039263916037598e-05,3.0288556,3.028847,8.562210083162825e-06
30.0,4.9,35.0,280.0,9.0,60.0,1.1982372,1.1987187,-0.00048151929016104766,3.2983363,3.298983,-0.0006467325286867442,2.6120076,2.6159704,-0.003962782049560687
3.0,4.8,40.0,280.0,6.0,60.0,1.0617368,1.0598383,0.0018985221282958875,-0.03356695,-0.035622597,0.0020556452482910145,0.92345345,0.9201687,0.003284750202941944
30.0,4.7,35.0,280.0,9.0,60.0,1.2640457,1.263958,8.771533203133508e-05,3.2963948,3.2971504,-0.0007555750183105836,2.5061984,2.509265,-0.003066593780517657
30.0,5.0,40.0,120.0,9.0,60.0,1.5706416,1.5707881,-0.0001464631515502024,4.1033154,4.102906,0.00040935339355474554,1.5363479,1.5357141,0.0006337660583495275
30.0,5.0,40.0,140.0,9.0,60.0,1.5976721,1.5976846,-1.2495164489756405e-05,4.0840125,4.083695,0.0003175083923343536,1.5930456,1.592857,0.00018859230804446625
30.0,5.0,40.0,160.0,9.0,60.0,1.6255033,1.6245811,0.0009222016204835093,4.0649204,4.0644827,0.0004377254150389476,1.6489447,1.6499999,-0.0010551644729615006
26.0,4.9,35.0,140.0,9.5,55.0,0.8145945,0.8144557,0.0001388072174072219,2.9926152,2.993105,-0.0004897770690917014,2.0286598,2.0340166,-0.0053567794433595495
30.0,5.0,40.0,280.0,9.0,50.0,1.4678267,1.467458,0.0003687240524292701,4.002145,3.9992218,0.0029230135375977184,1.8326135,1.8317438,0.0008696681701660935
11.0,5.0,30.0,280.0,3.0,60.0,0.2636696,0.2633323,0.000337310023498516,0.043689728,0.04255098,0.0011387477832031229,1.9084766,1.9067973,0.0016792911102294639
25.0,3.5,40.0,280.0,6.0,50.0,1.7810985,1.782611,-0.0015125150070189886,3.163358,3.1630738,0.00028417309875505836,0.78490335,0.78806937,-0.0031660225077819737
11.0,2.5,25.0,40.0,2.0,50.0,0.045870304,0.045187533,0.0006827711076660137,0.44769526,0.4477502,-5.4944720458971474e-05,0.5764793,0.58063924,-0.004159924242248536
30.0,3.7,40.0,280.0,9.0,50.0,1.8427055,1.8427851,-7.961179504389904e-05,3.9598062,3.9605088,-0.0007025961578368545,1.1845825,1.1893243,-0.004741828152465821
15.999999,4.2,35.0,280.0,10.0,60.0,1.0641077,1.0631827,0.0009249564788817999,1.5734265,1.5734222,4.285061645514787e-06,1.826225,1.8228419,0.0033831423431396335
30.0,5.0,40.0,290.0,9.0,60.0,1.8004221,1.7994087,0.001013372410583413,3.942103,3.9396057,0.0024972090881347775,2.0202749,2.0214283,-0.0011534224517824043
17.0,4.1,35.0,280.0,6.5,60.0,1.0967457,1.0973915,-0.0006457705535889424,1.4821154,1.4819862,0.00012918791656502115,1.5786716,1.5788795,-0.00020792540740965926
15.999999,1.8,35.0,290.0,10.0,60.0,1.5718791,1.572906,-0.0010268515167235481,1.6046736,1.605238,-0.0005643759613036536,1.0919495,1.0918434,0.00010606289062509155
27.0,4.8,40.0,280.0,10.0,60.0,1.7734283,1.7740675,-0.0006391791152953186,3.6395707,3.6402647,-0.0006939869567870183,1.8561709,1.8572612,-0.001090307284545844
27.0,4.9,35.0,290.0,10.0,60.0,1.1395731,1.1399343,-0.0003612027709960497,3.021792,3.0216348,0.0001571349670408395,2.5980327,2.6017988,-0.003766087063598711
27.0,4.8,30.0,290.0,10.0,60.0,0.77365196,0.7733013,0.0003506575119018862,2.514174,2.5146487,-0.00047471547241206835,3.0013053,3.0004249,0.0008804417205809933
27.0,4.6,35.0,290.0,9.5,60.0,1.2369175,1.2366498,0.00026769572753915227,2.989875,2.9907813,-0.0009062217987061416,2.4147635,2.4124432,0.002320250622558806
27.0,4.7,30.0,290.0,9.5,60.0,0.8045414,0.8042588,0.00028260901565546614,2.4822083,2.4814417,0.0007665519531250276,2.9138632,2.9143672,-0.0005040179321289529
30.0,5.0,40.0,170.0,9.0,60.0,1.6390482,1.6380296,0.0010186187271117308,4.0559206,4.0548773,0.0010433008911130415,1.6812865,1.6785712,0.002715254200744699
27.0,4.1,25.0,290.0,10.0,60.0,0.796752,0.79672676,2.5216013183615438e-05,2.1044025,2.104646,-0.00024345788574198224,2.9006867,2.8972893,0.003397440875243962
27.0,1.8,40.0,290.0,10.0,60.0,2.4091215,2.4091177,3.8133666993012127e-06,3.4683928,3.467907,0.00048584896850600856,0.7214179,0.71801907,0.003398833900146503
27.0,3.5,25.0,280.0,10.0,60.0,0.9361032,0.93548495,0.0006182747543335143,2.0946958,2.0939677,0.0007281065032960221,2.6084142,2.6074975,0.0009166731262206795
30.0,5.0,35.0,290.0,9.0,60.0,1.179457,1.1782978,0.0011591492340088383,3.2906153,3.289606,0.0010093202056884465,2.6990504,2.6992064,-0.00015597351684570882
30.0,4.1,35.0,290.0,9.0,60.0,1.453024,1.4531333,-0.00010927026824947284,3.2707336,3.271051,-0.0003174051055907512,2.2378824,2.2387106,-0.0008282242828370201
30.0,5.0,40.0,190.0,9.0,60.0,1.6653737,1.664926,0.00044768297576913696,4.0364075,4.035665,0.0007424707031251643,1.7359878,1.7357141,0.00027368247833248205
30.0,2.2,40.0,290.0,9.0,60.0,2.4337916,2.4328783,0.0009133374206542477,3.7604094,3.760014,0.0003953551635742514,0.82483137,0.82142866,0.003402706539001432
30.0,5.0,40.0,200.0,9.0,60.0,1.678736,1.6783743,0.0003616714508056784,4.0265994,4.0260596,0.0005398071960449613,1.761941,1.7642856,-0.002344643884277353
27.0,4.8,35.0,280.0,9.0,55.0,0.9971211,0.9971042,1.689565734863674e-05,2.988807,2.989112,-0.0003050370330810459,2.3704433,2.3713293,-0.0008859558837892578
21.0,2.2,25.0,200.0,5.5,25.0,0.1235888,0.123301774,0.0002870264302978487,1.4399856,1.4394964,0.0004892328964234416,1.0508237,1.0452193,0.005604388507080005
30.0,4.6,35.0,290.0,9.0,60.0,1.3090295,1.3087767,0.00025275995330820145,3.2857022,3.2859411,-0.000238871453857481,2.485835,2.4857953,3.97753784180388e-05
30.0,1.9,40.0,290.0,9.0,60.0,2.4618754,2.462016,-0.00014056130981465742,3.7196372,3.7194686,0.0001685555328370114,0.7341949,0.73352766,0.0006672147634887438
23.0,4.8,40.0,290.0,10.0,60.0,1.6657934,1.6655768,0.0002166188842773753,3.0603888,3.060987,-0.0005981965179442383,1.7503618,1.7519777,-0.001615899806213461
30.0,5.0,40.0,80.0,9.0,50.0,1.3392124,1.3391821,3.0317602539131627e-05,4.1087575,4.108581,0.00017649588012691453,1.3327152,1.3320394,0.0006757536941528475
30.0,4.9,30.0,290.0,9.0,60.0,0.8018385,0.80216694,-0.0003284228109741161,2.7391996,2.739377,-0.00017736163330095422,3.1154995,3.1112084,0.00429109645996073
30.0,2.7,40.0,290.0,9.0,60.0,2.3676999,2.3676555,4.436152648912284e-05,3.8179476,3.818427,-0.000479373886108192,0.98693895,0.98542285,0.0015161033996582418
23.0,4.9,35.0,290.0,10.0,60.0,1.0326079,1.0323818,0.0002261130172729331,2.5026503,2.5028074,-0.0001571390747070467,2.4419143,2.4443831,-0.002468780007934601
13.0,5.0,40.0,290.0,6.0,60.0,1.2688695,1.2706326,-0.0017630807662962766,1.2087005,1.2069647,0.0017358376815796994,1.2420787,1.2435457,-0.0014670380813599504
30.0,4.4,35.0,290.0,9.0,60.0,1.3685812,1.3690183,-0.0004371241958618377,3.2811701,3.2813592,-0.0001890702239988329,2.3820224,2.3843374,-0.0023150191711427404
23.0,4.7,30.0,290.0,10.0,60.0,0.71371156,0.7133027,0.00040885977249149885,2.0591412,2.0583637,0.0007774590576170581,2.7725182,2.7740488,-0.0015306420410157173
30.0,5.0,40.0,240.0,9.0,60.0,1.7323623,1.7321672,0.0001950703552247024,3.9886847,3.9876356,0.0010490542358398969,1.8781314,1.8785713,-0.0004399103820800221
27.0,4.9,40.0,280.0,8.0,50.0,1.424062,1.4236267,0.00043531362609861013,3.5604289,3.560423,5.857803344611057e-06,1.6237901,1.6205432,0.0032469449203491596
30.0,5.0,40.0,250.00002,9.0,60.0,1.7450514,1.7456157,-0.0005643160278321346,3.9794312,3.9780295,0.001401652343750115,1.9064802,1.9071428,-0.0006626068618773573
30.0,5.0,40.0,300.0,9.0,60.0,1.8131862,1.8128569,0.0003292686706541925,3.9322002,3.9300003,0.002199893405151254,2.0482244,2.05,-0.0017755508422849786
30.0,5.0,40.0,270.0,9.0,60.0,1.772811,1.7725122,0.0002988551834106623,3.959092,3.958818,0.0002739017791748566,1.9611815,1.9642856,-0.0031040785842895158
30.0,5.0,35.0,300.0,9.0,60.0,1.1927563,1.191746,0.0010102952041626256,3.279053,3.2800002,-0.0009472272064208198,2.724205,2.7277777,-0.003572682910156111
28.0,3.7,35.0,300.0,8.0,60.0,1.521006,1.5208719,0.00013408812103277157,2.9707122,2.971479,-0.0007668150939941221,1.954793,1.9519626,0.002830376379394428
2.0,3.1,35.0,100.0,5.5,45.0,0.4382627,0.43823487,2.7831034545899858e-05,0.11163163,0.111922845,-0.00029121314880371785,0.28380728,0.2840781,-0.0002708223205566407
28.0,2.5,35.0,70.0,6.5,45.0,1.0950236,1.0949421,8.153204956062865e-05,3.0423558,3.0427334,-0.00037762416687003864,0.70065534,0.7042073,-0.0035519588516235157
30.0,1.8,40.0,300.0,9.0,60.0,2.4835315,2.483511,2.0475067138647773e-05,3.695228,3.6954308,-0.00020270017700196874,0.7361913,0.73454815,0.0016431227355957478
28.0,4.9,30.0,300.0,8.0,60.0,0.7707388,0.77044624,0.00029254049850468977,2.468161,2.4689703,-0.0008091938903809215,2.984136,2.985906,-0.0017698954162597147
28.0,4.6,30.0,300.0,6.5,60.0,0.8670736,0.86626446,0.0008091355238342146,2.364753,2.3651788,-0.00042579211120585825,2.7277987,2.7246928,0.0031059003326414647
30.0,5.0,30.0,300.0,9.0,60.0,0.7812106,0.781746,-0.0005353986701965852,2.7295709,2.73,-0.0004291343688964666,3.1945567,3.1944444,0.00011231310424797414
30.0,2.5,40.0,300.0,9.0,60.0,2.4094625,2.4096918,-0.00022934806518559725,3.786895,3.7868304,6.463669738776545e-05,0.947011,0.9457725,0.0012384939575195153
28.0,4.1,25.0,300.0,6.5,60.0,0.8193345,0.82042086,-0.001086353011474639,1.9373864,1.9356163,0.0017700935470581491,2.7285972,2.7270412,0.0015559641540527913
30.0,5.0,40.0,180.0,9.0,45.0,1.2791812,1.2792413,-6.005801086428342e-05,4.057189,4.0582166,-0.001027612268066136,1.5203767,1.5192659,0.0011107822814941937
22.0,5.0,40.0,300.0,6.0,60.0,1.5695125,1.5698245,-0.000312013542175249,2.6088326,2.609663,-0.0008304022674558986,1.569488,1.5690253,0.0004627485534667297
30.0,1.7,40.0,300.0,9.0,60.0,2.4899893,2.4907248,-0.0007355192993165893,3.680258,3.6805415,-0.0002834643402098713,0.7090402,0.70787174,0.0011684845521545695
22.0,4.9,35.0,300.0,6.0,60.0,1.0104041,1.0101311,0.0002730099548340359,2.076065,2.0759718,9.326347656246625e-05,2.157627,2.154137,0.0034901057128906565
29.0,4.9,40.0,300.0,6.0,60.0,1.8137836,1.8144239,-0.0006402543701171659,3.597764,3.5999498,-0.0021857848022461823,1.7455704,1.7542105,-0.008640078781127825
29.0,4.9,30.0,300.0,6.0,60.0,0.78949773,0.7897496,-0.0002518668838501492,2.4290044,2.4275355,0.0014689307708741772,2.8891077,2.88831,0.0007977041625975012
29.0,4.8,35.0,300.0,5.5,60.0,1.2289362,1.2290785,-0.00014230462646480646,2.9269507,2.9288297,-0.0018790068695069273,2.3389,2.3384478,0.0004522892639160503
29.0,4.1,30.0,300.0,4.0,60.0,1.0290987,1.0296603,-0.0005615508392333712,2.2749586,2.2754028,-0.00044418946533220094,2.3432922,2.3458571,-0.0025648636718749174
29.0,4.6,40.0,290.0,5.0,55.0,1.7521577,1.7529802,-0.0008225118591309588,3.5838227,3.5841563,-0.0003335727966309321,1.4341322,1.4348243,-0.0006920816390991735
30.0,4.8,40.0,100.0,9.0,45.0,1.32285,1.3229744,-0.00012441106262217616,4.0845313,4.0844927,3.860722045878617e-05,1.2241111,1.2252744,-0.0011633198303222514
30.0,4.8,40.0,300.0,9.0,60.0,1.8800962,1.8797624,0.000333797128295954,3.9284992,3.9290838,-0.0005845781982420917,1.9392211,1.9415452,-0.0023240562774657914
14.0,4.8,40.0,300.0,4.0,60.0,1.3925549,1.3927275,-0.00017262081146229846,1.2330352,1.2315071,0.0015281067947388038,1.0659963,1.0638949,0.0021013892532348866
29.0,4.6,25.0,300.0,6.0,60.0,0.69167346,0.6913644,0.0003090576225280861,1.988501,1.9902151,-0.0017141472793578139,2.9797442,2.9812133,-0.0014691040618894924
30.0,4.2,40.0,300.0,9.0,60.0,2.0602736,2.0604873,-0.00021365269165052325,3.9154541,3.9153395,0.00011464924621584771,1.6385635,1.6371722,0.0013913137557983735
30.0,2.9,40.0,300.0,9.0,60.0,2.3493657,2.3491836,0.00018211121215827575,3.8287792,3.82898,-0.00020077941894536266,1.0851617,1.0857143,-0.0005526140563965054
29.0,4.9,40.0,300.0,5.5,55.0,1.6716261,1.6724238,-0.0007977089965820472,3.6048322,3.6060927,-0.0012605276062012116,1.6441534,1.6475675,-0.00341414344787605
30.0,5.0,40.0,300.0,8.0,45.0,1.333336,1.3339999,-0.0006639043258667154,3.9588697,3.957714,0.0011556956634519722,1.7367864,1.7382857,-0.0014993344909668416
30.0,5.0,40.0,300.0,8.5,60.0,1.8123026,1.8121428,0.00015978941650396372,3.8944175,3.895,-0.0005824756622314631,2.0150843,2.0149999,8.436666259781234e-05
30.0,5.0,40.0,290.0,9.0,40.0,1.1490977,1.148335,0.0007626810455321209,4.041395,4.0479016,-0.006506412622070634,1.6980562,1.6920295,0.006026721008300706
30.0,5.0,40.0,130.0,8.0,45.0,1.2436517,1.243724,-7.225229644780562e-05,4.03693,4.0364337,0.0004963842285157227,1.3650569,1.3641182,0.0009386723678588282
27.0,4.9,25.0,300.0,10.0,60.0,0.56109,0.56139016,-0.00030016747680661204,2.0966637,2.096019,0.0006447134552001188,3.3247218,3.3227403,0.001981513201904317
30.0,5.0,35.0,180.0,9.0,60.0,1.0306951,1.0303667,0.00032838075714103354,3.3950238,3.3952713,-0.000247477215576275,2.384019,2.3849206,-0.0009017019897461509
30.0,4.8,35.0,300.0,9.0,60.0,1.2588537,1.2586515,0.00020217393493648927,3.2792509,3.2790837,0.0001671602142332418,2.6223888,2.619323,0.0030658397216796196
30.0,4.4,30.0,300.0,9.0,60.0,0.9726852,0.97246665,0.00021856785736085182,2.7222178,2.7217531,0.0004646982330323013,2.8799243,2.8795755,0.00034879733276360625
30.0,1.3,40.0,300.0,9.0,60.0,2.5119324,2.5112495,0.0006828730468750877,3.6145186,3.6164017,-0.001883057574462832,0.61001885,0.60991263,0.00010621937286381389
28.0,4.8,40.0,290.0,8.0,55.0,1.6509373,1.6506829,0.0002544188018798188,3.655347,3.6559987,-0.0006515911590576628,1.702049,1.7030379,-0.000988883047485345
28.0,4.0,40.0,290.0,8.0,60.0,2.0451689,2.044214,0.0009548766479490212,3.6145256,3.615891,-0.0013654434356689116,1.3914093,1.389738,0.001671277915954672
28.0,4.9,40.0,300.0,6.0,55.0,1.6406404,1.6409695,-0.00032912200164791905,3.512248,3.5132263,-0.0009782607543944444,1.6497433,1.6487224,0.0010209185577392255
13.0,4.0,25.0,300.0,5.0,60.0,0.5625526,0.56352234,-0.0009697687033081159,0.2867992,0.28580308,0.00099611242858888,1.9076781,1.899269,0.008409127288818263
30.0,4.0,35.0,300.0,9.0,60.0,1.492646,1.4929538,-0.00030782107238769285,3.2569053,3.257093,-0.00018768269348123923,2.2191162,2.220489,-0.001372789062500157
30.0,4.7,30.0,300.0,9.0,60.0,0.8804947,0.88085455,-0.00035983621673585375,2.7274446,2.7279382,-0.0004935512573243095,3.0376396,3.0330744,0.004565217919922038
27.0,5.0,40.0,300.0,10.0,60.0,1.7274853,1.7278799,-0.00039460088958742645,3.6189332,3.619788,-0.0008547991638181429,2.027462,2.0226898,0.004772205615234171
30.0,4.9,25.0,300.0,9.0,60.0,0.61643374,0.6167262,-0.000292460337829592,2.2782607,2.279771,-0.0015102921447756046,3.3993874,3.3953352,0.004052159619140738
30.0,5.0,40.0,300.0,9.0,20.0,0.48497707,0.48257136,0.002405706516876216,4.1472507,4.163143,-0.015892347686767394,1.3914093,1.376857,0.014552277915954592
29.0,4.4,40.0,40.0,6.0,20.0,1.0065955,1.0071994,-0.0006039076370238927,3.8275988,3.8266993,0.0008995101959228258,0.6247922,0.63101417,-0.006221951791687053
30.0,5.0,40.0,40.0,9.0,60.0,1.4637012,1.4632019,0.0004993481689452572,4.1766014,4.179754,-0.0031525900878905944,1.3071613,1.3071427,1.8631176757821777e-05
29.0,4.8,40.0,270.0,4.5,50.0,1.5252593,1.5254294,-0.00017014363708489633,3.6175234,3.617209,0.00031443177795420496,1.3985964,1.4007047,-0.0021082940170287223
28.0,4.4,40.0,270.0,7.5,50.0,1.6058218,1.6058267,-4.852084350526198e-06,3.6692455,3.6690388,0.0002066814910888226,1.3418987,1.3439626,-0.00206392026672364
30.0,4.0,40.0,40.0,9.0,60.0,1.764524,1.7644098,0.00011418300170906726,4.156651,4.156847,-0.00019597994995113055,0.7996767,0.7998543,-0.00017758367233278172
30.0,4.6,40.0,300.0,9.0,60.0,1.9426291,1.943336,-0.0007069011077880383,3.9265924,3.9263349,0.0002574500061034435,1.8370056,1.8365889,0.00041671523437503133
28.0,5.0,35.0,290.0,7.5,55.0,0.9695852,0.96985257,-0.0002673897174072515,2.998727,2.9987352,-8.116793823287338e-06,2.4475043,2.4446135,0.0028907819976806692
29.0,4.9,40.0,280.0,5.0,45.0,1.3744174,1.3747491,-0.00033167579803472513,3.6741176,3.6751714,-0.0010538348449706803,1.439323,1.4377129,0.0016100484558105865
29.0,4.4,40.0,290.0,5.5,60.0,1.9500306,1.9497905,0.00024006526184083832,3.5732088,3.5747187,-0.0015098911010742455,1.4445136,1.436684,0.007829559341430592
29.0,4.4,40.0,290.0,6.0,55.0,1.8105251,1.8103718,0.00015325970001223155,3.6465943,3.6464627,0.00013158596496598562,1.3969992,1.3994575,-0.0024582600784301967
28.0,5.0,40.0,290.0,6.0,50.0,1.4481163,1.4481378,-2.1497509765655565e-05,3.559909,3.5604985,-0.0005893946990966903,1.6114125,1.6076757,0.0037368251770020233
26.0,2.8,40.0,300.0,11.0,60.0,2.2713835,2.2720294,-0.0006458760589600487,3.5092673,3.5091481,0.00011923016967774203,1.1003344,1.0953178,0.0050166058990479545
30.0,2.8,40.0,300.0,9.0,60.0,2.3659003,2.36556,0.00034027809143077903,3.8189397,3.81913,-0.00019031417846671062,1.0492265,1.0494169,-0.0001903775543212749
27.0,4.1,40.0,270.0,8.5,60.0,1.9621844,1.9626875,-0.0005030708312987464,3.5473318,3.5477986,-0.0004667900024415417,1.383823,1.3846537,-0.0008306628524781257
30.0,4.9,30.0,290.0,9.0,55.0,0.6391217,0.6393984,-0.00027668874588016035,2.7666502,2.7664511,0.000199099890136889,3.0232658,3.0288587,-0.005592861376952918
30.0,1.6,40.0,300.0,9.0,60.0,2.4970756,2.4971054,-2.9842291259907228e-05,3.664785,3.6651936,-0.0004086917053220951,0.68268776,0.68207,0.0006177593994141084
26.0,5.0,40.0,300.0,11.0,60.0,1.69947,1.6995094,-3.935681762690102e-05,3.5512378,3.5518975,-0.0006596784210204376,2.0625987,2.0587442,0.0038545052917480227
30.0,5.0,40.0,40.0,8.5,55.0,1.3598955,1.3598423,5.3167758178762625e-05,4.134811,4.137828,-0.0030170754699705427,1.2560534,1.2517757,0.004277747723388625
30.0,5.0,40.0,270.0,8.5,55.0,1.615474,1.6160146,-0.0005406143280028974,3.951515,3.9503155,0.0011994593353272798,1.853376,1.8540812,-0.0007051690780639497
28.0,4.0,40.0,270.0,7.0,55.0,1.8616544,1.8623717,-0.000717299174499475,3.6007888,3.6010537,-0.0002648682891845944,1.1969601,1.1968858,7.429159088134796e-05
30.0,5.0,40.0,70.0,9.0,60.0,1.5018916,1.5035467,-0.0016550869934082169,4.149289,4.150936,-0.0016468688354489558,1.3886144,1.3928571,-0.004242683877563547
30.0,4.8,40.0,40.0,9.0,50.0,1.3802116,1.3804326,-0.00022100827941895496,4.128691,4.129537,-0.0008458035583496226,1.1242912,1.1236439,0.0006472815643310259
30.0,4.8,40.0,40.0,9.0,40.0,1.2314433,1.2307576,0.0006856859420776296,4.0812726,4.0802364,0.0010362020812983985,1.0508237,1.0485995,0.0022241885070801715
26.0,5.0,40.0,300.0,10.5,60.0,1.6983445,1.6987951,-0.000450630929565321,3.5170283,3.5168974,0.00013093175659184553,2.0266633,2.023744,0.0029193033752439312
30.0,4.4,35.0,300.0,9.0,60.0,1.3822105,1.3824666,-0.00025610691223154625,3.2716625,3.2717533,-9.082632141099722e-05,2.4103713,2.4129088,-0.0025374964416502443
27.0,5.0,35.0,280.0,8.0,60.0,1.0815732,1.0818427,-0.0002694520904540365,2.8927932,2.892842,-4.882144165030411e-05,2.487033,2.4901721,-0.0031392096801758917
30.0,3.8,40.0,300.0,9.0,60.0,2.1639524,2.1643107,-0.0003583493835450646,3.897426,3.8970137,0.0004121899688720454,1.4548948,1.4517492,0.0031455811126708255
28.0,4.6,40.0,270.0,8.0,45.0,1.3931319,1.3932852,-0.00015334785003662255,3.7266,3.7266126,-1.266828308121859e-05,1.3977978,1.3981941,-0.00039627704772948746
30.0,4.0,40.0,180.0,9.0,60.0,1.9526273,1.9526856,-5.8298783874422e-05,4.022634,4.022364,0.00027002938842812796,1.2013521,1.1998543,0.001497819445800852
27.0,5.0,40.0,270.0,10.0,45.0,1.2065399,1.2061459,0.00039396930847157563,3.703343,3.7034333,-9.038541870109995e-05,1.6840813,1.6864239,-0.0023425840057373915
30.0,5.0,40.0,10.0,9.0,55.0,1.3580344,1.3585713,-0.0005369276702880121,4.1747246,4.1777143,-0.0029897211425780057,1.1953629,1.1892856,0.006077325529479927
30.0,5.0,40.0,30.0,8.0,50.0,1.2553543,1.2547979,0.0005563852401733183,4.1052876,4.1060295,-0.0007419481201171862,1.1769961,1.1761773,0.0008188118698120306
30.0,5.0,40.0,290.0,8.5,50.0,1.4790294,1.4790936,-6.418296203603013e-05,3.9619608,3.9627984,-0.0008376074584961479,1.8270235,1.8258915,0.0011320061645507806
30.0,3.5,40.0,300.0,9.0,60.0,2.2335045,2.2334318,7.273376770022821e-05,3.8783596,3.8784595,-9.994380187983154e-05,1.3251289,1.3218659,0.0032630129257202878
30.0,5.0,40.0,10.0,8.5,50.0,1.2657624,1.2657142,4.824831085215031e-05,4.1306415,4.133143,-0.0025015395812983954,1.1486472,1.1428571,0.005790089140319754
30.0,5.0,35.0,290.0,8.5,55.0,1.0170283,1.0171795,-0.0001511682434081063,3.2836797,3.2840104,-0.0003306762603760838,2.5788674,2.5842335,-0.0053660645446775845
30.0,5.0,35.0,210.0,9.0,60.0,1.0712528,1.0707116,0.0005412228759764659,3.3657737,3.3664536,-0.0006799221740720895,2.471461,2.470635,0.0008260576629637306
26.0,5.0,35.0,300.0,11.0,60.0,1.0912082,1.0912719,-6.368047180171921e-05,2.957862,2.9570699,0.0007920003295898148,2.7190146,2.715832,0.0031826446228029326
30.0,3.8,35.0,300.0,9.0,60.0,1.5431361,1.5431995,-6.338015747076042e-05,3.246739,3.2470136,-0.0002746893249510052,2.128879,2.129527,-0.0006479297180175259
29.0,4.8,40.0,260.0,6.0,40.0,1.241488,1.2417742,-0.00028622011108403456,3.777789,3.7778492,-6.008409423818861e-05,1.3351109,1.3357196,-0.0006086972137451241
30.0,4.2,35.0,300.0,9.0,60.0,1.439518,1.4393761,0.00014187485351557783,3.2655737,3.2653394,0.00023434000549338307,2.315742,2.31495,0.0007920158386229836
30.0,4.4,40.0,300.0,9.0,60.0,2.0039847,2.0035777,0.00040698971252428606,3.9221277,3.9217534,0.0003743236938476002,1.731995,1.7351311,-0.003136113465881385
30.0,4.8,40.0,30.0,9.0,35.0,1.1594956,1.1600581,-0.0005625078826905217,4.056286,4.0548472,0.001438658154296668,0.991331,0.9914714,-0.000140418745422366
29.0,4.9,40.0,260.0,5.0,50.0,1.4724817,1.4732908,-0.0008090723999023552,3.6582184,3.6572406,0.0009777837890623253,1.4620819,1.4634715,-0.0013895908203125362
29.0,4.8,40.0,250.00002,5.0,50.0,1.4886104,1.4904835,-0.0018731131515503652,3.6695476,3.6677213,0.0018262578308103627,1.3902115,1.3898478,0.00036366297454826224
29.0,4.8,40.0,280.0,4.5,55.0,1.6692305,1.6698134,-0.0005829388793945345,3.5652401,3.5657654,-0.0005252552703858271,1.4876357,1.484855,0.0027807316970824836
30.0,3.1,40.0,300.0,9.0,60.0,2.3140368,2.3139317,0.00010514616088874718,3.8475869,3.8473058,0.00028107019348144746,1.1602263,1.1609331,-0.0007067549377441917
27.0,5.0,40.0,250.00002,9.5,55.0,1.5137178,1.5136878,2.997057647702306e-05,3.6469438,3.6468222,0.00012160760192880815,1.7639374,1.7649139,-0.0009765459121704456
27.0,5.0,40.0,280.0,8.5,55.0,1.5407786,1.5407469,3.173693237301656e-05,3.5616302,3.5619502,-0.0003199509765625663,1.77911,1.7829583,-0.003848345166015621
29.0,4.8,40.0,270.0,5.0,35.0,1.1411338,1.1411338,-1.475219724156318e-08,3.7571948,3.7568839,0.0003108574615477977,1.2372873,1.2369264,0.0003608829437256045
30.0,4.8,25.0,300.0,9.0,60.0,0.64967,0.6497626,-9.259515533444063e-05,2.2779133,2.2790837,-0.0011703680145265238,3.3482795,3.341545,0.006734476165771497
27.0,5.0,40.0,260.0,10.0,50.0,1.3649601,1.3650228,-6.272557525632827e-05,3.6876795,3.6881623,-0.000482770809936639,1.7471676,1.7425913,0.004576287280273483
29.0,4.9,40.0,290.0,6.0,25.0,0.80513537,0.80435497,0.0007803993008422827,3.8717833,3.8747675,-0.0029842434692382014,1.2301003,1.2277377,0.0023625740859984923
30.0,4.2,30.0,300.0,9.0,60.0,1.0293641,1.029376,-1.1890960693428099e-05,2.7154741,2.7153392,0.0001349287231446894,2.7860935,2.781617,0.004476473434448458
30.0,4.0,40.0,300.0,9.0,60.0,2.113342,2.114065,-0.0007229532623291846,3.9073086,3.907093,0.00021557849121078831,1.5447328,1.5427114,0.002021409066772506
28.0,4.8,40.0,280.0,7.5,40.0,1.1934183,1.1931705,0.0002477643890381742,3.7215712,3.7231562,-0.0015849929534912377,1.4149668,1.4198111,-0.004844278329467766
26.0,4.8,40.0,290.0,11.0,50.0,1.4052304,1.4054873,-0.000256897053527938,3.6046627,3.6047504,-8.774321594229306e-05,1.7375848,1.7437462,-0.006161370669555577
23.0,4.4,25.0,300.0,9.5,60.0,0.64407873,0.64360374,0.00047499153686525464,1.6722723,1.6716121,0.0006602245620728198,2.839597,2.843519,-0.003922013229370247
28.0,4.4,40.0,290.0,7.0,45.0,1.4826622,1.4826345,2.7700927734297665e-05,3.6563818,3.6573834,-0.001001554525756898,1.2899922,1.2843417,0.0056505132492066235
30.0,0.8,40.0,300.0,9.0,60.0,2.5186458,2.5181632,0.0004825633972167509,3.5272427,3.5259185,0.001324160522460982,0.5109975,0.5071429,0.003854574193573046
29.0,4.7,40.0,240.0,6.0,30.0,1.0139923,1.0134536,0.0005387095703124345,3.8399942,3.841557,-0.0015628078765868025,1.1238918,1.1221821,0.0017097304443358663
30.0,5.0,40.0,10.0,9.0,50.0,1.293417,1.2942857,-0.0008687230712891569,4.144881,4.1468573,-0.0019765283630368558,1.1602263,1.1571428,0.0030835450622559435
30.0,5.0,40.0,110.0,9.0,50.0,1.3584591,1.3584237,3.5415028381446945e-05,4.0927076,4.0921774,0.0005302339721682259,1.410974,1.4069949,0.003979125726318422
25.0,3.5,40.0,10.0,6.0,50.0,1.415693,1.4139214,0.001771644662475591,3.4089103,3.4104629,-0.0015526254943849516,0.20714557,0.20923193,-0.002086358291320811
30.0,4.5,40.0,20.0,9.0,60.0,1.5968246,1.5973216,-0.0004969540039061471,4.193223,4.1932387,-1.5700427246301274e-05,0.98813677,0.98542273,0.0027140383410644286
28.0,4.4,40.0,280.0,8.0,35.0,1.1560419,1.1555212,0.0005206605804444209,3.7768965,3.7773638,-0.0004673232543943584,1.1662155,1.166465,-0.00024946102142342497
30.0,2.2,40.0,300.0,8.5,60.0,2.4450507,2.4456122,-0.0005614835998533074,3.7152164,3.7154083,-0.0001919017608642548,0.8196407,0.81500006,0.004640636048736546
30.0,4.4,40.0,210.0,9.0,20.0,0.8071877,0.8054989,0.0016887764297485175,4.086731,4.092384,-0.005653042968750022,0.934234,0.93394893,0.0002850930941772356
30.0,3.4,40.0,300.0,8.5,60.0,2.254066,2.254092,-2.6009552001937664e-05,3.8357518,3.836358,-0.000606228073120274,1.2536578,1.2453208,0.008337017840576166
27.0,3.4,40.0,240.0,10.0,55.0,1.9621754,1.9621062,6.916926269529e-05,3.662004,3.6618493,0.0001546939880370246,1.0180827,1.0178002,0.0002825379226685243
30.0,4.9,40.0,300.0,9.0,60.0,1.84813,1.8467262,0.0014037877166748203,3.9294765,3.9297714,-0.0002949004425047974,1.9971168,1.9953352,0.0017816041229248292
30.0,4.9,30.0,300.0,8.5,60.0,0.8150331,0.8149008,0.00013227819366457005,2.6953816,2.6947713,0.0006103413879392505,3.1059165,3.10478,0.0011365000915528611
29.0,4.9,40.0,240.0,5.0,40.0,1.2079816,1.2079313,5.028645629878703e-05,3.7400112,3.7389154,0.0010958152099607155,1.3087584,1.3047621,0.003996278028869593
30.0,4.6,35.0,300.0,9.0,60.0,1.3221065,1.322225,-0.00011851940155027663,3.2763598,3.2763352,2.459652404773749e-05,2.5109897,2.5143666,-0.0033769340148923632
30.0,4.5,40.0,10.0,8.0,60.0,1.5126013,1.5124449,0.00015635637054445262,4.16848,4.168559,-7.90805664063754e-05,0.92185634,0.9211371,0.0007192437461852608
29.0,4.8,40.0,290.0,5.0,30.0,1.0181653,1.0179712,0.00019414996032707244,3.7879305,3.7892973,-0.0013668114135740872,1.2005537,1.1986161,0.0019375556243896863
30.0,4.9,40.0,20.0,8.5,60.0,1.4350481,1.4356673,-0.0006191966674804483,4.180371,4.180978,-0.000607192352294561,1.1785932,1.176887,0.0017061587219238117
30.0,5.0,40.0,20.0,9.0,40.0,1.1646001,1.1650934,-0.0004932661041259223,4.0894675,4.083813,0.005654525482177597,1.1167048,1.1142561,0.002448721586608915
30.0,4.9,40.0,20.0,8.0,60.0,1.4022961,1.4011598,0.0011362662841796212,4.161358,4.1632195,-0.00186162036132842,1.1606256,1.1584388,0.002186776972961324
30.0,5.0,40.0,50.0,8.0,55.0,1.3447237,1.3436649,0.0010588014770507304,4.107879,4.1117835,-0.0039043381652827946,1.2720246,1.2595271,0.012497531500244241
30.0,4.5,40.0,219.99998,8.5,60.0,1.8556653,1.8559177,-0.00025237388153076523,3.9719803,3.9710467,0.0009336333282470299,1.5291609,1.5265803,0.0025805572006225574
30.0,3.7,40.0,300.0,9.0,60.0,2.188205,2.188184,2.1003738403191363e-05,3.8910797,3.8912873,-0.0002076357696534359,1.4085784,1.4075803,0.000998095843505853
30.0,4.6,30.0,300.0,9.0,60.0,0.91158736,0.91222495,-0.0006375924789429055,2.7264242,2.726335,8.921722412091881e-05,2.9805427,2.9810333,-0.0004906402404785126
30.0,3.7,40.0,260.0,9.0,60.0,2.1342432,2.1343908,-0.00014755010681133385,3.929933,3.9297104,0.00022267113647478354,1.2959814,1.2932945,0.0026869071655273302
22.0,4.4,30.0,300.0,5.5,60.0,0.791126,0.7910231,0.00010291280212404441,1.6246926,1.6242632,0.0004293592422486281,2.3005693,2.3011098,-0.0005405041168211611
26.0,5.0,40.0,300.0,10.0,60.0,1.699344,1.6980808,0.0012632389633178143,3.4821792,3.4818976,0.00028156488647468336,1.9899297,1.9887443,0.0011853760559081827
30.0,4.9,40.0,10.0,8.5,60.0,1.4205779,1.421012,-0.0004341162796019926,4.1900845,4.1912,-0.0011155426025393211,1.1562335,1.1489067,0.007326849118042045
30.0,5.0,40.0,60.0,9.0,55.0,1.4087708,1.4082265,0.0005442996368407726,4.139387,4.14003,-0.0006428692626956334,1.3239311,1.3231772,0.0007538979843140226
30.0,5.0,40.0,20.0,8.5,45.0,1.2090256,1.2091033,-7.767858581542164e-05,4.1001616,4.099985,0.00017655242919900616,1.1386652,1.135101,0.0035641992797852406
30.0,4.9,35.0,300.0,9.0,60.0,1.2259883,1.2256153,0.0003729688522338126,3.2802446,3.2797713,0.00047328885192854386,2.6738958,2.673113,0.0007828358764649934
30.0,5.0,35.0,270.0,9.0,50.0,0.84029937,0.8399333,0.00036606790466309214,3.352348,3.35469,-0.0023419107818605234,2.481443,2.4845364,-0.003093471685791105
30.0,2.2,40.0,300.0,9.0,60.0,2.445654,2.4463265,-0.0006725845947266329,3.7494888,3.7504086,-0.0009197694335938422,0.8511838,0.85,0.0011837720870971902
30.0,4.7,25.0,300.0,9.0,60.0,0.68188196,0.68196565,-8.368579330442216e-05,2.278278,2.2779384,0.00033971241149899356,3.2935781,3.2886298,0.004948347888183768
20.0,5.0,35.0,300.0,11.0,60.0,0.9257971,0.92562264,0.00017446483551020187,2.134762,2.1349943,-0.0002322512786863129,2.4722595,2.474752,-0.002492478515625063
20.0,4.6,35.0,290.0,10.5,60.0,1.054857,1.0545675,0.0002895156097411089,2.134816,2.135052,-0.00023606867980952018,2.2151234,2.2128856,0.0022378149932862357
30.0,4.9,30.0,300.0,9.0,60.0,0.81542385,0.8156151,-0.00019125375518802556,2.7300165,2.7297711,0.0002453699554445521,3.1458445,3.1397798,0.006064659533691508
30.0,4.0,40.0,120.0,9.0,60.0,1.871952,1.8719959,-4.384311523430995e-05,4.079851,4.0799994,-0.00014824948730485232,1.0320575,1.0284257,0.003631823727416883
30.0,2.7,40.0,300.0,9.0,60.0,2.3813815,2.3811038,0.0002777116882324293,3.808558,3.8088217,-0.0002637127868654332,1.0120935,1.0139942,-0.0019006559936523004
30.0,5.0,40.0,40.0,9.0,30.0,1.0131209,1.0141772,-0.0010563103363037118,4.038966,4.0318522,0.0071139788940426385,1.0803704,1.0820098,-0.001639373822021506
30.0,3.3,40.0,300.0,9.0,60.0,2.2743738,2.2753477,-0.0009739302398683591,3.8640037,3.8637986,0.00020505829467776238,1.2372873,1.23965,-0.0023627170562743327
30.0,4.9,40.0,50.0,8.5,30.0,1.0304168,1.0309331,-0.0005162537246703458,4.0246687,4.025111,-0.00044230645751941466,1.0364497,1.0356506,0.0007990707916258888
27.0,4.3,35.0,300.0,10.0,60.0,1.3412209,1.3407449,0.0004759557128906078,3.0152166,3.0161989,-0.0009823110260009926,2.3281198,2.3295317,-0.0014119452087402173
29.0,2.6,40.0,300.0,5.5,60.0,2.367591,2.367977,-0.00038609576416037683,3.4507885,3.451038,-0.0002495020751953625,0.7138316,0.71303284,0.0007987635270690907
30.0,4.3,35.0,300.0,9.0,60.0,1.4112133,1.4113377,-0.00012442122955325097,3.268909,3.2687755,0.00013347750854508789,2.361659,2.3634923,-0.0018332500122069106
27.0,4.6,40.0,180.0,10.0,35.0,1.0725324,1.0725391,-6.684609985319057e-06,3.73014,3.730338,-0.00019802922058120842,1.122694,1.1263161,-0.0036220844970702437
27.0,4.0,35.0,300.0,10.0,60.0,1.425505,1.4243877,0.0011173420761108055,3.0100658,3.011483,-0.0014172060089112648,2.1851776,2.1903288,-0.005151235379028396
30.0,4.7,25.0,280.0,9.0,55.0,0.49644107,0.49581784,0.0006232262651061915,2.3217652,2.322155,-0.00038981559753414885,3.1490388,3.1509302,-0.0018914083435057627
30.0,4.9,25.0,280.0,9.0,55.0,0.4307366,0.43057847,0.00015813135269165945,2.3252652,2.3239877,0.0012774691436767682,3.2572436,3.2576356,-0.00039196672973629276
30.0,4.3,25.0,280.0,9.0,55.0,0.61645144,0.616301,0.00015044224166871345,2.3130946,2.3129923,0.00010231593627940683,2.9501975,2.9480147,0.002182758267212037
15.0,1.1,40.0,180.0,7.5,55.0,1.8711656,1.8713115,-0.00014586679840089545,1.8592199,1.8601253,-0.0009053912857055479,-0.18774211,-0.18045448,-0.007287634067077636
30.0,4.7,40.0,280.0,7.5,55.0,1.7261041,1.7271478,-0.0010436597183227647,3.8764637,3.8759925,0.0004711516571043184,1.6565311,1.6548344,0.0016966955047608145
30.0,5.0,40.0,219.99998,9.0,55.0,1.5676031,1.5671229,0.0004802112670898584,4.022569,4.0194387,0.0031304795349118564,1.7467682,1.7516303,-0.004862063839721653
27.0,4.8,35.0,270.0,10.0,55.0,0.98847294,0.9887003,-0.00022736146240232014,3.0598109,3.0595257,0.00028517684631346185,2.407177,2.4074328,-0.0002558285644531644
30.0,5.0,35.0,219.99998,9.0,60.0,1.0838598,1.0841597,-0.00029989870758062587,3.3573084,3.3568475,0.00046088775634745005,2.4954178,2.4992063,-0.0037884666717529214
30.0,4.9,40.0,10.0,9.0,60.0,1.4565057,1.4567263,-0.000220643757629313,4.2069063,4.2083426,-0.0014362813354491522,1.1694098,1.1667639,0.002645851892089768
30.0,5.0,40.0,10.0,7.5,55.0,1.263742,1.2621428,0.0015991700622559613,4.128952,4.1314287,-0.002476673632812343,1.1462516,1.1410713,0.005180259257507425
30.0,5.0,35.0,130.0,9.0,60.0,0.96329653,0.96312535,0.00017118263092041897,3.4398482,3.4433007,-0.003452515414428703,2.2438717,2.2420635,0.0018081888427734505
30.0,0.6,35.0,300.0,7.5,15.0,0.49448287,0.4917011,0.002781774870300291,3.0290751,3.0400898,-0.011014654278564517,0.3440985,0.33586377,0.008234738358001703
30.0,3.7,40.0,219.99998,9.0,60.0,2.080554,2.0805976,-4.359151611321721e-05,3.9681637,3.9681342,2.952871398909096e-05,1.1785932,1.1790088,-0.00041564127807625084
30.0,1.9,40.0,300.0,9.0,60.0,2.474978,2.4754643,-0.00048632987670904626,3.709458,3.7098627,-0.0004045872833251529,0.76014805,0.7620991,-0.001951051599121123
30.0,5.0,35.0,250.00002,9.0,60.0,1.1240807,1.1245047,-0.00042404204101553766,3.328037,3.3280299,7.12354431131601e-06,2.5824609,2.5849206,-0.002459719720458775
30.0,4.7,40.0,300.0,9.0,60.0,1.9119365,1.9119656,-2.907846984867568e-05,3.9272833,3.9279385,-0.0006552129516603777,1.8877141,1.8886299,-0.0009157524322509492
30.0,5.0,35.0,260.0,9.0,45.0,0.6812774,0.6813026,-2.520570526121091e-05,3.379653,3.3810253,-0.0013723230102540285,2.3836195,2.3825805,0.001039046890258799
30.0,5.0,40.0,219.99998,9.0,60.0,1.7046536,1.7052708,-0.0006171792800904186,4.0095353,4.0068474,0.0026879126525880537,1.8134481,1.8214283,-0.007980228520202637
2.0,3.1,40.0,100.0,5.5,45.0,0.96939015,0.969231,0.00015915388488774163,0.37601566,0.3757159,0.0002997631469726647,-0.25042903,-0.24887201,-0.001557024233093257
30.0,4.7,35.0,300.0,9.0,60.0,1.2910719,1.2908546,0.00021729178466789456,3.2780333,3.2779384,9.485653076168887e-05,2.564094,2.5664077,-0.0023136333801270226
26.0,4.9,40.0,300.0,11.0,60.0,1.7347198,1.7342794,0.0004403532653809439,3.5543537,3.5547647,-0.00041098601074240904,2.0106921,2.0057683,0.004923819598388501
30.0,4.8,40.0,20.0,8.5,55.0,1.4049027,1.4044719,0.00043079660949696397,4.1528077,4.153217,-0.0004092874450680739,1.0967408,1.0909469,0.005793941865539498
30.0,4.8,30.0,300.0,9.0,60.0,0.84782124,0.84865147,-0.0008302343432616821,2.7297046,2.7290835,0.0006211184539792747,3.0903447,3.0859897,0.004354967434692547
30.0,5.0,35.0,300.0,7.5,55.0,1.03258,1.0340317,-0.0014516819564820427,3.2124522,3.2092862,0.0031659732330320267,2.5377417,2.543992,-0.006250338928222465
26.0,4.5,40.0,240.0,11.0,45.0,1.3348241,1.3349013,-7.721476440436525e-05,3.633439,3.6341257,-0.0006866359741208861,1.376636,1.3754146,0.0012214282897948792
30.0,4.5,40.0,10.0,7.5,60.0,1.4787265,1.4767306,0.0019959062332153277,4.1519337,4.1514163,0.0005173700439451423,0.89829886,0.9032799,-0.004981040403747583
30.0,4.9,35.0,270.0,8.5,60.0,1.1804013,1.1809354,-0.0005340747741700014,3.27547,3.2754364,3.36183868410167e-05,2.5517163,2.5541723,-0.002455972332763512
30.0,5.0,40.0,290.0,9.0,55.0,1.6363326,1.6366403,-0.0003076688888550283,3.9705043,3.9666798,0.003824483905029208,1.934829,1.9390786,-0.00424960334167479
30.0,4.7,40.0,10.0,9.0,60.0,1.5228608,1.5219656,0.0008951654571534018,4.2050486,4.20651,-0.001461438903808343,1.0596079,1.0600586,-0.00045073657379157694
30.0,4.5,40.0,100.0,9.0,60.0,1.7046628,1.7049079,-0.00024510016479495356,4.1164417,4.1163917,5.0026684569992597e-05,1.2177227,1.2139941,0.0037285543426512913
30.0,5.0,40.0,10.0,9.0,35.0,1.1006305,1.1014285,-0.0007979782257079293,4.0597386,4.054286,0.005452636016845425,1.05841,1.0607142,-0.0023041515151978054
30.0,4.1,40.0,300.0,9.0,60.0,2.0885315,2.0876927,0.0008387941406251542,3.9116461,3.9114456,0.00020052770080569715,1.5946428,1.5895044,0.005138358369445761
30.0,4.2,40.0,300.0,9.0,55.0,1.8944772,1.8942015,0.0002757481918334026,3.9441946,3.9444823,-0.00028774471740744545,1.557909,1.5530293,0.004879711840820367
26.0,3.9,40.0,300.0,11.0,55.0,1.8554027,1.8555936,-0.00019089194641108698,3.580185,3.5805259,-0.0003409634765625391,1.4257474,1.4328299,-0.0070825054382324115
30.0,4.2,35.0,300.0,9.0,55.0,1.2730492,1.2730904,-4.116465606696096e-05,3.2947245,3.2944822,0.00024226441650387898,2.2326918,2.230807,0.0018847648315429844
30.0,4.6,40.0,300.0,9.0,55.0,1.7779436,1.7770503,0.0008933111450195597,3.95504,3.9554777,-0.00043772197265612434,1.7567503,1.7524459,0.004304445230102649
30.0,4.6,40.0,90.0,9.0,55.0,1.5680916,1.5684986,-0.0004069690643311308,4.11399,4.113754,0.00023583001708971096,1.1937659,1.1901011,0.0036647786773682522
30.0,4.6,30.0,300.0,9.0,55.0,0.74527,0.7459392,-0.0006691861907959229,2.7556212,2.755478,0.00014319483947744516,2.8970933,2.8968904,0.00020289605102519204
30.0,4.6,35.0,300.0,9.0,55.0,1.1559612,1.1559392,2.1955891418512508e-05,3.3053427,3.305478,-0.00013532574462882252,2.429936,2.4302237,-0.00028776784057615856
29.0,4.2,40.0,290.0,5.0,55.0,1.8708619,1.871032,-0.00017011206817629798,3.576849,3.576257,0.0005919837646484183,1.2388844,1.2370967,0.001787749005127015
30.0,3.6,40.0,300.0,8.5,60.0,2.2098475,2.2105103,-0.0006628497436524938,3.849248,3.8501024,-0.0008544675659178935,1.3351109,1.3292859,0.005825002786254974
26.0,4.3,30.0,300.0,11.0,60.0,0.92037714,0.92004263,0.0003345052767944612,2.473275,2.4726925,0.0005824462127685948,2.8144424,2.8093462,0.005096196163940636
27.0,3.5,40.0,300.0,9.5,60.0,2.157993,2.157874,0.0001190782318114536,3.56759,3.5680811,-0.0004911017547608587,1.2788124,1.2785565,0.0002559084472655293
30.0,4.3,40.0,300.0,9.0,60.0,2.0321584,2.0324488,-0.00029042521362310225,3.918554,3.9187756,-0.00022153238830568966,1.6840813,1.6857145,-0.0016331840057373093
30.0,1.8,40.0,300.0,8.5,60.0,2.4827485,2.4827967,-4.8191546631048965e-05,3.6604252,3.660431,-5.81384277342778e-06,0.7038496,0.6995481,0.004301513666534418
30.0,4.9,40.0,40.0,8.5,20.0,0.8942248,0.8948494,-0.0006245774787903002,3.9788284,3.9770472,0.0017812301757813565,0.94860804,0.94695604,0.0016520008096313488
30.0,0.7,40.0,300.0,9.0,60.0,2.5175428,2.5170472,0.0004956390502930397,3.5099716,3.5064473,0.0035243186523437053,0.4886378,0.48921287,-0.0005750650149536352
29.0,4.4,40.0,300.0,6.0,20.0,0.812653,0.81354415,-0.0008911448768615937,3.9081635,3.911231,-0.0030674524841307615,0.91427004,0.908689,0.005581043373107941
29.0,2.5,40.0,300.0,5.0,60.0,2.3813574,2.3813655,-8.06858825663781e-06,3.4066274,3.4055882,0.0010392166107178191,0.645954,0.6447815,0.0011725128707885668
1.0,4.9,40.0,300.0,4.0,20.0,-0.027772903,-0.028457396,0.0006844925576171869,-0.02547884,-0.02749441,0.0020155701257324223,0.32413453,0.32729447,-0.003159941363067631
30.0,3.9,40.0,300.0,9.0,60.0,2.1392312,2.139604,-0.0003727950134275737,3.9020858,3.9022827,-0.00019691890258810574,1.4948227,1.496793,-0.00197025944519047
30.0,4.7,40.0,10.0,8.5,60.0,1.4864274,1.4862514,0.0001760263381958005,4.189389,4.1893673,2.1928820800987125e-05,1.0460323,1.0422014,0.003830909532165583
29.0,4.8,40.0,240.0,6.0,45.0,1.352574,1.3522863,0.0002876908218383267,3.7608979,3.7608838,1.4074832153099237e-05,1.3658555,1.3626851,0.003170355398559588
30.0,5.0,40.0,260.0,8.5,55.0,1.6044315,1.6048766,-0.0004450900283814452,3.959673,3.9584682,0.00120472785644532,1.8310163,1.827894,0.0031223021087647407
30.0,4.0,40.0,230.0,8.5,60.0,2.0105522,2.0107644,-0.00021223210754373056,3.9440727,3.9436445,0.0004282233886718778,1.3179419,1.3118494,0.00609250406799311
30.0,4.9,35.0,230.0,9.0,60.0,1.1308074,1.1314774,-0.0006700002502442182,3.3471155,3.3470125,0.00010301666259771025,2.4726589,2.473113,-0.0004541273956299996
18.0,2.5,30.0,160.0,2.5,20.0,0.17786503,0.17754705,0.00031797838134764445,1.3811636,1.3808625,0.00030109710693349,0.6435583,0.64823914,-0.004680816616668748
30.0,5.0,25.0,300.0,9.0,60.0,0.5825504,0.5828571,-0.0003066935440063645,2.278995,2.2800002,-0.0010051629211424995,3.4520922,3.4499998,0.0020923707153319704
30.0,5.0,40.0,50.0,9.0,25.0,0.9277945,0.9281674,-0.00037288391342160665,4.014326,4.012079,0.0022470955810547366,1.0624028,1.0605073,0.0018955444290160717
30.0,4.7,40.0,50.0,9.0,50.0,1.4194477,1.4190495,0.0003981604461669175,4.1201572,4.1229234,-0.0027661581787112866,1.0979387,1.0957137,0.002224956806945899
30.0,5.0,30.0,260.0,9.0,60.0,0.72827524,0.72795284,0.0003223994676208042,2.7686472,2.7684238,0.0002233939086915271,3.0763698,3.0801587,-0.0037889375793458413
30.0,4.9,30.0,250.00002,9.0,60.0,0.7480593,0.74837387,-0.00031459723388671534,2.777618,2.7778006,-0.00018266863403315625,2.9985104,2.9969227,0.001587660717773609
30.0,4.0,40.0,219.99998,9.0,60.0,2.006587,2.0064785,0.00010852850341791509,3.9841373,3.9839404,0.00019689667663591592,1.3127512,1.31414,-0.0013888260269165897
30.0,2.3,40.0,300.0,9.0,60.0,2.4345646,2.434948,-0.00038340954589832776,3.7629318,3.7630076,-7.577626953114702e-05,0.8823277,0.88104963,0.0012780458193969446
30.0,3.4,40.0,300.0,9.0,60.0,2.255101,2.2548063,0.00029466549987811064,3.8718202,3.871358,0.00046221141052260606,1.2780138,1.2803208,-0.002306974583434984
30.0,4.9,35.0,240.0,9.0,60.0,1.1450398,1.1449256,0.00011419682922353402,3.337274,3.3374069,-0.0001328254455565947,2.5050006,2.5016844,0.0033161912780763636
30.0,4.5,40.0,300.0,9.0,60.0,1.9742081,1.9738734,0.00033471653137207014,3.9230845,3.9242735,-0.0011890025482177435,1.7839013,1.7854227,-0.0015213661911011034
30.0,3.9,35.0,300.0,9.0,60.0,1.518463,1.5184932,-3.0184443664538207e-05,3.2526102,3.2522826,0.00032760660400388275,2.1704042,2.1745708,-0.004166604214477676
30.0,4.1,35.0,300.0,9.0,60.0,1.4669081,1.4665816,0.00032649726715083816,3.2613363,3.261445,-0.00010867340087905575,2.2682276,2.267282,0.0009455772094728587
30.0,5.0,35.0,160.0,9.0,60.0,1.0036321,1.0034701,0.00016196863403328265,3.4141874,3.414483,-0.0002955686645509381,2.3261232,2.3277776,-0.001654362390136832
30.0,4.6,40.0,10.0,8.5,60.0,1.5180609,1.5176218,0.0004391226226807543,4.187127,4.187763,-0.00063588665771519,0.9973202,0.99016035,0.007159825170898415
30.0,4.9,40.0,300.0,7.5,50.0,1.5336214,1.5334406,0.0001808303970336489,3.89388,3.8933425,0.0005373904418943809,1.7303978,1.7327639,-0.0023660795272826274
30.0,4.7,40.0,40.0,8.0,60.0,1.499714,1.4981233,0.0015907169143676292,4.1385665,4.139712,-0.001145506011963171,1.105525,1.1065117,-0.0009866832153320182
30.0,4.6,40.0,250.00002,8.5,60.0,1.8683813,1.8693459,-0.0009646381744383703,3.943107,3.9424431,0.0006637897247312452,1.6625203,1.6616875,0.000832789421081559
30.0,4.8,40.0,240.0,8.0,55.0,1.6440952,1.645122,-0.001026817581176731,3.9461215,3.944266,0.0018554542388917739,1.6401606,1.6373976,0.0027629606079102587
30.0,5.0,30.0,219.99998,9.0,60.0,0.6748047,0.67415977,0.000644917499999953,2.807016,2.8068473,0.0001685958435060364,2.966967,2.965873,0.001094105865478312
26.0,5.0,40.0,290.0,11.0,60.0,1.6908445,1.6908886,-4.4064172363356136e-05,3.559333,3.5590403,0.0002927860137940108,2.0282605,2.0278082,0.0004522694366455582
30.0,4.0,40.0,70.0,9.0,60.0,1.8052304,1.8047545,0.00047587910461421856,4.127124,4.1280293,-0.0009054672973629607,0.8895147,0.8855686,0.003946084677123984
30.0,4.5,35.0,300.0,9.0,60.0,1.3527588,1.3527622,-3.4347793578248798e-06,3.275433,3.2742734,0.0011596635070802996,2.464274,2.4632003,0.0010736295959472564
13.0,5.0,40.0,70.0,6.0,60.0,0.818628,0.8154602,0.003167813134002717,1.4984925,1.4995756,-0.0010831206756591882,0.69306904,0.69300383,6.521077529908492e-05
30.0,5.0,35.0,300.0,9.0,50.0,0.85847074,0.8591746,-0.0007038620658874617,3.3401499,3.3382862,0.0018636794555662028,2.556907,2.5594919,-0.0025849614471433746
29.0,4.8,40.0,300.0,4.5,50.0,1.5769639,1.5772569,-0.0002929984802246821,3.5843804,3.5841794,0.00020098825988768,1.4584883,1.4596999,-0.00121155485382074
30.0,4.9,40.0,20.0,9.0,60.0,1.4692316,1.4701746,-0.0009429944702148418,4.200897,4.1987367,0.0021605167968745675,1.1949637,1.1953353,-0.00037160638122557543
30.0,4.9,35.0,200.0,9.0,60.0,1.0908967,1.0911324,-0.0002356743453979515,3.3759096,3.3758304,7.916687927256305e-05,2.388411,2.3873987,0.001012345074463017
27.0,4.4,40.0,160.0,10.0,40.0,1.2717147,1.2714224,0.00029228734741204576,3.729036,3.7297115,-0.0006754072418213575,1.0420395,1.0484263,-0.006386786412048373
30.0,3.2,40.0,300.0,9.0,60.0,2.2949126,2.295056,-0.00014342332458516793,3.8560412,3.855781,0.0002601930084229487,1.1989565,1.1998543,-0.000897810437011648
30.0,2.6,40.0,300.0,8.5,60.0,2.3952386,2.3950999,0.00013873792419438757,3.7628481,3.7630553,-0.00020716119079589035,0.9482088,0.9444462,0.0037626088989257678
30.0,4.6,25.0,300.0,9.0,60.0,0.71379936,0.71333605,0.0004633074142456062,2.2765186,2.276335,0.0001835832977294949,3.2388768,3.2365887,0.002288119610595718
30.0,3.0,40.0,300.0,8.5,60.0,2.331285,2.33126,2.49998474122215e-05,3.80305,3.803372,-0.00032195880126950627,1.0943452,1.0878865,0.006458711982727072
30.0,4.3,30.0,300.0,9.0,60.0,1.0010693,1.0013378,-0.0002684926727294368,2.7188451,2.7187757,6.942901306139504e-05,2.830813,2.830159,0.0006539310607909243
30.0,5.0,35.0,100.0,9.0,60.0,0.9228818,0.9227805,0.00010128205490111952,3.4716697,3.4721186,-0.0004489260803222095,2.1552315,2.1563492,-0.001117724169922063
30.0,4.9,35.0,190.0,9.0,60.0,1.0775648,1.0776842,-0.00011936445159910214,3.3855722,3.3854363,0.000135895053100743,2.3580656,2.3588274,-0.0007617948364257998
30.0,4.8,40.0,10.0,9.0,60.0,1.4905703,1.4897625,0.000807806777954001,4.2075768,4.2076554,-7.864829101578152e-05,1.1091186,1.1129739,-0.003855319181823802
30.0,4.5,35.0,270.0,9.0,60.0,1.3124049,1.3124175,-1.2629013061538075e-05,3.3038592,3.303091,0.0007682338562009505,2.3792274,2.377486,0.0017413998260495944
30.0,3.7,40.0,160.0,9.0,55.0,1.8828558,1.8828638,-8.02702789304277e-06,4.0255,4.025947,-0.0004471792907718708,0.9533994,0.9485409,0.004858519784545878
30.0,5.0,35.0,290.0,8.0,60.0,1.1737354,1.1744554,-0.000720019827270546,3.2208614,3.2208378,2.363493652346449e-05,2.6315722,2.6303887,0.0011835465515135368
30.0,4.8,40.0,70.0,9.0,50.0,1.3997033,1.3996739,2.9364236450168946e-05,4.1127367,4.113133,-0.0003962980346683409,1.1933665,1.1985996,-0.005233072442627051
30.0,4.6,40.0,90.0,8.0,50.0,1.4385701,1.4382424,0.00032774179229733136,4.0619287,4.0621676,-0.00023885091552777737,1.1087192,1.105584,0.003135229698181252
29.0,4.9,40.0,250.00002,6.0,35.0,1.0747724,1.074621,0.00015135794067377972,3.8108754,3.811871,-0.0009955841979980562,1.309557,1.306772,0.002784961059570268
30.0,4.9,40.0,80.0,9.0,60.0,1.5511386,1.5508642,0.00027443945007332715,4.1400204,4.1411014,-0.001081029516601717,1.3670533,1.3667638,0.00028947033996584715
30.0,1.6,40.0,300.0,8.5,60.0,2.496522,2.496391,0.0001309497680663796,3.6300921,3.6301937,-0.00010155598754879591,0.6519432,0.64707,0.004873206787109341
25.0,4.9,30.0,20.0,6.0,30.0,-0.15853977,-0.1593173,0.0007775279663085888,2.261706,2.2623458,-0.0006396861846922341,1.8769336,1.8744168,0.002516774676513567
30.0,3.6,40.0,300.0,9.0,60.0,2.211513,2.2112246,0.0002884424499511873,3.884825,3.8851023,-0.0002773087738034974,1.3654561,1.3642858,0.0011703042785644602
30.0,2.4,40.0,300.0,9.0,60.0,2.4232872,2.4227362,0.0005509532440184373,3.7744136,3.7751484,-0.0007348143371581628,0.91227365,0.9129739,-0.0007002545989990283
29.0,2.4,40.0,300.0,5.5,60.0,2.3947015,2.3953495,-0.0006480191345215047,3.4307606,3.4296794,0.0010812220245361992,0.6527418,0.64740497,0.00533681981781009
30.0,1.9,40.0,300.0,8.5,60.0,2.4747343,2.47475,-1.5693664550564534e-05,3.6748242,3.6748629,-3.866217651360415e-05,0.7317992,0.72709906,0.004700125276031475
30.0,4.1,40.0,260.0,9.0,55.0,1.8821046,1.8816826,0.00042203523864747794,3.9706364,3.9707358,-9.943220214836401e-05,1.3973985,1.3982482,-0.0008497281677246615
30.0,4.8,40.0,10.0,8.5,60.0,1.4532719,1.4540483,-0.0007764341552733978,4.1912904,4.1905127,0.0007776785705564393,1.0935466,1.0951167,-0.0015700710479735758
29.0,4.6,30.0,280.0,6.0,50.0,0.5708609,0.5700103,0.0008506223365783994,2.5236688,2.5236046,6.4166021728429e-05,2.5365438,2.5410964,-0.004552553869628717
30.0,4.1,40.0,100.0,9.0,55.0,1.7224936,1.7227862,-0.00029255147094731093,4.0906982,4.091327,-0.000628757812499714,0.9689714,0.9697951,-0.0008237283493042202
30.0,4.8,40.0,10.0,7.0,55.0,1.2975878,1.2969054,0.0006823523422241351,4.1150556,4.1150837,-2.8138934325738774e-05,1.0128921,1.0165453,-0.003653172962951645
30.0,4.6,40.0,10.0,9.0,60.0,1.5526012,1.553336,-0.0007347817764282727,4.205085,4.2049065,0.00017830072021496335,1.0092986,1.0080175,0.0012810630035400283
30.0,5.0,40.0,30.0,9.0,55.0,1.3772676,1.3784333,-0.0011657008941650115,4.1590858,4.1626406,-0.0035548494201655956,1.2492657,1.2428422,0.0064234707763672905
30.0,5.0,40.0,200.0,8.5,55.0,1.537823,1.5380491,-0.0002261381927490813,4.0077305,4.0073843,0.0003461840087890522,1.6697073,1.6707709,-0.001063601721191354
30.0,4.4,40.0,10.0,8.5,60.0,1.5777684,1.5778635,-9.505498504647214e-05,4.1821322,4.183182,-0.0010497558898929782,0.8907125,0.88870263,0.0020098696185302245
30.0,5.0,40.0,10.0,8.5,60.0,1.3871844,1.3871428,4.158148498545344e-05,4.1877646,4.1914287,-0.003664055377197606,1.2093377,1.2035713,0.005766411334228616
26.0,5.0,40.0,270.0,11.0,40.0,0.9938735,0.99356854,0.0003049369821167547,3.6375825,3.6376412,-5.865948791505815e-05,1.6241894,1.6223106,0.0018787768310546404
30.0,4.7,40.0,10.0,8.0,60.0,1.4492083,1.4505371,-0.0013288404174804924,4.17028,4.172224,-0.0019440202941893858,1.0228741,1.0243443,-0.0014701831024170886
30.0,5.0,40.0,60.0,8.0,40.0,1.1315848,1.1318226,-0.00023783647308350808,4.052963,4.0517635,0.0011992799987794456,1.175399,1.1725122,0.002886745808410751
29.0,5.0,40.0,270.0,6.0,40.0,1.1812544,1.181039,0.00021538690185551879,3.7709713,3.7721927,-0.0012214017822267387,1.456492,1.4611819,-0.004689952825927657
30.0,4.0,35.0,300.0,8.5,60.0,1.4924846,1.4922395,0.0002450695495606059,3.2222426,3.222093,0.00014959376525869317,2.181584,2.185489,-0.003905118621826187
30.0,4.3,35.0,300.0,8.5,60.0,1.4104699,1.4106234,-0.00015351035919186629,3.2341857,3.2337756,0.00041009564819338706,2.324526,2.3284924,-0.003966328451538104
30.0,2.1,40.0,300.0,9.0,60.0,2.4573278,2.456872,0.0004558427124021769,3.7370403,3.7373514,-0.000311118704223734,0.8148494,0.81982523,-0.0049758533215331635
30.0,3.1,40.0,300.0,8.5,60.0,2.3132539,2.3132174,3.647954711905044e-05,3.811766,3.8123055,-0.0005395908050536136,1.1322768,1.1259332,0.006343573452758822
29.0,2.5,40.0,290.0,6.0,60.0,2.3614714,2.3621044,-0.0006329854339601759,3.4899523,3.4888883,0.0010640258209226872,0.6878784,0.6897569,-0.0018785297149658264
27.0,3.5,40.0,290.0,10.0,60.0,2.1468189,2.147554,-0.0007351237335204708,3.6101298,3.6114557,-0.0013258667785644995,1.2832046,1.2838027,-0.000598144488525465
30.0,4.1,40.0,300.0,8.5,60.0,2.0871115,2.0869784,0.0001330730834960825,3.8757114,3.8764453,-0.0007338589599608092,1.5539162,1.5545044,-0.0005881841033934521
27.0,3.7,40.0,290.0,10.0,60.0,2.1015897,2.100955,0.0006346797180176722,3.618345,3.619639,-0.0012939777984617429,1.3658555,1.3669837,-0.0011282446014404535
29.0,2.5,40.0,300.0,5.5,60.0,2.3821213,2.3820798,4.152453918448984e-05,3.4394171,3.440588,-0.0011708762054443156,0.685882,0.6797815,0.006100472312927208
29.0,4.0,40.0,300.0,5.5,60.0,2.083763,2.083075,0.0006878841400146385,3.5471537,3.5492387,-0.002084988681030353,1.2728232,1.2703867,0.0024365145309448444
30.0,4.7,40.0,20.0,9.0,60.0,1.5353105,1.5354139,-0.00010339317932128722,4.1974645,4.196904,0.0005604660949707352,1.0891546,1.08863,0.000524601097106947
30.0,4.8,40.0,20.0,8.0,50.0,1.312022,1.3128759,-0.0008539292510987284,4.111534,4.111813,-0.00027888134765596817,1.051223,1.0439197,0.007303339627075189
30.0,4.5,40.0,30.0,8.5,60.0,1.5773026,1.5774695,-0.0001669248886109198,4.164089,4.1652584,-0.0011691971191405415,1.0045073,0.9949548,0.009552503237915011
30.0,5.0,40.0,260.0,9.0,50.0,1.454871,1.4546304,0.00024065846405019187,4.010637,4.0101576,0.00047920648803678745,1.7882934,1.7817733,0.006520061663818355
30.0,4.5,40.0,90.0,7.5,45.0,1.3678432,1.3681542,-0.00031104890747069014,4.0331335,4.032303,0.0008305067749025952,0.9997159,0.99427253,0.005443394263000445
30.0,4.4,40.0,120.0,9.0,55.0,1.6584139,1.6585333,-0.00011941297607420687,4.086872,4.0865617,0.00031040083007827235,1.1690105,1.1689785,3.201998138435691e-05
30.0,4.6,40.0,60.0,9.0,50.0,1.4569956,1.4568336,0.00016200642242436558,4.1161523,4.115852,0.00030028652954072754,1.0739819,1.0686579,0.005323981141662548
30.0,5.0,40.0,70.0,8.5,55.0,1.3938843,1.3932561,0.0006282011856078018,4.112184,4.1133695,-0.0011854523010255136,1.3255281,1.3303373,-0.004809155163574275
26.0,4.8,35.0,290.0,10.5,55.0,0.97630847,0.9759542,0.0003542650039672912,2.9555132,2.957036,-0.0015227610931396462,2.4534936,2.4577036,-0.004210004876708862
27.0,4.8,40.0,240.0,9.5,40.0,1.1271142,1.1269592,0.0001549767501831667,3.7019868,3.702516,-0.0005292102966309997,1.4061826,1.4061134,6.924675140385084e-05
30.0,4.9,25.0,300.0,9.0,45.0,0.117646694,0.11786908,-0.0002223858166503917,2.367887,2.3671997,0.0006873201110839666,3.1438482,3.1429067,0.0009414807708738593
30.0,4.9,30.0,300.0,8.5,45.0,0.32702267,0.32675797,0.0002647016995239171,2.7859645,2.7873425,-0.0013780110168455373,2.853971,2.8577087,-0.003737695513915895
27.0,4.9,25.0,300.0,10.0,40.0,-0.13133371,-0.1323241,0.0009903912368774415,2.1988983,2.1988761,2.2215429687388877e-05,2.9653702,2.9718833,-0.0065131217773437555
28.0,4.8,25.0,300.0,6.5,45.0,0.16390479,0.16405231,-0.00014752389007569033,2.0563183,2.05556,0.0007582830810548558,2.839597,2.847528,-0.007931013229370176
30.0,5.0,25.0,280.0,9.0,40.0,-0.08026981,-0.08104432,0.0007745064624023468,2.399104,2.3992317,-0.00012758165283210943,3.0727763,3.0706306,0.00214571759643567
30.0,4.5,40.0,160.0,9.0,60.0,1.7856,1.7855973,2.6469757079539136e-06,4.058545,4.058756,-0.00021088739013652713,1.3878158,1.3854227,0.002393133091735944
30.0,4.2,40.0,10.0,9.0,60.0,1.6703908,1.6704872,-9.635565490717646e-05,4.1937704,4.193911,-0.00014059136962885077,0.8104573,0.8086009,0.001856389218902632
30.0,4.8,40.0,20.0,9.0,20.0,0.95927334,0.9607872,-0.0015138616821288586,3.9755385,3.9677439,0.00779459220275891,0.86835283,0.87005764,-0.0017048095899963034
30.0,4.8,40.0,10.0,9.0,55.0,1.4244233,1.4254768,-0.0010534630172729376,4.1759233,4.1767983,-0.0008749525268552105,1.0819675,1.080831,0.0011364730300902348
30.0,4.0,40.0,80.0,9.0,55.0,1.729178,1.7292964,-0.00011844818725581518,4.100586,4.102049,-0.0014630625000000563,0.8703492,0.86944544,0.0009037883821105819
30.0,3.7,35.0,300.0,9.0,60.0,1.5672032,1.5670729,0.00013026410064687077,3.2415214,3.2412872,0.00023415848999031041,2.0833611,2.085358,-0.0019968511657713073
30.0,2.0,40.0,300.0,8.5,60.0,2.465932,2.4658704,6.149239501951342e-05,3.6887243,3.688836,-0.00011172059631325837,0.7609466,0.7555249,0.00542167182693476
29.0,2.0,40.0,300.0,6.0,60.0,2.44177,2.4408128,0.0009572767517092018,3.4162323,3.4164634,-0.0002310525115967188,0.5577132,0.5616449,-0.003931689417266848
27.0,4.7,40.0,300.0,10.0,60.0,1.8295438,1.8290151,0.0005287289642335047,3.6227884,3.6246932,-0.0019047707397459313,1.8657537,1.8651199,0.0006337506652831504
26.0,4.8,40.0,300.0,11.0,60.0,1.7687715,1.7682164,0.0005551291976928496,3.5565972,3.5571742,-0.0005769671813964372,1.9543939,1.9536672,0.0007266636779785784
30.0,3.4,40.0,210.0,9.0,60.0,2.133575,2.1337717,-0.00019673738403325203,3.9579735,3.9578109,0.00016258022460924337,1.0268669,1.023178,0.003688912841796954
18.0,3.4,30.0,210.0,5.5,40.0,0.3398211,0.33989245,-7.134976501466106e-05,1.3811747,1.3808655,0.0003091835708617374,1.2836038,1.2842791,-0.000675312577819831
30.0,4.4,40.0,210.0,9.0,60.0,1.8820374,1.8825431,-0.0005056988006590935,4.0122795,4.0082064,0.00407311049804715,1.4716645,1.4779884,-0.00632385207977304
30.0,4.5,35.0,219.99998,9.0,60.0,1.2452513,1.2451761,7.519795074473201e-05,3.3510225,3.3511205,-9.80180816649856e-05,2.2386808,2.234629,0.004051839538574242
30.0,4.5,30.0,300.0,9.0,60.0,0.9416832,0.9427622,-0.0010790268203735298,2.724597,2.7242732,0.0003237772338868794,2.9330285,2.929867,0.003161459548949974
30.0,3.7,40.0,300.0,8.5,60.0,2.1874928,2.1874697,2.3147442627102777e-05,3.855477,3.856287,-0.0008099053497314657,1.3750389,1.3725803,0.0024585622283934683
30.0,1.9,40.0,280.0,9.0,60.0,2.449471,2.4485676,0.0009033968566893869,3.7291028,3.7290745,2.834996032730075e-05,0.7070438,0.70495623,0.002087596580047646
26.0,4.7,25.0,300.0,11.0,60.0,0.6103752,0.609941,0.00043422554397587465,2.0753849,2.0746422,0.0007426552703857503,3.2340856,3.240372,-0.006286440155029105
30.0,4.8,30.0,300.0,8.5,60.0,0.8473533,0.84793717,-0.0005838904093933284,2.694512,2.6940837,0.00042819041137676095,3.0516145,3.0509899,0.0006246229339601506
30.0,4.9,40.0,300.0,8.5,60.0,1.8471673,1.8460121,0.0011551534942626507,3.8935738,3.894771,-0.001197239013671858,1.9623795,1.9603353,0.002044155566406358
30.0,0.4,40.0,300.0,8.5,60.0,2.508234,2.5079863,0.0002477240478517828,3.4135308,3.4102855,0.003245326568603435,0.40079623,0.4056706,-0.004874365392303459
30.0,3.6,35.0,300.0,9.0,60.0,1.5900129,1.5901134,-0.00010049201812734054,3.2351718,3.2351022,6.959489135738295e-05,2.037444,2.0420635,-0.004619385314941216
26.0,0.3,40.0,300.0,11.0,60.0,2.432707,2.433241,-0.0005339286956789202,3.1939278,3.1914105,0.002517264892578197,0.5205802,0.5143639,0.006216272538757339
27.0,0.4,40.0,300.0,10.0,60.0,2.4537654,2.4548001,-0.0010347076965331325,3.245204,3.2418993,0.0033046718627929295,0.4750623,0.47162917,0.003433140695648207
27.0,4.8,40.0,250.00002,10.0,30.0,0.807072,0.80591,0.0011619838142394867,3.7557755,3.7576046,-0.0018291483398438224,1.2991757,1.2955076,0.0036681392883299857
28.0,4.4,40.0,250.00002,8.0,40.0,1.3022991,1.3022504,4.8741883850178525e-05,3.7563493,3.7566154,-0.00026607481994611604,1.1813881,1.1827999,-0.0014117602752685698
28.0,4.7,40.0,260.0,8.0,40.0,1.2113764,1.2110803,0.00029612860412586706,3.7556648,3.7555938,7.102543945292084e-05,1.3530785,1.3539819,-0.0009034154647826753
27.0,4.4,25.0,260.0,8.0,40.0,0.07497752,0.075018525,-4.100787200927991e-05,2.1007204,2.1001449,0.0005755055786131891,2.5209718,2.525717,-0.004745224945068571
29.0,4.8,40.0,230.0,6.0,20.0,0.74229777,0.74096626,0.001331508592834485,3.89158,3.8927066,-0.0011264951721190464,1.0412409,1.0386555,0.0025854305572510228
28.0,4.7,40.0,260.0,8.0,30.0,0.9211445,0.9209324,0.00021208547363282815,3.803741,3.804185,-0.0004440217590331308,1.212532,1.2071838,0.005348243457031332
28.0,4.7,40.0,280.0,8.0,25.0,0.75882775,0.7583413,0.0004864459144592326,3.8348753,3.8357708,-0.0008954547698976079,1.1698091,1.1634598,0.006349303012084917
28.0,4.3,40.0,240.0,8.0,25.0,0.9158205,0.9156605,0.00015997939300538278,3.817737,3.8182197,-0.0004825974914552944,0.9018923,0.90457237,-0.002680065579528823
30.0,4.4,40.0,10.0,8.5,55.0,1.5173049,1.5171491,0.0001557973083496922,4.154385,4.1540394,0.0003456898742673076,0.86436003,0.8583455,0.0060145344657898114
28.0,4.8,40.0,260.0,6.0,60.0,1.7360938,1.7365547,-0.00046094046325673155,3.5284672,3.5278606,0.0006065783447266604,1.5742794,1.5691068,0.005172627528381435
28.0,5.0,40.0,260.0,6.0,35.0,1.0141789,1.0148076,-0.0006287278915404482,3.6817245,3.6814442,0.00028034833984369456,1.3438951,1.3445917,-0.0006966222946167555
30.0,5.0,35.0,170.0,9.0,60.0,1.0161852,1.0169184,-0.000733235548400879,3.4044185,3.4048772,-0.0004587315246582513,2.3524756,2.356349,-0.0038733568420408204
30.0,4.5,40.0,80.0,9.0,60.0,1.6777003,1.6780114,-0.00031111885681145424,4.137907,4.1356034,0.002303628198242258,1.155435,1.1568513,-0.0014163339126587182
30.0,4.9,40.0,30.0,9.0,60.0,1.4838116,1.4836228,0.00018881689758298847,4.188724,4.189131,-0.00040695901489229414,1.2229133,1.2239068,-0.000993534771728477
30.0,5.0,30.0,270.0,9.0,60.0,0.7409516,0.7414012,-0.00044960230941770707,2.7586222,2.7588177,-0.0001955305053709111,3.1071143,3.10873,-0.001615684967041009
30.0,5.0,30.0,210.0,9.0,60.0,0.6608951,0.6607116,0.0001835091766357877,2.8161273,2.8164535,-0.00032619973754899334,2.9362226,2.9373016,-0.00107904674682624
30.0,1.5,40.0,300.0,8.5,60.0,2.5021713,2.5019388,0.0002324779998779114,3.614235,3.614388,-0.00015307568359368418,0.62599003,0.6221429,0.003847133149719184
30.0,1.4,40.0,300.0,8.5,60.0,2.5068338,2.5066535,0.00018029173278799604,3.5982542,3.598124,0.00013020379638684076,0.6008354,0.5980904,0.0027449829383849877
26.0,4.9,40.0,300.0,10.5,60.0,1.7320551,1.7335651,-0.0015100319839478349,3.5187624,3.5197647,-0.0010023499176026185,1.9739585,1.9707683,0.003190192279052706
30.0,2.7,40.0,300.0,8.5,60.0,2.3805673,2.3803895,0.00017781224060042788,3.7734082,3.7738214,-0.0004132254852295958,0.9765577,0.97899425,-0.0024365779762267614
29.0,1.4,40.0,300.0,6.0,60.0,2.4827852,2.482947,-0.00016177508544901187,3.3317435,3.3303962,0.0013472787750243853,0.40319192,0.40674394,-0.0035520159048462174
30.0,5.0,35.0,150.0,9.0,60.0,0.9900085,0.9900219,-1.3426603698740713e-05,3.4240162,3.424089,-7.276274108880543e-05,2.2961774,2.2992063,-0.003028912762450986
12.0,1.1,35.0,190.0,4.0,55.0,1.1854812,1.1847088,0.0007723906814576242,0.8921468,0.89260423,-0.00045740420959472505,0.19876075,0.20097594,-0.0022151920904540934
28.0,3.7,40.0,280.0,7.5,55.0,1.952514,1.9521569,0.00035715239105216234,3.6120322,3.6119463,8.587506408685996e-05,1.1187012,1.120734,-0.0020327804412840766
28.0,4.9,35.0,260.0,8.0,50.0,0.8208148,0.82041353,0.00040125834152227036,3.0836222,3.0833251,0.00029711717834457474,2.2837996,2.2732291,0.010570548284912107
29.0,4.9,40.0,200.0,6.0,20.0,0.7305959,0.73004955,0.0005463367073058611,3.882565,3.8828661,-0.0003010784851076309,1.0691905,1.0599838,0.009206702166748126
30.0,3.4,40.0,140.0,9.0,60.0,2.0394473,2.0396338,-0.0001864924133299084,4.0250506,4.0250525,-1.859893798972223e-06,0.82363355,0.82317793,0.0004556215975952682
27.0,5.0,40.0,300.0,9.5,60.0,1.7275851,1.7271657,0.0004193772857665756,3.584285,3.5847876,-0.0005025791717527817,1.9899297,1.9876899,0.0022397760559083046
26.0,3.4,35.0,300.0,11.0,60.0,1.547405,1.5476334,-0.0002283954986572745,2.9476495,2.9479704,-0.0003209210876464752,1.9791491,1.973176,0.0059731031646728105
30.0,4.1,35.0,300.0,8.5,60.0,1.465801,1.4658673,-6.629940490721076e-05,3.2265131,3.2264452,6.79473541258524e-05,2.2243068,2.232282,-0.007975178176879982
30.0,2.5,40.0,300.0,8.5,60.0,2.408994,2.4089775,1.645942687966695e-05,3.7514925,3.7518306,-0.0003380996948241233,0.91227365,0.91077256,0.0015010854010010233
30.0,0.2,40.0,300.0,8.5,60.0,2.4996355,2.498257,0.001378457992553539,3.3695872,3.36722,0.0023671829986571247,0.37883586,0.37768224,0.0011536169145202613
30.0,4.9,35.0,110.0,9.0,60.0,0.9706053,0.970098,0.0005073137779235681,3.4611773,3.4622836,-0.0011062509094239559,2.1312747,2.130256,0.0010187001647947724
15.999999,0.2,25.0,280.0,9.0,60.0,1.1006125,1.102745,-0.002132478828430262,0.8116975,0.8124701,-0.0007726169372558322,1.3426971,1.3445642,-0.0018670564453124872
30.0,3.5,35.0,300.0,9.0,60.0,1.6120638,1.6123207,-0.00025693447418206894,3.2286384,3.2284594,0.00017901056823710348,2.001908,1.9996437,0.0022643638885497808
30.0,1.2,40.0,300.0,8.5,60.0,2.5134728,2.513584,-0.00011120451354962313,3.5649884,3.5642214,0.0007669747100829127,0.5573139,0.5526093,0.0047046190673828425
30.0,3.0,40.0,300.0,9.0,60.0,2.332235,2.3319743,0.00026079788513166946,3.8379657,3.8383718,-0.00040607314758300816,1.1163056,1.1228864,-0.006580810324096742
22.0,3.0,35.0,300.0,6.0,60.0,1.529286,1.5296085,-0.00032247304534904764,2.1023507,2.102236,0.00011471182250977208,1.3494849,1.3458682,0.0036167205017090254
30.0,4.5,40.0,20.0,8.5,60.0,1.5630306,1.5628142,0.00021640054779048512,4.175122,4.17548,-0.0003582157897952243,0.9721656,0.9669745,0.005191084564209025
30.0,3.6,40.0,100.0,9.0,60.0,1.9415905,1.9422591,-0.0006685524383545083,4.077391,4.0772204,0.0001707476135255348,0.792889,0.7928573,3.169898529054027e-05
30.0,5.0,40.0,30.0,9.0,45.0,1.2358382,1.235793,4.517481994636974e-05,4.111455,4.109202,0.002252963684082232,1.1698091,1.1713841,-0.0015749969879150783
30.0,1.4,40.0,300.0,9.0,60.0,2.5074751,2.5073678,0.00010733771057136465,3.6327987,3.6331239,-0.0003252282775880744,0.628785,0.6330904,-0.004305385847473198
29.0,4.5,40.0,100.0,6.0,30.0,1.0811725,1.0816048,-0.000432333721923861,3.850866,3.851854,-0.0009879206695555531,0.82283497,0.82009524,0.002739728566894528
2.0,4.7,25.0,240.0,5.0,30.0,-0.6811627,-0.681523,0.00036028504180907195,-0.42435265,-0.42459196,0.000239314125976553,1.3175426,1.3185464,-0.0010038470520019604
2.0,4.5,25.0,100.0,6.0,30.0,-0.62754595,-0.6281572,0.000611247203063936,-0.3299024,-0.33045405,0.0005516394927978507,1.0863596,1.0807384,0.0056212200942993285
30.0,4.9,35.0,300.0,9.0,45.0,0.72732204,0.72675806,0.0005639819883728192,3.3654985,3.3672,-0.0017014572143554396,2.418756,2.4206846,-0.0019285918518066048
30.0,4.2,40.0,300.0,8.5,60.0,2.059679,2.059773,-9.396862792954153e-05,3.8793118,3.8803396,-0.0010277999969483531,1.6026284,1.6021724,0.0004559502578735941
15.0,4.2,25.0,110.0,6.0,10.0,-0.6320201,-0.6319522,-6.791585235599307e-05,0.8068898,0.80660903,0.0002807424151611837,1.2664348,1.2662185,0.0002162887039185435
21.0,4.2,25.0,270.0,6.5,20.0,-0.5003344,-0.5013483,0.0010139179428100276,1.5424349,1.5428675,-0.0004325691986084568,1.8042645,1.8111793,-0.006914754559326219
13.0,2.6,40.0,260.0,5.0,55.0,1.7479419,1.7486706,-0.0007287483840943132,1.3997247,1.4002626,-0.000537878091430688,0.13527524,0.14223523,-0.0069599852871704004
10.0,1.1,35.0,100.0,5.5,30.0,0.6614293,0.6618103,-0.0003810139968871695,0.87347245,0.87345177,2.068216369632836e-05,-0.1402278,-0.1328103,-0.007417494647216805
30.0,5.0,35.0,120.0,9.0,60.0,0.9498358,0.94967705,0.00015872728271482117,3.4525256,3.4529066,-0.00038098430786126514,2.2155228,2.213492,0.002030766113281235
29.0,4.7,40.0,190.0,6.0,15.0,0.69734967,0.6970201,0.00032956754913326947,3.8957376,3.8960004,-0.0002627519897462349,0.8847233,0.8897388,-0.005015494297790579
7.0,4.9,35.0,170.0,7.5,60.0,0.39406335,0.39324903,0.0008143235385131842,0.28684688,0.2854253,0.0014215761444091868,1.3930064,1.3880153,0.004991143977356005
30.0,4.7,40.0,20.0,8.5,55.0,1.436767,1.4366751,9.188207855226338e-05,4.1505647,4.1520715,-0.0015068294372557745,1.0360503,1.0380316,-0.001981280328369195
30.0,4.7,40.0,30.0,9.0,60.0,1.5489129,1.5488622,5.0682804870527676e-05,4.186923,4.1872983,-0.0003752729614259209,1.118302,1.1172014,0.0011005876480103538
27.0,5.0,35.0,300.0,10.0,60.0,1.1158388,1.116424,-0.000585233901977622,3.0112002,3.0111673,3.288959045422146e-05,2.6870723,2.6849504,0.0021218770690918376
27.0,3.2,40.0,300.0,10.0,60.0,2.222458,2.2222395,0.00021838574218735474,3.585752,3.5873702,-0.00161818965454108,1.1905715,1.1953449,-0.004773353445434614
27.0,3.2,35.0,300.0,10.0,60.0,1.610958,1.6107836,0.00017438015594484213,2.9797158,2.9787495,0.0009663241271971046,1.848984,1.8576052,-0.008621196932983466
27.0,3.0,40.0,300.0,10.0,60.0,2.260627,2.2605085,0.00011853132629413565,3.574175,3.5746057,-0.00043081901855490656,1.1202984,1.1209104,-0.000612014379882897
29.0,2.1,40.0,300.0,6.0,60.0,2.4316487,2.430875,0.0007737312316895562,3.4286613,3.429205,-0.0005436535644531837,0.58845776,0.590523,-0.0020652368049621783
30.0,1.1,40.0,300.0,9.0,60.0,2.5165665,2.516514,5.251496887215268e-05,3.5805092,3.5815825,-0.0010733142089844883,0.5621053,0.5661808,-0.004075501957702676
30.0,5.0,40.0,210.0,9.0,55.0,1.5572106,1.557192,1.856461334237558e-05,4.0285845,4.0269756,0.0016088802856444318,1.7232108,1.724852,-0.0016411883850098175
30.0,1.7,40.0,300.0,8.5,60.0,2.4902453,2.4900105,0.0002348422546387674,3.6454396,3.6455417,-0.00010207521362293193,0.6703101,0.6728717,-0.0025616199485778424
30.0,1.8,40.0,290.0,9.0,60.0,2.4704514,2.4700627,0.0003886549804685835,3.7051668,3.7050366,0.00013021671142565694,0.7098388,0.7059767,0.003862107582855212
30.0,2.8,40.0,300.0,8.5,60.0,2.3647394,2.3648458,-0.00010638197021473061,3.7838447,3.7841296,-0.0002848906036376775,1.0168849,1.0144169,0.0024680229812621413
30.0,1.8,40.0,300.0,7.0,60.0,2.4805112,2.4806538,-0.00014261149291971975,3.5556357,3.5554311,0.00020459068908706968,0.59644336,0.59454817,0.0018951850834655337
27.0,1.9,40.0,300.0,9.0,60.0,2.4100418,2.4100015,4.0309082031342314e-05,3.402596,3.4016418,0.0009541968566892933,0.70265174,0.70405704,-0.0014053008795166244
29.0,1.9,40.0,300.0,5.0,55.0,2.3111193,2.310775,0.0003443180084228281,3.377027,3.3761215,0.0009055347595214869,0.39001572,0.39378428,-0.0037685586788940295
30.0,4.0,25.0,300.0,9.0,60.0,0.88507503,0.884065,0.001010032711029063,2.2572365,2.257093,0.00014348071289083109,2.9430103,2.9427114,0.00029893020019544636
30.0,3.8,40.0,290.0,9.0,60.0,2.1509964,2.1508625,0.0001339466094969488,3.9063618,3.9066195,-0.0002576816864015008,1.4233518,1.4231777,0.00017406467895497713
30.0,5.0,35.0,140.0,9.0,60.0,0.9770093,0.9765736,0.0004356964172362865,3.4333472,3.433695,-0.00034777481079117933,2.2670298,2.270635,-0.0036052377319335527
30.0,1.3,40.0,300.0,8.5,60.0,2.5104797,2.5105352,-5.551135559089815e-05,3.5817366,3.5814018,0.0003347646362303891,0.5780765,0.57491267,0.0031638118191528175
30.0,4.2,35.0,300.0,8.5,60.0,1.4384844,1.4386618,-0.00017736968688963906,3.2304924,3.2303395,0.00015285343933113538,2.2750154,2.27995,-0.0049346458435057805
30.0,2.8,40.0,290.0,9.0,60.0,2.3517811,2.3521118,-0.000330670162963731,3.8285642,3.8287354,-0.00017123297729471076,1.0200791,1.0208454,-0.0007662641052246233
8.0,2.1,25.0,300.0,6.0,60.0,0.91656274,0.91795194,-0.0013892039656067112,0.037396908,0.0374552,-5.829219360351662e-05,1.2348917,1.2362221,-0.0013304469390869045
30.0,1.7,40.0,300.0,7.0,60.0,2.4876742,2.4878676,-0.00019336370239253498,3.5408165,3.5405414,0.0002751454864502456,0.5692923,0.56787175,0.0014205569000244056
5.0,3.8,35.0,50.0,7.0,10.0,-0.1476686,-0.14799133,0.0003227299176025433,0.2166121,0.21586066,0.0007514406011962793,0.25306273,0.25206777,0.0009949550671386476
8.0,2.2,30.0,50.0,6.5,20.0,0.060039997,0.06020148,-0.00016148289916992353,0.42014742,0.42007318,7.423897583008765e-05,0.2586527,0.2668577,-0.00820501292724607
27.0,4.8,40.0,70.0,10.0,15.0,0.70942324,0.70955527,-0.000132026000518759,3.6206357,3.6192796,0.0013561479095458573,0.8092594,0.81417745,-0.004918035327148407
14.0,1.5,35.0,180.0,3.5,10.0,0.39506435,0.39556852,-0.0005041660571288853,1.3243792,1.3245027,-0.00012349429626468122,-0.13783216,-0.132202,-0.005630164764404311
30.0,3.8,40.0,300.0,9.0,55.0,1.9981179,1.998025,9.292373657232567e-05,3.926081,3.9261565,-7.555784606916305e-05,1.3706468,1.3676063,0.0030405343734740686
30.0,3.8,40.0,180.0,9.0,55.0,1.8789848,1.8788524,0.00013240892181398678,4.0160365,4.0166,-0.0005634895324710953,1.0424387,1.0462664,-0.0038276545013427032
29.0,4.2,40.0,180.0,5.5,55.0,1.6676964,1.6672094,0.00048695677337651233,3.737361,3.739247,-0.0018860457153322407,1.0164857,1.0206755,-0.004189808929443428
15.0,3.8,30.0,300.0,6.5,55.0,0.66157615,0.66168064,-0.00010448815216068663,0.89740896,0.8966554,0.000753562249755868,1.7551532,1.7570102,-0.0018570208312989056
4.0,3.6,35.0,280.0,6.0,10.0,-0.4303745,-0.43120068,0.0008261768643188505,0.32237577,0.32319453,-0.000818755616455058,0.33212012,0.3305526,0.0015675205253601332
30.0,4.6,30.0,300.0,8.0,60.0,0.9104433,0.91079634,-0.0003530340307617008,2.656858,2.6563354,0.0005225673767088601,2.91546,2.9110336,0.004426509710693249
8.0,4.0,40.0,50.0,6.5,35.0,0.7097457,0.7097578,-1.2094872283929803e-05,0.90570545,0.9053462,0.0003592519653320414,-0.039609313,-0.033335306,-0.0062740070111694315
11.0,1.9,25.0,280.0,2.5,10.0,-0.21140575,-0.21051557,-0.0008901840893554558,0.52855873,0.529567,-0.0010082689208984474,0.4143718,0.41763285,-0.003261061498260498
6.0,2.6,40.0,90.0,9.5,50.0,1.3633974,1.3636165,-0.00021914015197754821,0.93964267,0.9393615,0.0002811677703857818,-0.19173491,-0.1925905,0.0008555899887084939
7.0,4.5,40.0,50.0,10.5,10.0,0.17820406,0.17800501,0.00019904960083008683,0.66370296,0.6617362,0.001966764782714847,0.014293432,0.011166126,0.0031273062357177733
30.0,2.1,40.0,300.0,8.5,60.0,2.4566453,2.4561577,0.00048755032043468205,3.7022095,3.702351,-0.00014152734375016962,0.7880976,0.7848252,0.003272420010375976
29.0,4.3,40.0,219.99998,6.0,35.0,1.2521856,1.2523843,-0.0001987168853758714,3.8144655,3.814387,7.852276611330922e-05,0.9533994,0.9515073,0.0018921197845459536
30.0,5.0,25.0,290.0,9.0,60.0,0.56929636,0.5694088,-0.00011243998413090761,2.290124,2.289606,0.0005179395141601262,3.424941,3.4214284,0.0035126629272461685
30.0,1.3,40.0,290.0,9.0,60.0,2.4977205,2.4978013,-8.082003478993016e-05,3.6267352,3.6260076,0.0007276104187012855,0.5832671,0.58134115,0.001925942704772976
27.0,4.5,40.0,130.0,10.0,20.0,0.7955343,0.79560417,-6.985727493291627e-05,3.6925232,3.6923718,0.0001514410430907276,0.7968818,0.8007811,-0.003899305070495629
30.0,3.9,40.0,150.0,9.0,55.0,1.8241273,1.8243527,-0.0002253835250853875,4.0439568,4.04448,-0.0005232434082032,1.0092986,1.0109754,-0.0016768369964599295
26.0,5.0,40.0,300.0,11.0,55.0,1.5187328,1.518938,-0.00020521382141103217,3.5742402,3.574183,5.720767211903066e-05,1.9619801,1.9674584,-0.005478295553588808
26.0,4.5,30.0,300.0,10.5,60.0,0.85948306,0.8589512,0.0005318632209777574,2.4368389,2.4369972,-0.00015833471984860736,2.8659496,2.8706765,-0.004726869262695388
30.0,4.3,40.0,10.0,9.0,60.0,1.6421682,1.6424488,-0.00028063574676506775,4.197648,4.197347,0.00030104840087918916,0.85877013,0.85714316,0.0016269720648193209
15.0,3.9,40.0,150.0,7.0,55.0,1.344524,1.3439193,0.0006047259170531838,1.859761,1.8598053,-4.430032043467591e-05,0.47186804,0.47345597,-0.0015879318225097694
30.0,2.6,40.0,300.0,9.0,60.0,2.3961003,2.3958142,0.00028608266906759994,3.7980587,3.7980552,3.548245239404224e-06,0.97296417,0.9794462,-0.006482032405090377
29.0,4.0,25.0,70.0,5.0,45.0,0.16105187,0.16018341,0.0008684593923950212,2.2257838,2.225667,0.00011682492065423489,1.9887319,1.9856478,0.0030840611145019903
30.0,5.0,40.0,180.0,9.0,60.0,1.650863,1.6514776,-0.0006145485855102439,4.045346,4.045271,7.478323364296102e-05,1.7036461,1.7071427,-0.003496636195373437
8.0,0.7,30.0,160.0,4.0,15.0,0.083003044,0.083501905,-0.0004988608715820325,0.42696953,0.42809823,-0.0011287018017578365,0.065001965,0.06601491,-0.0010129454309081992
25.0,3.1,25.0,270.0,4.5,35.0,0.3097812,0.30988562,-0.00010442626678464073,1.739835,1.7393821,0.00045292388000484074,1.6533369,1.6595147,-0.00617781740875234
28.0,2.3,40.0,300.0,7.0,60.0,2.3874784,2.387187,0.00029135159301763025,3.416929,3.417287,-0.00035799342346187757,0.70185316,0.6998216,0.002031556089782671
29.0,2.7,40.0,300.0,4.0,55.0,2.219835,2.220327,-0.0004919570465089507,3.401945,3.4023163,-0.00037118586425766154,0.5744829,0.575873,-0.001390082214355437
30.0,3.3,35.0,290.0,9.0,60.0,1.6406035,1.6407884,-0.00018485767211906534,3.2238433,3.2234044,0.0004389361053465102,1.8853184,1.8888564,-0.0035380015243531293
28.0,0.6,40.0,290.0,7.0,60.0,2.455844,2.4567177,-0.0008737745239257855,3.1817095,3.1791868,0.002522727969360261,0.28260946,0.2790786,0.0035308627380370994
30.0,1.0,40.0,300.0,8.5,60.0,2.5171456,2.5171824,-3.6766302490054414e-05,3.5299685,3.5284863,0.0014822001373291371,0.51499027,0.5106269,0.0043633701377868706
30.0,3.3,40.0,300.0,8.5,60.0,2.2749615,2.2746334,0.000328071557617271,3.828114,3.8287988,-0.0006847672546386185,1.2137299,1.20465,0.009079858398437501
30.0,4.4,40.0,180.0,9.0,10.0,0.601989,0.60141015,0.0005788212333679432,4.078724,4.0801773,-0.0014533925292967709,0.7705293,0.7660179,0.004511429776763887
30.0,1.6,40.0,290.0,9.0,60.0,2.4838681,2.4836571,0.0002110221008302382,3.6749198,3.6747994,0.00012044367370611653,0.6555367,0.65349853,0.0020381812159728785
4.0,4.4,40.0,10.0,6.0,10.0,0.24221945,0.24277967,-0.0005602219104003936,0.29167247,0.29070446,0.0009680081854248068,-0.1250552,-0.1212495,-0.0038056939010620155
30.0,4.4,40.0,260.0,9.0,60.0,1.94994,1.9497845,0.00015546620178219506,3.9604208,3.960177,0.00024384693908707789,1.6241894,1.6208454,0.0033439768310545848
26.0,5.0,40.0,290.0,10.5,60.0,1.6889303,1.6889675,-3.7226943969681514e-05,3.5237124,3.5246558,-0.000943403378296015,1.9955196,1.9933994,0.002120238061523505
30.0,4.1,30.0,300.0,9.0,60.0,1.0572329,1.0565815,0.000651356750488219,2.7117193,2.7114453,0.0002739745208741873,2.7349858,2.733949,0.0010368283996582406
6.0,1.5,30.0,280.0,9.5,10.0,-0.5497874,-0.5503721,0.000584697846984894,0.55015993,0.5512594,-0.0010994688171386269,0.31574965,0.31995744,-0.004207794766845685
11.0,4.3,25.0,150.0,3.0,20.0,-0.5526329,-0.5533277,0.0006947721054076927,0.31740952,0.3167255,0.0006840153808593818,1.1821867,1.1901953,-0.008008577244567938
30.0,5.0,40.0,260.0,9.0,55.0,1.6069348,1.606847,8.778584289559355e-05,3.9918551,3.9892905,0.0025646445007323493,1.8585666,1.8587437,-0.00017705819244384635
30.0,2.3,40.0,300.0,8.5,60.0,2.4343338,2.4342337,0.00010010126953119425,3.7279735,3.7280073,-3.383884887675492e-05,0.8515831,0.84604967,0.005533453207092309
30.0,2.9,40.0,290.0,8.5,60.0,2.333728,2.3338141,-8.60249725342932e-05,3.803964,3.8042011,-0.0002372003875730222,1.0196799,1.0227342,-0.0030542960159301025
28.0,2.1,40.0,290.0,7.0,60.0,2.3921676,2.391736,0.0004315682067872473,3.4060066,3.4067965,-0.0007899253692627006,0.61001885,0.61407924,-0.004060390627136257
30.0,1.1,40.0,300.0,8.5,60.0,2.51586,2.5157998,6.028071899422116e-05,3.5471525,3.5465827,0.0005698192260741308,0.53655136,0.53118086,0.005370496315612816
30.0,3.2,40.0,300.0,8.5,60.0,2.294414,2.2943418,7.224342651346305e-05,3.8202913,3.8207812,-0.0004899192535399166,1.1694098,1.1648543,0.004555451892089835
30.0,4.2,40.0,150.0,9.0,60.0,1.8584772,1.858763,-0.00028576515960687665,4.059669,4.059428,0.0002410177917484546,1.2137299,1.2086009,0.005128958398437522
30.0,1.7,40.0,290.0,9.0,60.0,2.476275,2.4772766,-0.0010016328063966462,3.690484,3.6901474,0.0003366469360353008,0.6818892,0.6793003,0.002588876368713411
28.0,4.4,25.0,300.0,8.0,55.0,0.57876223,0.57795465,0.000807583257293687,2.0791187,2.0788515,0.00026722863769546024,2.892302,2.8945632,-0.002261163714599501
30.0,4.7,40.0,140.0,9.0,60.0,1.6965541,1.6967933,-0.0002392352493285621,4.0813513,4.081633,-0.00028171978759772287,1.4325352,1.4314871,0.0010480715087890502
26.0,4.1,35.0,300.0,10.5,60.0,1.3734376,1.3735001,-6.24569488525406e-05,2.9305527,2.931383,-0.0008302789764402796,2.2338896,2.235537,-0.0016474202270506666
30.0,3.9,40.0,290.0,8.5,60.0,2.124434,2.1242347,0.00019929429321274839,3.876623,3.8775043,-0.0008813847320556789,1.4325352,1.4338129,-0.0012777284912108833
29.0,3.0,40.0,300.0,6.0,60.0,2.3040802,2.3039503,0.00012994787902842475,3.5227828,3.5232582,-0.00047539741821278625,0.8879175,0.88978404,-0.001866521384277342
30.0,3.5,40.0,300.0,8.5,60.0,2.2323945,2.2327175,-0.0003230431365968123,3.8426466,3.8434591,-0.0008125011840820484,1.2935858,1.286866,0.006719777282714778
30.0,3.8,40.0,300.0,8.5,60.0,2.1636539,2.1635964,5.7450555420057725e-05,3.86108,3.8620138,-0.0009338687408448898,1.420956,1.4167492,0.0042068155868530965
25.0,1.4,40.0,280.0,6.0,50.0,2.0795283,2.0801923,-0.0006639682434084193,2.999121,2.9990194,0.00010155069885264822,0.14166367,0.14362885,-0.0019651794601440453
26.0,3.7,40.0,300.0,11.0,60.0,2.086671,2.0865464,0.0001247139678954845,3.5530572,3.5534377,-0.00038050624389640575,1.44092,1.4382806,0.002639395307922454
27.0,5.0,40.0,230.0,10.0,25.0,0.60946196,0.6089834,0.0004785631767273424,3.75706,3.757029,3.105096435529475e-05,1.2836038,1.288276,-0.004672212577819801
18.0,2.2,35.0,80.0,5.5,60.0,1.0895729,1.0890868,0.0004861064941406035,1.8459414,1.8466921,-0.0007506756301880468,0.4131739,0.41454726,-0.0013733460443114964
29.0,4.5,40.0,300.0,6.0,60.0,1.9424734,1.9424717,1.7115600585704271e-06,3.5951478,3.5975485,-0.002400651870727355,1.5455313,1.5459869,-0.00045562711181634796
26.0,4.0,35.0,290.0,11.0,60.0,1.3931764,1.3928668,0.0003096364242554106,2.9719684,2.97227,-0.0003015876007079754,2.2007494,2.1944969,0.00625249727783217
30.0,2.0,40.0,300.0,9.0,60.0,2.4665875,2.4665847,2.843487548975787e-06,3.7235293,3.723836,-0.00030666116333000204,0.7865005,0.79052484,-0.004024326446380622
30.0,2.4,40.0,300.0,8.5,60.0,2.4220757,2.4220219,5.38484436036768e-05,3.7398906,3.740148,-0.00025742459106448123,0.8831262,0.8779739,0.005152299245452907
30.0,2.5,40.0,290.0,7.0,60.0,2.388509,2.3885589,-4.986488952640755e-05,3.6593757,3.6588993,0.0004763675720216298,0.78170913,0.7795657,0.002143434578704806
30.0,4.0,40.0,290.0,8.5,60.0,2.0986764,2.0986955,-1.90569000242391e-05,3.8815937,3.8823147,-0.0007209957763669728,1.4792509,1.4797311,-0.00048019210205074714
30.0,4.8,30.0,290.0,7.0,60.0,0.82780004,0.8275185,0.0002815354766845246,2.6012623,2.6011527,0.0001096310089110375,2.9234457,2.9197829,0.003662801599121135
30.0,3.4,40.0,260.0,9.0,60.0,2.2008352,2.201013,-0.0001777720336915145,3.9100432,3.9097815,0.0002617395935060607,1.1666148,1.166035,0.0005797708892822939
30.0,5.0,35.0,270.0,9.0,60.0,1.151315,1.1514013,-8.632616882331412e-05,3.310504,3.3088179,0.0016860596557615182,2.6395578,2.6420634,-0.0025055615600586556
30.0,3.8,40.0,160.0,9.0,60.0,1.9762852,1.9760346,0.0002506191925049084,4.0317316,4.0314965,0.00023510552978489585,1.0528201,1.0517492,0.001070886479187072
26.0,3.8,40.0,160.0,10.0,60.0,1.9054588,1.9058608,-0.0004019920547484457,3.6027737,3.6033094,-0.0005357336181641692,0.9997159,0.99420905,0.00550687426300045
27.0,4.9,30.0,219.99998,10.0,60.0,0.6616441,0.66234803,-0.0007039288571166757,2.5717702,2.5716345,0.00013569119262690776,2.8491797,2.8446722,0.004507544720458778
29.0,4.5,40.0,180.0,6.0,20.0,0.8727523,0.8729939,-0.00024159115447996982,3.8774378,3.8739624,0.0034754299713135595,0.8280256,0.8304007,-0.002375120547485343
29.0,4.5,40.0,180.0,6.0,15.0,0.7693279,0.77034366,-0.0010157810479736185,3.888867,3.8885634,0.00030350139770529694,0.77971274,0.77848935,0.0012233866065979315
29.0,4.5,40.0,219.99998,5.5,15.0,0.74818105,0.748255,-7.395494461059915e-05,3.89391,3.895199,-0.0012890688171385278,0.792889,0.7998366,-0.006947601014709481
29.0,4.9,40.0,180.0,6.0,15.0,0.6427995,0.64229584,0.0005036566506958495,3.8915763,3.8909647,0.0006115901306151805,0.9877375,0.98671293,0.0010245468257140677
29.0,4.5,35.0,219.99998,5.5,15.0,0.13093185,0.13036238,0.0005694742480468751,3.2590165,3.258992,2.451382446277961e-05,1.4756573,1.4724419,0.0032154438644409478
30.0,4.4,25.0,300.0,9.0,60.0,0.7734821,0.7735777,-9.561572570804255e-05,2.271848,2.2717533,9.46633331300184e-05,3.1426504,3.1351311,0.007519265829467603
27.0,3.1,40.0,300.0,10.0,60.0,2.2418978,2.2417903,0.00010752142639169904,3.5800679,3.581217,-0.0011491269989014619,1.1590285,1.1576905,0.0013380301208496537
27.0,2.9,40.0,300.0,10.0,60.0,2.2788649,2.2783937,0.00047116053466789154,3.5671487,3.5675356,-0.00038691454467754127,1.0907516,1.085005,0.005746647949218753
27.0,3.3,40.0,300.0,10.0,60.0,2.2024884,2.2018554,0.000633022393798921,3.5921211,3.5930655,-0.0009443757324216762,1.2340931,1.2338741,0.00021897003021242867
29.0,2.9,40.0,300.0,6.0,60.0,2.3214715,2.3213851,8.635271301260516e-05,3.5142329,3.5146403,-0.0004074260833739629,0.84998596,0.8530344,-0.0030484428543090525
30.0,3.1,40.0,210.0,9.0,60.0,2.1926425,2.192897,-0.00025454966735827256,3.9339564,3.9337587,0.00019768465881364605,0.9038887,0.90379035,9.835239257816042e-05
28.0,1.9,40.0,300.0,7.0,60.0,2.4304233,2.4295049,0.0009183597351074546,3.3688648,3.3703358,-0.0014710252960203896,0.5836664,0.58424896,-0.0005825757798767484
28.0,1.9,40.0,300.0,6.5,60.0,2.4280977,2.4287906,-0.0006928750854493515,3.336054,3.335336,0.0007180866851808076,0.5533211,0.54924893,0.004072193123168977
30.0,4.7,35.0,290.0,8.5,60.0,1.2753996,1.2754852,-8.563430328378807e-05,3.252775,3.2531602,-0.00038524615783686045,2.497414,2.5034275,-0.006013387908935464
29.0,4.5,30.0,30.0,6.0,55.0,0.30969405,0.30928516,0.0004088917425537075,2.7666132,2.7678142,-0.0012009549896241367,1.9831419,1.9794068,0.003735099108886697
27.0,1.6,40.0,300.0,8.5,60.0,2.432789,2.432955,-0.00016591270446797424,3.329566,3.32894,0.0006260018920900556,0.59245056,0.59282804,-0.00037748086074829157
30.0,4.4,40.0,10.0,9.0,60.0,1.6137451,1.6135776,0.00016749334564214458,4.2003694,4.200325,4.435806274383225e-05,0.9050866,0.9065598,-0.0014732230613708763
4.0,4.6,40.0,10.0,6.0,10.0,0.17153811,0.17082804,0.0007100745477295056,0.25673676,0.25503254,0.0017042153710937757,-0.034817934,-0.041748166,0.00693023196374512
27.0,1.1,40.0,300.0,10.0,60.0,2.4573264,2.4578843,-0.0005578877990721764,3.3631504,3.3619406,0.0012097582000731855,0.5792743,0.58827245,-0.008998153239440865
25.0,2.7,30.0,190.0,5.0,15.0,0.110609174,0.11059986,9.313774719243995e-06,2.2355494,2.2358875,-0.00033805007934573084,0.99452525,0.9960784,-0.0015531462272644347
30.0,5.0,40.0,100.0,9.0,60.0,1.5437124,1.5438914,-0.00017902245178214038,4.122367,4.1221185,0.00024840521240232505,1.4764559,1.4785713,-0.0021153731048584312
30.0,4.9,40.0,290.0,9.0,60.0,1.8338735,1.833278,0.0005955103607178103,3.9397273,3.9393768,0.00035050636596700713,1.9667715,1.9667637,7.783421325679996e-06
30.0,5.0,30.0,290.0,9.0,60.0,0.76800334,0.7682978,-0.000294455464172394,2.739346,2.739606,-0.0002599726257326296,3.1670065,3.165873,0.0011334926147461566
29.0,2.4,35.0,30.0,5.0,60.0,1.1540774,1.1529495,0.0011279106979369402,3.1490154,3.1508374,-0.0018219733642577118,0.6423605,0.64126647,0.001094038441925016
30.0,4.8,40.0,300.0,8.5,60.0,1.8780701,1.8790483,-0.0009781839569091844,3.8936396,3.894084,-0.0004444354858397226,1.903286,1.9065454,-0.0032594197753905707
30.0,3.8,40.0,70.0,9.0,60.0,1.855552,1.8550003,0.00055165808410651,4.1171823,4.11795,-0.0007677452087406778,0.7984789,0.79460645,0.003872451386261022
4.0,1.7,40.0,140.0,6.0,55.0,1.4972483,1.4969682,0.0002800919692993453,0.63146424,0.6320455,-0.0005812570648193738,-0.3550403,-0.35723102,0.002190708186645518
2.0,4.0,40.0,70.0,4.5,10.0,0.27013874,0.27033976,-0.00020101946044920327,0.21170497,0.21106517,0.0006397994061279333,-0.2572168,-0.25056413,-0.00665268118011475
23.0,3.2,40.0,30.0,9.0,45.0,1.5384864,1.5386341,-0.0001477384963988193,3.1746247,3.1752114,-0.0005867185272214748,0.13966727,0.13871531,0.0009519625677490151
15.999999,0.9,25.0,270.0,9.0,30.0,0.15248752,0.15229914,0.00018837640319824267,1.0264575,1.0265412,-8.365185852055035e-05,0.91586715,0.91529757,0.0005695798298644972
30.0,4.7,35.0,210.0,9.0,60.0,1.169982,1.1698201,0.0001618564819336754,3.3644507,3.3643918,5.889313049323164e-05,2.308555,2.309265,-0.0007101122283934558
30.0,3.4,40.0,160.0,9.0,60.0,2.0663483,2.0665302,-0.00018188571472155246,4.005976,4.005841,0.0001352001037595585,0.887119,0.8803208,0.006798195189666734
30.0,1.5,40.0,300.0,9.0,60.0,2.5030258,2.5026531,0.0003726701873780769,3.6488173,3.6493878,-0.0005704992034911704,0.6535403,0.6571429,-0.0036025867561340075
30.0,4.3,40.0,10.0,8.5,55.0,1.5462815,1.5460203,0.0002611569473267572,4.1502585,4.151061,-0.0008024588928225995,0.8092594,0.80892885,0.0003305646728515299
30.0,5.0,25.0,300.0,8.5,60.0,0.58198404,0.5821428,-0.00015875687866206967,2.2452757,2.2450004,0.000275335855102643,3.4101677,3.415,-0.0048323059082031605
30.0,4.9,40.0,50.0,9.0,60.0,1.5107486,1.5105195,0.00022912480163572724,4.1697226,4.169919,-0.0001964429321290595,1.2784132,1.2810496,-0.002636423463439952
18.0,1.6,40.0,140.0,6.0,55.0,1.8005729,1.8013927,-0.0008198278381348345,2.2489371,2.249671,-0.000733870025634964,-0.2188859,-0.21128649,-0.007599408590087897
29.0,2.1,30.0,50.0,4.0,20.0,0.42399812,0.42428952,-0.0002914025531005615,2.46776,2.4673722,0.00038788605957051914,0.85238165,0.84645516,0.005926486633148209
30.0,5.0,40.0,10.0,8.5,40.0,1.1444076,1.1442857,0.00012192996673587864,4.0748024,4.074857,-5.460131835910431e-05,1.0763776,1.0821428,-0.005765169766235312
1.0,4.7,40.0,280.0,5.0,10.0,-0.256598,-0.2571617,0.0005637042419433524,0.1318829,0.13154134,0.0003415659600830012,0.13886869,0.13497049,0.0038981995370483413
27.0,3.4,40.0,300.0,10.0,60.0,2.180204,2.1806383,-0.000434385357666045,3.5980196,3.5983026,-0.00028300008544901445,1.2748196,1.273278,0.001541612503051848
27.0,3.4,30.0,300.0,9.0,10.0,-0.494542,-0.49544808,0.0009060773220825324,2.7009106,2.7024894,-0.001578831762695465,1.4816465,1.4752594,0.006387137780761609
30.0,3.4,40.0,110.0,9.0,55.0,1.8998039,1.8998308,-2.6923123168876018e-05,4.0430965,4.043703,-0.0006064576416013878,0.68508345,0.68738973,-0.002306281113128694
27.0,2.6,40.0,300.0,10.0,60.0,2.3271139,2.3270507,6.316680603024594e-05,3.5432546,3.543578,-0.0003233861236573432,0.98055047,0.9825371,-0.0019866320320129915
30.0,1.6,40.0,300.0,7.0,60.0,2.4940774,2.4942482,-0.00017075592346182944,3.5254543,3.525194,0.0002602827606201785,0.53934634,0.54207,-0.0027236626815796416
30.0,3.2,40.0,160.0,9.0,60.0,2.1066236,2.1067803,-0.00015665040283208143,3.9903,3.990264,3.5940109253118635e-05,0.7992774,0.7998543,-0.0005768751876831235
15.999999,4.7,35.0,80.0,8.5,50.0,0.42599308,0.4257401,0.0002529849075317281,1.6060855,1.6056416,0.00044393886413574,1.2935858,1.297866,-0.00428022271728512
21.0,2.0,40.0,130.0,6.5,55.0,1.8334651,1.8340619,-0.0005968006652832258,2.7092917,2.7102914,-0.0009997034515381031,-0.055979848,-0.056882262,0.0009024140919799833
18.0,3.2,35.0,160.0,3.5,35.0,0.6267243,0.62672925,-4.947231292740106e-06,1.737676,1.7374976,0.0001784244369507082,0.60363036,0.6053215,-0.0016911360588073299
18.0,2.9,40.0,160.0,5.5,60.0,1.7310342,1.7306905,0.00034365966033944595,2.232543,2.2333913,-0.0008483083618164855,0.18598378,0.19455275,-0.008568972953796383
30.0,4.7,30.0,240.0,9.0,60.0,0.8003221,0.80016494,0.0001571754212951193,2.7857754,2.785574,0.0002014230499267633,2.8627553,2.861646,0.0011092986145020411
18.0,0.3,35.0,90.0,7.0,20.0,0.67297643,0.67332727,-0.0003508357691955899,1.6894399,1.6894655,-2.5607231140201137e-05,-0.1382314,-0.13550995,-0.002721446675109873
30.0,4.9,30.0,230.0,9.0,60.0,0.72238237,0.7214772,0.0009051666572570394,2.7971604,2.7970123,0.00014808703918456345,2.9406147,2.93978,0.0008347003173829748
24.0,1.2,35.0,219.99998,5.0,10.0,0.5000388,0.5006064,-0.0005675973762512276,2.5001516,2.5005693,-0.00041766578369140106,0.10453069,0.10416211,0.00036858210052490015
8.0,3.9,40.0,290.0,3.5,55.0,1.3754652,1.3753153,0.0001498546478271301,0.52425146,0.52280724,0.001444221029052728,0.42834657,0.4275874,0.0007591743064880307
30.0,1.5,40.0,300.0,7.0,60.0,2.499615,2.499796,-0.00018104600524893044,3.5097232,3.5093877,0.00033548649291992305,0.5165874,0.5171429,-0.0005555234054565039
30.0,2.6,40.0,290.0,9.0,60.0,2.3819876,2.382366,-0.00037842828369161197,3.8075218,3.807661,-0.00013917993164058728,0.9422196,0.9508747,-0.008655085017394981
13.0,2.6,40.0,300.0,5.0,55.0,1.8269038,1.8270154,-0.00011157996215827026,1.3513799,1.3504105,0.000969371368408245,0.23110235,0.23043226,0.0006700873739624025
26.0,2.6,40.0,290.0,9.5,60.0,2.2898033,2.2897007,0.0001025665252685215,3.3982825,3.3982565,2.6027923583971102e-05,0.89430606,0.8945625,-0.000256436347961464
30.0,3.9,40.0,300.0,8.5,60.0,2.1386337,2.1388898,-0.00025607197265609116,3.866651,3.8672829,-0.0006318418029787054,1.463679,1.4617932,0.0018857560317993016
30.0,4.6,35.0,300.0,7.0,60.0,1.3192394,1.3193679,-0.00012852202453617068,3.1364667,3.1363351,0.00013164156188949505,2.3736377,2.3743668,-0.0007291237609865497
5.0,3.8,35.0,50.0,9.0,10.0,-0.16803741,-0.16730165,-0.0007357645507812538,0.22620392,0.22571288,0.0004910384570312454,0.26424253,0.26152593,0.0027165998690795723
30.0,4.2,40.0,290.0,9.0,60.0,2.047467,2.047039,0.00042799333190934874,3.9244123,3.9249454,-0.0005331494812010895,1.610614,1.6086009,0.0020130421463013803
30.0,2.9,40.0,300.0,8.5,60.0,2.3485713,2.3484693,0.00010200050659170401,3.7939072,3.7939796,-7.24344726563686e-05,1.0548165,1.0507144,0.004102084451294008
7.0,2.0,30.0,280.0,10.5,30.0,0.014407754,0.014068544,0.0003392099443969721,0.5583482,0.5588561,-0.0005079211364745762,0.78929543,0.7947408,-0.005445365048217798
25.0,3.2,40.0,300.0,5.0,55.0,2.0246649,2.025495,-0.0008301211547849796,3.0272453,3.027682,-0.0004367168731689297,0.7226157,0.7222681,0.0003476188415527659
27.0,4.2,35.0,300.0,9.5,60.0,1.3685303,1.3687444,-0.0002141265624999722,2.9799542,2.9800847,-0.00013045729370109171,2.2426739,2.247256,-0.004582126098632955
30.0,5.0,40.0,80.0,9.0,60.0,1.5159187,1.516995,-0.0010762683105469684,4.141281,4.1413302,-4.9072070312128346e-05,1.4173625,1.4214284,-0.004065948446655199
13.0,2.6,40.0,300.0,6.0,55.0,1.8209755,1.8213011,-0.0003255579315184498,1.4158204,1.4169818,-0.0011614398162842487,0.29339004,0.29686084,-0.0034708043707275538
30.0,5.0,35.0,90.0,9.0,60.0,0.9097354,0.9093322,0.0004031816032409319,3.481018,3.4817245,-0.0007064335937498889,2.1264834,2.1277778,-0.0012943596008301306
30.0,4.0,40.0,300.0,8.5,60.0,2.113512,2.1133506,0.00016143918457034445,3.8713288,3.8720932,-0.0007643692810059832,1.5115925,1.5077114,0.0038811073623656878
28.0,1.1,30.0,10.0,6.5,50.0,0.79729426,0.7973487,-5.444092864992367e-05,2.3988056,2.3978994,0.0009062182861327983,0.68508345,0.6945556,-0.009472151113128713
18.0,4.6,30.0,110.0,5.0,55.0,0.12179458,0.121018946,0.0007756354132690407,1.3536986,1.3536918,6.811259460448582e-06,1.6940634,1.6978732,-0.0038097749359131683
1.0,4.8,25.0,170.0,5.5,50.0,-0.36756516,-0.36795452,0.00038936497070313214,-0.51144767,-0.5116144,0.00016673192443850127,1.4544955,1.4567344,-0.002238850798034653
27.0,1.4,30.0,300.0,10.0,25.0,0.22099435,0.22091067,8.368329437255517e-05,2.4695256,2.469273,0.00025257563781755366,1.1498451,1.1507919,-0.0009467767089843537
30.0,4.8,25.0,300.0,8.5,60.0,0.6491483,0.64904827,0.00010001538894655049,2.2447083,2.244084,0.0006242996368408527,3.304758,3.3065453,-0.001787228100585736
30.0,4.9,25.0,280.0,9.0,60.0,0.5896701,0.58982974,-0.00015961833023070415,2.2977238,2.2989829,-0.0012591298583983779,3.340693,3.3381925,0.0025004969787598696
29.0,4.6,25.0,290.0,6.0,55.0,0.529305,0.5293349,-2.9918768310599475e-05,2.0426638,2.0408752,0.0017886126373292122,2.880723,2.8845534,-0.00383040042724625
8.0,2.5,40.0,90.0,5.5,55.0,1.3407444,1.3405752,0.0001691761825561855,1.0126474,1.0134046,-0.0007572096343995138,-0.31870592,-0.3156991,-0.003006816404724111
13.0,4.3,35.0,30.0,5.0,55.0,0.30361497,0.30334312,0.00027185402191159946,1.1682504,1.1684005,-0.0001500584487914569,0.802871,0.8091904,-0.006319411154174781
30.0,1.4,40.0,300.0,8.0,60.0,2.5061216,2.5059392,0.00018243543701190745,3.562917,3.5631242,-0.00020720590515121984,0.5553175,0.56309044,-0.007772918904724091
30.0,5.0,40.0,140.0,9.0,55.0,1.4870858,1.4876747,-0.0005888807556151399,4.0796967,4.0797343,-3.7644726562646724e-05,1.5355493,1.5374038,-0.0018545169723511723
30.0,4.0,40.0,140.0,9.0,55.0,1.7899389,1.7888825,0.0010564266967774127,4.057116,4.056827,0.0002890316467283327,1.0288633,1.0301154,-0.0012520891860960948
30.0,5.0,40.0,190.0,9.0,55.0,1.5370287,1.5373299,-0.00030122968902590586,4.0420923,4.0420494,4.292330322286375e-05,1.6657145,1.6712954,-0.00558089766540526
30.0,4.6,40.0,20.0,9.0,60.0,1.5665922,1.5667843,-0.00019208350830068888,4.194981,4.1953006,-0.00031950182495155133,1.0344532,1.0365889,-0.002135746389770432
30.0,0.9,40.0,300.0,8.5,60.0,2.5175662,2.5177321,-0.0001658959289549955,3.5113664,3.5099316,0.0014347673400880723,0.4950263,0.49094757,0.0040787204167175295
29.0,0.9,40.0,300.0,6.0,60.0,2.4943714,2.4951518,-0.0007803858154296073,3.2486706,3.2460737,0.0025968780029295147,0.30257344,0.30171233,0.0008611124591064723
30.0,4.9,35.0,300.0,8.0,60.0,1.2236705,1.2241867,-0.0005162173645019141,3.2110765,3.2097716,0.001304898031616375,2.6024249,2.6031132,-0.0006883399993897754
30.0,5.0,35.0,300.0,8.5,60.0,1.1909751,1.1910317,-5.6630000305091244e-05,3.243951,3.2450004,-0.0010493177703856382,2.6870723,2.6927779,-0.005705622930908039
30.0,4.0,35.0,300.0,8.0,60.0,1.4912598,1.4915252,-0.00026538669128428616,3.1872036,3.1870933,0.00011034570617685091,2.1492424,2.150489,-0.0012465988769529979
30.0,4.1,40.0,10.0,9.0,60.0,1.6952437,1.6976926,-0.002448883760070908,4.1898737,4.1900167,-0.00014300462646499312,0.76334226,0.76093304,0.0024092213143921404
7.0,0.1,25.0,190.0,10.5,50.0,0.6678361,0.6686088,-0.0007726703346252473,0.37359524,0.37368247,-8.723226806639506e-05,0.82483137,0.8281515,-0.0033201334609985755
6.0,2.5,40.0,160.0,7.0,50.0,1.3670911,1.3670071,8.395968475349846e-05,0.7984662,0.7979963,0.0004699055969238364,-0.153404,-0.15285932,-0.0005446774212646555
30.0,5.0,35.0,60.0,7.0,45.0,0.54819804,0.54750955,0.0006884943000793342,3.3885655,3.3886902,-0.0001246596862793936,1.857768,1.8569156,0.0008524587768554692
9.0,3.6,40.0,10.0,3.5,60.0,0.8635226,0.86137116,0.002151429206695532,1.0934157,1.0932864,0.00012933715209961782,-0.21249747,-0.21542335,0.00292587723693849
27.0,1.9,40.0,300.0,10.0,60.0,2.411476,2.4114301,4.579683532712764e-05,3.471214,3.4716418,-0.0004277439849853515,0.77532065,0.77405703,0.0012636191470336566
13.0,3.0,40.0,100.0,6.0,20.0,0.8766892,0.8771134,-0.0004242043670654727,1.6159031,1.6156348,0.00026833911437984526,-0.31191814,-0.31600717,0.004089030542297367
10.0,3.5,40.0,100.0,4.5,20.0,0.693324,0.69293517,0.00038885944564814867,1.1546984,1.1544828,0.00021557188720700005,-0.24284267,-0.2434736,0.0006309257446289185
21.0,4.6,40.0,270.0,6.5,55.0,1.482,1.4816351,0.00036489332427969146,2.583565,2.5830293,0.000535696719360157,1.2185212,1.2238954,-0.005374162626647916
9.0,2.7,30.0,100.0,5.5,20.0,-0.050012827,-0.049727745,-0.00028508191955566725,0.48409343,0.48405504,3.83876580810627e-05,0.44192207,0.44637486,-0.004452791404113754
30.0,1.9,40.0,300.0,8.0,60.0,2.4742856,2.4740357,0.00024990256958012935,3.6403131,3.639863,0.00045014849853508565,0.69147193,0.6920991,-0.0006271656814574866
30.0,3.0,40.0,290.0,9.0,60.0,2.3184571,2.318526,-6.887338256822417e-05,3.8476472,3.8479776,-0.0003304099060059684,1.0907516,1.0943149,-0.0035632520507813403
29.0,2.7,40.0,300.0,4.5,60.0,2.3515873,2.3516126,-2.5304467773601402e-05,3.3909755,3.3910306,-5.51246887208201e-05,0.68069136,0.6771587,0.0035326614273071266
26.0,1.9,40.0,300.0,9.5,60.0,2.3879213,2.3878977,2.363331298838034e-05,3.323095,3.322749,0.00034608323669438334,0.7206193,0.7182006,0.002418720869445834
30.0,3.4,40.0,290.0,9.0,60.0,2.2413855,2.241358,2.745989990238229e-05,3.8806968,3.8809638,-0.0002670264709472292,1.249665,1.2517494,-0.0020843781036377074
30.0,2.0,40.0,290.0,9.0,60.0,2.453209,2.4531364,7.252333984375525e-05,3.733617,3.7334418,0.0001752673370361002,0.75934947,0.76195335,-0.002603884629821751
30.0,3.4,40.0,300.0,8.0,60.0,2.2532659,2.2533777,-0.0001118423034669469,3.8011205,3.8013582,-0.0002376803619386081,1.2121327,1.2103208,0.0018118923370360474
30.0,3.1,40.0,290.0,9.0,60.0,2.300477,2.3004835,-6.4721069334972015e-06,3.8565745,3.8569112,-0.0003366646301268261,1.1314782,1.1323618,-0.0008836095779418685
30.0,2.1,40.0,300.0,8.0,60.0,2.455473,2.4554434,2.954616699213375e-05,3.6677294,3.6673512,0.00037817774658188696,0.74617326,0.74982524,-0.0036519774038695774
30.0,2.6,40.0,300.0,8.0,60.0,2.3943665,2.3943856,-1.909723815929354e-05,3.728211,3.7280555,0.00015542605590823655,0.9106765,0.90944624,0.001230239339599648
30.0,1.8,40.0,300.0,8.0,60.0,2.4823902,2.4820824,0.0003077653289795812,3.625822,3.625431,0.00039106726074233933,0.6635223,0.66454816,-0.0010258568955994196
29.0,1.9,40.0,300.0,6.0,60.0,2.4498534,2.4499178,-6.437974243178601e-05,3.4035857,3.403264,0.0003216723785399722,0.5261701,0.53364146,-0.007471385060272229
13.0,0.7,40.0,110.0,5.0,40.0,1.4361203,1.4361879,-6.762831726070395e-05,1.5559185,1.5562763,-0.0003578448760985786,-0.6493095,-0.6497186,0.00040908404693607014
30.0,4.3,35.0,290.0,9.0,60.0,1.3980569,1.3978895,0.0001673647384643484,3.278097,3.2783813,-0.00028438570861810675,2.3325117,2.334921,-0.002409336563110376
9.0,2.1,35.0,300.0,6.5,55.0,1.2548524,1.2552869,-0.0004344858688354325,0.6022599,0.60174733,0.0005125443438720456,0.7138316,0.71706367,-0.00323206647293095
30.0,2.0,40.0,300.0,8.0,60.0,2.465108,2.465156,-4.808221435537163e-05,3.6542306,3.6538363,0.0003942946350097287,0.713033,0.7205249,-0.0074918795036316155
18.0,0.6,25.0,20.0,2.0,20.0,0.15386128,0.15409312,-0.00023183574401855478,0.9836366,0.98334605,0.0002905676605224894,0.36526036,0.3686321,-0.0033717373748779478
26.0,4.2,40.0,190.0,11.0,30.0,1.008222,1.0082275,-5.516090393120621e-06,3.6376622,3.637742,-7.982768249492622e-05,0.8891154,0.88976294,-0.0006475468382263205
30.0,2.5,40.0,290.0,9.0,60.0,2.396719,2.3962436,0.0004753788818359084,3.7960694,3.7964363,-0.0003669163787840546,0.91826284,0.91720116,0.0010616793173218175
30.0,2.2,40.0,280.0,8.5,60.0,2.417206,2.4163017,0.0009043489654541048,3.736196,3.735852,0.0003440411071777838,0.7609466,0.7590395,0.0019070718269348363
29.0,1.8,40.0,300.0,6.0,60.0,2.4579887,2.4581897,-0.0002009609863282691,3.3904352,3.389607,0.0008282188110353417,0.51538956,0.50651276,0.0088768016531372
30.0,5.0,30.0,190.0,9.0,60.0,0.6340897,0.633815,0.00027470832824705305,2.835595,2.8356652,-7.030749816916426e-05,2.8787265,2.880159,-0.0014325176086424918
26.0,3.9,40.0,300.0,11.0,60.0,2.036668,2.036165,0.0005030622100830051,3.5577145,3.5582404,-0.0005259377197264214,1.5271645,1.5241156,0.00304885922851561
30.0,5.0,40.0,300.0,9.0,50.0,1.4794627,1.4802856,-0.0008228571945190222,3.9922123,3.988286,0.003926295532226565,1.8809264,1.8817142,-0.0007878293792724644
18.0,4.8,30.0,280.0,2.0,60.0,0.4965359,0.49691767,-0.00038177274505613035,0.8863194,0.8846602,0.0016591988800048751,2.0250664,2.0308979,-0.005831524267577937
30.0,2.0,40.0,300.0,7.0,60.0,2.4635563,2.4637275,-0.0001712103271485077,3.5839646,3.5838358,0.00012878625793444343,0.6535403,0.65052485,0.0030154632438659235
30.0,3.2,40.0,290.0,9.0,60.0,2.2816768,2.2816079,6.886925659177479e-05,3.8650494,3.865387,-0.00033763781738294085,1.1710069,1.1712829,-0.00027598204650880476
30.0,4.7,40.0,290.0,9.0,60.0,1.8983554,1.8985174,-0.0001620352005005099,3.9369726,3.9375443,-0.0005716818969725423,1.8573688,1.8600585,-0.0026896731338501567
30.0,5.0,40.0,290.0,8.5,60.0,1.7981439,1.7974877,0.0006561636779784941,3.905377,3.905222,0.00015491116332988497,1.9883325,1.9870195,0.0013130099945068974
4.0,2.5,35.0,130.0,4.0,20.0,0.24850762,0.24840105,0.00010656890411375741,0.28440642,0.28369567,0.000710753568725575,-0.0364151,-0.030372903,-0.00604219709765625
30.0,1.6,40.0,300.0,8.0,60.0,2.495644,2.4956768,-3.2707440185575365e-05,3.5957181,3.5951939,0.000524245370483456,0.61241454,0.61207,0.000344538860321042
11.0,5.0,35.0,30.0,2.5,35.0,-0.24312699,-0.24385153,0.0007245415890503037,0.71571803,0.714817,0.000901030929565394,0.91626644,0.91984737,-0.0035809286547852093
5.0,3.9,30.0,100.0,9.0,60.0,0.32289004,0.32360998,-0.0007199367413330271,0.18382859,0.18423975,-0.0004111576995849686,1.1706076,1.1693801,0.0012274668334961714
12.0,1.1,35.0,110.0,5.5,15.0,0.4724533,0.47326553,-0.0008122338154601949,1.0808868,1.0815797,-0.0006928591796875327,-0.2017169,-0.20060286,-0.001114039871826178
28.0,0.9,35.0,70.0,8.0,15.0,0.7941064,0.7947009,-0.0005944761451721625,2.783943,2.7826006,0.0013423378509522799,0.10413134,0.11005394,-0.005922599019470218
30.0,1.5,40.0,290.0,9.0,60.0,2.4892898,2.489205,8.47605895994974e-05,3.65923,3.6589937,0.00023629382019052514,0.62319505,0.6285714,-0.005376347853088381
30.0,4.2,40.0,100.0,9.0,60.0,1.7913492,1.7915218,-0.00017262740783685615,4.1075134,4.1074576,5.582773437495803e-05,1.0624028,1.0657437,-0.0033408555709839582
30.0,3.1,30.0,150.0,9.0,15.0,0.05966878,0.059352554,0.0003162253731689435,2.7735505,2.7743695,-0.0008189895935060143,1.3678519,1.3615894,0.006262453370666554
30.0,5.0,40.0,50.0,9.0,20.0,0.8479136,0.84981275,-0.001899127143859869,4.0018573,3.9894974,0.012359880731201311,1.0152878,1.0211921,-0.005904343080139096
30.0,4.7,40.0,260.0,9.0,60.0,1.8579236,1.8581724,-0.0002487731002807081,3.9666734,3.966362,0.0003113741760252253,1.7703258,1.7743442,-0.004018420085144081
27.0,3.8,40.0,300.0,10.0,60.0,2.0880673,2.0874405,0.0006267931671142257,3.6130562,3.614669,-0.001612817138672007,1.443715,1.4396398,0.0040751763107300665
21.0,3.8,25.0,190.0,6.5,10.0,-0.5393878,-0.53965425,0.00026642784881591997,1.5514082,1.5513848,2.337165374766137e-05,1.4429164,1.4398091,0.003107293280029344
27.0,2.1,40.0,250.00002,10.0,30.0,1.399963,1.40126,-0.0012969787216186024,3.6300592,3.6285744,0.0014848422485349566,0.20714557,0.20798859,-0.0008430182913208017
26.0,5.0,40.0,160.0,10.0,60.0,1.5424544,1.543598,-0.0011436380844116467,3.5989304,3.599139,-0.00020864111328133816,1.5754774,1.5721924,0.003284961679077103
30.0,4.9,35.0,300.0,8.5,60.0,1.2251544,1.224901,0.0002533998718261543,3.2445006,3.2447715,-0.00027086294555678236,2.6343672,2.6381133,-0.0037460724456788164
30.0,5.0,35.0,240.0,9.0,60.0,1.1105689,1.1110563,-0.00048741896514892247,3.3375714,3.337636,-6.461747741681734e-05,2.5545113,2.556349,-0.0018376913299560371
30.0,4.6,40.0,30.0,9.0,60.0,1.5800778,1.5802326,-0.0001548326278686396,4.1855884,4.1856947,-0.00010634016723631845,1.0659963,1.0651604,0.0008358892532349671
30.0,4.5,40.0,30.0,9.0,50.0,1.4674412,1.4681296,-0.0006883987899779509,4.1296144,4.130194,-0.0005796468200687244,0.9458131,0.9425361,0.003277019411468518
30.0,5.0,40.0,10.0,8.0,55.0,1.2942123,1.2942857,-7.335869140634443e-05,4.14877,4.1468573,0.0019125554992678317,1.1658163,1.1571428,0.008673507067871178
30.0,4.7,40.0,100.0,9.0,50.0,1.4510154,1.4511185,-0.00010314679718015363,4.096436,4.0955834,0.0008526237121584401,1.2161255,1.2206398,-0.0045143117187500525
30.0,3.3,40.0,290.0,8.0,60.0,2.257549,2.258057,-0.0005079525299072074,3.804731,3.804636,9.489218139657751e-05,1.1422588,1.1422609,-2.136686706455393e-06
30.0,1.7,40.0,280.0,9.0,60.0,2.4658527,2.463828,0.0020247374267579055,3.699727,3.6997533,-2.6241589355269213e-05,0.6547382,0.6507289,0.004009287789916938
30.0,4.6,35.0,300.0,8.5,60.0,1.3218955,1.3215107,0.0003847801559448971,3.241397,3.2413354,6.150399169913001e-05,2.4754539,2.4793665,-0.003912646392822072
30.0,4.8,35.0,290.0,9.0,60.0,1.2449129,1.2452033,-0.000290437222290052,3.2888591,3.2886896,0.0001695289520262655,2.592443,2.5907516,0.001691389349365302
24.0,1.7,40.0,20.0,4.0,60.0,1.6413887,1.6367577,0.004630954708862323,3.1151965,3.1179771,-0.0027806335540772054,-0.38658345,-0.39360648,0.0070230325436401175
30.0,1.2,40.0,300.0,9.0,60.0,2.5147924,2.5142982,0.0004942423217775271,3.5984712,3.5992212,-0.0007500352966309798,0.5832671,0.58760935,-0.004342257295227081
6.0,5.0,30.0,250.00002,8.5,30.0,-0.72086847,-0.72209424,0.0012257717153930647,0.036177635,0.034920916,0.0012567191928710905,1.5914485,1.5896324,0.0018161454559326717
9.0,3.3,25.0,190.0,4.5,55.0,0.32612038,0.3260018,0.00011857658691405426,0.12299824,0.12315528,-0.0001570423901367246,1.1650177,1.1665691,-0.0015513759628296153
29.0,1.2,40.0,300.0,5.5,60.0,2.4889455,2.4896135,-0.0006680158386229706,3.265152,3.263042,0.002109977539062502,0.3329187,0.3271073,0.005811403556060801
5.0,4.5,30.0,260.0,9.5,20.0,-0.90013826,-0.9014909,0.0013526410659789878,0.12252879,0.122179225,0.0003495664276123023,1.2564528,1.254403,0.0020497988433838543
30.0,5.0,40.0,110.0,9.0,60.0,1.5566478,1.5573399,-0.0006921224426270634,4.1130657,4.1125126,0.0005531196044925579,1.5064019,1.5071427,-0.0007408035232543408
29.0,4.8,40.0,30.0,5.5,25.0,0.93072784,0.9315229,-0.0007950605300903746,3.8394175,3.837741,0.0016764575805665594,0.84479535,0.8435348,0.0012605462600707718
30.0,4.6,40.0,100.0,8.5,10.0,0.72552705,0.72582376,-0.00029671188903812595,3.9899037,3.9905467,-0.0006430115692137583,0.7725257,0.77703226,-0.0045065322511291805
30.0,4.8,40.0,100.0,8.5,10.0,0.66264445,0.6622503,0.0003941458961487232,3.99198,3.9932957,-0.001315624163818363,0.8839247,0.88198864,0.0019360826715087986
30.0,4.5,40.0,10.0,9.0,60.0,1.5826801,1.5838734,-0.0011932938369751955,4.202203,4.2028446,-0.0006418030639645522,0.9629822,0.95685136,0.00613081773437496
30.0,1.3,40.0,300.0,8.0,60.0,2.5100846,2.509821,0.00026362905883781096,3.546821,3.546402,0.00041911740112299256,0.53814846,0.5399127,-0.0017642372276306384
30.0,4.3,25.0,300.0,9.0,60.0,0.8026576,0.8024488,0.00020880421752933476,2.268959,2.2687757,0.00018334541015629924,3.0875497,3.0857143,0.0018353864318849666
30.0,4.0,30.0,300.0,9.0,60.0,1.0831788,1.0829539,0.0002248586212159065,2.7072291,2.7070928,0.0001363374206544421,2.6862736,2.687156,-0.0008824251708983155
30.0,4.9,40.0,60.0,9.0,60.0,1.5242745,1.5239677,0.00030676842193599896,4.1596684,4.160313,-0.0006445544128421687,1.3099563,1.309621,0.00033531217956550563
11.0,4.0,30.0,280.0,3.0,60.0,0.6073615,0.6073269,3.459549484252644e-05,0.16672897,0.16672334,5.6333886718773485e-06,1.4796501,1.4797338,-8.366019134520286e-05
30.0,2.6,40.0,250.00002,9.0,55.0,2.180807,2.1798732,0.0009339136474610932,3.8649645,3.864883,8.14851684571849e-05,0.76414084,0.76141167,0.0027291743450927886
13.0,3.4,40.0,260.0,5.0,55.0,1.5770336,1.5770363,-2.6610458374598522e-06,1.3695459,1.3682876,0.001258336584472719,0.39201212,0.3856855,0.006326619293212876
13.0,5.0,40.0,290.0,6.0,55.0,1.1294879,1.1292927,0.0001951721237183346,1.2446654,1.2443246,0.0003407842926026472,1.1714061,1.1719102,-0.0005040501358031246
30.0,5.0,40.0,300.0,9.0,55.0,1.6480058,1.6465712,0.0014346431625367195,3.9643953,3.9591432,0.005252084652709765,1.9647751,1.9658569,-0.0010818145507811572
15.0,2.6,30.0,250.00002,7.0,55.0,0.85626125,0.8570688,-0.0008075466430663703,1.0204365,1.0203209,0.00011562534484865772,1.2728232,1.2718552,0.0009680145309447497
30.0,1.4,40.0,290.0,9.0,60.0,2.4939125,2.4939196,-7.141580200098474e-06,3.6425562,3.6427298,-0.00017360950927747254,0.6052275,0.6045189,0.0007085703979492486
30.0,2.3,40.0,290.0,9.0,60.0,2.4215932,2.4214997,9.348923950192045e-05,3.7728152,3.772613,0.00020222750854470561,0.8495867,0.85247815,-0.002891424765014694
30.0,4.8,25.0,300.0,8.0,60.0,0.64836174,0.64833397,2.7772496490441334e-05,2.2094285,2.2090838,0.0003447488128660581,3.2764091,3.2715454,0.004863749169921938
30.0,4.6,40.0,300.0,8.5,60.0,1.943073,1.9426217,0.00045133428649912766,3.89046,3.891335,-0.0008749856567384917,1.8046639,1.801589,0.0030748965606688383
30.0,1.5,40.0,300.0,8.0,60.0,2.501398,2.5012245,0.00017358654785137873,3.5794797,3.5793881,9.159436645500563e-05,0.5820693,0.58714294,-0.005073662236633303
30.0,4.4,30.0,300.0,8.0,60.0,0.9707667,0.97103804,-0.0002713168440247049,2.6512268,2.6517534,-0.0005266410430908586,2.8064568,2.8095758,-0.0031189957244874833
29.0,0.8,40.0,290.0,5.5,60.0,2.4722056,2.472483,-0.00027736111450193945,3.2097518,3.2067516,0.0030002444061278943,0.22511315,0.22389624,0.0012169134576416052
27.0,5.0,40.0,290.0,10.0,60.0,1.7176485,1.7168454,0.0008031061645508153,3.627592,3.6281621,-0.000570013208007758,1.993124,1.9929361,0.00018790817871083831
30.0,5.0,40.0,290.0,7.5,60.0,1.7927154,1.7936453,-0.0009298697402955192,3.8369787,3.8364532,0.0005254739349367377,1.9196565,1.9182017,0.0014548151214599514
30.0,0.8,40.0,290.0,8.5,60.0,2.5030837,2.5027938,0.0002899059020995409,3.5027702,3.50114,0.0016301854705811358,0.44471705,0.4441626,0.0005544495986938291
30.0,4.5,40.0,300.0,8.5,60.0,1.9735059,1.9731591,0.00034675460662847435,3.889162,3.8892732,-0.00011113640136706238,1.7479662,1.7504227,-0.002456529689025988
30.0,1.8,40.0,290.0,8.5,60.0,2.4683022,2.4681416,0.00016064990844721905,3.670758,3.6706526,0.00010540895690924756,0.67909425,0.67156786,0.007526394970550521
27.0,2.5,40.0,300.0,10.0,60.0,2.3418162,2.3416042,0.0002119869049073131,3.535368,3.5346758,0.0006921656982421531,0.9518023,0.9501303,0.0016720133277893234
8.0,3.2,35.0,280.0,6.0,60.0,1.1271092,1.1275398,-0.00043063003997811933,0.38773465,0.3882566,-0.0005219484344482495,0.9777555,0.96938443,0.00837105696517948
15.999999,3.2,40.0,150.0,9.0,30.0,1.0428978,1.0430862,-0.00018837952728278928,2.1249626,2.1251245,-0.0001619317169190282,0.058214188,0.05673135,0.0014828376220703127
30.0,4.6,40.0,210.0,9.0,60.0,1.822439,1.8223016,0.00013735530700675902,4.0130486,4.012788,0.00026064883422893814,1.5794702,1.5794461,2.4057623291051655e-05
13.0,3.4,40.0,100.0,5.0,60.0,1.3327093,1.3310266,0.001682712438964895,1.5650176,1.5662186,-0.0012010190139770671,0.067796946,0.06689243,0.0009045155718994113
30.0,5.0,40.0,10.0,7.0,55.0,1.2301184,1.2299999,0.00011849389801033006,4.1155567,4.116,-0.00044328308105434644,1.1306796,1.1249999,0.00567970739135748
12.0,2.8,40.0,300.0,5.0,40.0,1.3513688,1.3511688,0.0001999849044800328,1.3396981,1.3395022,0.00019587624816885807,0.06460273,0.05672708,0.007875652658386231
27.0,3.3,35.0,300.0,8.5,45.0,1.1001166,1.1001139,2.710527038596311e-06,2.9716802,2.9720163,-0.0003361356628417411,1.5423371,1.5440631,-0.0017260400253296115
27.0,5.0,40.0,290.0,9.5,60.0,1.7146935,1.7149243,-0.00023075370483405244,3.5943594,3.593778,0.0005813978881836768,1.9627787,1.9585272,0.004251487477111793
30.0,5.0,35.0,300.0,8.0,60.0,1.1915103,1.1903174,0.001192919709777751,3.208823,3.2100005,-0.0011775343780517922,2.6559284,2.6577778,-0.0018494266632078649
26.0,5.0,35.0,300.0,10.5,60.0,1.0910921,1.0905576,0.0005345096801758764,2.9217758,2.9220698,-0.0002939821289063005,2.683878,2.6808321,0.0030458449462891224
30.0,5.0,30.0,300.0,8.5,60.0,0.78059614,0.78103167,-0.00043553295318599083,2.6944163,2.6950002,-0.0005839154388427303,3.1554275,3.1594446,-0.004017144097900438
13.0,4.6,35.0,290.0,6.0,60.0,0.84967107,0.85002637,-0.0003553041926575018,0.84097505,0.84042156,0.0005534861578369021,1.6493441,1.6486934,0.0006506866470337158
30.0,0.3,40.0,300.0,9.0,60.0,2.5053005,2.5042524,0.0010481218505860035,3.4264834,3.4239817,0.0025016927154539736,0.4267494,0.42623913,0.0005102782450866483
30.0,3.0,40.0,300.0,9.0,55.0,2.1655397,2.1656885,-0.00014875848388662405,3.8677633,3.8675146,0.0002486808685304709,1.0460323,1.0387435,0.0072888095321654855
26.0,3.1,40.0,300.0,11.0,60.0,2.2177148,2.2176986,1.6186529541162287e-05,3.5273032,3.5280347,-0.0007314811584473446,1.2157263,1.2017672,0.01395905637054451
26.0,0.3,35.0,290.0,10.5,55.0,1.6399856,1.6409788,-0.0009932386291504613,2.5933092,2.5912726,0.002036564047241285,1.0136907,1.0184002,-0.004709489932251065
26.0,3.1,35.0,300.0,11.0,60.0,1.6091613,1.6094611,-0.00029984225616463966,2.9335287,2.933207,0.00032166172790537573,1.8561709,1.8588552,-0.0026843072845459393
30.0,5.0,35.0,190.0,9.0,60.0,1.0434577,1.043815,-0.00035725349426263264,3.3856568,3.3856654,-8.566351318517462e-06,2.4123678,2.413492,-0.001124179260254099
9.0,4.1,30.0,160.0,5.5,45.0,0.013786554,0.013427675,0.00035887933654785154,0.31483293,0.3140189,0.0008140257965087994,1.1945643,1.1909759,0.0035884424987793206
15.999999,2.9,30.0,300.0,10.0,60.0,1.0490817,1.0499908,-0.0009091168411254902,1.2534374,1.2543036,-0.0008662001358032967,1.7946819,1.8019915,-0.007309593299865691
11.0,4.9,35.0,40.0,2.5,35.0,-0.19355714,-0.19415192,0.0005947767886352595,0.722738,0.7220299,0.0007081275726318337,0.8855219,0.88512635,0.0003955387329102056
20.0,4.2,35.0,110.0,8.0,55.0,0.7933461,0.7932879,5.820700607295226e-05,2.171655,2.1714344,0.00022053965148938204,1.3183411,1.3188069,-0.0004657640213012737
30.0,4.7,40.0,90.0,9.0,60.0,1.6296809,1.6295519,0.00012897196350092344,4.129225,4.1296625,-0.0004377227783205484,1.289593,1.2886299,0.0009630813385008707
29.0,4.9,40.0,20.0,6.0,30.0,0.95678884,0.9568673,-7.846209030148987e-05,3.8625963,3.8613489,0.001247373422241349,0.91826284,0.91419077,0.004072069317321736
29.0,1.6,40.0,20.0,6.0,30.0,1.6139505,1.6146777,-0.0007272090484620186,3.6246595,3.6223168,0.0023427382690428544,-0.3801949,-0.38514063,0.0049457275799560385
30.0,5.0,40.0,210.0,9.0,60.0,1.6915992,1.6918225,-0.00022325016021729205,4.015972,4.0164533,-0.0004811625488283511,1.7930847,1.7928569,0.00022784063873282356
30.0,3.8,40.0,110.0,9.0,60.0,1.9088018,1.9087934,8.394052124049978e-06,4.0793314,4.079526,-0.00019460198974652343,0.90947866,0.90889215,0.0005865143981933496
30.0,0.5,40.0,300.0,8.5,60.0,2.5110178,2.5116014,-0.0005836006225585777,3.43655,3.431131,0.0054189019622801204,0.4199617,0.42097673,-0.0010150390972900603
26.0,4.8,40.0,300.0,10.5,60.0,1.7674632,1.7675021,-3.889275512691803e-05,3.5223024,3.5221741,0.00012828914489748655,1.9152644,1.9186672,-0.0034028319427490406
26.0,4.8,35.0,290.0,10.0,60.0,1.147941,1.1475158,0.00042519330902091035,2.9016337,2.9007208,0.0009129394714353367,2.514184,2.5110016,0.0031823981079099894
26.0,4.9,35.0,300.0,10.0,60.0,1.1248926,1.1246133,0.00027929243011470817,2.8900912,2.8899376,0.00015358080139149521,2.5916443,2.5928564,-0.0012121128906250611
15.999999,4.4,40.0,190.0,7.5,10.0,0.2382797,0.23794258,0.00033712027923585297,2.0645633,2.0645652,-1.925616455178414e-06,0.30496907,0.30272743,0.0022416423419189258
30.0,3.5,40.0,120.0,9.0,60.0,1.9908984,1.9913628,-0.0004644292572022479,4.0511885,4.0513654,-0.00017693106689442573,0.8120544,0.80758023,0.00447416567565917
30.0,4.7,40.0,190.0,9.0,60.0,1.7638577,1.7640345,-0.00017677771759028182,4.0335865,4.0336037,-1.7197924804257525e-05,1.5730816,1.5743442,-0.0012625874130249848
24.0,1.7,40.0,200.0,4.0,60.0,2.0950403,2.096068,-0.001027678649902164,2.8358514,2.8342333,0.0016181308929441585,0.010300636,0.014275238,-0.003974601708496095
12.0,1.1,35.0,280.0,4.0,55.0,1.3819549,1.3827089,-0.0007539916290282278,0.76980567,0.769353,0.00045266978454594486,0.39001572,0.38877892,0.0012368013211059847
30.0,2.1,40.0,290.0,9.0,60.0,2.4431405,2.4434237,-0.00028319325561509956,3.7471278,3.7469568,0.00017097137756350023,0.7880976,0.7912538,-0.0031561799896240306
30.0,3.0,40.0,219.99998,9.0,60.0,2.2241511,2.224388,-0.00023686550903301296,3.9153867,3.915219,0.00016767678833007338,0.8919103,0.894315,-0.0024046854400634476
30.0,3.2,40.0,219.99998,9.0,60.0,2.1874022,2.18747,-6.775161743144409e-05,3.9327812,3.9326284,0.00015281948242185095,0.9721656,0.97128284,0.0008827445642090037
4.0,1.4,25.0,20.0,5.0,15.0,-0.030335665,-0.029582243,-0.0007534217491455067,0.05277753,0.052968457,-0.00019092823718261376,0.1268903,0.12816852,-0.0012782182955932697
18.0,4.7,40.0,100.0,6.0,55.0,1.0648737,1.0637914,0.0010822953735352137,2.2695122,2.2693758,0.0001363765136717099,0.74976677,0.7452749,0.004491867024993934
3.0,0.2,35.0,210.0,5.0,60.0,1.2554569,1.2565424,-0.0010854755615234968,0.15491414,0.15555029,-0.0006361492987060624,0.22191894,0.21931565,0.002603290544128417
30.0,1.6,40.0,300.0,7.5,60.0,2.4948115,2.4949625,-0.0001509651184083971,3.5604167,3.5601938,0.00022289845581058287,0.5780765,0.57707,0.0010064818191528602
30.0,4.0,40.0,10.0,9.0,60.0,1.7242153,1.7240648,0.00015046908874505327,4.1854463,4.1856647,-0.00021843764038109725,0.7194215,0.71414006,0.005281445928039585
30.0,5.0,40.0,20.0,9.0,60.0,1.4368349,1.4363053,0.0005296313735962954,4.196926,4.1989655,-0.0020393830566405313,1.249665,1.2499999,-0.0003348781036376369
30.0,4.7,30.0,300.0,8.5,60.0,0.87998074,0.88014024,-0.00015949706863405133,2.6929905,2.6929383,5.224145813009784e-05,2.9985104,2.9980745,0.0004358607177734619
30.0,4.6,40.0,20.0,8.0,55.0,1.4373454,1.4371095,0.00023588555145259704,4.1340365,4.1344233,-0.0003867590148924904,0.9797519,0.9693279,0.010423984937286357
30.0,5.0,35.0,200.0,9.0,60.0,1.0570743,1.0572633,-0.00018899160461427478,3.3760705,3.3760595,1.0999420165802576e-05,2.4427128,2.4420633,0.0006494838134765146
30.0,4.9,40.0,30.0,8.5,55.0,1.3826374,1.3825736,6.37815536499442e-05,4.1457,4.1457515,-5.152212524439648e-05,1.1761975,1.170924,0.005273528839111252
30.0,4.8,40.0,290.0,9.0,60.0,1.8663198,1.8663142,5.575581359940074e-06,3.9386618,3.9386897,-2.788626403793515e-05,1.9100738,1.9129739,-0.0029001428283690345
3.0,3.1,35.0,140.0,4.5,55.0,0.63577175,0.6355606,0.00021115140380856268,0.08287501,0.08255747,0.00031754335144043577,0.40239334,0.40513402,-0.0027406789355468586
3.0,4.5,40.0,200.0,5.5,55.0,0.8885928,0.88777596,0.000816819636383026,0.12154317,0.12028408,0.0012590890216064438,0.5181845,0.5152499,0.0029345830513000104
30.0,4.4,40.0,20.0,9.0,60.0,1.626934,1.6270258,-9.174848632809152e-05,4.1901207,4.190719,-0.0005983029785152638,0.93543184,0.9351312,0.0003006380355834448
30.0,4.8,25.0,130.0,7.5,20.0,-0.4083799,-0.40877932,0.000399407623596193,2.3612955,2.3616946,-0.0003991383453367803,2.3944001,2.394555,-0.00015488021850584843
30.0,4.4,40.0,90.0,9.0,50.0,1.5359538,1.5363166,-0.0003628398529051946,4.0963497,4.0948668,0.0014829161865232976,1.0468309,1.0421559,0.004674992562866187
30.0,4.9,40.0,20.0,9.0,50.0,1.3344392,1.3345687,-0.00012954156036371067,4.1391,4.1411605,-0.0020604252319333938,1.1266868,1.1274633,-0.0007764885528565024
30.0,5.0,40.0,170.0,8.5,55.0,1.504528,1.5046353,-0.00010725434570302284,4.0317454,4.031842,-9.656619262710109e-05,1.5898514,1.5922093,-0.0023579206054686885
30.0,4.4,40.0,140.0,9.0,60.0,1.7886958,1.7884052,0.0002906122253418797,4.075257,4.075448,-0.00019117550659153437,1.2800102,1.2779884,0.0020218233886719617
30.0,4.0,40.0,250.00002,9.0,60.0,2.0467477,2.0468235,-7.581552124014124e-05,3.9553535,3.9551227,0.00023079845886231354,1.4057834,1.3998543,0.005929114840698135
30.0,4.5,35.0,250.00002,9.0,60.0,1.2853305,1.285521,-0.00019046601867667157,3.3227565,3.3223028,0.00045372885437000576,2.3225298,2.3203433,0.0021864927856443117
30.0,4.3,40.0,20.0,9.0,60.0,1.6556699,1.6558971,-0.00022717240295411223,4.187398,4.1877413,-0.0003433431518553576,0.8863205,0.88571453,0.00060594176361084
30.0,3.9,40.0,210.0,9.0,60.0,2.0186384,2.0185697,6.867242126462614e-05,3.988571,3.9887357,-0.00016477142639148568,1.2372873,1.2396502,-0.0023629170562744495
30.0,4.3,30.0,300.0,8.0,60.0,1.0000145,0.9999091,0.00010544353332520018,2.6486537,2.648776,-0.0001222543487546801,2.764133,2.7601593,0.003973676531982218
26.0,3.2,40.0,300.0,11.0,60.0,2.1979136,2.1979222,-8.553302001779173e-06,3.533321,3.533414,-9.30962219238829e-05,1.2440751,1.2389994,0.005075659890747097
28.0,1.6,40.0,300.0,7.5,60.0,2.453095,2.4532113,-0.00011634074096678049,3.365473,3.3653114,0.00016163199768071124,0.53894705,0.5417533,-0.002806254196929925
28.0,1.6,40.0,290.0,6.5,60.0,2.431602,2.4323,-0.0006979988098145817,3.3083265,3.3079963,0.0003301827728270368,0.45988965,0.44613755,0.013752100344848639
30.0,3.8,35.0,300.0,8.0,60.0,1.5418519,1.5417709,8.097816619878628e-05,3.1768682,3.1770139,-0.00014569969787592285,2.0594044,2.0595272,-0.0001228268310544678
27.0,2.7,40.0,300.0,10.0,60.0,2.3117685,2.3116648,0.00010373179931644216,3.551593,3.5520222,-0.00042913473815930914,1.0196799,1.0158184,0.003861503984069925
29.0,1.7,40.0,300.0,4.5,60.0,2.463018,2.4634855,-0.00046755947875976034,3.2711673,3.2704914,0.0006758782897948734,0.37604088,0.3752585,0.0007823759117126516
27.0,2.8,40.0,300.0,10.0,60.0,2.2953372,2.2954457,-0.00010849983520522244,3.5597875,3.5600083,-0.00022078817443826892,1.0524209,1.0499744,0.002446454568481471
29.0,3.2,40.0,300.0,4.0,55.0,2.1337152,2.1331534,0.0005617527404786493,3.4445014,3.4454052,-0.0009038000061036833,0.7609466,0.75962174,0.0013248318269347692
30.0,5.0,35.0,300.0,9.0,45.0,0.69234526,0.69288886,-0.0005435984262085469,3.3701675,3.367429,0.002738493820190424,2.4722595,2.4753492,-0.0030896785156251383
30.0,5.0,35.0,230.0,9.0,60.0,1.0977566,1.0976081,0.00014852422180178237,3.3472986,3.3472419,5.672213134744197e-05,2.5281587,2.5277777,0.00038096470336901334
30.0,4.7,40.0,60.0,9.0,45.0,1.3428785,1.3435912,-0.0007127391159058583,4.0977697,4.0969434,0.0008263372436525529,1.0843632,1.0795906,0.004772622122192427
29.0,4.4,40.0,140.0,6.0,25.0,1.0209312,1.0212978,-0.00036655610351554735,3.853548,3.8528862,0.0006618499267578848,0.78330624,0.78255105,0.0007551910354614
30.0,4.9,35.0,290.0,9.0,50.0,0.8876849,0.88663006,0.001054821687164309,3.3413289,3.3435252,-0.0021963406707765643,2.471461,2.4798422,-0.008381142337036351
30.0,4.7,40.0,70.0,9.0,45.0,1.3470525,1.3464878,0.0005646549484252805,4.0930457,4.0935445,-0.000498788482666157,1.1035286,1.1027827,0.0007459188125611416
30.0,4.7,40.0,50.0,8.5,60.0,1.5454199,1.544872,0.0005479314117431411,4.148303,4.1484804,-0.0001773680786136822,1.1530393,1.1541226,-0.00108326379547119
27.0,0.1,35.0,280.0,9.5,10.0,0.17590225,0.17610383,-0.00020158257110594602,2.7919512,2.7908468,0.0011043795043943483,0.18638301,0.18027046,0.006112548956909186
8.0,4.9,40.0,230.0,6.5,30.0,0.30876768,0.30816084,0.0006068363534545984,0.75665617,0.75586516,0.000791009891357386,0.5776772,0.57272744,0.004949750303802514
30.0,4.9,40.0,40.0,9.0,60.0,1.4968922,1.4970711,-0.00017888617858896616,4.1779966,4.179525,-0.0015283645629882159,1.2584492,1.2524781,0.005971096815490684
18.0,5.0,30.0,270.0,6.5,45.0,0.019955516,0.019647002,0.00030851386151123025,1.278832,1.2781214,0.000710558770751879,2.1967566,2.1984577,-0.001701098666381906
30.0,1.7,40.0,300.0,8.0,60.0,2.4895148,2.4892962,0.0002186277282714144,3.6109524,3.6105418,0.0004105773193359141,0.63716984,0.63787174,-0.0007019020483398641
29.0,2.1,40.0,300.0,4.5,60.0,2.427958,2.4287322,-0.0007741883728025201,3.3239508,3.3242052,-0.0002544324829103495,0.49342912,0.485523,0.00790612435531618
28.0,1.7,30.0,230.0,8.0,60.0,1.3172613,1.3178227,-0.0005613617660522596,2.346132,2.3451452,0.000986840023803559,1.5311573,1.5337411,-0.002583844827270587
28.0,1.7,40.0,300.0,8.0,60.0,2.4471703,2.4470947,7.555756835930794e-05,3.4139044,3.4141111,-0.00020667151794429017,0.60203326,0.6017106,0.0003226574844360508
27.0,1.5,40.0,300.0,10.0,60.0,2.4408214,2.4413211,-0.0004996907745362655,3.4214842,3.4204562,0.0010280319488527034,0.6699108,0.67416763,-0.00425684146392824
30.0,1.5,40.0,300.0,7.5,60.0,2.500405,2.5005102,-0.00010512683410635049,3.544735,3.5443876,0.0003473548339845145,0.54892904,0.55214286,-0.0032138243363952768
29.0,4.0,35.0,300.0,5.5,60.0,1.4646456,1.4651823,-0.000536675839233336,2.9135854,2.913032,0.0005534244232179297,1.9480053,1.942992,0.005013318641662545
30.0,5.0,40.0,300.0,8.0,60.0,1.8106787,1.8114283,-0.0007495795257568272,3.8595943,3.8600001,-0.0004057549072267186,1.9795485,1.9799999,-0.0004514457153319551
29.0,1.6,40.0,300.0,6.0,60.0,2.4725752,2.4722342,0.0003409876831055314,3.3599331,3.3609176,-0.0009844621063233028,0.45629615,0.45487905,0.0014170959159851004
30.0,5.0,40.0,300.0,7.5,60.0,1.8107607,1.8107141,4.663646545410849e-05,3.826592,3.825,0.0015919685363767755,1.9448111,1.9449999,-0.00018879427185058972
30.0,4.9,40.0,30.0,9.0,40.0,1.1979158,1.1983421,-0.00042630753479011574,4.08248,4.082254,0.00022595376586931337,1.0787733,1.0809904,-0.0022171398834227585
30.0,5.0,40.0,219.99998,9.0,50.0,1.4286392,1.4289753,-0.00033612649230962965,4.033548,4.0320296,0.0015182782653804239,1.682085,1.6818324,0.00025263723144530736
30.0,0.2,30.0,110.0,7.5,10.0,0.25347948,0.25396854,-0.0004890592565918173,2.2663696,2.2645845,0.0017850812225344015,0.4958248,0.49579665,2.816384277343209e-05
6.0,0.9,35.0,40.0,10.0,40.0,0.8687903,0.8692138,-0.0004234714973450071,0.6666155,0.6667713,-0.00015581385498042444,-0.117468834,-0.11418605,-0.0032827839233398465
20.0,4.0,25.0,150.0,10.0,60.0,0.5372126,0.5378829,-0.0006702897552490761,1.5213598,1.5209754,0.0003844012924194562,2.1212926,2.112156,0.009136591094970559
30.0,1.4,40.0,300.0,7.5,60.0,2.5050166,2.505225,-0.00020843467712383656,3.528397,3.5281236,0.0002734832824708988,0.5261701,0.52809036,-0.0019202850602721977
8.0,4.4,30.0,290.0,4.0,25.0,-0.4384868,-0.43895966,0.00047284550109860657,0.16224313,0.16199408,0.00024904782287596405,1.1817875,1.182005,-0.00021750915527340986
13.0,3.7,40.0,230.0,4.0,35.0,1.0052133,1.0051854,2.7860650634758954e-05,1.4558109,1.4553877,0.0004232045028687015,0.14885068,0.15217443,-0.0033237506024169916
9.0,3.7,30.0,80.0,6.0,60.0,0.26202714,0.26106197,0.0009651744320678945,0.45468903,0.45513642,-0.000447394121093736,1.0144892,1.0106654,0.00382377388916022
30.0,1.6,40.0,280.0,8.5,60.0,2.4670477,2.4670806,-3.29086547852242e-05,3.6505263,3.6506371,-0.00011081482849117918,0.59245056,0.5911094,0.001341159139251702
30.0,4.2,40.0,210.0,9.0,60.0,1.9395744,1.9394526,0.00012176084747306248,4.0019045,4.0017924,0.0001120876098630319,1.3850209,1.3800294,0.004991452088928261
28.0,1.9,40.0,190.0,8.0,55.0,2.135141,2.1359975,-0.0008566041564943561,3.5699358,3.5693603,0.0005754986450194899,0.2941885,0.29212087,0.002067629450683617
13.0,3.2,40.0,40.0,6.0,30.0,0.9842954,0.9840463,0.0002491277992248131,1.6157186,1.6159463,-0.0002276968658447842,-0.27478504,-0.26385838,-0.010926661809082028
8.0,4.5,40.0,160.0,6.5,30.0,0.46658272,0.46646988,0.00011283551132201808,0.8212004,0.8203851,0.0008152707885742405,0.29578567,0.29597178,-0.0001861144879150567
26.0,4.0,40.0,280.0,11.0,55.0,1.8190769,1.8189466,0.0001302957138060723,3.5921507,3.5923882,-0.00023751182861309061,1.4197582,1.4187734,0.000984800645446704
28.0,2.2,40.0,300.0,6.0,60.0,2.3976655,2.3975873,7.820064086905276e-05,3.3360238,3.3362365,-0.0002126924743652836,0.6032311,0.5996165,0.0036145724258422884
28.0,4.8,40.0,260.0,8.0,60.0,1.7584363,1.7587223,-0.0002859777877808334,3.6574066,3.6580086,-0.0006020314727783749,1.6976569,1.6996486,-0.00199173011169429
28.0,2.4,40.0,290.0,7.5,60.0,2.3579912,2.3581705,-0.000179281433105416,3.4740443,3.4743333,-0.0002889770324707719,0.7417812,0.7391033,0.0026778751365661435
30.0,1.2,40.0,290.0,9.0,60.0,2.500412,2.50085,-0.00043801269531229536,3.609755,3.608827,0.0009280392150881056,0.5553175,0.5590379,-0.0037203789047240976
30.0,1.2,40.0,300.0,8.0,60.0,2.5125937,2.5128696,-0.0002758538146974132,3.5302272,3.5292215,0.0010056842956545076,0.5109975,0.51760936,-0.00661188580642702
30.0,5.0,40.0,230.0,9.0,55.0,1.5763158,1.577054,-0.0007382393875121629,4.011348,4.011902,-0.0005542293090821104,1.7759157,1.7784086,-0.0024928580795287036
27.0,2.5,40.0,290.0,10.0,25.0,1.1410608,1.1411904,-0.00012957083740228192,3.7073753,3.7085676,-0.0011923119903562984,0.3141526,0.31892836,-0.004775761618957541
30.0,3.3,40.0,200.0,9.0,60.0,2.1415484,2.140865,0.0006833951568605556,3.9595551,3.9598577,-0.0003025509216310063,0.954198,0.95393574,0.00026226281524655004
30.0,5.0,40.0,180.0,9.0,55.0,1.5280287,1.5273988,0.0006299265777587326,4.0510883,4.0495863,0.0015020331298831735,1.6477469,1.6445171,0.0032298205856322593
30.0,5.0,35.0,290.0,9.0,40.0,0.52717197,0.5272239,-5.193058624264335e-05,3.3979468,3.3979018,4.503456420890117e-05,2.3716412,2.3698072,0.001833959057617296
30.0,5.0,40.0,190.0,9.0,50.0,1.4101744,1.409734,0.00044036981201167613,4.04751,4.0484333,-0.000923152905273561,1.6046247,1.6068767,-0.002251951770019467
30.0,5.0,40.0,290.0,9.0,50.0,1.4738672,1.473872,-4.822036743235003e-06,3.9947054,3.9937537,0.0009517386138915285,1.8541746,1.856729,-0.002554386047363355
30.0,4.9,35.0,290.0,9.0,60.0,1.2119967,1.212167,-0.00017032546234130308,3.290688,3.2893772,0.001310837872314341,2.644349,2.6445417,-0.00019260179443358894
7.0,0.1,25.0,270.0,10.5,50.0,0.69075066,0.69095355,-0.00020289148788454892,0.34466028,0.3447169,-5.661786499022714e-05,1.0372481,1.0422206,-0.004972465386962943
30.0,4.8,40.0,30.0,9.0,60.0,1.5170301,1.516659,0.0003711198959350792,4.187058,4.1884437,-0.0013857280456539556,1.1785932,1.1701168,0.008476358721923871
30.0,4.4,35.0,300.0,8.5,60.0,1.3812363,1.3817523,-0.0005159852264404741,3.2366138,3.2367535,-0.0001397495422361672,2.3736377,2.377909,-0.0042713237609861565
30.0,2.4,40.0,290.0,9.0,60.0,2.4092162,2.409288,-7.183445739755712e-05,3.7848802,3.7847538,0.0001263612854005558,0.8815291,0.8844024,-0.002873307211303744
26.0,3.0,40.0,300.0,11.0,60.0,2.2363603,2.236642,-0.000281688491821086,3.5224288,3.5221972,0.00023155099182137207,1.1714061,1.1654093,0.005996849864196685
30.0,1.7,40.0,300.0,7.5,60.0,2.4885263,2.488582,-5.565570068366554e-05,3.5755773,3.5755413,3.595906372089175e-05,0.598839,0.6028717,-0.004032715033721934
30.0,4.1,40.0,300.0,8.0,60.0,2.0855243,2.0862641,-0.0007397793975831846,3.8405356,3.8414454,-0.0009097592834472756,1.5195781,1.5195044,7.369925079347972e-05
30.0,5.0,40.0,160.0,8.5,55.0,1.493836,1.4934974,0.0003386452651976679,4.0402093,4.039995,0.0002142933654782908,1.5611032,1.5660219,-0.004918675245666471
30.0,5.0,40.0,130.0,9.0,55.0,1.4771506,1.4777436,-0.0005930405746459311,4.0887575,4.087271,0.0014865149536129607,1.5099955,1.5106255,-0.0006300394897460482
30.0,5.0,40.0,20.0,8.0,35.0,1.0634981,1.0639901,-0.0004919606185913583,4.0381446,4.03665,0.001494588470459135,1.0552158,1.0612807,-0.006064864428710903
30.0,4.9,40.0,130.0,9.0,55.0,1.5118523,1.5116129,0.00023936440429683792,4.0860353,4.0870423,-0.0010070483825685983,1.4588876,1.4559609,0.0029266770568847633
30.0,5.0,40.0,90.0,8.5,55.0,1.4161462,1.4155319,0.0006142591720581514,4.0966816,4.097064,-0.00038240515136678255,1.3782331,1.3827116,-0.004478524858093191
30.0,4.2,40.0,20.0,9.0,60.0,1.6838189,1.6839356,-0.00011666365203866214,4.1840267,4.184305,-0.00027828186035172564,0.83880615,0.83717227,0.0016338823437499483
30.0,4.6,30.0,300.0,8.5,60.0,0.91166234,0.91151065,0.00015169016418459247,2.6911924,2.6913352,-0.00014281146545425116,2.9450068,2.9460335,-0.0010266526184081748
30.0,1.8,40.0,300.0,7.5,60.0,2.4811025,2.481368,-0.0002655334167478429,3.5906296,3.590431,0.00019857763671859985,0.6307814,0.62954813,0.0012332821246338055
30.0,4.4,40.0,30.0,9.0,60.0,1.6404096,1.6404742,-6.461118621836626e-05,4.1805124,4.1811132,-0.000600771716309012,0.9645792,0.9637027,0.0008765245864867932
30.0,4.6,40.0,40.0,9.0,60.0,1.5938811,1.5936809,0.00020023021850579248,4.175928,4.176089,-0.00016088415527359956,1.0987372,1.0937318,0.005005439837646453
30.0,1.1,40.0,300.0,8.0,60.0,2.5149765,2.5150855,-0.00010899853515633495,3.5149004,3.5115829,0.003317545938110289,0.4958248,0.49618086,-0.00035604615722656385
27.0,1.1,35.0,110.0,9.0,15.0,0.6943997,0.69435954,4.017446990967066e-05,2.7749383,2.7743247,0.000613644955444137,0.19197297,0.18701074,0.004962230962524405
27.0,2.3,40.0,300.0,10.0,60.0,2.3680625,2.3682113,-0.00014880381469728476,3.5156357,3.5154974,0.00013832883605946478,0.887119,0.8879406,-0.0008216048103332207
29.0,1.5,40.0,300.0,6.0,60.0,2.4777744,2.4780073,-0.0002329183624265596,3.3473887,3.3458858,0.0015029443542480259,0.43233937,0.43037415,0.0019652202507018934
30.0,1.1,40.0,300.0,8.0,30.0,1.5604448,1.5602282,0.00021663184814446623,3.7039428,3.7070115,-0.0030687242736817666,0.027868986,0.012752295,0.015116691129760742
30.0,4.9,40.0,150.0,9.0,60.0,1.6447266,1.6450021,-0.00027546597442618115,4.074171,4.0738597,0.0003113662841798259,1.567891,1.5667639,0.0011271017013549933
30.0,4.1,40.0,20.0,9.0,60.0,1.7109592,1.7111411,-0.0001819039093018393,4.180215,4.180411,-0.00019611810302766486,0.7960832,0.7895044,0.006578811898803716
6.0,2.2,25.0,110.0,10.0,55.0,0.57049847,0.5709888,-0.0004903335083007443,0.33269644,0.33289558,-0.00019914216430666487,0.86236364,0.87107956,-0.008715923506317114
5.0,4.5,35.0,240.0,9.5,50.0,0.35321033,0.35236442,0.0008459100094604377,0.2234106,0.22213978,0.0012708263842773349,1.3391037,1.3384309,0.00067279873046866
8.0,2.2,40.0,10.0,6.5,60.0,1.3551418,1.3557526,-0.0006108410812377674,1.1737329,1.1759944,-0.0022615232223510695,-0.5051695,-0.50936997,0.004200459158630321
28.0,1.5,40.0,300.0,8.0,60.0,2.4596844,2.4599237,-0.00023932805175785887,3.3867888,3.386054,0.0007348450622557401,0.5477312,0.5526707,-0.004939479277801473
28.0,1.8,40.0,300.0,8.0,60.0,2.439295,2.4394305,-0.00013544651794417106,3.4263592,3.4274526,-0.0010934233642578839,0.628785,0.6275425,0.0012425141525268524
28.0,1.5,40.0,290.0,7.5,25.0,1.3772595,1.3777612,-0.0005017071258544004,3.5883641,3.5880244,0.00033972429809558946,-0.045997858,-0.048075654,0.002077795952514651
28.0,1.8,40.0,290.0,8.0,60.0,2.4232807,2.4235685,-0.00028778405761720194,3.4397364,3.4382896,0.0014467662719725993,0.6028318,0.6001533,0.0026784809104919427
28.0,1.8,40.0,290.0,7.5,60.0,2.4218204,2.4216475,0.00017290214538556725,3.4039626,3.4039054,5.7212152099417324e-05,0.5680945,0.5657444,0.002350091958618128
29.0,3.3,40.0,210.0,6.0,50.0,1.8336183,1.8340375,-0.00041921672821043643,3.7073216,3.7076836,-0.00036195617065448715,0.6655187,0.66547817,4.053107650758836e-05
30.0,5.0,30.0,200.0,9.0,60.0,0.64712566,0.6472632,-0.00013753862686161078,2.82634,2.8260593,0.00028066009826677174,2.9102695,2.9087303,0.0015391988250730293
9.0,3.3,30.0,200.0,3.5,60.0,0.55230373,0.5515016,0.0008021314414977665,0.18783092,0.18885481,-0.001023885012207043,1.0440359,1.0330554,0.010980511560058526
30.0,4.6,40.0,130.0,9.0,60.0,1.7149782,1.7147152,0.0002630180786131753,4.089278,4.0896354,-0.0003571788696286049,1.3550749,1.3508747,0.004200182507324124
26.0,5.0,40.0,280.0,10.0,60.0,1.6756012,1.6760118,-0.0004105560272216202,3.4993665,3.4986463,0.0007202218353272727,1.9308362,1.9292367,0.0015995007141114126
30.0,4.7,40.0,50.0,8.0,60.0,1.5144844,1.5139854,0.0004990055175781993,4.1304946,4.1288743,0.0016202945739749453,1.1266868,1.1339009,-0.007214088552856435
8.0,2.6,25.0,200.0,4.5,30.0,-0.007044196,-0.0069461316,-9.806452884521515e-05,0.2023027,0.20277624,-0.00047354567932128555,0.71063733,0.71104234,-0.0004050089910888621
8.0,1.9,40.0,190.0,6.5,60.0,1.7496204,1.750443,-0.0008225623779296587,0.95778775,0.9582144,-0.00042664784851076387,-0.10109842,-0.108319506,0.007221087764221187
14.0,0.7,40.0,40.0,3.5,20.0,1.197645,1.1977834,-0.00013845104064946767,1.6607351,1.6611991,-0.0004639696899413348,-0.86412203,-0.8632771,-0.0008449331192016407
30.0,4.1,40.0,290.0,9.0,60.0,2.0746129,2.0742445,0.0003683559112550583,3.9210234,3.921051,-2.763116455062331e-05,1.5630996,1.5609329,0.002166722726440362
30.0,2.2,40.0,300.0,9.0,55.0,2.280549,2.2800407,0.000508349377441597,3.780135,3.7795515,0.0005834163055418173,0.76653653,0.7658572,0.0006793338325500331
27.0,4.9,40.0,290.0,10.0,60.0,1.7512586,1.7513902,-0.00013158832092274864,3.629938,3.6302555,-0.0003176128082276186,1.940419,1.9395382,0.0008807586639403286
30.0,3.8,40.0,140.0,9.0,60.0,1.9490607,1.9491382,-7.752151794426787e-05,4.0507183,4.0507083,1.0007495117037024e-05,0.9997159,0.9946064,0.005109524263000487
27.0,2.2,35.0,290.0,8.0,50.0,1.4381433,1.4388393,-0.0006960466735839166,2.8291543,2.828442,0.0007122530059815446,1.1905715,1.1954726,-0.004901053445434567
24.0,2.8,40.0,80.0,6.0,55.0,1.6918753,1.6914201,0.0004552385543823423,3.1892455,3.190617,-0.0013715375823974973,0.11650908,0.11003156,0.006477519933166503
30.0,2.9,40.0,270.0,9.0,60.0,2.308682,2.3088388,-0.00015683512573261282,3.8579257,3.8577976,0.00012805345764155263,1.0005145,1.0000001,0.0005144072937011135
26.0,4.9,35.0,200.0,11.0,20.0,-0.12315595,-0.12335707,0.00020111850006103438,3.0445602,3.0441344,0.00042579401550302265,1.7695272,1.7666594,0.0028677968841552826
5.0,1.3,35.0,260.0,9.0,50.0,1.0812235,1.0819101,-0.0006866121459960794,0.4936998,0.4947375,-0.0010377109527587858,0.51738596,0.52279973,-0.005413770374755877
29.0,2.6,40.0,190.0,4.5,60.0,2.0999124,2.0991347,0.0007777050140380659,3.5470662,3.5476635,-0.0005972882995606277,0.38801932,0.38726926,0.0007500633489990194
22.0,1.9,35.0,280.0,4.5,35.0,1.0061749,1.0066103,-0.0004353780105590399,2.1690114,2.1693113,-0.0002999455535888096,0.54693264,0.5483093,-0.0013766623085021967
30.0,5.0,35.0,260.0,9.0,60.0,1.1368802,1.1379528,-0.0010726406219483398,3.319586,3.318424,0.0011620385894777208,2.6072164,2.613492,-0.006275641815185473
30.0,4.7,30.0,270.0,9.0,60.0,0.84064484,0.8405098,0.0001350364257812764,2.7567785,2.7567558,2.2678622436433926e-05,2.9474025,2.94736,4.247726440409494e-05
30.0,4.9,40.0,90.0,9.0,60.0,1.564576,1.5643125,0.0002635297775268608,4.131158,4.1314955,-0.0003376249389646091,1.3985964,1.3953352,0.0032612059829710827
30.0,5.0,40.0,210.0,8.5,60.0,1.6803331,1.6802464,8.673751220711345e-05,3.9873528,3.9869952,0.0003576480529785542,1.7571496,1.7631773,-0.006027722859191842
28.0,5.0,35.0,250.00002,6.0,20.0,0.015602469,0.015217133,0.0003853364442749016,3.1484516,3.1492376,-0.0007860333038332001,1.7970775,1.8025767,-0.005499163417053143
30.0,3.7,40.0,200.0,9.0,60.0,2.0537407,2.0537012,3.953982238780185e-05,3.9872408,3.9873464,-0.00010560867919906514,1.1246904,1.121866,0.0028244134750365912
24.0,5.0,40.0,200.0,4.0,60.0,1.3739913,1.373612,0.0003792509918212339,2.9290273,2.9304194,-0.001392081045532123,1.2784132,1.2728004,0.005612776536560116
30.0,2.9,40.0,230.0,9.0,60.0,2.2549834,2.2550457,-6.227485961929347e-05,3.8963487,3.8962207,0.00012801482849100765,0.887119,0.8857144,0.0014045951896667352
27.0,1.3,40.0,300.0,10.0,60.0,2.4512253,2.4512687,-4.3419238281217076e-05,3.3928018,3.3921149,0.0006868616271971106,0.628785,0.6294708,-0.0006857858474731415
30.0,3.8,40.0,90.0,9.0,60.0,1.8819666,1.881897,6.959088134772529e-05,4.0985117,4.0987377,-0.00022600413818363307,0.8515831,0.8517493,-0.00016617679290775733
30.0,5.0,40.0,150.0,8.5,55.0,1.4822484,1.4823595,-0.00011107451629643883,4.0487924,4.0481477,0.0006446622131344171,1.5375457,1.539835,-0.0022893190002442054
30.0,4.3,40.0,30.0,9.0,60.0,1.6692461,1.6693454,-9.932246246346921e-05,4.17784,4.1781354,-0.0002951671508792941,0.91586715,0.914286,0.0015811498298644588
30.0,3.9,40.0,10.0,9.0,60.0,1.7494044,1.7496042,-0.00019976961059575693,4.180622,4.1808543,-0.00023219916992189837,0.6663173,0.6682217,-0.0019044158927917776
30.0,4.9,40.0,70.0,9.0,55.0,1.4522574,1.4520268,0.00023059479064935218,4.1299047,4.132264,-0.0023592529907228155,1.2955822,1.295291,0.00029117525482180717
30.0,4.9,40.0,270.0,9.0,55.0,1.6512134,1.6506474,0.0005660075164795053,3.980689,3.981525,-0.0008359512329101371,1.8382034,1.8308574,0.007346030175781282
30.0,2.4,40.0,300.0,8.0,60.0,2.4211245,2.4213076,-0.00018314168701172306,3.7053468,3.7051482,0.00019862273864745816,0.8360112,0.84297395,-0.006962778659057589
28.0,4.1,35.0,130.0,6.5,55.0,0.99692327,0.99659383,0.0003294378413390975,3.097987,3.0986261,-0.0006391634307862937,1.547927,1.5453091,0.0026179219802855425
27.0,4.9,40.0,300.0,10.0,60.0,1.7626069,1.7624246,0.00018225920715342347,3.6199784,3.6218812,-0.0019027721130369102,1.9763541,1.9692919,0.00706222216186525
30.0,4.9,40.0,300.0,8.0,60.0,1.8433387,1.8452976,-0.0019588720489502887,3.8612452,3.8597713,0.0014738553344728622,1.9252464,1.9253353,-8.89420822143272e-05
30.0,5.0,35.0,300.0,7.5,60.0,1.1889447,1.1896031,-0.0006584026199341064,3.1766937,3.1750004,0.0016932779022216238,2.6076155,2.6227777,-0.01516222911376941
30.0,5.0,40.0,210.0,9.0,50.0,1.422563,1.4225615,1.4568099975242887e-06,4.037547,4.0374975,4.961151123072938e-05,1.6609231,1.6568472,0.0040759233596801
19.0,2.9,25.0,190.0,4.0,15.0,-0.16980517,-0.16980278,-2.389105529798652e-06,1.2667986,1.2667356,6.301545562736877e-05,1.0128921,1.0181383,-0.005246172962951601
21.0,4.7,25.0,190.0,4.0,45.0,-0.058253646,-0.05844675,0.0001931041030883776,1.2999101,1.2994988,0.00041126851196282566,2.1153035,2.1152174,8.611638793931675e-05
9.0,3.9,40.0,50.0,3.5,35.0,0.68763644,0.68711543,0.0005210050318908976,0.97757196,0.97756034,1.1624263915988031e-05,-0.1250552,-0.11960319,-0.005452003901062014
20.0,1.3,40.0,180.0,8.5,40.0,1.6348481,1.6348007,4.74178283691451e-05,2.591441,2.591661,-0.00022008393859884734,-0.18973851,-0.18928395,-0.00045456203918456395
30.0,1.1,40.0,290.0,9.0,60.0,2.5028071,2.5030658,-0.0002586596496580995,3.5922275,3.5911884,0.0010390589538573636,0.54134274,0.53760934,0.003733395290527297
10.0,1.9,25.0,130.0,6.0,30.0,0.1068691,0.1067587,0.0001104015243530293,0.4391122,0.43933833,-0.0002261435681152335,0.5708894,0.5661368,0.00475261335678101
17.0,4.7,35.0,130.0,6.5,55.0,0.52358836,0.52322257,0.0003657893559264602,1.631154,1.6309122,0.00024174115447994637,1.4093769,1.4161025,-0.00672564033508305
9.0,1.1,30.0,280.0,6.5,15.0,-0.14270675,-0.14327805,0.0005712981765746972,0.6369283,0.63803804,-0.0011097200689696995,0.28181088,0.28946534,-0.00765446029266359
13.0,4.2,25.0,219.99998,4.0,10.0,-0.7272421,-0.7276135,0.00037138784027102023,0.6210892,0.6211784,-8.917995300294912e-05,1.2061435,1.2086841,-0.002540601579284596
30.0,4.3,30.0,300.0,8.5,60.0,1.0006487,1.0006235,2.5236953735241485e-05,2.683891,2.683776,0.00011505796813970903,2.7936797,2.795159,-0.0014792857971190898
23.0,4.3,30.0,300.0,8.5,35.0,0.035912752,0.035411388,0.0005013641514892558,2.111501,2.1117868,-0.00028582153015133116,2.0913467,2.095924,-0.00457725927734387
30.0,4.5,35.0,210.0,9.0,60.0,1.2318331,1.2317278,0.0001053003189086521,3.361208,3.3607266,0.00048136203613280415,2.2063394,2.2060575,0.0002818592834472611
3.0,0.2,40.0,150.0,6.0,45.0,1.4131477,1.4134762,-0.00032851208801276677,0.5959854,0.5970379,-0.0010524874023437603,-0.5554788,-0.5491911,-0.006287711264038043
21.0,0.7,25.0,160.0,4.0,30.0,0.3386463,0.33881754,-0.00017124731353757028,1.237694,1.2373153,0.0003787250396729558,0.69905823,0.69241697,0.0066412646916198526
30.0,4.9,40.0,180.0,9.0,60.0,1.6851832,1.6853468,-0.00016363254241946734,4.045106,4.045042,6.393414306682388e-05,1.6525383,1.6524781,6.019956054692521e-05
22.0,2.2,25.0,120.0,6.0,25.0,0.15748811,0.15773714,-0.00024903231872558385,1.539594,1.539224,0.000370054222107008,0.9957231,1.0009564,-0.005233271681213347
30.0,0.4,40.0,240.0,7.0,25.0,1.4798415,1.4799123,-7.082928161628033e-05,3.5406773,3.5428028,-0.002125490963745147,-0.31111956,-0.3202604,0.009140843572998048
9.0,3.7,25.0,300.0,4.5,50.0,0.31461382,0.31450316,0.0001106591223144493,-0.012728453,-0.013676412,0.0009479593175048835,1.4676718,1.4669992,0.0006725519760131249
21.0,2.2,40.0,260.0,5.5,10.0,0.8681532,0.8684101,-0.0002568855453490837,2.8178992,2.8190827,-0.001183472857666068,-0.33547568,-0.3372462,0.0017705167877197225
30.0,3.5,40.0,240.0,9.0,60.0,2.152774,2.1527421,3.19955352781065e-05,3.936179,3.9360948,8.412265319845957e-05,1.1586292,1.1504374,0.008191779000854549
11.0,2.8,40.0,30.0,4.0,50.0,1.1164533,1.1160918,0.00036148998565677104,1.3736337,1.3735905,4.3242332458559574e-05,-0.40495026,-0.39979386,-0.005156401116027831
17.0,1.8,35.0,140.0,5.5,50.0,1.077002,1.0777152,-0.0007131515075684547,1.6414336,1.6407982,0.0006353966110228537,0.3520841,0.35456163,-0.002477529753570573
20.0,0.8,25.0,70.0,9.0,30.0,0.35620415,0.3564865,-0.0002823478927612144,1.3027334,1.3021739,0.0005595213256834874,0.67270577,0.67345726,-0.000751490461120552
30.0,0.5,40.0,300.0,8.0,10.0,0.91992825,0.9194585,0.0004697526969910104,3.7168307,3.7218454,-0.0050146695617674375,-0.41453302,-0.41973752,0.0052045009341430415
30.0,4.3,40.0,240.0,9.0,60.0,1.9527264,1.9517591,0.0009672641357421075,3.976219,3.9764109,-0.00019196117248521105,1.5163839,1.5142859,0.002097986337280311
24.0,4.3,40.0,240.0,4.0,60.0,1.7037715,1.7047309,-0.0009594280227660512,2.889778,2.888653,0.0011248987884520112,1.0204785,1.0168892,0.003589287014770459
13.0,5.0,35.0,30.0,5.0,55.0,0.05749178,0.05695334,0.00053843932739258,1.0874283,1.0875068,-7.846862487803641e-05,1.1218956,1.1232297,-0.0013341483184814429
18.0,4.3,40.0,240.0,5.5,60.0,1.5514268,1.5512955,0.0001312683029175421,2.0822616,2.081808,0.0004535623474120065,0.92185634,0.9190848,0.0027715437461852677
25.0,2.9,35.0,290.0,4.5,30.0,0.8068794,0.80691725,-3.7848793029815475e-05,2.6232762,2.623763,-0.00048676632690414223,0.8703492,0.88031334,-0.00996411161788946
30.0,4.7,40.0,10.0,8.0,50.0,1.3363258,1.3362514,7.436465606680542e-05,4.1182213,4.1173673,0.0008539829589846448,0.9705684,0.9672015,0.00336691850280757
29.0,4.7,40.0,300.0,4.5,50.0,1.6093276,1.6096852,-0.00035764529724113814,3.5837412,3.5838084,-6.721195068370989e-05,1.403787,1.4072068,-0.0034197831314086713
30.0,4.7,40.0,120.0,8.0,50.0,1.4331229,1.4333549,-0.0002320266937256843,4.0441933,4.0436726,0.0005206678222657857,1.2328953,1.229034,0.0038612550888061925
30.0,4.5,40.0,30.0,9.0,60.0,1.611101,1.61077,0.0003310313034057266,4.1847377,4.183633,0.0011046823425289176,1.0176835,1.0139942,0.003689306011962934
30.0,4.7,35.0,120.0,8.0,50.0,0.81241226,0.81224376,0.00016850196289064368,3.393483,3.3936725,-0.00018957649230966211,1.9020882,1.9068116,-0.004723434716796815
30.0,4.7,40.0,40.0,9.0,60.0,1.5609393,1.5623105,-0.0013711880187987635,4.17841,4.1776924,0.0007176532531740776,1.1466508,1.1457728,0.0008779911682128549
30.0,4.5,40.0,20.0,7.5,55.0,1.4371394,1.4367108,0.00042859189910893214,4.11616,4.1163173,-0.0001573840759281353,0.9006945,0.9014991,-0.0008046105209350563
30.0,4.8,40.0,40.0,8.5,60.0,1.4989636,1.4980137,0.0009498944366455042,4.1599283,4.1598473,8.102183837888077e-05,1.1722047,1.1790577,-0.006852967105102525
30.0,4.8,40.0,40.0,9.0,60.0,1.5293858,1.5301074,-0.0007215948699950125,4.178318,4.178838,-0.0005199763183592054,1.1993557,1.1986881,0.0006676214736938135
30.0,4.5,40.0,40.0,9.0,60.0,1.6243812,1.6242182,0.00016298457794183818,4.1736403,4.174027,-0.00038674884033174095,1.0464315,1.0425656,0.0038659414428710015
30.0,4.9,25.0,270.0,9.0,60.0,0.5762257,0.5763815,-0.00015580200576781333,2.309479,2.3085885,0.0008904981842041693,3.3151393,3.3096209,0.005518393670654209
7.0,0.1,25.0,300.0,10.5,50.0,0.699602,0.69933283,0.00026917786590574533,0.33319974,0.33385485,-0.000655110543823223,1.1206976,1.1224964,-0.0017987824691771959
20.0,1.8,25.0,280.0,9.5,50.0,0.771228,0.77154636,-0.0003183445771789417,1.383694,1.3835621,0.00013195269622801042,1.5786716,1.5851805,-0.006508925407409771
30.0,4.2,40.0,180.0,9.0,60.0,1.8989345,1.8991079,-0.00017341647186275289,4.0310645,4.0306106,0.00045391034545883,1.29678,1.2943151,0.0024648901962280867
1.0,2.1,40.0,30.0,5.0,55.0,1.1447128,1.1440036,0.0007092057479858305,0.48734355,0.4877311,-0.0003875502716064183,-0.568655,-0.57026005,0.0016050359619140808
26.0,4.8,30.0,260.0,11.0,60.0,0.7278193,0.72836965,-0.0005503264602660929,2.4961774,2.4960902,8.723492126483379e-05,2.9358234,2.9329882,0.0028352405517577672
26.0,4.3,35.0,300.0,11.0,20.0,-0.12705314,-0.12740232,0.00034917840606690786,3.1443977,3.1458058,-0.0014080644042970825,1.6297793,1.6330836,-0.0033042611633300467
30.0,4.3,40.0,60.0,9.0,50.0,1.5459381,1.5459464,-8.265806579643709e-06,4.108675,4.1082926,0.0003824030517574073,0.92465127,0.9177835,0.00686776514434817
30.0,4.3,40.0,150.0,9.0,50.0,1.6036496,1.6036706,-2.0983758544979025e-05,4.0591283,4.059081,4.7284454345764004e-05,1.1438558,1.1426506,0.0012052101654052016
26.0,4.6,30.0,260.0,10.5,60.0,0.78787446,0.78820294,-0.0003284797796631045,2.4671235,2.466997,0.00012650845336903416,2.804061,2.7987745,0.005286435974121151
30.0,4.8,30.0,300.0,9.0,50.0,0.516904,0.5160801,0.0008238964675902904,2.7865396,2.7873695,-0.0008299454040527898,2.9078739,2.9177039,-0.009830031057739053
30.0,4.7,35.0,40.0,8.0,50.0,0.74175584,0.7416231,0.00013274316253664153,3.4468331,3.4472687,-0.0004355663024901979,1.7072396,1.716388,-0.00914837216186526
28.0,2.3,35.0,10.0,6.5,50.0,1.1134167,1.1139413,-0.0005246282470703356,3.082511,3.0831592,-0.0006482518188475339,0.5473319,0.5429688,0.004363129206848115
30.0,5.0,35.0,300.0,9.0,55.0,1.0260609,1.0254602,0.0006007388351441101,3.3079326,3.3091433,-0.0012106847198487536,2.645547,2.6436348,0.0019121131469725938
13.0,4.6,35.0,30.0,5.0,55.0,0.20340037,0.20274553,0.0006548434588622976,1.1365198,1.1364807,3.9089695739846775e-05,0.94142103,0.9385308,0.0028902319519042985
30.0,4.7,35.0,160.0,9.0,60.0,1.1028311,1.1025786,0.0002525252593994498,3.4125018,3.4124212,8.06119812013506e-05,2.168807,2.1664076,0.002399429724121216
23.0,4.7,35.0,160.0,10.0,60.0,0.9568239,0.9573256,-0.0005017145591735828,2.6201534,2.6206791,-0.0005256728759763796,1.9539945,1.9567909,-0.0027963874420167123
30.0,5.0,30.0,180.0,9.0,60.0,0.62068564,0.62036663,0.0003190069972228704,2.8452444,2.845271,-2.6592346191289806e-05,2.8515754,2.8515875,-1.212539672845736e-05
30.0,4.3,35.0,250.00002,9.0,60.0,1.3440229,1.3440964,-7.352993621823067e-05,3.3166456,3.316805,-0.00015937774658203452,2.2207134,2.2206352,7.817699890155794e-05
30.0,4.3,30.0,180.0,9.0,40.0,0.34380674,0.34364316,0.0001635836218261688,2.8510444,2.8513076,-0.0002631835723878595,2.237084,2.2367997,0.00028421189575178474
26.0,2.5,40.0,300.0,11.0,60.0,2.318355,2.3188634,-0.0005083165344239582,3.4863167,3.4861383,0.00017838090820321284,0.99612236,0.99674046,-0.0006180997705078628
30.0,4.6,40.0,250.00002,9.0,60.0,1.8769048,1.8760946,0.000810245237731877,3.9741633,3.9743645,-0.0002012061614991012,1.7000526,1.6937318,0.006320818980407816
27.0,2.5,35.0,70.0,10.0,45.0,1.198196,1.1987591,-0.0005630464950561187,3.0529065,3.0530503,-0.0001437867858888886,0.7896947,0.78863716,0.0010575664671326201
30.0,3.9,35.0,300.0,8.5,60.0,1.5177947,1.5177789,1.582827911383866e-05,3.2177029,3.2172828,0.00042006560058593934,2.1352675,2.1395707,-0.0043032038909913695
17.0,3.9,35.0,150.0,6.5,60.0,0.90253425,0.90188223,0.0006520164447021415,1.6576394,1.6578515,-0.00021211573028567798,1.1634206,1.1641414,-0.0007208420242310609
30.0,4.2,40.0,30.0,9.0,60.0,1.6974283,1.6973839,4.44456802368709e-05,4.174448,4.1746993,-0.0002512866943362724,0.8715471,0.86574376,0.005803342928161648
30.0,4.4,40.0,10.0,9.0,45.0,1.4207127,1.4207206,-7.890573120006295e-06,4.107996,4.1077533,0.00024268693847684375,0.8164465,0.8101312,0.006315283135223337
30.0,5.0,40.0,300.0,9.0,40.0,1.1467671,1.1477141,-0.0009469605651855062,4.0451126,4.0465717,-0.0014590901367190767,1.7200166,1.7134285,0.00658809870147703
30.0,5.0,40.0,300.0,9.0,45.0,1.3139994,1.3139999,-4.855560302718942e-07,4.0171976,4.017429,-0.00023139105224601053,1.8014696,1.7975713,0.003898264437866228
12.0,2.8,25.0,280.0,5.0,40.0,0.27646065,0.27689296,-0.0004323124169922088,0.4464798,0.44684204,-0.0003622426367187459,1.1406616,1.1440768,-0.003415202748107804
30.0,4.2,40.0,60.0,9.0,60.0,1.7380542,1.7377286,0.0003255563034056941,4.1452107,4.145881,-0.0006702570495606963,0.9557951,0.951458,0.004337109272003148
30.0,4.2,30.0,300.0,8.0,60.0,1.0281281,1.0279474,0.00018074712524418501,2.6452332,2.6453395,-0.00010634570312495484,2.712626,2.711617,0.0010089803771973216
30.0,3.9,35.0,300.0,8.0,60.0,1.5171746,1.5170646,0.00011000155487050911,3.182139,3.182283,-0.0001440801696777072,2.1049223,2.1045709,0.00035139461669908556
20.0,4.2,35.0,110.0,8.5,55.0,0.813528,0.81336176,0.0001662413084411174,2.192533,2.1930208,-0.00048778379516623005,1.3395029,1.3407896,-0.0012866693588255984
20.0,4.2,35.0,110.0,8.5,20.0,0.14228225,0.14215486,0.00012738754333496694,2.1343713,2.1338484,0.0005228806701658151,1.0009137,1.0027723,-0.0018585607955932115
30.0,3.3,40.0,190.0,9.0,60.0,2.1273084,2.1274166,-0.00010823131713877387,3.9695368,3.9694636,7.318131103506431e-05,0.92345345,0.92536426,-0.001910809797058155
30.0,3.6,40.0,290.0,9.0,60.0,2.1974826,2.1977763,-0.0002937140930177051,3.8946753,3.8947082,-3.294517822283183e-05,1.3303195,1.3357143,-0.005394776188659689
30.0,4.9,30.0,210.0,9.0,60.0,0.69490236,0.69458073,0.00032163043930055757,2.8163953,2.8162243,0.00017098274536131441,2.8875105,2.882637,0.004873538101196395
29.0,3.6,40.0,290.0,5.0,20.0,1.084046,1.0837412,0.0003048062026977938,3.8345804,3.8361816,-0.0016011785522462851,0.48983562,0.4902953,-0.00045968007354735274
30.0,4.7,30.0,300.0,7.5,60.0,0.87890184,0.8787117,0.00019013925628663664,2.6226425,2.6229384,-0.0002958829101560312,2.9290357,2.9280744,0.0009612636047364731
29.0,2.2,40.0,300.0,6.0,60.0,2.4205604,2.4201043,0.00045605995483377626,3.4421115,3.4414878,0.0006236921569824361,0.62559074,0.6202757,0.005315041634368911
30.0,2.2,40.0,300.0,8.0,60.0,2.4451568,2.444898,0.00025881266784688606,3.680733,3.6804085,0.0003244654693603799,0.77771634,0.7800001,-0.002283761365509007
29.0,2.2,40.0,300.0,5.5,60.0,2.4195485,2.41939,0.0001585115051270236,3.4066598,3.406488,0.00017184153747562547,0.59045416,0.58527565,0.005178511167144739
26.0,2.7,40.0,300.0,11.0,60.0,2.2881546,2.2884736,-0.0003189979492188577,3.50211,3.5019364,0.00017360442504887885,1.0643992,1.0615842,0.002815042401123069
14.0,0.4,30.0,219.99998,4.5,25.0,0.31604147,0.31627628,-0.00023481042602541136,0.8863385,0.8863762,-3.772763366693965e-05,0.31055903,0.31210676,-0.0015477256524658034
30.0,3.8,40.0,190.0,9.0,60.0,2.0163007,2.0163796,-7.892174682622155e-05,4.0028944,4.002679,0.00021540155029331487,1.138266,1.1374635,0.0008024673690796291
19.0,1.1,25.0,150.0,4.5,20.0,0.13429749,0.13472667,-0.0004291798800659108,1.158064,1.1579804,8.360775909421747e-05,0.6108174,0.60735554,0.0034618327989196507
30.0,4.2,40.0,120.0,9.0,60.0,1.8185148,1.8184183,9.652391357417578e-05,4.087962,4.088246,-0.00028384942626935583,1.125489,1.1228865,0.002602496505737406
19.0,4.2,25.0,120.0,4.5,20.0,-0.38638222,-0.38660836,0.00022613782440183972,1.223751,1.2235565,0.0001944489059448884,1.5012113,1.5076447,-0.0064334144088744605
30.0,3.3,40.0,290.0,9.0,60.0,2.2625844,2.2618995,0.0006849478607175996,3.8726034,3.8734045,-0.0008010835571288233,1.2113341,1.2110786,0.0002555093063354441
30.0,5.0,40.0,70.0,8.0,30.0,0.9762242,0.977123,-0.000898815963745081,4.0216656,4.0191727,0.002492873120116812,1.1171042,1.1140689,0.0030352727066040863
30.0,5.0,40.0,70.0,9.0,15.0,0.73509413,0.73504424,4.989003921507251e-05,3.9852934,3.984946,0.0003473883666993416,1.0005145,1.0067438,-0.006229292706298795
30.0,4.6,40.0,70.0,8.0,30.0,1.1082207,1.107602,0.0006186964492798097,4.015353,4.015507,-0.00015379718017616284,0.89829886,0.9006579,-0.00235904040374757
30.0,5.0,40.0,30.0,9.0,15.0,0.80650383,0.8078718,-0.0013679676597595503,3.9559107,3.9488866,0.007024082678222854,0.95060444,0.9570098,-0.00640536121826174
30.0,4.6,40.0,90.0,9.0,15.0,0.829378,0.82910943,0.0002685788424682256,3.9981372,3.9993103,-0.0011730643585203815,0.817245,0.81819975,-0.0009547434387207065
27.0,4.9,40.0,300.0,9.5,60.0,1.762199,1.7617104,0.000488644227600199,3.5871162,3.586881,0.00023524145507813898,1.940419,1.934292,0.006126958663940529
30.0,1.6,40.0,290.0,8.5,60.0,2.481942,2.481736,0.0002059384002683906,3.6406631,3.6404154,0.00024774697265605994,0.62519145,0.6190897,0.00610175011901859
30.0,4.4,40.0,300.0,8.5,60.0,2.0032153,2.0028634,0.0003519129577638225,3.8858457,3.8867536,-0.0009079388366699526,1.6984555,1.7001312,-0.001675747080993606
15.0,1.5,25.0,280.0,7.5,15.0,-0.29387414,-0.2940115,0.0001373554458617976,0.99871325,0.99951375,-0.0008004950714111114,0.70664454,0.700868,0.005776535064697219
7.0,1.0,40.0,180.0,10.5,25.0,0.97826093,0.9782057,5.523435287480005e-05,1.0942436,1.0946878,-0.0004441543319702035,-0.52872705,-0.5234007,-0.005326354595947214
30.0,2.8,40.0,240.0,9.0,60.0,2.2846432,2.2848704,-0.0002272267822265306,3.8770642,3.8767653,0.0002989280578611364,0.8767377,0.87798834,-0.0012506261862182955
30.0,5.0,30.0,300.0,8.0,60.0,0.7803993,0.78031737,8.195250976561486e-05,2.6601057,2.6600003,0.00010540526123037353,3.1262798,3.1244447,0.0018351309326170018
29.0,2.0,40.0,230.0,6.0,60.0,2.2945247,2.2959852,-0.0014605303527832625,3.5104723,3.5095673,0.0009049976684569749,0.38322794,0.38647246,-0.003244515625915545
10.0,3.3,25.0,90.0,5.5,50.0,0.11068845,0.11030711,0.00038133795227050793,0.37773204,0.37751058,0.0002214584979248202,0.99412596,0.992476,0.001649962257385229
29.0,4.0,25.0,230.0,5.5,10.0,-0.4566865,-0.45719588,0.0005093832653808583,2.3042457,2.3046327,-0.0003869896270751738,1.8945018,1.8929236,0.0015782053054809175
29.0,4.4,40.0,300.0,6.0,60.0,1.9725239,1.9724014,0.00012252768859855045,3.596366,3.5958023,0.0005636286499024479,1.4984163,1.4961176,0.0022987045883178236
26.0,3.6,40.0,219.99998,11.0,25.0,0.9743273,0.97448766,-0.00016033417907712622,3.647348,3.6476305,-0.00028257290649413846,0.618803,0.6106013,0.008201724291992174
30.0,4.6,35.0,190.0,9.0,60.0,1.1743046,1.174294,1.0604530334523687e-05,3.38195,3.3820002,-5.029841918924305e-05,2.1983538,2.2000809,-0.0017271326049805857
30.0,3.3,40.0,219.99998,9.0,60.0,2.1676564,2.1677616,-0.00010517833862300208,3.9406996,3.940646,5.3577331542875584e-05,1.0061044,1.0110786,-0.004974249909973194
30.0,1.4,40.0,290.0,8.5,60.0,2.4919097,2.4919984,-8.86576446532672e-05,3.6084065,3.6083455,6.104373168946964e-05,0.5776772,0.5701101,0.007567090303802537
30.0,4.2,40.0,260.0,9.0,60.0,2.0069184,2.006694,0.00022443032836916288,3.9541652,3.953763,0.0004022202606202008,1.5195781,1.5228865,-0.003308400749206575
30.0,4.3,40.0,110.0,9.0,60.0,1.7770063,1.7769315,7.476850128163015e-05,4.1008935,4.101288,-0.0003945025329592511,1.1466508,1.1428574,0.0037933911682128674
28.0,4.2,40.0,260.0,7.0,35.0,1.241112,1.2414103,-0.00029830621032722604,3.7264156,3.7271004,-0.0006847658447264315,0.9877375,0.9859336,0.0018038768257141458
12.0,2.7,25.0,190.0,4.0,50.0,0.3994769,0.39953426,-5.73742044067127e-05,0.41719913,0.4169801,0.00021903482666013607,1.0120935,1.0166386,-0.004545055993652403
30.0,4.9,40.0,10.0,8.0,60.0,1.386257,1.3852978,0.0009592524215698006,4.172717,4.174057,-0.0013399055786136316,1.1322768,1.1310496,0.0012271734527586897
30.0,4.0,40.0,150.0,9.0,60.0,1.912456,1.9123406,0.0001154356140136148,4.0514617,4.051182,0.00027969662475602064,1.1175034,1.11414,0.003363404617309662
30.0,5.0,35.0,290.0,9.0,50.0,0.8526133,0.85276085,-0.00014757971725465335,3.3449194,3.343754,0.001165443130493049,2.5305545,2.5345068,-0.0039522669952392064
30.0,5.0,40.0,240.0,9.0,55.0,1.5871897,1.5869851,0.00020457437744147988,4.0030375,4.004365,-0.001327547302246046,1.8050631,1.8051871,-0.0001239715286254217
27.0,4.8,40.0,240.0,10.0,60.0,1.7298973,1.7299296,-3.233933410640155e-05,3.6737854,3.6737623,2.3148074340895164e-05,1.7407792,1.7382464,0.002532761453247101
27.0,2.8,40.0,140.0,9.5,55.0,1.9847953,1.9852881,-0.0004927680450439453,3.662794,3.6631756,-0.00038148684082051076,0.49941838,0.4911344,0.008283977876281712
30.0,4.9,25.0,300.0,8.5,60.0,0.616261,0.61601204,0.00024896540161134517,2.2450995,2.244771,0.0003285445251464125,3.3582616,3.3603354,-0.0020738147644041582
30.0,1.9,40.0,290.0,8.5,60.0,2.4602757,2.460095,0.0001806500244141418,3.6853514,3.6850843,0.0002670717651365173,0.70624524,0.6991188,0.007126443549346884
27.0,0.7,40.0,300.0,10.0,60.0,2.460781,2.4611197,-0.0003386025878904242,3.298864,3.2960942,0.0027696877868650382,0.5177852,0.51637137,0.0014138215359497108
30.0,1.5,40.0,290.0,8.5,60.0,2.4870844,2.4872837,-0.00019931126708971902,3.6250472,3.6246095,0.0004377068786620697,0.59604406,0.5941626,0.0018814635681152492
13.0,1.9,25.0,200.0,4.5,35.0,0.2664168,0.2666459,-0.0002291118988037022,0.60054874,0.600814,-0.00026525579833980295,0.74777037,0.7511813,-0.003410930947113089
30.0,5.0,30.0,240.0,9.0,60.0,0.7014104,0.70105636,0.00035405278839106824,2.7875338,2.7876358,-0.00010203992919910476,3.028057,3.023016,0.0050410983886717275
15.999999,1.8,30.0,210.0,7.5,10.0,-0.17747855,-0.17735666,-0.00012189186462402413,1.3245982,1.3246962,-9.800683135985366e-05,0.47546154,0.4731899,0.002271642606353763
2.0,2.5,30.0,150.0,6.0,20.0,-0.14379728,-0.14372253,-7.47484042358526e-05,0.04133749,0.041748572,-0.0004110819182128883,0.3448971,0.34507948,-0.00018238861129760142
12.0,3.9,25.0,180.0,5.5,15.0,-0.57790315,-0.57847893,0.0005757784878539507,0.5418863,0.54161423,0.00027209965087893195,1.1202984,1.1112858,0.009012585620117086
15.0,2.3,30.0,240.0,8.0,25.0,0.07209408,0.072109655,-1.5572167663568948e-05,1.2099825,1.2102358,-0.0002532856185912813,0.8132522,0.8085038,0.004748410617065435
30.0,3.2,40.0,270.0,9.0,60.0,2.2546945,2.2547114,-1.6938177490377626e-05,3.884674,3.8845987,7.537226562481791e-05,1.11391,1.11414,-0.00023004020690908789
18.0,1.0,35.0,240.0,4.5,45.0,1.1879086,1.1884001,-0.0004914505554198811,1.582715,1.5824429,0.0002721344848632956,0.32972443,0.32706743,0.0026570010379028397
19.0,0.7,40.0,270.0,3.5,40.0,1.7365646,1.7372965,-0.0007318637695312713,2.1222308,2.1225312,-0.0003004317962647107,-0.37740004,-0.37486637,-0.0025336706265258746
30.0,4.8,40.0,30.0,8.0,55.0,1.3864893,1.3858807,0.0006085721176147807,4.1281786,4.1284037,-0.0002251035034177562,1.1087192,1.0998803,0.00883892969818123
30.0,4.7,40.0,30.0,8.0,55.0,1.417705,1.4180839,-0.00037884094848639194,4.127325,4.1272583,6.675798339816907e-05,1.0456331,1.046965,-0.0013319223785399625
30.0,4.8,35.0,300.0,8.5,60.0,1.2580069,1.2579372,6.973035125734661e-05,3.2448494,3.244084,0.0007654434356689777,2.5820615,2.5843232,-0.002261670840454144
30.0,1.0,40.0,300.0,9.0,60.0,2.5182514,2.5178967,0.00035471906738271386,3.5631273,3.563486,-0.0003587207183839425,0.54254055,0.5456269,-0.003086349768066432
25.0,0.4,30.0,20.0,5.0,55.0,0.72382444,0.7233255,0.0004989414329529263,2.0127532,2.0124571,0.0002961482147214589,0.4870407,0.4975387,-0.010498001471710205
20.0,5.0,35.0,270.0,11.0,45.0,0.38997066,0.38970143,0.0002692302096557464,2.2045207,2.2046595,-0.00013879763793944733,2.1176991,2.1242251,-0.006525953729247913
5.0,2.2,25.0,200.0,10.5,50.0,0.49664104,0.49678773,-0.00014669015167234623,0.25257802,0.25327545,-0.0006974299041748178,1.0596079,1.0581256,0.0014822634262083856
30.0,4.5,35.0,290.0,9.0,60.0,1.3393264,1.339314,1.23816833497159e-05,3.2846956,3.2838793,0.0008163253051756136,2.4387202,2.434629,0.004091226287841643
18.0,4.5,40.0,290.0,5.5,60.0,1.5960517,1.5967982,-0.000746507037353572,1.9998825,1.999146,0.0007364596405028401,1.1270862,1.1308268,-0.003740637432861238
30.0,4.5,40.0,290.0,9.0,60.0,1.9614964,1.9604251,0.001071253149414142,3.9326053,3.933879,-0.0012737334289552038,1.756351,1.7568512,-0.0005002058898926354
29.0,4.5,40.0,290.0,6.0,60.0,1.9214915,1.9217821,-0.0002905962844848009,3.6115155,3.610849,0.0006665220031738528,1.5187795,1.5209622,-0.0021826837799072685
14.0,2.3,25.0,290.0,4.5,25.0,0.024476767,0.024497807,-2.104041369628898e-05,0.7348294,0.7348053,2.412581176758355e-05,0.867155,0.871819,-0.0046639845314025985
30.0,5.0,40.0,190.0,8.5,60.0,1.6505218,1.6509359,-0.0004141447814940413,4.0076737,4.0074387,0.00023504038696309237,1.7040454,1.7072166,-0.003171185075378391
11.0,0.4,25.0,250.00002,3.5,30.0,0.28414106,0.28472832,-0.0005872563098144323,0.35523438,0.35530847,-7.40854632568233e-05,0.45429975,0.4581874,-0.0038876520561218486
27.0,4.0,40.0,10.0,9.0,20.0,1.1292274,1.1301292,-0.0009018001739502512,3.582659,3.5818179,0.0008411061187745261,0.37364525,0.37235406,0.0012911860289001598
20.0,2.4,25.0,130.0,9.0,60.0,0.8177289,0.81805325,-0.0003243729324340361,1.4804723,1.4805715,-9.917372131340585e-05,1.4397222,1.4405675,-0.0008453196334838875
26.0,4.6,25.0,70.0,10.0,45.0,0.10930371,0.10939449,-9.07771551513642e-05,2.133668,2.1331303,0.0005376458618164826,2.2841988,2.2962658,-0.012067039013671899
30.0,4.8,40.0,60.0,8.5,60.0,1.5285901,1.5273242,0.0012658831222533973,4.1376457,4.139404,-0.0017582785644529864,1.2360895,1.2350183,0.0010711680023194337
30.0,4.4,40.0,40.0,9.0,60.0,1.6543242,1.6539226,0.0004015739273071084,4.1711044,4.1715074,-0.0004029688476565596,0.99492455,0.99227405,0.002650495288085919
30.0,5.0,40.0,120.0,8.5,55.0,1.4494249,1.4489458,0.0004790628616333503,4.0723333,4.072606,-0.0002726641235355487,1.4588876,1.4612732,-0.002385622943115173
30.0,4.5,40.0,10.0,8.5,60.0,1.5471855,1.5481591,-0.0009735598007201141,4.1862144,4.185702,0.0005124470214843413,0.947011,0.93899417,0.00801682395751957
30.0,5.0,40.0,180.0,8.5,60.0,1.63607,1.6362808,-0.0002107869537353313,4.017844,4.01766,0.00018420013427711268,1.6733009,1.6792364,-0.005935537687683068
30.0,2.4,40.0,300.0,9.0,55.0,2.2561202,2.2564504,-0.0003301950744627469,3.8050911,3.8042912,0.0007999426544187394,0.83641046,0.82883096,0.007579502856292719
30.0,2.4,40.0,219.99998,9.0,55.0,2.1768072,2.1770022,-0.000195034854125975,3.8644829,3.8645866,-0.00010372036132810791,0.618803,0.61460435,0.004198674291992166
30.0,4.8,30.0,300.0,8.0,60.0,0.84792954,0.84722286,0.000706677296295144,2.6581087,2.6590838,-0.0009750887573241052,3.018075,3.01599,0.0020849893188477076
30.0,2.0,40.0,300.0,7.5,60.0,2.4641948,2.4644418,-0.00024702537231435784,3.618956,3.6188357,0.00012038901977540206,0.68668056,0.6855248,0.0011557553436278845
26.0,5.0,30.0,300.0,11.0,60.0,0.6943367,0.69414544,0.00019127236038207762,2.4620333,2.4622421,-0.00020882821044931887,3.15942,3.1618092,-0.0023891865722656114
30.0,3.8,40.0,40.0,9.0,60.0,1.8145638,1.8146555,-9.174877929685188e-05,4.1466055,4.1467676,-0.0001621083618168484,0.71423084,0.7088921,0.005338735437774633
8.0,0.3,35.0,300.0,6.0,60.0,1.520189,1.5217886,-0.0015995531402588359,0.42292762,0.42373395,-0.0008063319732666274,0.5157888,0.5152063,0.0005824935638427675
30.0,1.7,40.0,290.0,8.5,60.0,2.4751806,2.4753554,-0.0001747740844728618,3.6560545,3.6557631,0.00029139676513656454,0.6435583,0.64489144,-0.0013331166166686836
27.0,2.1,40.0,300.0,10.0,60.0,2.391757,2.3914866,0.00027041141357431187,3.494392,3.4944856,-9.368181762692274e-05,0.82363355,0.8292496,-0.005616048402404816
1.0,2.1,35.0,150.0,5.0,20.0,0.25607097,0.25657076,-0.0004997885110473721,0.16972566,0.17093307,-0.0012074134906005785,-0.08472788,-0.07861531,-0.006112573338928229
27.0,0.8,40.0,300.0,10.0,60.0,2.461266,2.4615602,-0.00029415919799813395,3.3158572,3.3132432,0.0026139720123290466,0.53415567,0.5330347,0.0011209668281555452
27.0,3.7,35.0,300.0,10.0,60.0,1.5002074,1.5005335,-0.0003260758361816052,3.0029767,3.0026438,0.00033285596008303386,2.054613,2.0589979,-0.004384786596679735
30.0,5.0,40.0,250.00002,9.0,55.0,1.5961012,1.5969162,-0.0008150351821898383,3.9969997,3.9968276,0.00017214060058590164,1.8278221,1.8319654,-0.004143310804748612
29.0,2.6,40.0,290.0,6.0,55.0,2.206838,2.2066617,0.00017619253234846255,3.5372074,3.536698,0.0005093650360108448,0.6535403,0.65137273,0.0021675832438660114
27.0,5.0,40.0,300.0,9.0,60.0,1.7262598,1.7264514,-0.00019157238616940298,3.5495074,3.5497875,-0.00028012046813952196,1.9559909,1.9526898,0.003301110530090412
27.0,4.8,25.0,300.0,9.5,60.0,0.5945868,0.5943877,0.0001990896080017457,2.0632722,2.0626535,0.0006187377777098213,3.232089,3.2352166,-0.003127557336426001
27.0,5.0,30.0,210.0,10.0,60.0,0.61623126,0.61676884,-0.0005375773161315767,2.576878,2.5779157,-0.001037629168701315,2.8743343,2.8683167,0.006017635327148607
30.0,4.3,40.0,40.0,9.0,60.0,1.6827372,1.6827936,-5.6368745422252786e-05,4.1680474,4.1685295,-0.0004820718688964831,0.9430182,0.9428574,0.00016079801330570742
27.0,5.0,30.0,210.0,10.0,30.0,-0.23359072,-0.23387155,0.0002808279159546012,2.6215987,2.6204772,0.0011215205505372694,2.428339,2.4388585,-0.010519495483398256
30.0,2.0,40.0,290.0,8.5,60.0,2.4512055,2.4512153,-9.807980346554501e-06,3.6992195,3.6990576,0.00016186525573713695,0.7349934,0.72754455,0.007448848189544721
30.0,4.8,25.0,280.0,9.0,60.0,0.62339914,0.62286603,0.0005331084506225992,2.2989173,2.2982955,0.0006217935485839376,3.2899847,3.2844024,0.005582303063965011
30.0,5.0,40.0,170.0,9.0,55.0,1.5174683,1.5174677,6.332443236445329e-07,4.056826,4.0571237,-0.00029758534545898385,1.6146067,1.6177387,-0.0031319619094849482
30.0,5.0,35.0,270.0,9.0,55.0,0.9953902,0.99566716,-0.00027698322692870647,3.3312745,3.331754,-0.00047949057006846374,2.5632954,2.5633,-4.635620117099393e-06
30.0,4.8,40.0,50.0,9.0,60.0,1.5436047,1.5435557,4.903155975344298e-05,4.168687,4.1692314,-0.0005445332397462366,1.2217155,1.2272596,-0.005544149713134772
6.0,2.2,40.0,170.0,10.5,60.0,1.7557015,1.7584765,-0.0027749580993652323,0.9768064,0.9801369,-0.003330497793579079,0.10572851,0.102976084,0.002752423041931157
30.0,4.9,40.0,170.0,9.0,60.0,1.6697799,1.6718988,-0.0021189032638548877,4.0539117,4.0546484,-0.0007367140563960817,1.6185995,1.6239066,-0.005307065965270974
11.0,0.5,35.0,70.0,4.0,35.0,0.72537625,0.72620165,-0.0008254016403198561,0.91956615,0.9205396,-0.0009734455200195447,-0.23525643,-0.22805175,-0.007204683486938479
19.0,4.6,25.0,50.0,3.5,15.0,-0.530615,-0.5305743,-4.067211456293407e-05,1.1757827,1.1751564,0.0006262805114745085,1.597837,1.5945938,0.0032431712829590342
15.999999,2.8,30.0,210.0,9.0,30.0,0.13929868,0.13927379,2.4887444457999397e-05,1.3349819,1.3348774,0.00010451833496083474,1.0320575,1.0364331,-0.004375576272583004
9.0,2.4,30.0,240.0,6.5,60.0,0.89549875,0.89608216,-0.0005834074060058203,0.36968446,0.3688249,0.000859557778930653,1.05841,1.0631771,-0.004767051515197851
30.0,4.9,40.0,110.0,9.0,60.0,1.5909998,1.5912092,-0.00020935830993651372,4.112685,4.1122837,0.0004015035522462185,1.4528984,1.4524782,0.00042018314056391226
27.0,1.3,40.0,40.0,10.0,40.0,1.8350487,1.8364512,-0.0014025244628905753,3.4981132,3.4975333,0.0005798553649900562,-0.30672753,-0.30849963,0.0017721014279175051
30.0,3.9,25.0,210.0,9.0,40.0,0.2499752,0.2500476,-7.239553222654349e-05,2.3811011,2.3808243,0.0002768314392089799,2.3620584,2.3676305,-0.005572098892212107
26.0,2.6,35.0,240.0,11.0,20.0,0.3685634,0.36837956,0.0001838536199951224,3.0217247,3.0212712,0.00045350092773421835,0.85877013,0.8559807,0.002789432064819297
30.0,4.5,40.0,190.0,9.0,60.0,1.826096,1.8259423,0.00015375789184579602,4.0299373,4.029938,-7.326965327791868e-07,1.4704667,1.4711369,-0.0006701670211792798
27.0,2.4,40.0,300.0,10.0,60.0,2.3552487,2.3553243,-7.56103485106685e-05,3.5247462,3.525316,-0.0005698204193116396,0.91586715,0.91859823,-0.002731080170135458
30.0,2.9,40.0,280.0,9.0,60.0,2.3224826,2.322287,0.00019558590698220968,3.8481147,3.8481915,-7.677107238768244e-05,1.0308597,1.0285715,0.0022882087860107703
30.0,2.5,40.0,280.0,9.0,60.0,2.3828058,2.382795,1.082427978493783e-05,3.8055902,3.806042,-0.00045184725952163163,0.8911118,0.8886297,0.0024820911338806484
27.0,0.2,40.0,290.0,10.0,60.0,2.4357412,2.4353876,0.0003535861419678987,3.216258,3.2118528,0.0044052490112305165,0.4159689,0.41642052,-0.00045162504150392246
15.999999,4.9,25.0,280.0,9.0,60.0,0.30379057,0.3023228,0.0014677693054199192,0.83170414,0.83066154,0.0010425997094726247,2.649939,2.6493847,0.0005543602111814927
29.0,1.7,40.0,300.0,6.0,60.0,2.4656777,2.4656284,4.933818969732329e-05,3.3759937,3.3754911,0.0005026286376952349,0.4790551,0.48025852,-0.0012034133601379615
27.0,4.2,30.0,300.0,10.0,60.0,0.9692277,0.9691138,0.00011387162322995525,2.5072494,2.5064638,0.0007855553161619788,2.735385,2.7334058,0.001979141101074333
30.0,3.9,40.0,100.0,9.0,60.0,1.8708675,1.8706386,0.00022889076843268796,4.0944295,4.094401,2.8492950439051867e-05,0.92225564,0.9253645,-0.0031088647384643897
30.0,4.6,30.0,290.0,9.0,60.0,0.898768,0.89877677,-8.76224472046161e-06,2.7354455,2.735941,-0.0004955005798339407,2.9573846,2.952462,0.004922586334228374
30.0,3.8,35.0,300.0,8.5,60.0,1.5423332,1.5424852,-0.00015195472259521559,3.2120016,3.2120137,-1.2137881469698186e-05,2.0925446,2.094527,-0.0019824443359373056
30.0,5.0,40.0,250.00002,9.0,50.0,1.4495481,1.4482167,0.0013314252670288962,4.013085,4.0156255,-0.0025406115417476727,1.7583474,1.7567881,0.0015592920822142808
30.0,4.9,35.0,260.0,9.0,55.0,1.0191698,1.0196053,-0.00043549256591801644,3.3389459,3.339062,-0.00011613436889668094,2.477051,2.4818568,-0.0048057803314209835
27.0,2.1,40.0,280.0,10.0,30.0,1.3712955,1.3710531,0.00024235211792000833,3.639487,3.6406927,-0.0012056718780515396,0.26304471,0.26497382,-0.0019291050723266867
30.0,4.9,40.0,260.0,9.0,60.0,1.7933469,1.7929332,0.00041368186645507343,3.9684029,3.9681945,0.00020836254882805605,1.8829226,1.8810495,0.001873149383544881
30.0,4.7,40.0,20.0,7.0,50.0,1.2904631,1.2903498,0.00011328994293213768,4.0818853,4.0820074,-0.00012206217041033085,0.9673742,0.96125066,0.006123545589294399
30.0,1.9,40.0,300.0,7.5,60.0,2.4731798,2.4733214,-0.000141582800293083,3.605135,3.6048625,0.0002724639892579539,0.6583317,0.65709907,0.0012326222187805103
22.0,1.5,40.0,210.0,4.5,20.0,1.2811884,1.281837,-0.0006486312026976471,2.7840385,2.7847357,-0.000697156298828272,-0.4384898,-0.4353342,-0.0031555947311401322
19.0,4.1,25.0,30.0,3.5,60.0,-0.07478428,-0.07565966,0.0008753811303710973,1.2686671,1.2691183,-0.00045119813995353475,1.5040063,1.503646,0.00036026659393306737
28.0,0.5,25.0,280.0,7.0,40.0,0.64497674,0.64555824,-0.0005815048849486804,1.7348694,1.7326236,0.0022457609237671594,1.3159455,1.3128458,0.0030997060958861677
19.0,4.0,30.0,120.0,7.0,35.0,0.071082115,0.07081425,0.0002678651733398485,1.5852263,1.5853499,-0.0001236026214599395,1.4021899,1.408356,-0.00616614919281
30.0,3.6,40.0,130.0,9.0,60.0,1.9824378,1.9826038,-0.0001659509552001115,4.047977,4.048403,-0.00042602932739299604,0.8823277,0.8785716,0.0037560758193969646
30.0,3.2,40.0,240.0,9.0,60.0,2.2145658,2.2143664,0.00019935393676773216,3.9135442,3.9134164,0.00012777800903318592,1.0300611,1.0284257,0.0016354257553099494
9.0,2.8,40.0,10.0,3.5,60.0,1.0547267,1.0535394,0.0011873198562621923,1.1555421,1.1573633,-0.0018211647613526338,-0.45885313,-0.45935625,0.0005031244277954317
30.0,4.3,35.0,270.0,9.0,60.0,1.3710449,1.3709929,5.197419128410985e-05,3.2977493,3.297593,0.00015628092956543327,2.2782097,2.2777781,0.00043158627929695825
30.0,5.0,35.0,260.0,9.0,50.0,0.8336611,0.8335194,0.00014167940673825985,3.3606007,3.3601582,0.0004425099151612599,2.4574862,2.459551,-0.0020648473510740395
30.0,3.4,40.0,130.0,9.0,60.0,2.0261998,2.0261855,1.4317657470730438e-05,4.034228,4.0346584,-0.0004305519470211294,0.7968818,0.79460657,0.0022752249295043825
30.0,4.6,40.0,290.0,9.0,60.0,1.9302592,1.9298878,0.0003714277526856158,3.9360833,3.9359407,0.0001426168029783348,1.8110523,1.8080175,0.0030348223876952574
17.0,3.5,25.0,240.0,7.0,60.0,0.66537637,0.66550964,-0.00013327481521607787,0.95020914,0.95004505,0.0001640907775879441,1.8637573,1.8609054,0.0028518526931762267
5.0,4.3,30.0,40.0,10.5,45.0,-0.04679203,-0.047128856,0.0003368256655273405,0.14941001,0.14854917,0.0008608393841552653,1.0851617,1.0749025,0.010259185943603422
23.0,3.6,25.0,10.0,8.5,45.0,0.2553488,0.25528997,5.8831612854026716e-05,1.8176585,1.8173106,0.0003479435867308478,1.5243695,1.5238192,0.0005502782257080785
26.0,2.2,40.0,300.0,10.5,60.0,2.3586311,2.3574862,0.0011449340332032598,3.424349,3.4240053,0.00034376959533677365,0.8783349,0.87103474,0.007300139875183076
6.0,4.9,40.0,170.0,10.5,60.0,1.0157017,1.0129509,0.002750751573181054,0.6611519,0.65788114,0.0032707459863281496,0.984144,0.97470117,0.00944280239685058
26.0,2.2,35.0,300.0,10.5,60.0,1.7487595,1.7492486,-0.000489091867065472,2.8301146,2.8291776,0.0009370030426025799,1.5347507,1.5281228,0.006627899996948239
21.0,2.2,25.0,110.0,4.0,25.0,0.1514101,0.15188307,-0.00047296715576172765,1.400233,1.4004964,-0.00026336968078610745,0.9018923,0.90447795,-0.0025856455795287836
8.0,4.1,40.0,10.0,6.5,60.0,0.90588844,0.90298796,0.0029004782247924465,1.0147696,1.0134565,0.0013130541381836114,0.058214188,0.05363886,0.004575327622070316
30.0,1.3,40.0,300.0,9.0,55.0,2.3440888,2.3449638,-0.0008750071990966113,3.6475813,3.6455445,0.0020368388824461015,0.5277672,0.5257697,0.0019974813964843685
30.0,3.5,40.0,290.0,9.0,60.0,2.2203333,2.2199836,0.0003497377838135307,3.8879437,3.8880649,-0.00012115534057599575,1.2915894,1.2932945,-0.0017051206893921034
28.0,2.2,40.0,300.0,6.0,55.0,2.2525623,2.2527301,-0.00016781553039546537,3.3771214,3.375665,0.0014564485168455654,0.52696866,0.5261879,0.0007807579704284251
30.0,3.5,40.0,170.0,9.0,60.0,2.0585759,2.0586042,-2.8331393432612373e-05,4.0033913,4.0033364,5.4865869140385826e-05,0.9557951,0.9504374,0.005357709272003186
30.0,4.7,40.0,300.0,8.5,60.0,1.9106324,1.9112513,-0.000618928097534166,3.8926682,3.8929386,-0.0002703527770995251,1.8541746,1.8536301,0.0005445139526367715
30.0,3.6,40.0,170.0,9.0,60.0,2.0364027,2.036397,5.702331542956074e-06,4.010107,4.0099792,0.0001278404052733606,0.99412596,0.99285734,0.0012686222573852213
30.0,5.0,40.0,80.0,8.5,60.0,1.4894205,1.4897289,-0.0003083668197632061,4.1193066,4.119877,-0.0005704356689451018,1.3962007,1.3994334,-0.003232743109130798
24.0,2.8,40.0,219.99998,6.0,55.0,1.9308101,1.9318337,-0.001023606120300391,3.0345566,3.0333757,0.0011809272735594512,0.43034297,0.4352729,-0.004929927721405047
30.0,4.8,40.0,80.0,8.5,55.0,1.471269,1.4712995,-3.0488502502423742e-05,4.1045675,4.1043005,0.0002670277709961866,1.2440751,1.24807,-0.003994940109252942
30.0,4.8,35.0,80.0,8.5,40.0,0.5941245,0.59418356,-5.9064016876275716e-05,3.4096375,3.4103203,-0.0006828488281249712,1.7974768,1.797121,0.0003557684936523753
30.0,5.0,40.0,200.0,9.0,55.0,1.5469965,1.547261,-0.00026452573394775136,4.0336266,4.0345125,-0.000885943603515571,1.6956605,1.6980736,-0.0024131280838013414
9.0,2.1,35.0,260.0,5.0,60.0,1.3087307,1.3091589,-0.0004281785263060556,0.51738954,0.5171611,0.00022843590393062385,0.59205127,0.5919086,0.00014266762390136023
10.0,4.9,30.0,40.0,4.5,55.0,-0.33607793,-0.33737245,0.00129452145690917,0.39707017,0.39689833,0.00017183944885251767,1.3470893,1.3460337,0.0010555906188964848
10.0,2.3,25.0,40.0,5.5,20.0,-0.058932543,-0.058389015,-0.0005435278009033179,0.40433145,0.40452993,-0.00019848430603025546,0.46188605,0.4639535,-0.0020674516830444523
12.0,4.4,30.0,100.0,5.5,20.0,-0.44446218,-0.44480515,0.00034296986236570515,0.6561279,0.6557412,0.00038672968749997594,1.1163056,1.1185867,-0.0022811103240967245
30.0,4.9,40.0,250.00002,9.0,60.0,1.7797234,1.779485,0.00023840583801271187,3.9782295,3.9778006,0.00042892270507799424,1.853376,1.8524781,0.0008979309219361298
30.0,4.7,40.0,10.0,9.0,30.0,1.1357028,1.1362513,-0.0005484515655518329,4.02438,4.021367,0.0030132070617678863,0.8747413,0.86720145,0.007539865841674764
30.0,4.7,35.0,300.0,8.5,60.0,1.2902097,1.2901403,6.935099334715034e-05,3.2436912,3.2429385,0.0007527059783933865,2.525763,2.5314076,-0.00564456517944345
24.0,5.0,40.0,120.0,5.0,30.0,0.76765996,0.76792735,-0.00026738782272339723,3.1378453,3.1380548,-0.0002095222137450392,0.9106765,0.9147512,-0.004074720660400377
10.0,3.2,30.0,160.0,5.5,40.0,0.18896377,0.18898627,-2.249913360596878e-05,0.5151706,0.51501954,0.00015103418823236847,0.85996795,0.86186975,-0.001901802993774404
30.0,5.0,40.0,130.0,8.5,60.0,1.563233,1.5630047,0.00022831792144772933,4.068875,4.0687685,0.00010633596801756795,1.5395421,1.5393349,0.0002071789718627315
30.0,2.1,40.0,290.0,8.5,60.0,2.4410918,2.4415026,-0.0004108241058351503,3.7127032,3.712573,0.00013022799682627095,0.7609466,0.75684494,0.004101631826934793
30.0,4.0,40.0,290.0,9.0,60.0,2.1000051,2.1006167,-0.0006115501586911876,3.9171648,3.916699,0.0004658025512696007,1.5131897,1.5141399,-0.0009502265762328932
23.0,2.3,40.0,70.0,9.5,60.0,1.9875896,1.9889395,-0.0013499022979737152,3.192677,3.1937776,-0.0011005789733888882,0.087760925,0.08938849,-0.001627564707031251
1.0,4.9,30.0,70.0,4.5,10.0,-0.9185909,-0.9192171,0.0006261967178344818,-0.44402814,-0.44452888,0.0005007408856201323,0.92624843,0.93394583,-0.007697398794250465
30.0,4.9,40.0,20.0,7.0,55.0,1.2791878,1.2786279,0.0005598985000609957,4.1055684,4.105771,-0.00020259103393538425,1.0979387,1.0947491,0.0031895568069457703
30.0,4.9,40.0,10.0,9.0,55.0,1.3928578,1.3924406,0.0004171899932861045,4.1742754,4.1774855,-0.0032101017456058756,1.1402624,1.134621,0.005641365341186422
30.0,4.5,40.0,10.0,7.0,50.0,1.3412778,1.3410163,0.0002615377532959595,4.0859404,4.086273,-0.0003326389770510474,0.84040326,0.83542275,0.0049805088005066
27.0,2.2,40.0,300.0,10.0,60.0,2.3809016,2.3802657,0.0006358750885011588,3.5053186,3.5052207,9.794166259746717e-05,0.86795354,0.85815793,0.009795608894653363
30.0,4.7,40.0,20.0,8.5,60.0,1.5006244,1.5009065,-0.00028208174133292907,4.1793694,4.1791453,0.0002241496154784528,1.075579,1.0701817,0.005397347203063951
30.0,4.7,40.0,170.0,9.0,60.0,1.7375252,1.737138,0.00038722468566887436,4.0527287,4.0528154,-8.674704589850535e-05,1.5199775,1.5172014,0.002776050370788541
15.0,3.3,30.0,100.0,7.5,60.0,0.59806556,0.59808517,-1.961490432744739e-05,1.1823531,1.1828476,-0.0004944610763550905,1.1977587,1.1858327,0.01192597462158207
9.0,2.8,30.0,190.0,6.0,25.0,-0.034707546,-0.034586474,-0.00012107223413086038,0.5001421,0.49966866,0.00047343747314454454,0.6323785,0.6316448,0.0007337185813903746
19.0,0.3,35.0,180.0,3.0,40.0,1.0335729,1.0338936,-0.0003206877838135558,1.6285547,1.6280278,0.0005269018051148322,0.049430013,0.04678697,0.0026430427029418974
23.0,2.5,30.0,100.0,9.5,55.0,0.9110557,0.9116888,-0.0006331159103393214,2.1588016,2.1589453,-0.0001437443664551452,1.2612442,1.257652,0.0035921778182983477
30.0,3.9,40.0,260.0,9.0,60.0,2.085796,2.085811,-1.4882217407308218e-05,3.9409132,3.9407063,0.00020690037841797349,1.3818266,1.3825073,-0.0006806608245850665
21.0,2.5,25.0,30.0,3.0,20.0,0.05627632,0.05693166,-0.0006553385888671895,1.4078957,1.4073678,0.0005278842422484775,0.8791334,0.8806038,-0.001470396698761034
13.0,3.5,35.0,100.0,5.0,60.0,0.7398939,0.73942536,0.00046855326904293726,1.144487,1.1446428,-0.00015577664642330014,0.69626325,0.6911062,0.005157053688812252
1.0,3.2,35.0,210.0,5.5,50.0,0.63355166,0.6334995,5.215719985962597e-05,-0.06406236,-0.06484684,0.0007844830511474638,0.5708894,0.5721288,-0.001239386643218987
15.999999,2.3,25.0,260.0,10.0,15.0,-0.47681248,-0.47753444,0.0007219581198120162,1.1868331,1.1869024,-6.925676574698336e-05,0.9689714,0.9720449,-0.0030735283493041887
30.0,3.0,40.0,270.0,9.0,60.0,2.291482,2.2916293,-0.00014732825927721294,3.86728,3.8671894,9.060640869140713e-05,1.0344532,1.0371721,-0.002718946389770549
30.0,4.6,35.0,260.0,9.0,60.0,1.268544,1.2684319,0.00011205866394048414,3.3147476,3.3147588,-1.1228054809464538e-05,2.3975945,2.400081,-0.002486548095703256
27.0,1.7,40.0,300.0,10.0,60.0,2.4276254,2.4280415,-0.00041608229064937774,3.4476593,3.4469655,0.0006937540740965531,0.7250114,0.7223631,0.002648308329009974
28.0,1.3,40.0,300.0,8.0,60.0,2.4689174,2.469421,-0.0005036301574707913,3.357288,3.356164,0.0011238837585447747,0.5109975,0.5071293,0.003868174193572993
30.0,1.3,40.0,300.0,7.5,60.0,2.509204,2.5091066,9.731082763675403e-05,3.511299,3.5114014,-0.00010250511779785754,0.5006162,0.5049126,-0.004296407182312056
30.0,2.5,40.0,300.0,8.0,60.0,2.4081697,2.4082632,-9.345360107415601e-05,3.7168646,3.7168307,3.38858764648009e-05,0.8751406,0.8757726,-0.0006319926429748657
2.0,3.0,25.0,10.0,5.5,60.0,0.04938662,0.04967749,-0.0002908694784545876,0.021109581,0.023033425,-0.001923844006347656,0.5752815,0.577862,-0.002580499183654772
24.0,2.6,35.0,10.0,4.5,50.0,0.87428784,0.8737973,0.0004905437042236338,2.6278894,2.6284966,-0.0006072052398682359,0.46228534,0.46496445,-0.0026791101676940654
26.0,2.1,25.0,290.0,11.0,25.0,-0.06917322,-0.06973243,0.0005592131802368144,2.1136017,2.113222,0.0003796845703125662,1.5559126,1.5580955,-0.0021828861312866987
5.0,4.7,40.0,140.0,10.5,55.0,0.91486156,0.91426706,0.0005944998678588664,0.5940299,0.59333616,0.000693743411865233,0.7154287,0.72104645,-0.005617740016174322
30.0,4.8,35.0,150.0,9.0,60.0,1.056709,1.0569274,-0.00021834886779781293,3.4235206,3.4231725,0.00034806503295881086,2.1951594,2.1907516,0.004407835272216776
15.0,5.0,35.0,80.0,7.5,55.0,0.3286271,0.32756424,0.0010628695275878841,1.4067103,1.4064314,0.0002788670669555682,1.4057834,1.4064978,-0.000714385159301667
8.0,3.1,30.0,70.0,4.0,15.0,-0.18318164,-0.18327433,9.268651397706384e-05,0.33537054,0.33451566,0.0008548806188964919,0.44910908,0.456094,-0.006984922546386718
30.0,1.4,30.0,290.0,8.0,50.0,1.1471566,1.1477149,-0.0005583038162231269,2.4362593,2.434966,0.001293269714355283,1.5211753,1.5225891,-0.0014138346878052044
30.0,4.9,40.0,140.0,9.0,60.0,1.63168,1.6315539,0.00012611174926768776,4.083441,4.083466,-2.521936035115857e-05,1.5359486,1.5381924,-0.0022437658523559723
30.0,4.6,40.0,240.0,9.0,60.0,1.8631036,1.8626463,0.00045732815856935893,3.9841518,3.9839702,0.00018164020996103147,1.6665131,1.6651603,0.0013527853652954835
22.0,1.9,35.0,80.0,5.0,50.0,1.0625324,1.0625414,-8.97507324215674e-06,2.2858753,2.2862325,-0.00035717956542979934,0.36446178,0.36688817,-0.0024263904055786267
11.0,3.5,35.0,120.0,5.0,25.0,0.21901572,0.21896738,4.833750640870216e-05,0.90655017,0.9064568,9.336899108891572e-05,0.4235552,0.42133433,0.002220865331573507
19.0,3.0,35.0,60.0,4.0,15.0,0.4282397,0.428388,-0.0001482968215942293,1.9265418,1.9270214,-0.00047959473266612207,0.35128558,0.35744825,-0.006162673179626488
3.0,1.5,30.0,230.0,6.0,30.0,0.20077527,0.20119123,-0.0004159643063354479,0.13467741,0.135412,-0.0007345898742675827,0.38881785,0.38673013,0.0020877167750549264
30.0,3.4,40.0,90.0,9.0,60.0,1.9723787,1.9723926,-1.3869226074270102e-05,4.072845,4.073082,-0.0002370178527835165,0.68548274,0.68032086,0.0051618804022216525
14.0,3.5,40.0,150.0,4.0,60.0,1.4116797,1.4104786,0.0012011447204589576,1.5776196,1.5783488,-0.0007292473876954197,0.19516718,0.19213958,0.0030276038760375934
29.0,0.5,30.0,40.0,6.0,50.0,0.82046294,0.8204988,-3.585787658688666e-05,2.315858,2.3150399,0.0008179872680664779,0.67470217,0.6632738,0.011428367510986304
13.0,0.8,40.0,240.0,5.0,60.0,2.015493,2.0173674,-0.0018744838928221874,1.3590052,1.3594843,-0.0004790872161866133,-0.18694353,-0.18586323,-0.0010803010363769627
1.0,1.6,35.0,240.0,5.5,45.0,0.86411905,0.8644423,-0.0003232471130371062,0.10258365,0.10314369,-0.000560043225708004,0.2486707,0.25192052,-0.003249822787780743
26.0,2.9,40.0,300.0,11.0,60.0,2.2545276,2.2547522,-0.00022463118286131234,3.5161407,3.515902,0.00023869938659659695,1.1394638,1.1299264,0.009537382310485842
15.999999,4.8,30.0,300.0,10.0,60.0,0.5218461,0.52066815,0.0011779655891418495,1.1495825,1.1484965,0.0010860052261352227,2.5405364,2.5455072,-0.0049707963439939995
29.0,0.8,30.0,100.0,6.0,60.0,1.0573547,1.0566264,0.000728288644409103,2.320795,2.3214314,-0.0006363407958982492,0.92225564,0.9169368,0.005318835261535648
24.0,2.9,40.0,280.0,4.0,60.0,2.1423979,2.142451,-5.311944580066452e-05,2.8003092,2.8008273,-0.0005181187866210024,0.5477312,0.54299754,0.004733680722198486
18.0,3.0,30.0,170.0,3.0,10.0,-0.079950094,-0.08025852,0.0003084257769775389,1.4448602,1.4438144,0.0010458199554443937,0.7381877,0.74078214,-0.002594469292297341
30.0,3.0,40.0,170.0,9.0,60.0,2.1571846,2.1571467,3.7900830077930436e-05,3.963182,3.9632485,-6.652749633806465e-05,0.75375956,0.7514578,0.00230176296920781
18.0,3.0,30.0,280.0,3.0,10.0,-0.16057158,-0.1599137,-0.0006578751647949299,1.4826834,1.4844549,-0.0017714798187256076,0.7845041,0.77979696,0.004707155581512468
30.0,5.0,35.0,150.0,9.0,55.0,0.8763462,0.87649477,-0.00014859909774778135,3.4224412,3.4221973,0.00024394412536610233,2.2426739,2.24196,0.0007138739013670126
29.0,4.9,35.0,150.0,5.5,55.0,0.77883124,0.77884156,-1.0316484985395391e-05,3.147012,3.147595,-0.0005830046844481629,1.9775519,1.9805671,-0.0030151628967285404
30.0,3.0,40.0,240.0,9.0,60.0,2.251366,2.2512846,8.130003967288246e-05,3.8961492,3.896007,0.00014215847778320523,0.951403,0.95145786,-5.4838187561023766e-05
30.0,4.8,40.0,110.0,8.5,55.0,1.5031121,1.5047133,-0.001601222286987225,4.0797367,4.0798426,-0.00010589040527353433,1.3239311,1.3266315,-0.0027004020156859987
30.0,4.8,40.0,60.0,9.0,60.0,1.5562931,1.557004,-0.000710870079040582,4.1601925,4.1596255,0.0005669896240236838,1.2556542,1.255831,-0.0001767841873168141
2.0,4.8,40.0,110.0,5.5,55.0,0.58925104,0.58813095,0.0011200914123534744,0.079214334,0.07764709,0.0015672444879150371,0.4215588,0.42495683,-0.003398032640533455
18.0,3.4,30.0,200.0,5.0,55.0,0.64061546,0.64119285,-0.0005773867431640989,1.2982079,1.2980182,0.00018967906646727428,1.4053841,1.4008507,0.004533363720703232
24.0,4.8,40.0,110.0,5.0,55.0,1.1910218,1.1899685,0.0010533000411987459,3.1300209,3.130812,-0.0007911431427003457,0.9705684,0.97722024,-0.006651821497192345
30.0,4.9,40.0,20.0,8.5,55.0,1.3714831,1.3714356,4.7487539672763646e-05,4.1552486,4.153904,0.0013446419677736188,1.1438558,1.1447368,-0.0008809898345947254
15.0,4.5,40.0,110.0,6.0,15.0,0.43490213,0.43450227,0.00039986155746457586,1.8103081,1.8099004,0.00040769879302970935,0.2698325,0.26758656,0.002245931874694851
29.0,0.1,40.0,100.0,4.0,55.0,1.8982867,1.8979355,0.00035120024871826416,3.2691317,3.267513,0.0016186604614256694,-0.44088542,-0.44448292,0.003597495386047367
29.0,3.8,30.0,280.0,5.0,60.0,1.0621715,1.0621756,-4.140802001950661e-06,2.3623824,2.3623579,2.451195678698781e-05,2.240278,2.231684,0.008594005599975585
30.0,4.9,40.0,280.0,9.0,60.0,1.8196411,1.8198297,-0.00018858671875010558,3.948609,3.948983,-0.0003738863067628273,1.934829,1.9381924,-0.003363403341674731
30.0,4.9,35.0,300.0,9.0,50.0,0.89241636,0.8930438,-0.0006274420059204644,3.3391004,3.338057,0.0010433608703612762,2.5010078,2.5048273,-0.003819504666137785
30.0,4.7,35.0,230.0,9.0,60.0,1.1968765,1.1967167,0.0001598258789061724,3.345237,3.34518,5.7016677856402964e-05,2.3680477,2.3664076,0.001640114233398382
9.0,1.0,30.0,20.0,6.5,60.0,0.6283115,0.6288288,-0.0005172851455688132,0.66232276,0.6638133,-0.001490540371704152,0.25545847,0.25642127,-0.0009627958407592563
27.0,4.5,40.0,50.0,9.5,60.0,1.5849208,1.5855253,-0.0006045360305786396,3.8132777,3.815426,-0.0021482785949706873,1.0057051,1.000382,0.005323118179321185
6.0,4.1,35.0,160.0,10.5,60.0,0.7435894,0.7434571,0.00013230124511720565,0.47740126,0.47697634,0.0004249165612792982,1.1698091,1.1732348,-0.00342569698791495
30.0,3.6,25.0,300.0,9.0,60.0,0.9814545,0.9812245,0.00022999161529535517,2.2356153,2.2351022,0.0005130534484862892,2.765331,2.7642858,0.0010452298919676473
30.0,4.6,40.0,20.0,9.0,45.0,1.3631121,1.3633754,-0.00026330798187257365,4.110133,4.108936,0.001197171081543047,0.9350326,0.9347811,0.00025150612487789825
30.0,4.6,40.0,20.0,7.5,45.0,1.2924935,1.2919961,0.0004973625625610545,4.0699224,4.0710883,-0.0011658527954105935,0.89829886,0.89550763,0.0027912295962524425
30.0,3.8,25.0,300.0,9.0,60.0,0.9344212,0.9343106,0.00011058167877198155,2.2474685,2.2470138,0.0004546715270996593,2.8527732,2.8517492,0.0010239895446777503
30.0,5.0,40.0,280.0,9.0,45.0,1.3081353,1.3082068,-7.152892761230767e-05,4.023407,4.0242267,-0.0008197175781248234,1.7543546,1.7511871,0.0031674961380003808
30.0,4.1,40.0,10.0,8.5,55.0,1.6015013,1.6012641,0.00023724563446037017,4.143532,4.143731,-0.00019920068359358112,0.7150294,0.7127187,0.0023107184684753035
30.0,4.1,40.0,30.0,9.0,60.0,1.7230607,1.7245891,-0.0015283728805541852,4.1710505,4.170805,0.0002455485534671453,0.82323426,0.8180759,0.005158360082244906
30.0,5.0,35.0,280.0,9.0,50.0,0.846251,0.84634703,-9.601910522460955e-05,3.3492303,3.3492222,8.089459228699525e-06,2.508195,2.5095215,-0.0013265765991210543
28.0,4.1,25.0,30.0,6.5,60.0,0.2955848,0.29438636,0.001198437859191881,2.2759035,2.278104,-0.002200536636352446,2.0382426,2.0354156,0.002826978506469846
30.0,4.2,30.0,300.0,8.5,60.0,1.0288827,1.0286617,0.00022104192810057377,2.680327,2.6803393,-1.2361370849589548e-05,2.74377,2.7466168,-0.002846915890502899
30.0,3.3,40.0,170.0,9.0,60.0,2.1008039,2.1005201,0.00028375208129904905,3.9886487,3.9886754,-2.6746969604474202e-05,0.86635643,0.8682215,-0.0018650675621032509
30.0,3.5,40.0,300.0,9.0,55.0,2.0676093,2.067146,0.00046331015014633437,3.9076364,3.9076023,3.4104037475390925e-05,1.2416794,1.2377231,0.003956330007934605
30.0,3.5,40.0,210.0,9.0,55.0,1.9774525,1.9777668,-0.00031428344421380316,3.9751308,3.9754345,-0.00030370356750486494,0.99652165,0.99671817,-0.0001965182551574296
10.0,3.5,40.0,300.0,5.0,55.0,1.5521581,1.5525262,-0.0003680827056884439,0.90456986,0.90384746,0.0007224042730712421,0.44711268,0.44436872,0.002743959481506353
30.0,3.6,40.0,70.0,9.0,60.0,1.9021909,1.9019141,0.0002768236907959576,4.1052465,4.1060386,-0.0007920561157224171,0.7074431,0.70714307,0.0003000480953979645
30.0,5.0,40.0,290.0,9.0,45.0,1.311757,1.3111033,0.0006536684982298979,4.017421,4.0208273,-0.0034065312622066912,1.7795093,1.7743791,0.005130205953979505
30.0,4.8,35.0,180.0,9.0,60.0,1.097523,1.0972722,0.0002507740142823067,3.3944662,3.3943548,0.00011136172790537913,2.2794075,2.276466,0.0029415012207030244
19.0,3.8,35.0,150.0,3.0,40.0,0.5663563,0.56566614,0.0006901613076781832,1.8290503,1.8291878,-0.0001374974945067553,0.8635615,0.8668193,-0.0032577889602660726
29.0,4.9,40.0,290.0,5.0,45.0,1.386577,1.3873007,-0.0007236898452758211,3.6681826,3.6668463,0.0013363114654540986,1.4548948,1.456176,-0.0012812188873290165
21.0,1.0,35.0,70.0,3.0,20.0,0.7450148,0.745668,-0.0006532132797241186,2.0381842,2.038478,-0.00029383404541016844,-0.067958236,-0.06312668,-0.004831555740661617
30.0,4.6,40.0,50.0,9.0,60.0,1.6071712,1.6071291,4.207786407461889e-05,4.1660204,4.1664824,-0.000462006628417555,1.1274854,1.1223032,0.005182194477844293
30.0,5.0,40.0,160.0,9.0,50.0,1.390261,1.3904924,-0.00023134596099860794,4.064478,4.0648375,-0.00035957946777376293,1.5347507,1.5319211,0.0028295999969483177
30.0,5.0,40.0,160.0,9.0,55.0,1.5070829,1.5075366,-0.00045366085205067463,4.0647917,4.06466,0.000131679382324279,1.5910492,1.5909604,8.87943359375587e-05
30.0,4.5,40.0,50.0,9.0,60.0,1.6379956,1.6376665,0.00032910070037850403,4.163883,4.164421,-0.0005377907714843033,1.0703884,1.0711371,-0.0007486636825562165
30.0,4.9,40.0,230.0,9.0,60.0,1.752552,1.7525883,-3.626752929686283e-05,3.9967122,3.9970126,-0.0003003922058106845,1.7922862,1.7953352,-0.0030490423919677934
30.0,5.0,40.0,240.0,8.5,60.0,1.7244915,1.7242117,0.0002797770126343746,3.9565883,3.9563303,0.0002579682800294414,1.8465883,1.8471181,-0.0005298460250855452
30.0,4.9,40.0,120.0,9.0,60.0,1.6047897,1.6046574,0.00013233388671873847,4.1024375,4.1026773,-0.00023980381469712597,1.4792509,1.4810495,-0.001798592102050689
30.0,4.5,35.0,240.0,8.5,60.0,1.2640457,1.264117,-7.128466796868516e-05,3.3012094,3.3006036,0.0006058497680663244,2.2526557,2.2603188,-0.007663055447387546
30.0,4.9,40.0,160.0,9.0,60.0,1.6585442,1.6584504,9.37827774047939e-05,4.064284,4.064254,2.9847808837857315e-05,1.5970384,1.5953352,0.0017031882522582364
29.0,4.8,35.0,80.0,4.5,20.0,0.238513,0.23871395,-0.00020095714111328933,3.1847203,3.1845145,0.00020577778625474608,1.5259666,1.5279356,-0.0019689557128905744
30.0,4.5,40.0,130.0,9.0,60.0,1.7455908,1.7452526,0.00033820600738532214,4.087846,4.087574,0.00027180230712886555,1.3091577,1.2997085,0.009449229148864813
27.0,4.9,40.0,70.0,9.0,15.0,0.68338346,0.6831833,0.000200164813232373,3.605812,3.606827,-0.0010149272460937553,0.85437804,0.8560358,-0.0016577553947448864
29.0,4.6,30.0,130.0,6.0,55.0,0.45066434,0.4502468,0.00041754144973754626,2.656222,2.6567867,-0.0005645949737549394,2.2726197,2.262466,0.010153724273681775
27.0,2.0,40.0,300.0,10.0,60.0,2.4013877,2.401875,-0.00048730850219724786,3.483615,3.4832928,0.00032212156982414086,0.800076,0.801216,-0.0011399921569824611
27.0,1.0,40.0,300.0,10.0,60.0,2.4591627,2.4599428,-0.0007800879028319052,3.348447,3.3461664,0.0022806844268798976,0.5645009,0.5689852,-0.0044842720748901055
30.0,4.8,40.0,140.0,8.5,50.0,1.4323388,1.4316887,0.0006501338088988895,4.053109,4.053138,-2.8830993652029235e-05,1.3502835,1.3515255,-0.0012419964675902673
30.0,4.0,40.0,20.0,9.0,60.0,1.7372937,1.7375133,-0.00021957975463871016,4.1759076,4.176059,-0.0001513881530765815,0.7453747,0.7427114,0.002663279565429666
17.0,1.8,35.0,70.0,5.5,50.0,0.97420377,0.9736806,0.0005231653923034596,1.7087375,1.7092464,-0.0005089074386597225,0.20115638,0.2086306,-0.007474222207641601
1.0,0.7,35.0,180.0,4.0,55.0,1.0378222,1.0383713,-0.0005490534484864362,0.08168006,0.08237415,-0.0006940905670165948,0.07139039,0.076831505,-0.00544111460388183
17.0,1.8,35.0,20.0,5.5,50.0,0.89927244,0.8993703,-9.785813598628401e-05,1.7577558,1.7581381,-0.00038234362182620885,0.107724905,0.10439415,0.003330755014038081
30.0,2.2,40.0,300.0,7.5,60.0,2.4440453,2.4441836,-0.00013829474792492746,3.645561,3.6454084,0.00015257984313965522,0.74617326,0.74500006,0.0011732025961304071
5.0,1.2,25.0,300.0,8.5,15.0,-0.46451914,-0.46429697,-0.00022217310455324712,0.3482132,0.34912157,-0.0009083741992187422,0.47027093,0.4666663,0.0036046317207336642
29.0,2.3,40.0,300.0,5.5,60.0,2.4083362,2.4077861,0.0005500625671386317,3.4173732,3.4183125,-0.0009393196105955681,0.62519145,0.61590296,0.009288490119018555
19.0,2.2,30.0,170.0,6.5,10.0,-0.061061263,-0.060956597,-0.00010466608441161984,1.6086468,1.6089818,-0.0003350495498657402,0.6068246,0.6075482,-0.0007236231452941722
29.0,2.3,25.0,280.0,5.5,60.0,1.1430987,1.1436484,-0.0005496880325317477,1.8389447,1.8375244,0.0014202735382080611,1.9531959,1.9515187,0.0016772295272826643
30.0,4.9,40.0,80.0,8.0,55.0,1.4143777,1.4145687,-0.00019101063842774657,4.0852714,4.085249,2.2358489990104147e-05,1.2931865,1.2816505,0.011536045372009252
30.0,4.0,40.0,30.0,9.0,60.0,1.7508919,1.7509613,-6.937609558099744e-05,4.166296,4.166453,-0.00015699475097630256,0.7745221,0.7712829,0.0032392257209777897
30.0,4.6,40.0,20.0,8.5,50.0,1.4026996,1.4038138,-0.0011142102706909185,4.1243663,4.123394,0.0009722834167478211,0.9533994,0.9538402,-0.0004407802154541285
30.0,4.9,40.0,219.99998,8.0,45.0,1.3259864,1.3253863,0.0006000853454590782,3.9937146,3.99453,-0.0008154290008546283,1.5020099,1.5075423,-0.005532431378173719
29.0,4.6,40.0,20.0,5.0,50.0,1.1857215,1.1849211,0.0008004166091919451,3.9035413,3.9055848,-0.002043473477173041,0.8184429,0.8198441,-0.0014012188926696423
30.0,3.1,40.0,300.0,8.0,60.0,2.3123972,2.312503,-0.00010575840759274868,3.7771573,3.7773056,-0.00014829332885746282,1.0847625,1.0909332,-0.006170745967102098
30.0,4.6,30.0,270.0,9.0,60.0,0.87219906,0.8718802,0.00031885853271484965,2.7551403,2.7551527,-1.239543457032255e-05,2.8915033,2.895319,-0.0038156659545900418
30.0,4.4,35.0,240.0,9.0,60.0,1.3018482,1.3017769,7.127314147958863e-05,3.3290513,3.329389,-0.00033774382019036153,2.2418752,2.24148,0.00039517166137681414
30.0,2.7,40.0,270.0,9.0,60.0,2.3407104,2.3407588,-4.8398464965959676e-05,3.8375928,3.8376393,-4.645980529804916e-05,0.92744625,0.92828,-0.0008337538528442323
29.0,4.6,30.0,270.0,6.0,50.0,0.5559259,0.55635524,-0.00042933429550173763,2.5337815,2.532767,0.001014528472900178,2.5189753,2.519658,-0.0006827421264650191
30.0,4.8,30.0,250.00002,9.0,60.0,0.7816765,0.7814102,0.0002662712333678652,2.7771907,2.7771132,7.74852722167374e-05,2.9489996,2.9431326,0.005867043325805454
30.0,5.0,40.0,60.0,8.5,35.0,1.0685436,1.0689162,-0.000372646647644137,4.0467095,4.04633,0.0003795375061033113,1.1498451,1.1468595,0.0029856232910157043
30.0,4.8,35.0,200.0,9.0,60.0,1.1243327,1.1241688,0.00016386639709464745,3.375146,3.375143,2.912170410152015e-06,2.3369038,2.3336086,0.003295210501098822
30.0,4.8,35.0,250.00002,9.0,60.0,1.1915386,1.1914102,0.00012837231140139238,3.3270407,3.3271134,-7.272769775390486e-05,2.481443,2.476466,0.00497692831420915
29.0,2.5,40.0,300.0,6.0,60.0,2.383334,2.3827941,0.0005398214324952022,3.4744673,3.4755878,-0.0011205224731445362,0.7186229,0.7147815,0.0038414228973389086
30.0,5.0,30.0,300.0,9.0,55.0,0.6155403,0.6154602,8.012564163206726e-05,2.7592657,2.759143,0.00012266123962412223,3.1091108,3.1103015,-0.0011906677856443615
30.0,4.9,40.0,100.0,9.0,60.0,1.577549,1.5777607,-0.00021171928710939092,4.121941,4.1218896,5.1489630126688724e-05,1.4197582,1.4239067,-0.004148499354553303
30.0,5.0,35.0,290.0,8.5,60.0,1.1767385,1.1763766,0.00036190059509277894,3.255129,3.255222,-9.290110778792382e-05,2.6607196,2.6647975,-0.00407786689758316
1.0,3.0,40.0,120.0,4.0,60.0,1.1669583,1.1661332,0.0008251320617675972,0.22057033,0.22109494,-0.0005246141485595601,-0.19652629,-0.1900975,-0.006428788986206052
18.0,0.5,30.0,60.0,6.0,30.0,0.45235348,0.45286274,-0.0005092625219726421,1.3226634,1.3225435,0.00011992639923086301,0.29578567,0.30083948,-0.0050538144879150315
30.0,2.2,40.0,300.0,7.0,60.0,2.4433904,2.4434693,-7.893058471664105e-05,3.6105757,3.6104085,0.00016717596435533721,0.7118352,0.7100001,0.0018351055549621353
29.0,2.1,40.0,300.0,5.0,60.0,2.4294958,2.4294467,4.911146240216269e-05,3.360273,3.3592052,0.0010676843688965931,0.5221773,0.52052295,0.0016543289955138762
27.0,4.2,40.0,300.0,10.0,60.0,1.9814503,1.9809145,0.0005358192901612213,3.6219227,3.6237056,-0.0017828686004639493,1.6253872,1.6199958,0.005391391772460841
30.0,2.1,40.0,300.0,7.5,60.0,2.4545426,2.454729,-0.00018636312866204818,3.6324263,3.6323512,7.506190185546657e-05,0.713033,0.7148252,-0.0017921795036316412
30.0,4.7,35.0,290.0,9.0,60.0,1.277369,1.2774063,-3.727763061522893e-05,3.2876904,3.2875443,0.0001461010772705329,2.536943,2.5378363,-0.0008933411682128245
30.0,4.4,40.0,20.0,8.0,55.0,1.4973197,1.4973512,-3.150166625975892e-05,4.130334,4.129842,0.0004919004516601433,0.8687521,0.8678702,0.0008819219253539679
30.0,5.0,40.0,219.99998,9.0,45.0,1.290244,1.2908275,-0.0005835167312622236,4.0448003,4.0446205,0.0001797815246584733,1.6118118,1.6120343,-0.00022254291229240053
30.0,4.9,40.0,219.99998,9.0,60.0,1.7395797,1.73914,0.0004396775817872012,4.007253,4.0066185,0.0006346700134276517,1.7595453,1.7667637,-0.007218373767089892
30.0,4.9,35.0,219.99998,9.0,60.0,1.1180009,1.118029,-2.813501739495905e-05,3.356585,3.3566184,-3.337421264637541e-05,2.4423137,2.4445417,-0.0022280288879392707
30.0,4.4,40.0,40.0,8.0,55.0,1.5220133,1.5220408,-2.7493382263266142e-05,4.112297,4.112305,-7.941894531349192e-06,0.92704695,0.91906226,0.0079846946318054
30.0,5.0,40.0,10.0,8.5,10.0,0.77826136,0.7799999,-0.0017385364936828296,3.9089174,3.9,0.00891742706298837,0.887119,0.8999999,-0.012880904810333216
30.0,4.9,40.0,70.0,9.0,10.0,0.6815078,0.68352437,-0.0020165441485595625,3.9711058,3.9662738,0.0048320139801023565,0.8990974,0.90917766,-0.010080276977691649
30.0,4.9,40.0,10.0,9.0,10.0,0.8127843,0.8138692,-0.001084885844421346,3.9072592,3.8997712,0.007488025845336921,0.84239966,0.8453353,-0.0029356432273864863
30.0,4.9,35.0,70.0,9.0,10.0,0.06335783,0.06241326,0.0009445700476074237,3.316684,3.316274,0.00041000764465337625,1.5898514,1.5869555,0.0028958793945312866
1.0,5.0,30.0,170.0,4.5,10.0,-1.068556,-1.0682375,-0.0003184511184692873,-0.41135764,-0.41133004,-2.7601220092765555e-05,1.0244713,1.0295676,-0.005096317041015652
30.0,3.1,40.0,230.0,9.0,60.0,2.2197635,2.2197938,-3.0282620239407976e-05,3.9146323,3.9145465,8.58204040525834e-05,0.9637807,0.9609332,0.0028475011604308653
30.0,4.4,40.0,50.0,9.0,60.0,1.6674075,1.6673708,3.671266479488011e-05,4.1614103,4.161901,-0.0004906682739260759,1.0196799,1.0208455,-0.001165596015930248
30.0,4.9,35.0,210.0,9.0,55.0,0.96980464,0.96995014,-0.00014549541534425448,3.3769777,3.3767467,0.000230982113647471,2.3464866,2.3479652,-0.0014786315490722401
30.0,5.0,30.0,300.0,9.0,45.0,0.28292513,0.28288883,3.62989367675981e-05,2.81842,2.8174288,0.0009911333190917304,2.9334278,2.942016,-0.008588189331054874
30.0,4.3,40.0,300.0,8.5,60.0,2.031619,2.0317345,-0.00011542803955100212,3.8829281,3.8837757,-0.0008475669891359061,1.6537361,1.6507146,0.003021514501953204
30.0,2.3,40.0,300.0,8.0,60.0,2.433536,2.4335194,1.6652703857200635e-05,3.6933932,3.6930075,0.0003857304382322013,0.8056659,0.8110497,-0.005383789756011947
27.0,3.9,40.0,300.0,10.0,60.0,2.0627174,2.0620584,0.0006590377441404449,3.615996,3.6176155,-0.0016196160583494823,1.4840422,1.4834168,0.0006253676635741279
29.0,1.1,40.0,300.0,5.5,60.0,2.4925017,2.4920545,0.0004472356872557981,3.2462525,3.2461772,7.53367736816557e-05,0.30896187,0.30610096,0.002860908286132835
20.0,3.9,40.0,280.0,10.0,60.0,1.8426498,1.8425707,7.911746673583409e-05,2.6503732,2.651246,-0.0008727795562744056,1.2113341,1.2124305,-0.0010963906936645174
30.0,5.0,25.0,250.00002,9.0,60.0,0.51580244,0.51561576,0.00018668302749635934,2.3287318,2.3280296,0.0007021752838136663,3.3103478,3.3071427,0.0032050954864502046
30.0,1.4,40.0,300.0,7.0,60.0,2.5043364,2.5045106,-0.00017424288330092352,3.4934099,3.4931238,0.00028607205505393196,0.4926306,0.4930904,-0.00045979907073973036
29.0,1.3,40.0,300.0,6.0,60.0,2.4867382,2.487054,-0.00031579504394541047,3.3161242,3.3144479,0.0016763008209230712,0.38961643,0.38398832,0.005628109805755621
30.0,5.0,40.0,100.0,7.5,40.0,1.1282992,1.1284285,-0.00012926370239263463,4.026334,4.0256896,0.0006442088989260242,1.2364888,1.2373447,-0.0008558808776855109
30.0,5.0,40.0,100.0,8.5,55.0,1.4265344,1.4266698,-0.00013538570861815202,4.0899363,4.0889115,0.001024756408691374,1.4093769,1.4088988,0.0004780596649169855
30.0,4.8,40.0,20.0,9.0,60.0,1.503047,1.5032108,-0.00016381055908198938,4.1931143,4.1980495,-0.004935219299316174,1.145453,1.1415453,0.003907676226806656
30.0,4.4,40.0,180.0,9.0,60.0,1.8419709,1.8421984,-0.00022747943725587305,4.0382557,4.0370245,0.0012311915283200747,1.3898122,1.392274,-0.002461768936157238
29.0,4.4,40.0,180.0,6.0,60.0,1.7242012,1.7241255,7.570239257814748e-05,3.7550411,3.7554085,-0.0003673775634767118,1.1885753,1.195822,-0.007246732208251894
30.0,1.0,40.0,290.0,9.0,60.0,2.5041819,2.5044484,-0.0002665381225583907,3.5743406,3.573092,0.0012485818939209636,0.5181845,0.5170554,0.001129083051299995
10.0,3.1,40.0,50.0,4.5,25.0,0.8565813,0.8568001,-0.0002188293052672874,1.1853101,1.1853905,-8.037464904786518e-05,-0.39456904,-0.39191562,-0.0026534193447875776
3.0,3.5,40.0,160.0,4.5,25.0,0.5972925,0.5971318,0.00016068285293580065,0.3755026,0.3751721,0.0003304863647460854,-0.22527444,-0.23254898,0.00727453637359618
30.0,3.7,40.0,290.0,9.0,60.0,2.1746926,2.1747358,-4.3169232177842076e-05,3.9008574,3.9008927,-3.525142211913135e-05,1.3786324,1.3790088,-0.0003763737380981791
27.0,5.0,30.0,300.0,10.0,60.0,0.7163295,0.7160791,0.0002504149803161937,2.5026848,2.502546,0.00013883161926253607,3.1338663,3.1360998,-0.002233489880371309
29.0,3.7,40.0,290.0,6.0,60.0,2.1375222,2.1378944,-0.0003721793884277069,3.582848,3.5840554,-0.0012073279479980492,1.1502444,1.1464977,0.0037466552017211274
26.0,5.0,35.0,290.0,11.0,60.0,1.0821905,1.0826511,-0.00046058638916024464,2.963435,2.964213,-0.0007780653839111196,2.6854749,2.684896,0.0005788725891111568
30.0,4.4,30.0,290.0,9.0,60.0,0.9592868,0.95901835,0.0002684589675903126,2.7312565,2.731359,-0.00010251501464830781,2.8511763,2.8510041,0.0001721619018555387
30.0,3.2,40.0,300.0,8.0,60.0,2.2935886,2.2936275,-3.8861694335867725e-05,3.785659,3.7857814,-0.0001223252166746569,1.1222948,1.1298543,-0.007559516407775968
30.0,3.0,40.0,300.0,8.0,60.0,2.330461,2.3305457,-8.467476196294399e-05,3.7684226,3.768372,5.0603607177901466e-05,1.0472302,1.0528865,-0.00565625631713873
30.0,1.1,40.0,300.0,7.5,60.0,2.5143805,2.5143712,9.255017090037398e-06,3.4773726,3.4765828,0.0007898463317870252,0.46428174,0.4611808,0.00310093780441284
29.0,1.1,40.0,300.0,5.5,55.0,2.3501318,2.350769,-0.000637249893188585,3.2898788,3.2873201,0.002558745214843672,0.23469591,0.23445809,0.00023782140747069525
30.0,3.6,40.0,300.0,9.0,55.0,2.0449157,2.0449388,-2.3123883056808126e-05,3.9142675,3.9142451,2.2439978027311014e-05,1.2816074,1.2801429,0.0014644894500732697
25.0,2.6,40.0,300.0,6.0,60.0,2.2718768,2.2721517,-0.00027488801879904656,3.0197668,3.0203218,-0.0005549924438477127,0.6563353,0.65438426,0.001951034246673533
26.0,3.3,40.0,300.0,11.0,60.0,2.177699,2.1773133,0.0003857890502931838,3.5376184,3.5383353,-0.0007169013336181251,1.2812082,1.2771063,0.004101857539367648
9.0,3.3,40.0,200.0,3.5,60.0,1.4457755,1.4474403,-0.0016647911193847786,0.8116777,0.8095443,0.0021333943206787165,0.112915516,0.105852336,0.007063179899658198
30.0,5.0,30.0,170.0,9.0,60.0,0.60723335,0.60691845,0.00031489550857544124,2.8545203,2.854877,-0.00035667910766612465,2.82682,2.823016,0.003803896697998077
30.0,2.9,40.0,300.0,8.0,60.0,2.3478196,2.347755,6.456672668475605e-05,3.7590482,3.7589798,6.842349548330517e-05,1.0124929,1.0157144,-0.003221504873657244
30.0,2.3,40.0,300.0,7.5,60.0,2.432586,2.432805,-0.00021904533386241098,3.6580753,3.6580074,6.793264160176449e-05,0.77532065,0.7760496,-0.0007289508529663147
27.0,2.4,30.0,230.0,8.5,45.0,0.82417256,0.8245137,-0.00034114359970094377,2.42422,2.4237492,0.0004708851440429207,1.520776,1.5217298,-0.0009537665985106525
30.0,4.7,30.0,300.0,7.0,60.0,0.8782463,0.8779974,0.0002489073730468361,2.5882673,2.5879385,0.00032882635498054924,2.8958955,2.8930745,0.0028209811096191473
9.0,0.2,25.0,200.0,4.0,30.0,0.23058867,0.23081252,-0.0002238454547119073,0.25269747,0.25329107,-0.0005936021960449289,0.36645818,0.36685982,-0.0004016424334716828
8.0,3.8,25.0,80.0,3.5,45.0,-0.19882429,-0.19919635,0.0003720635391235294,0.10048962,0.10039652,9.309639404296577e-05,0.97695696,0.9745569,0.002400063539123587
29.0,1.9,40.0,300.0,5.5,60.0,2.4497187,2.4492035,0.0005152137603761098,3.3661194,3.3682642,-0.0021448152343750415,0.5050083,0.49864143,0.006366850277252201
19.0,1.9,25.0,120.0,5.5,55.0,0.6186482,0.61890435,-0.00025617857513426934,1.2069236,1.207021,-9.739598846425501e-05,1.0328561,1.0351144,-0.0022582932418824253
29.0,1.9,35.0,300.0,5.5,60.0,1.830886,1.8313107,-0.0004246936447143135,2.7341034,2.7320576,0.0020458412384032343,1.1674134,1.1712468,-0.003833446080017122
27.0,1.4,40.0,300.0,9.5,60.0,2.44561,2.4459972,-0.0003871536132811215,3.3723998,3.3715146,0.0008852069763185533,0.61161596,0.6163818,-0.004765844170379618
25.0,1.4,30.0,260.0,6.0,60.0,1.3151702,1.315531,-0.0003608311233520567,1.8933774,1.8929696,0.0004078232864379583,1.3271253,1.3259846,0.0011407108978271907
30.0,3.2,40.0,130.0,9.0,60.0,2.066553,2.0664356,0.00011751584472641241,4.0185905,4.0190816,-0.0004911497131345754,0.7190222,0.71414006,0.0048821544126892436
26.0,2.3,35.0,210.0,9.5,30.0,0.7960048,0.7961565,-0.00015172781372074784,2.9025853,2.9024389,0.00014636802062995002,0.8008746,0.80627656,-0.005401969126281769
27.0,0.8,35.0,290.0,8.0,20.0,0.5868359,0.5863804,0.00045552081069943906,2.8184996,2.8194795,-0.0009799348754881976,0.39720273,0.39767936,-0.00047662982116697394
30.0,1.5,25.0,170.0,8.0,35.0,0.49780452,0.49792397,-0.0001194474856567318,2.0992184,2.098649,0.0005693685302734508,1.3446935,1.3447783,-8.475847320554841e-05
25.0,2.1,30.0,70.0,6.0,50.0,0.7362934,0.73612905,0.00016432549209599578,2.2066627,2.2064974,0.00016525487670904226,0.954198,0.9580987,-0.0039006971847533878
30.0,3.1,40.0,240.0,9.0,60.0,2.2333531,2.233242,0.00011113796997053171,3.9050503,3.904941,0.0001092777099609421,0.99372673,0.9895046,0.004222130346679731
30.0,4.4,40.0,30.0,8.5,50.0,1.472092,1.4716762,0.0004158324325560514,4.1133366,4.112729,0.0006075631103517054,0.8747413,0.8767765,-0.002035184158325154
30.0,4.8,25.0,290.0,9.0,60.0,0.63628995,0.63631433,-2.4375814514199234e-05,2.2888308,2.2886896,0.00014115714111317956,3.317535,3.3129737,0.0045612235534666645
30.0,4.8,30.0,290.0,9.0,60.0,0.83470243,0.8352033,-0.000500867844390851,2.7385213,2.7386894,-0.0001680624908448891,3.0607982,3.0574183,0.0033798681823729027
30.0,4.3,40.0,290.0,9.0,60.0,2.019114,2.0190005,0.00011351748657206784,3.9280958,3.9283814,-0.00028558243408216555,1.6545347,1.6571431,-0.0026084024673462824
30.0,2.9,40.0,200.0,9.0,60.0,2.21473,2.214701,2.9024337768746022e-05,3.925163,3.925039,0.0001240306243897038,0.8040688,0.8000001,0.0040687037872314535
11.0,2.9,30.0,200.0,2.0,20.0,-0.008812308,-0.008410122,-0.00040218631146240157,0.5880711,0.58829916,-0.00022805213562016036,0.54813045,0.55129,-0.003159547367095894
18.0,1.7,30.0,40.0,6.5,60.0,0.7523961,0.75221825,0.00017785671997072594,1.5307125,1.532434,-0.0017215146865845465,0.6427598,0.64387804,-0.0011182400427246497
14.0,0.4,30.0,280.0,3.5,35.0,0.59767693,0.5980891,-0.0004121671882629796,0.75143313,0.75112504,0.0003080940789794706,0.45230335,0.45549592,-0.0031925700282287583
22.0,4.0,25.0,200.0,4.0,35.0,0.0017346144,0.0012644678,0.0004701465722534179,1.4757171,1.4753348,0.0003822677185059131,1.7611424,1.7630033,-0.0018609269149780783
30.0,4.5,25.0,300.0,9.0,60.0,0.74330056,0.74387336,-0.0005728028634643945,2.2739499,2.2742732,-0.000323338473510848,3.1897655,3.1854227,0.0043427533386228845
29.0,4.5,40.0,180.0,6.0,60.0,1.6948402,1.6941959,0.0006442927947998278,3.7541823,3.7571545,-0.002972161285400343,1.2404816,1.2456913,-0.0052096849334717366
29.0,1.8,40.0,300.0,5.5,60.0,2.457526,2.4574752,5.0768551635549386e-05,3.3545005,3.354607,-0.00010646784973156187,0.47745794,0.47151273,0.005945210578460702
29.0,4.5,25.0,300.0,6.0,60.0,0.7224079,0.72212696,0.00028091744522096285,1.9902266,1.9889276,0.0012990263961791815,2.9330285,2.9304695,0.002558959548950135
29.0,4.5,25.0,300.0,5.5,60.0,0.7219803,0.72141266,0.000567613723602256,1.954404,1.9539276,0.00047639646759023435,2.8915033,2.8954697,-0.003966365954589879
30.0,5.0,40.0,130.0,9.0,50.0,1.3714993,1.3712511,0.00024820000305170176,4.0819397,4.0812416,0.000698097265624753,1.4616826,1.4569656,0.004716958059692411
30.0,3.4,40.0,200.0,9.0,60.0,2.1204553,2.1203234,0.0001318650451658243,3.9674597,3.967417,4.267864990215031e-05,1.0021116,0.9946065,0.007505054145813039
29.0,4.8,40.0,20.0,5.0,50.0,1.1234477,1.1208973,0.0025503566314697412,3.9045594,3.9067852,-0.0022258261444090266,0.92345345,0.92395604,-0.0005025897970580839
30.0,1.7,30.0,130.0,7.5,50.0,0.9751793,0.9757416,-0.0005622853866577016,2.5688617,2.5684724,0.00038932294616689234,1.2017515,1.1951437,0.006607770565795867
30.0,5.0,35.0,290.0,9.0,55.0,1.0160663,1.0155292,0.0005371127899169714,3.3159437,3.3166802,-0.0007364820434569985,2.6167989,2.6168566,-5.772228393574608e-05
30.0,3.4,40.0,230.0,9.0,60.0,2.16071,2.1606684,4.1696359252885173e-05,3.9387162,3.938599,0.0001171731719971092,1.0831654,1.0803208,0.002844607180786163
18.0,1.3,40.0,50.0,4.5,40.0,1.4488826,1.4485106,0.00037197980346670434,2.2540033,2.2546973,-0.0006940136383057904,-0.6109786,-0.6023665,-0.008612103363037082
30.0,4.1,40.0,230.0,9.0,60.0,1.9938307,1.9935548,0.0002758808471678975,3.9787703,3.9786868,8.345604248027882e-05,1.3918086,1.3895044,0.002304229035949623
29.0,1.1,30.0,280.0,6.0,10.0,0.047905326,0.048488677,-0.0005833511104125985,2.487938,2.488271,-0.0003330727539063716,0.7242128,0.7267277,-0.0025148747016906503
20.0,2.4,35.0,140.0,9.5,55.0,1.2821426,1.2824659,-0.0003232608398437975,2.2142344,2.2145765,-0.0003421478881837636,0.8112558,0.8186679,-0.007412087355041508
30.0,2.8,40.0,300.0,8.0,60.0,2.3639748,2.3641315,-0.00015669035339360704,3.7491846,3.7491298,5.480845947269941e-05,0.9793526,0.97941697,-6.43765780640182e-05
30.0,4.1,35.0,300.0,8.0,60.0,1.4656905,1.465153,0.0005374935836792716,3.1919818,3.1914454,0.000536392449951073,2.194361,2.197282,-0.0029210285491942933
3.0,3.8,35.0,50.0,6.0,25.0,-0.0030977726,-0.0033706725,0.0002728999017333985,0.084327936,0.08357139,0.0007565461724853562,0.31495106,0.3067261,0.008224962202453612
30.0,1.8,40.0,280.0,9.0,60.0,2.4564576,2.4566145,-0.00015688510131850464,3.7146316,3.7146428,-1.124253540041309e-05,0.6818892,0.6774053,0.004483876368713391
23.0,2.9,25.0,40.0,8.0,45.0,0.39494038,0.39521462,-0.0002742437182617352,1.7735254,1.7732275,0.00029785724639896927,1.3147476,1.3194671,-0.004719528054809574
30.0,4.1,40.0,90.0,9.0,60.0,1.8054767,1.805279,0.0001976654968260938,4.1128955,4.1131697,-0.0002742112609865899,0.99492455,0.98950434,0.005420205288085955
5.0,0.1,30.0,70.0,7.0,45.0,0.5224698,0.52324986,-0.0007800414079284224,0.3071363,0.30806434,-0.0009280427740478436,0.18558443,0.19510698,-0.009522554073791517
14.0,0.7,30.0,180.0,4.5,60.0,0.95834947,0.9586066,-0.0002571336761474363,0.7748878,0.77483463,5.317021667483601e-05,0.62040013,0.62346286,-0.003062729251251173
21.0,0.5,35.0,180.0,6.5,55.0,1.39747,1.3978758,-0.0004058025939941423,1.9785093,1.9781495,0.0003598069076538035,0.4139725,0.41591102,-0.00193852301361086
24.0,1.6,25.0,250.00002,5.0,25.0,0.2320633,0.23191804,0.00014525345703125803,1.6350201,1.6344166,0.0006035368331909208,1.0468309,1.0490513,-0.002220407437133698
