organic_formula,organic_concentration,organic_temperature,organic_soak_time,organic_ph,organic_curing_time,Adhesion,Coverage,Uniformity,Timestamp
30.0,0.6,35.0,130.0,7.5,15.0,0.39058644,0.2571847,0.2104844,2026-01-26-00:33:58
10.0,3.4,30.0,210.0,6.0,40.0,0.30099696,0.31973398,0.29394794,2026-01-26-00:33:58
4.0,1.8,35.0,70.0,5.5,55.0,0.21352099,0.2258941,0.23678982,2026-01-26-00:33:58
21.0,4.5,25.0,280.0,5.0,35.0,0.36475018,0.3782266,0.28978887,2026-01-26-00:33:58
18.0,2.5,30.0,230.0,2.5,20.0,0.27915317,0.2569926,0.23466927,2026-01-26-00:33:58
6.0,4.1,40.0,40.0,9.0,45.0,0.35446164,0.21853203,0.42664325,2026-01-26-00:33:58
15.0,1.1,25.0,180.0,7.5,55.0,0.25574595,0.3705985,0.1412843,2026-01-26-00:33:58
24.0,2.6,35.0,80.0,5.0,25.0,0.3474478,0.20491624,0.2740723,2026-01-26-00:33:58
25.0,1.6,30.0,20.0,6.0,30.0,0.29538825,0.18607882,0.1619423,2026-01-26-00:33:58
12.0,5.0,35.0,260.0,4.5,60.0,0.37770116,0.41407636,0.43444172,2026-01-26-00:33:58
12.0,5.0,25.0,260.0,4.5,60.0,0.3110345,0.41407636,0.3011084,2026-01-26-00:34:55
12.0,5.0,40.0,260.0,4.5,60.0,0.4110345,0.41407636,0.5011084,2026-01-26-00:34:55
12.0,5.0,35.0,260.0,4.5,15.0,0.37770116,0.26728323,0.43444172,2026-01-26-00:34:55
30.0,0.6,40.0,40.0,9.0,15.0,0.42480648,0.20963547,0.24807179,2026-01-26-00:34:55
21.0,4.5,25.0,280.0,5.0,15.0,0.36475018,0.31160593,0.28978887,2026-01-26-00:34:55
21.0,3.2,25.0,280.0,5.0,35.0,0.33291343,0.3782266,0.23672765,2026-01-26-00:35:15
10.0,3.6,30.0,260.0,5.0,60.0,0.30550084,0.4139163,0.30944172,2026-01-26-00:35:15
11.0,2.9,35.0,260.0,3.5,60.0,0.30610016,0.40060347,0.32729888,2026-01-26-00:35:15
6.0,4.1,25.0,280.0,9.0,35.0,0.32066855,0.37970445,0.30203378,2026-01-26-00:35:15
5.0,3.3,35.0,130.0,7.5,55.0,0.29968914,0.30077097,0.33905584,2026-01-26-00:35:15
12.0,5.0,40.0,140.0,5.5,15.0,0.39241377,0.19316994,0.4751478,2026-01-26-00:35:46
30.0,4.1,40.0,280.0,9.0,35.0,0.5767276,0.44591135,0.49285015,2026-01-26-00:35:46
30.0,3.3,40.0,280.0,7.5,35.0,0.53142154,0.4298399,0.4413195,2026-01-26-00:35:46
30.0,2.4,40.0,200.0,8.0,15.0,0.4958832,0.31202465,0.3769036,2026-01-26-00:35:46
30.0,5.0,40.0,260.0,7.0,60.0,0.5589655,0.49051726,0.51896554,2026-01-26-00:35:46
30.0,5.0,40.0,280.0,7.0,35.0,0.56448275,0.42448276,0.5244828,2026-01-26-00:36:32
30.0,4.1,40.0,260.0,7.5,60.0,0.54549617,0.4958744,0.47661862,2026-01-26-00:36:32
30.0,4.3,40.0,260.0,8.5,60.0,0.56753695,0.5065887,0.49396554,2026-01-26-00:36:32
30.0,5.0,40.0,80.0,7.0,60.0,0.50931036,0.33534482,0.4693104,2026-01-26-00:36:32
30.0,0.1,40.0,260.0,8.0,60.0,0.4561084,0.50123155,0.27610838,2026-01-26-00:36:32
30.0,4.3,40.0,280.0,7.0,35.0,0.54733986,0.42448276,0.48876852,2026-01-26-00:37:27
21.0,5.0,40.0,280.0,5.0,35.0,0.47699508,0.3782266,0.5101971,2026-01-26-00:37:27
30.0,5.0,40.0,280.0,8.5,35.0,0.590197,0.4405542,0.5351971,2026-01-26-00:37:27
30.0,0.2,40.0,280.0,7.0,35.0,0.44693175,0.42448276,0.2795848,2026-01-26-00:37:27
10.0,5.0,40.0,280.0,5.0,35.0,0.41197044,0.3478818,0.5101971,2026-01-26-00:37:27
30.0,2.6,40.0,280.0,8.5,35.0,0.53142154,0.4405542,0.4127481,2026-01-26-00:38:22
21.0,4.5,40.0,260.0,6.0,60.0,0.47504574,0.4549754,0.48631245,2026-01-26-00:38:22
30.0,4.0,40.0,280.0,8.5,35.0,0.56570727,0.4405542,0.4841766,2026-01-26-00:38:22
30.0,5.0,40.0,280.0,8.5,25.0,0.590197,0.40724388,0.5351971,2026-01-26-00:38:22
30.0,5.0,40.0,280.0,9.0,35.0,0.5987685,0.44591135,0.53876853,2026-01-26-00:38:22
30.0,4.8,40.0,260.0,8.5,60.0,0.57978183,0.5065887,0.51947576,2026-01-26-00:39:10
30.0,1.7,40.0,260.0,9.0,60.0,0.5124349,0.51194584,0.3648839,2026-01-26-00:39:10
30.0,0.3,40.0,280.0,9.0,35.0,0.48366642,0.44591135,0.29897258,2026-01-26-00:39:10
30.0,5.0,40.0,280.0,9.0,25.0,0.5987685,0.41260102,0.53876853,2026-01-26-00:39:10
30.0,0.4,40.0,280.0,9.0,35.0,0.4861154,0.44591135,0.30407462,2026-01-26-00:39:10
30.0,0.5,40.0,260.0,9.0,60.0,0.48304713,0.51194584,0.3036594,2026-01-26-00:40:05
30.0,4.8,40.0,280.0,9.0,25.0,0.5938705,0.41260102,0.52856445,2026-01-26-00:40:05
30.0,5.0,40.0,280.0,9.0,40.0,0.5987685,0.4625665,0.53876853,2026-01-26-00:40:05
30.0,2.7,40.0,280.0,9.0,35.0,0.5424419,0.44591135,0.4214216,2026-01-26-00:40:05
30.0,0.7,40.0,260.0,9.0,60.0,0.4879451,0.51194584,0.3138635,2026-01-26-00:40:05
24.0,4.8,40.0,280.0,6.0,40.0,0.5060873,0.41387194,0.50713587,2026-01-26-00:41:02
7.0,4.8,40.0,280.0,8.5,40.0,0.43744195,0.3937611,0.524993,2026-01-26-00:41:02
30.0,5.0,40.0,280.0,9.0,10.0,0.5987685,0.3626355,0.53876853,2026-01-26-00:41:02
20.0,5.0,40.0,280.0,9.0,40.0,0.53374386,0.4349803,0.53876853,2026-01-26-00:41:02
21.0,4.8,40.0,280.0,3.5,10.0,0.44837794,0.2788793,0.4892787,2026-01-26-00:41:02
30.0,5.0,40.0,280.0,9.0,50.0,0.5987685,0.49587682,0.53876853,2026-01-26-00:41:55
30.0,5.0,40.0,280.0,9.0,30.0,0.5987685,0.42925617,0.53876853,2026-01-26-00:41:55
30.0,4.8,40.0,260.0,9.0,60.0,0.5883533,0.51194584,0.5230472,2026-01-26-00:41:55
30.0,5.0,40.0,280.0,9.0,20.0,0.5987685,0.39594582,0.53876853,2026-01-26-00:41:55
30.0,0.8,40.0,260.0,9.0,60.0,0.4903941,0.51194584,0.31896555,2026-01-26-00:41:55
30.0,5.0,40.0,280.0,9.0,55.0,0.5987685,0.512532,0.53876853,2026-01-26-00:42:46
30.0,5.0,40.0,280.0,9.0,45.0,0.5987685,0.4792217,0.53876853,2026-01-26-00:42:46
30.0,5.0,40.0,260.0,9.0,40.0,0.5932512,0.44670442,0.5332513,2026-01-26-00:42:46
24.0,3.2,40.0,280.0,4.0,55.0,0.4343913,0.44240886,0.41121748,2026-01-26-00:42:46
30.0,5.0,40.0,280.0,9.0,60.0,0.5987685,0.5291872,0.53876853,2026-01-26-00:42:46
30.0,3.4,40.0,280.0,9.0,60.0,0.5595848,0.5291872,0.45713586,2026-01-26-00:43:46
30.0,5.0,40.0,10.0,9.0,60.0,0.52428573,0.29642856,0.46428576,2026-01-26-00:43:46
30.0,1.1,40.0,280.0,9.0,60.0,0.5032583,0.5291872,0.33978888,2026-01-26-00:43:46
30.0,2.5,40.0,280.0,9.0,60.0,0.537544,0.5291872,0.41121748,2026-01-26-00:43:46
30.0,5.0,40.0,30.0,9.0,60.0,0.529803,0.31366995,0.469803,2026-01-26-00:43:46
30.0,5.0,40.0,280.0,9.0,15.0,0.5987685,0.37929064,0.53876853,2026-01-26-00:44:41
30.0,5.0,35.0,280.0,9.0,60.0,0.5654351,0.5291872,0.47210184,2026-01-26-00:44:41
30.0,2.3,40.0,280.0,9.0,60.0,0.532646,0.5291872,0.4010134,2026-01-26-00:44:41
15.999999,5.0,40.0,280.0,9.0,60.0,0.507734,0.49056652,0.53876853,2026-01-26-00:44:41
30.0,0.9,40.0,260.0,9.0,25.0,0.49284306,0.39777344,0.3240676,2026-01-26-00:44:41
7.0,5.0,40.0,280.0,9.0,40.0,0.44921184,0.39911824,0.53876853,2026-01-26-00:45:24
30.0,4.8,40.0,280.0,9.0,60.0,0.5938705,0.5291872,0.52856445,2026-01-26-00:45:24
30.0,1.0,40.0,280.0,9.0,60.0,0.5008093,0.5291872,0.33468688,2026-01-26-00:45:24
20.0,1.8,40.0,300.0,9.5,25.0,0.46872622,0.40519953,0.38459185,2026-01-26-00:45:24
28.0,2.4,40.0,250.00002,7.5,15.0,0.4885433,0.3364951,0.38712528,2026-01-26-00:45:24
28.0,5.0,40.0,280.0,6.0,60.0,0.53522164,0.49152714,0.51733994,2026-01-26-00:46:22
26.0,5.0,40.0,280.0,9.0,60.0,0.5727586,0.5181527,0.53876853,2026-01-26-00:46:22
30.0,1.9,40.0,280.0,9.0,60.0,0.5228501,0.5291872,0.38060522,2026-01-26-00:46:22
24.0,5.0,40.0,280.0,4.0,60.0,0.47847292,0.45906407,0.5030542,2026-01-26-00:46:22
15.999999,5.0,40.0,280.0,9.0,40.0,0.507734,0.4239458,0.53876853,2026-01-26-00:46:22
28.0,5.0,40.0,290.0,6.0,40.0,0.53798026,0.43283743,0.52009857,2026-01-26-00:47:22
28.0,5.0,40.0,190.0,6.0,40.0,0.5103941,0.35352713,0.49251235,2026-01-26-00:47:22
30.0,5.0,40.0,300.0,9.0,40.0,0.6042857,0.47842857,0.5442858,2026-01-26-00:47:22
30.0,5.0,40.0,250.00002,9.0,15.0,0.5904926,0.35808378,0.53049266,2026-01-26-00:47:22
30.0,5.0,40.0,240.0,9.0,40.0,0.587734,0.4308424,0.52773404,2026-01-26-00:47:22
2.0,5.0,40.0,300.0,6.0,60.0,0.383202,0.43704435,0.5228572,2026-01-26-00:48:26
30.0,2.4,40.0,300.0,9.0,60.0,0.5406122,0.54642856,0.41163266,2026-01-26-00:48:26
30.0,5.0,40.0,300.0,9.0,60.0,0.6042857,0.54642856,0.5442858,2026-01-26-00:48:26
30.0,5.0,40.0,290.0,9.0,60.0,0.6015271,0.5378079,0.54152715,2026-01-26-00:48:26
30.0,5.0,40.0,300.0,9.0,55.0,0.6042857,0.52942854,0.5442858,2026-01-26-00:48:26
30.0,5.0,40.0,219.99998,9.0,60.0,0.58221674,0.47746307,0.5222168,2026-01-26-00:49:31
30.0,5.0,40.0,50.0,9.0,60.0,0.5353202,0.33091134,0.47532025,2026-01-26-00:49:31
30.0,0.6,40.0,300.0,9.0,60.0,0.4965306,0.54642856,0.3197959,2026-01-26-00:49:31
15.0,5.0,40.0,300.0,6.5,60.0,0.46943346,0.47826356,0.5264286,2026-01-26-00:49:31
17.0,5.0,40.0,300.0,6.5,60.0,0.4816995,0.4837808,0.5264286,2026-01-26-00:49:31
30.0,1.2,40.0,300.0,9.0,60.0,0.51122445,0.54642856,0.35040817,2026-01-26-00:50:25
23.0,5.0,40.0,300.0,9.0,60.0,0.5587685,0.5271182,0.5442858,2026-01-26-00:50:25
30.0,5.0,40.0,60.0,9.0,60.0,0.53807884,0.33953202,0.47807887,2026-01-26-00:50:25
30.0,5.0,40.0,170.0,9.0,60.0,0.5684236,0.4343596,0.5084237,2026-01-26-00:50:25
23.0,2.9,30.0,170.0,10.0,50.0,0.42091954,0.39624634,0.28937602,2026-01-26-00:50:25
30.0,2.9,30.0,300.0,9.0,60.0,0.4861905,0.54642856,0.31809527,2026-01-26-00:51:16
27.0,5.0,40.0,300.0,9.0,60.0,0.58477837,0.5381527,0.5442858,2026-01-26-00:51:16
26.0,4.8,40.0,300.0,9.0,55.0,0.5733779,0.51839405,0.5340817,2026-01-26-00:51:16
22.0,5.0,40.0,300.0,5.5,60.0,0.4964039,0.48685962,0.51928574,2026-01-26-00:51:16
30.0,2.8,40.0,300.0,9.0,60.0,0.5504081,0.54642856,0.43204084,2026-01-26-00:51:16
30.0,3.1,40.0,300.0,9.0,60.0,0.5577551,0.54642856,0.44734702,2026-01-26-00:52:16
30.0,4.2,40.0,300.0,9.0,60.0,0.58469385,0.54642856,0.5034694,2026-01-26-00:52:16
30.0,1.5,40.0,300.0,9.0,60.0,0.51857144,0.54642856,0.36571428,2026-01-26-00:52:16
30.0,1.3,40.0,300.0,9.0,60.0,0.5136734,0.54642856,0.3555102,2026-01-26-00:52:16
30.0,5.0,40.0,150.0,9.0,60.0,0.5629064,0.41711822,0.50290644,2026-01-26-00:52:16
30.0,2.1,40.0,300.0,9.0,60.0,0.5332653,0.54642856,0.39632654,2026-01-26-00:53:09
30.0,5.0,40.0,100.0,9.0,60.0,0.5491133,0.3740148,0.48911333,2026-01-26-00:53:09
5.0,5.0,40.0,300.0,9.0,60.0,0.44172412,0.47746307,0.5442858,2026-01-26-00:53:09
25.0,2.1,30.0,300.0,5.5,60.0,0.37667254,0.4951355,0.2577211,2026-01-26-00:53:09
30.0,3.7,40.0,300.0,9.0,60.0,0.57244897,0.54642856,0.47795922,2026-01-26-00:53:09
27.0,5.0,40.0,300.0,10.0,60.0,0.60147786,0.548867,0.5514286,2026-01-26-00:54:11
30.0,3.0,40.0,300.0,9.0,60.0,0.55530614,0.54642856,0.44224492,2026-01-26-00:54:11
30.0,0.1,30.0,300.0,9.0,60.0,0.41761905,0.54642856,0.19428572,2026-01-26-00:54:11
30.0,1.4,40.0,300.0,9.0,60.0,0.51612246,0.54642856,0.36061227,2026-01-26-00:54:11
30.0,2.2,40.0,300.0,9.0,60.0,0.53571427,0.54642856,0.40142858,2026-01-26-00:54:11
27.0,5.0,40.0,290.0,10.0,60.0,0.59871924,0.5402463,0.54867,2026-01-26-00:55:07
30.0,5.0,40.0,300.0,9.0,15.0,0.6042857,0.39342856,0.5442858,2026-01-26-00:55:07
30.0,5.0,40.0,300.0,9.0,45.0,0.6042857,0.49542853,0.5442858,2026-01-26-00:55:07
27.0,5.0,40.0,300.0,10.0,35.0,0.60147786,0.463867,0.5514286,2026-01-26-00:55:07
27.0,5.0,40.0,300.0,10.0,30.0,0.60147786,0.44686702,0.5514286,2026-01-26-00:55:07
27.0,5.0,40.0,110.0,10.0,60.0,0.54906404,0.38507393,0.4990148,2026-01-26-00:56:08
27.0,2.0,40.0,300.0,10.0,60.0,0.52800846,0.548867,0.39836738,2026-01-26-00:56:08
30.0,5.0,40.0,160.0,9.0,60.0,0.565665,0.4257389,0.50566506,2026-01-26-00:56:08
27.0,5.0,40.0,120.0,10.0,60.0,0.55182266,0.3936946,0.5017734,2026-01-26-00:56:08
30.0,5.0,40.0,90.0,9.0,60.0,0.54635465,0.36539412,0.48635474,2026-01-26-00:56:08
27.0,1.8,40.0,300.0,10.0,60.0,0.5231105,0.548867,0.3881633,2026-01-26-00:56:54
5.0,1.8,35.0,120.0,8.0,25.0,0.26692,0.2143005,0.26844004,2026-01-26-00:56:54
30.0,3.5,40.0,300.0,9.0,60.0,0.567551,0.54642856,0.4677551,2026-01-26-00:56:54
6.0,5.0,40.0,300.0,10.0,55.0,0.46182266,0.47393593,0.5514286,2026-01-26-00:56:54
6.0,1.8,40.0,260.0,10.0,45.0,0.37242085,0.40752217,0.3771288,2026-01-26-00:56:54
27.0,0.6,30.0,300.0,10.0,60.0,0.42705607,0.548867,0.22353742,2026-01-26-00:57:54
30.0,5.0,40.0,270.0,9.0,60.0,0.59600985,0.5205665,0.5360099,2026-01-26-00:57:54
25.0,2.9,40.0,270.0,5.0,35.0,0.4464532,0.38150248,0.40029562,2026-01-26-00:57:54
22.0,0.1,35.0,270.0,4.0,30.0,0.31085387,0.34602958,0.20029557,2026-01-26-00:57:54
30.0,4.8,40.0,300.0,9.0,60.0,0.59938776,0.54642856,0.5340817,2026-01-26-00:57:54
27.0,3.9,40.0,300.0,10.0,60.0,0.57453907,0.548867,0.49530613,2026-01-26-00:58:50
27.0,3.8,40.0,300.0,10.0,60.0,0.5720901,0.548867,0.49020407,2026-01-26-00:58:50
27.0,0.8,30.0,240.0,9.5,15.0,0.40705255,0.34809607,0.21225779,2026-01-26-00:58:50
27.0,4.4,40.0,300.0,10.0,60.0,0.58678395,0.548867,0.5208163,2026-01-26-00:58:50
11.0,3.9,30.0,70.0,3.5,35.0,0.24484283,0.17163794,0.25957894,2026-01-26-00:58:50
27.0,4.6,40.0,300.0,10.0,60.0,0.5916819,0.548867,0.5310204,2026-01-26-00:59:49
30.0,4.7,40.0,300.0,9.0,60.0,0.5969388,0.54642856,0.52897966,2026-01-26-00:59:49
30.0,4.7,35.0,290.0,9.0,40.0,0.5608468,0.47049755,0.46057478,2026-01-26-00:59:49
30.0,4.9,40.0,300.0,9.0,60.0,0.60183674,0.54642856,0.5391837,2026-01-26-00:59:49
23.0,4.9,40.0,70.0,9.5,40.0,0.5009254,0.28206158,0.47930682,2026-01-26-00:59:49
27.0,4.9,40.0,300.0,10.0,50.0,0.5990289,0.514867,0.5463265,2026-01-26-01:00:53
18.0,5.0,40.0,300.0,2.0,60.0,0.41866997,0.43832514,0.49428576,2026-01-26-01:00:53
27.0,4.9,40.0,300.0,10.0,60.0,0.5990289,0.548867,0.5463265,2026-01-26-01:00:53
30.0,1.6,35.0,300.0,9.0,60.0,0.48768705,0.54642856,0.3157143,2026-01-26-01:00:53
18.0,1.8,40.0,300.0,7.0,50.0,0.41714987,0.45789653,0.3667347,2026-01-26-01:00:53
19.0,5.0,40.0,300.0,3.0,60.0,0.43965518,0.45179805,0.5014286,2026-01-26-01:01:52
26.0,5.0,40.0,300.0,10.0,30.0,0.5948276,0.4441084,0.5514286,2026-01-26-01:01:52
27.0,4.8,40.0,300.0,10.0,60.0,0.5965799,0.548867,0.54122454,2026-01-26-01:01:52
27.0,5.0,40.0,300.0,10.0,50.0,0.60147786,0.514867,0.5514286,2026-01-26-01:01:52
27.0,5.0,40.0,300.0,10.0,55.0,0.60147786,0.53186697,0.5514286,2026-01-26-01:01:52
20.0,5.0,40.0,300.0,10.0,45.0,0.5549261,0.47855663,0.5514286,2026-01-26-01:02:48
27.0,5.0,40.0,180.0,10.0,60.0,0.5683744,0.44541875,0.51832515,2026-01-26-01:02:48
26.0,5.0,40.0,300.0,11.0,60.0,0.6113793,0.55682266,0.55857146,2026-01-26-01:02:48
20.0,4.1,35.0,230.0,11.0,60.0,0.49590662,0.4799261,0.4297373,2026-01-26-01:02:48
15.0,1.1,25.0,300.0,6.0,60.0,0.26646024,0.4729064,0.16367346,2026-01-26-01:02:48
30.0,4.9,40.0,300.0,8.5,40.0,0.5932653,0.47307143,0.5356122,2026-01-26-01:03:40
27.0,4.7,40.0,300.0,10.0,40.0,0.59413093,0.480867,0.5361225,2026-01-26-01:03:40
25.0,4.7,40.0,120.0,4.0,25.0,0.43275157,0.22661576,0.44361016,2026-01-26-01:03:40
9.0,4.7,35.0,300.0,6.5,60.0,0.39195523,0.46171185,0.4454762,2026-01-26-01:03:40
26.0,4.9,40.0,300.0,11.0,60.0,0.60893035,0.55682266,0.55346936,2026-01-26-01:03:40
26.0,4.5,40.0,300.0,11.0,60.0,0.59913445,0.55682266,0.53306127,2026-01-26-01:04:41
26.0,4.3,40.0,300.0,11.0,60.0,0.5942365,0.55682266,0.5228572,2026-01-26-01:04:41
26.0,4.1,40.0,300.0,11.0,60.0,0.58933854,0.55682266,0.51265305,2026-01-26-01:04:41
21.0,4.1,40.0,260.0,6.0,10.0,0.46524984,0.29187194,0.46590433,2026-01-26-01:04:41
26.0,4.7,40.0,290.0,11.0,60.0,0.6012738,0.548202,0.5405067,2026-01-26-01:04:41
26.0,5.0,40.0,300.0,10.5,60.0,0.60310346,0.5514655,0.555,2026-01-26-01:05:31
21.0,4.5,40.0,180.0,5.0,60.0,0.43716395,0.37529558,0.45710063,2026-01-26-01:05:31
15.0,3.3,35.0,130.0,7.5,55.0,0.36249706,0.32835716,0.33905584,2026-01-26-01:05:31
30.0,5.0,40.0,300.0,9.0,50.0,0.6042857,0.5124286,0.5442858,2026-01-26-01:05:31
26.0,5.0,40.0,300.0,11.0,50.0,0.6113793,0.5228227,0.55857146,2026-01-26-01:05:31
30.0,4.7,35.0,290.0,8.5,60.0,0.5522754,0.5324508,0.45700333,2026-01-26-01:06:36
26.0,4.0,40.0,300.0,10.0,60.0,0.57033783,0.54610837,0.5004082,2026-01-26-01:06:36
26.0,4.9,40.0,290.0,10.0,60.0,0.58962,0.5374877,0.5435679,2026-01-26-01:06:36
26.0,3.2,40.0,300.0,10.0,60.0,0.55074596,0.54610837,0.45959187,2026-01-26-01:06:36
26.0,3.3,40.0,300.0,11.0,60.0,0.5697467,0.55682266,0.47183672,2026-01-26-01:06:36
3.0,4.9,40.0,300.0,6.0,60.0,0.38681212,0.43980297,0.5177551,2026-01-26-01:07:32
1.0,4.9,40.0,300.0,6.0,55.0,0.37469387,0.4172857,0.5177551,2026-01-26-01:07:32
8.0,4.9,40.0,300.0,6.5,55.0,0.42405346,0.4419532,0.5213265,2026-01-26-01:07:32
26.0,4.9,40.0,300.0,10.0,55.0,0.5923786,0.52910835,0.5463265,2026-01-26-01:07:32
28.0,4.9,40.0,300.0,6.5,60.0,0.5467136,0.51412565,0.5213265,2026-01-26-01:07:32
26.0,3.6,35.0,300.0,11.0,60.0,0.5437603,0.55682266,0.4252381,2026-01-26-01:08:20
4.0,1.8,30.0,20.0,5.0,55.0,0.15974432,0.17829557,0.16364297,2026-01-26-01:08:20
26.0,3.3,35.0,210.0,9.0,60.0,0.4784823,0.45780787,0.3718391,2026-01-26-01:08:20
26.0,4.6,40.0,300.0,11.0,60.0,0.6015834,0.55682266,0.53816324,2026-01-26-01:08:20
26.0,4.6,35.0,210.0,9.0,15.0,0.51031905,0.3187734,0.43374383,2026-01-26-01:08:20
13.0,5.0,40.0,300.0,4.5,60.0,0.4279064,0.45131773,0.5121429,2026-01-26-01:09:21
14.0,5.0,40.0,300.0,4.5,60.0,0.43374386,0.45407635,0.5121429,2026-01-26-01:09:21
12.0,3.9,35.0,260.0,4.0,60.0,0.343521,0.4087192,0.37848938,2026-01-26-01:09:21
29.0,5.0,40.0,300.0,4.5,60.0,0.5213054,0.49545568,0.5121429,2026-01-26-01:09:21
29.0,0.9,30.0,140.0,4.5,20.0,0.31009266,0.2435936,0.15337908,2026-01-26-01:09:21
9.0,5.0,40.0,300.0,5.5,50.0,0.41859603,0.41699752,0.51928574,2026-01-26-01:10:21
9.0,4.8,40.0,290.0,5.5,50.0,0.41093946,0.40872166,0.50632304,2026-01-26-01:10:21
26.0,5.0,40.0,300.0,11.0,25.0,0.6113793,0.4378227,0.55857146,2026-01-26-01:10:21
26.0,4.8,40.0,290.0,11.0,50.0,0.60372275,0.5145468,0.54560876,2026-01-26-01:10:21
26.0,3.6,40.0,300.0,11.0,60.0,0.5770936,0.55682266,0.4871429,2026-01-26-01:10:21
26.0,5.0,40.0,300.0,11.0,40.0,0.6113793,0.48882267,0.55857146,2026-01-26-01:11:26
26.0,4.7,40.0,300.0,11.0,60.0,0.6040324,0.55682266,0.54326534,2026-01-26-01:11:26
26.0,4.8,40.0,300.0,11.0,60.0,0.6064814,0.55682266,0.5483674,2026-01-26-01:11:26
26.0,5.0,40.0,300.0,11.0,20.0,0.6113793,0.42082265,0.55857146,2026-01-26-01:11:26
26.0,5.0,40.0,290.0,11.0,55.0,0.6086207,0.5313744,0.55581284,2026-01-26-01:11:26
26.0,5.0,40.0,300.0,11.0,15.0,0.6113793,0.40382266,0.55857146,2026-01-26-01:11:49
11.0,4.9,40.0,70.0,2.0,20.0,0.31449685,0.116463065,0.42573538,2026-01-26-01:11:49
21.0,2.9,35.0,50.0,5.0,30.0,0.3287849,0.18708867,0.28008214,2026-01-26-01:11:49
15.0,0.9,30.0,100.0,8.0,15.0,0.26957542,0.19995567,0.1673446,2026-01-26-01:11:49
22.0,2.2,35.0,280.0,4.0,50.0,0.36504108,0.42023647,0.3030542,2026-01-26-01:11:49
26.0,5.0,40.0,300.0,11.0,45.0,0.6113793,0.50582266,0.55857146,2026-01-26-01:13:04
26.0,5.0,40.0,300.0,11.0,10.0,0.6113793,0.38682267,0.55857146,2026-01-26-01:13:04
26.0,5.0,40.0,300.0,11.0,35.0,0.6113793,0.47182268,0.55857146,2026-01-26-01:13:04
26.0,4.8,40.0,290.0,10.0,40.0,0.587171,0.47017735,0.5384659,2026-01-26-01:13:04
20.0,4.8,40.0,300.0,11.0,50.0,0.5656932,0.50627095,0.5483674,2026-01-26-01:13:04
30.0,0.9,25.0,300.0,9.0,60.0,0.40387756,0.54642856,0.17693877,2026-01-26-01:13:57
27.0,0.9,35.0,300.0,10.0,60.0,0.46773636,0.548867,0.2895238,2026-01-26-01:13:57
17.0,0.9,40.0,300.0,6.0,25.0,0.3736805,0.35942364,0.3136735,2026-01-26-01:13:57
6.0,3.2,35.0,100.0,10.5,60.0,0.33603328,0.3238793,0.34744662,2026-01-26-01:13:57
27.0,2.6,25.0,300.0,10.0,60.0,0.44270235,0.548867,0.2534694,2026-01-26-01:13:57
26.0,5.0,40.0,300.0,11.0,55.0,0.6113793,0.53982264,0.55857146,2026-01-26-01:15:03
20.0,5.0,40.0,300.0,11.0,30.0,0.57059115,0.43827096,0.55857146,2026-01-26-01:15:03
20.0,4.8,40.0,290.0,11.0,55.0,0.5629346,0.51482266,0.54560876,2026-01-26-01:15:03
26.0,4.9,40.0,300.0,10.5,60.0,0.6006545,0.5514655,0.5498979,2026-01-26-01:15:03
26.0,4.9,40.0,300.0,11.0,35.0,0.60893035,0.47182268,0.55346936,2026-01-26-01:15:03
26.0,5.0,40.0,300.0,11.0,30.0,0.6113793,0.4548227,0.55857146,2026-01-26-01:15:54
27.0,0.2,25.0,210.0,8.5,55.0,0.33404997,0.43976107,0.11996833,2026-01-26-01:15:54
20.0,4.9,40.0,300.0,11.0,40.0,0.5681422,0.47227094,0.55346936,2026-01-26-01:15:54
20.0,5.0,40.0,300.0,11.0,55.0,0.57059115,0.5232709,0.55857146,2026-01-26-01:15:54
26.0,4.9,40.0,300.0,11.0,45.0,0.60893035,0.50582266,0.55346936,2026-01-26-01:15:54
26.0,4.9,40.0,300.0,11.0,40.0,0.60893035,0.48882267,0.55346936,2026-01-26-01:16:43
27.0,4.5,25.0,290.0,10.0,60.0,0.48647434,0.5402463,0.3282618,2026-01-26-01:16:43
24.0,4.5,25.0,290.0,6.0,40.0,0.4014989,0.42180294,0.29969037,2026-01-26-01:16:43
30.0,2.7,35.0,300.0,9.0,60.0,0.51462585,0.54642856,0.36809528,2026-01-26-01:16:43
26.0,3.4,40.0,300.0,11.0,60.0,0.57219565,0.55682266,0.47693878,2026-01-26-01:16:43
7.0,5.0,40.0,300.0,10.5,55.0,0.4753448,0.4820517,0.555,2026-01-26-01:17:37
18.0,2.0,30.0,300.0,2.5,55.0,0.28621864,0.42668223,0.23187076,2026-01-26-01:17:37
6.0,5.0,40.0,200.0,8.5,40.0,0.41384235,0.3275542,0.5131281,2026-01-26-01:17:37
5.0,5.0,40.0,300.0,10.5,45.0,0.46189657,0.44253448,0.555,2026-01-26-01:17:37
7.0,5.0,40.0,300.0,10.0,55.0,0.46847293,0.47669455,0.5514286,2026-01-26-01:17:37
26.0,1.7,40.0,300.0,11.0,60.0,0.530563,0.55682266,0.3902041,2026-01-26-01:18:23
10.0,1.7,40.0,300.0,6.0,10.0,0.35085857,0.28911328,0.35448977,2026-01-26-01:18:23
27.0,1.7,30.0,190.0,9.5,50.0,0.41530025,0.4184754,0.2382606,2026-01-26-01:18:23
15.0,0.6,30.0,240.0,8.0,45.0,0.30084917,0.3947143,0.19269998,2026-01-26-01:18:23
15.0,1.7,25.0,300.0,7.5,25.0,0.30354327,0.36997783,0.19887754,2026-01-26-01:18:23
30.0,5.0,40.0,300.0,9.0,35.0,0.6042857,0.46142855,0.5442858,2026-01-26-01:19:27
30.0,1.9,40.0,300.0,9.0,55.0,0.52836734,0.52942854,0.38612247,2026-01-26-01:19:27
9.0,1.8,30.0,300.0,3.5,30.0,0.24548323,0.327569,0.23017007,2026-01-26-01:19:27
27.0,5.0,30.0,300.0,10.0,60.0,0.5348112,0.548867,0.41809526,2026-01-26-01:19:27
26.0,4.4,40.0,300.0,11.0,60.0,0.59668547,0.55682266,0.52795917,2026-01-26-01:19:27
20.0,5.0,40.0,290.0,11.0,50.0,0.5678325,0.49799508,0.55581284,2026-01-26-01:20:29
8.0,4.8,40.0,300.0,6.5,35.0,0.42160448,0.37395322,0.5162245,2026-01-26-01:20:29
20.0,4.8,40.0,300.0,10.5,35.0,0.5578607,0.4499138,0.54479593,2026-01-26-01:20:29
20.0,5.0,40.0,300.0,11.0,40.0,0.57059115,0.47227094,0.55857146,2026-01-26-01:20:29
20.0,4.8,40.0,300.0,11.0,45.0,0.5656932,0.48927093,0.5483674,2026-01-26-01:20:29
26.0,4.9,40.0,300.0,11.0,30.0,0.60893035,0.4548227,0.55346936,2026-01-26-01:21:28
3.0,4.9,40.0,70.0,6.0,30.0,0.32336384,0.16332021,0.4543068,2026-01-26-01:21:28
26.0,4.9,40.0,300.0,11.0,25.0,0.60893035,0.4378227,0.55346936,2026-01-26-01:21:28
3.0,4.9,40.0,300.0,6.0,25.0,0.38681212,0.320803,0.5177551,2026-01-26-01:21:28
25.0,4.7,40.0,120.0,4.0,35.0,0.43275157,0.2544089,0.44361016,2026-01-26-01:21:28
26.0,4.9,40.0,270.0,11.0,55.0,0.6006545,0.5144778,0.54519355,2026-01-26-01:22:27
26.0,4.9,25.0,300.0,11.0,60.0,0.5089304,0.55682266,0.3544898,2026-01-26-01:22:27
26.0,5.0,40.0,70.0,9.0,55.0,0.5148276,0.32408375,0.4808375,2026-01-26-01:22:27
25.0,2.6,40.0,300.0,6.0,60.0,0.4637861,0.50049263,0.40040815,2026-01-26-01:22:27
27.0,4.9,25.0,270.0,10.0,55.0,0.49075302,0.5065222,0.3390711,2026-01-26-01:22:27
23.0,4.9,40.0,300.0,10.0,10.0,0.57242787,0.3678325,0.5463265,2026-01-26-01:23:24
26.0,5.0,40.0,300.0,9.5,60.0,0.5865517,0.5407512,0.54785717,2026-01-26-01:23:24
20.0,4.8,40.0,270.0,11.0,40.0,0.55741733,0.44847783,0.5400915,2026-01-26-01:23:24
20.0,5.0,40.0,300.0,11.0,35.0,0.57059115,0.45527095,0.55857146,2026-01-26-01:23:24
25.0,2.9,40.0,290.0,5.0,35.0,0.45197046,0.3970197,0.40581286,2026-01-26-01:23:24
26.0,2.6,35.0,300.0,11.0,60.0,0.5192705,0.55682266,0.3776191,2026-01-26-01:24:10
30.0,2.6,25.0,210.0,7.5,60.0,0.39496833,0.45277092,0.21078467,2026-01-26-01:24:10
13.0,2.7,25.0,300.0,6.0,55.0,0.2935257,0.45038915,0.2289796,2026-01-26-01:24:10
27.0,3.6,25.0,300.0,9.5,45.0,0.45884237,0.49250984,0.29071426,2026-01-26-01:24:10
13.0,0.9,30.0,170.0,4.0,60.0,0.21765423,0.33389163,0.1580835,2026-01-26-01:24:10
7.0,4.9,40.0,300.0,10.5,50.0,0.47289583,0.46505174,0.5498979,2026-01-26-01:25:06
20.0,5.0,40.0,300.0,11.0,45.0,0.57059115,0.48927093,0.55857146,2026-01-26-01:25:06
5.0,4.9,40.0,300.0,10.5,55.0,0.4594476,0.47653446,0.5498979,2026-01-26-01:25:06
15.999999,4.9,40.0,300.0,10.0,15.0,0.52587616,0.36552215,0.5463265,2026-01-26-01:25:06
30.0,0.6,40.0,40.0,9.0,10.0,0.42480648,0.19711822,0.24807179,2026-01-26-01:25:06
26.0,2.7,40.0,300.0,11.0,60.0,0.5550528,0.55682266,0.44122452,2026-01-26-01:25:53
26.0,1.0,40.0,20.0,10.0,60.0,0.41962704,0.30472907,0.27010557,2026-01-26-01:25:53
25.0,2.4,25.0,20.0,6.0,30.0,0.28164676,0.18607882,0.13949333,2026-01-26-01:25:53
20.0,5.0,40.0,300.0,11.0,50.0,0.57059115,0.50627095,0.55857146,2026-01-26-01:25:53
6.0,4.9,40.0,300.0,10.5,15.0,0.46617168,0.3432931,0.5498979,2026-01-26-01:25:53
23.0,4.9,40.0,300.0,10.0,15.0,0.57242787,0.3848325,0.5463265,2026-01-26-01:26:49
29.0,4.9,40.0,300.0,5.5,15.0,0.5358515,0.35316992,0.51418364,2026-01-26-01:26:49
26.0,4.9,40.0,290.0,11.0,15.0,0.6061717,0.3967537,0.55071074,2026-01-26-01:26:49
20.0,4.9,40.0,290.0,11.0,55.0,0.56538355,0.51482266,0.55071074,2026-01-26-01:26:49
1.0,4.9,40.0,270.0,6.0,60.0,0.36641803,0.40842366,0.5094792,2026-01-26-01:26:49
26.0,0.4,40.0,300.0,11.0,60.0,0.49872622,0.55682266,0.32387757,2026-01-26-01:27:40
27.0,0.4,30.0,290.0,9.0,40.0,0.40269998,0.46222168,0.2047924,2026-01-26-01:27:40
1.0,0.4,40.0,300.0,4.5,40.0,0.24520408,0.3502143,0.277449,2026-01-26-01:27:40
23.0,4.6,40.0,290.0,10.0,50.0,0.5623223,0.49555665,0.5282618,2026-01-26-01:27:40
15.0,0.4,25.0,300.0,6.5,60.0,0.25678045,0.47826356,0.13867347,2026-01-26-01:27:40
19.0,5.0,40.0,300.0,7.0,50.0,0.5017241,0.46065515,0.53000003,2026-01-26-01:28:24
20.0,5.0,40.0,300.0,11.0,20.0,0.57059115,0.40427092,0.55857146,2026-01-26-01:28:24
18.0,1.8,40.0,300.0,3.0,20.0,0.35567206,0.3130394,0.3381633,2026-01-26-01:28:24
17.0,3.9,40.0,140.0,7.0,15.0,0.41823363,0.22303447,0.42973962,2026-01-26-01:28:24
19.0,2.5,35.0,230.0,4.5,60.0,0.34906286,0.40752462,0.30711824,2026-01-26-01:28:24
23.0,4.8,40.0,300.0,10.0,30.0,0.5699789,0.43583253,0.54122454,2026-01-26-01:29:25
8.0,5.0,40.0,300.0,3.5,50.0,0.38482755,0.39281037,0.50500005,2026-01-26-01:29:25
20.0,5.0,40.0,300.0,11.0,25.0,0.57059115,0.42127097,0.55857146,2026-01-26-01:29:25
11.0,3.9,30.0,70.0,4.5,35.0,0.2591778,0.18235223,0.2667218,2026-01-26-01:29:25
26.0,4.9,40.0,300.0,11.0,50.0,0.60893035,0.5228227,0.55346936,2026-01-26-01:29:25
20.0,5.0,40.0,300.0,11.0,10.0,0.57059115,0.37027094,0.55857146,2026-01-26-01:30:04
18.0,2.4,30.0,130.0,3.5,60.0,0.26448748,0.30784485,0.20980415,2026-01-26-01:30:04
5.0,0.6,25.0,170.0,10.0,20.0,0.21155524,0.2580394,0.13597466,2026-01-26-01:30:04
6.0,5.0,40.0,250.00002,10.0,55.0,0.44802955,0.4316946,0.5376355,2026-01-26-01:30:04
26.0,5.0,40.0,290.0,11.0,45.0,0.6086207,0.4977192,0.55581284,2026-01-26-01:30:04
5.0,5.0,40.0,290.0,10.5,20.0,0.45913795,0.3502931,0.5522414,2026-01-26-01:30:51
9.0,5.0,40.0,290.0,4.0,20.0,0.39477834,0.29168475,0.5058128,2026-01-26-01:30:51
5.0,0.6,25.0,70.0,10.5,55.0,0.19069317,0.28222415,0.11195989,2026-01-26-01:30:51
25.0,2.6,40.0,270.0,6.0,20.0,0.45551023,0.3427685,0.39213234,2026-01-26-01:30:51
24.0,5.0,40.0,290.0,4.0,20.0,0.4812315,0.33306405,0.5058128,2026-01-26-01:30:51
27.0,5.0,40.0,300.0,10.0,45.0,0.60147786,0.497867,0.5514286,2026-01-26-01:31:53
27.0,3.6,25.0,300.0,9.0,45.0,0.4504926,0.4871527,0.28714287,2026-01-26-01:31:53
27.0,5.0,40.0,300.0,10.0,25.0,0.60147786,0.42986703,0.5514286,2026-01-26-01:31:53
27.0,5.0,40.0,270.0,10.0,45.0,0.593202,0.47355667,0.54315275,2026-01-26-01:31:53
26.0,5.0,40.0,290.0,11.0,40.0,0.6086207,0.48089164,0.55581284,2026-01-26-01:31:53
6.0,5.0,40.0,300.0,10.5,10.0,0.46862066,0.3262931,0.555,2026-01-26-01:32:30
5.0,5.0,40.0,200.0,8.5,40.0,0.4074138,0.32479557,0.5131281,2026-01-26-01:32:30
27.0,4.7,40.0,300.0,10.0,60.0,0.59413093,0.548867,0.5361225,2026-01-26-01:32:30
18.0,0.9,25.0,20.0,2.5,35.0,0.14870515,0.14144088,0.053268827,2026-01-26-01:32:30
19.0,3.9,30.0,160.0,3.0,50.0,0.30742905,0.30193597,0.28083512,2026-01-26-01:32:30
15.999999,5.0,40.0,300.0,10.0,20.0,0.52832514,0.38252214,0.5514286,2026-01-26-01:33:25
23.0,4.9,40.0,280.0,10.0,20.0,0.5669106,0.38734975,0.5408093,2026-01-26-01:33:25
26.0,5.0,40.0,290.0,11.0,60.0,0.6086207,0.548202,0.55581284,2026-01-26-01:33:25
30.0,4.9,40.0,300.0,9.0,40.0,0.60183674,0.47842857,0.5391837,2026-01-26-01:33:25
11.0,4.9,40.0,70.0,2.0,10.0,0.31449685,0.090394095,0.42573538,2026-01-26-01:33:25
26.0,4.2,30.0,300.0,11.0,60.0,0.52512085,0.55682266,0.38986397,2026-01-26-01:34:13
27.0,4.2,30.0,180.0,9.5,50.0,0.47376612,0.41019955,0.34604624,2026-01-26-01:34:13
22.0,4.2,30.0,300.0,5.0,60.0,0.4021651,0.4815025,0.34700686,2026-01-26-01:34:13
6.0,4.2,30.0,300.0,9.5,15.0,0.36876613,0.3325788,0.37914968,2026-01-26-01:34:13
30.0,3.6,35.0,130.0,9.0,10.0,0.48977008,0.25918722,0.36405584,2026-01-26-01:34:13
27.0,5.0,40.0,300.0,9.5,60.0,0.5931281,0.54350984,0.54785717,2026-01-26-01:35:03
27.0,0.8,35.0,300.0,10.0,60.0,0.4652874,0.548867,0.28476194,2026-01-26-01:35:03
30.0,4.9,40.0,300.0,9.0,50.0,0.60183674,0.5124286,0.5391837,2026-01-26-01:35:03
29.0,4.5,40.0,200.0,6.0,25.0,0.50696695,0.31838915,0.46976072,2026-01-26-01:35:03
14.0,5.0,40.0,130.0,4.0,30.0,0.37945813,0.21775372,0.4616749,2026-01-26-01:35:03
20.0,5.0,40.0,300.0,11.0,15.0,0.57059115,0.38727093,0.55857146,2026-01-26-01:35:53
26.0,5.0,40.0,300.0,10.5,55.0,0.60310346,0.5344655,0.555,2026-01-26-01:35:53
22.0,4.8,40.0,230.0,5.0,25.0,0.46421534,0.3106059,0.4861999,2026-01-26-01:35:53
26.0,3.8,35.0,300.0,11.0,60.0,0.54865825,0.55682266,0.4347619,2026-01-26-01:35:53
26.0,5.0,40.0,280.0,11.0,60.0,0.6058621,0.5395813,0.5530542,2026-01-26-01:35:53
30.0,0.2,35.0,300.0,9.0,60.0,0.45340133,0.54642856,0.24904762,2026-01-26-01:36:56
26.0,2.5,40.0,300.0,11.0,60.0,0.55015486,0.55682266,0.4310204,2026-01-26-01:36:56
27.0,2.3,35.0,300.0,10.0,60.0,0.502022,0.548867,0.35619047,2026-01-26-01:36:56
26.0,2.9,40.0,300.0,11.0,60.0,0.55995077,0.55682266,0.4514286,2026-01-26-01:36:56
25.0,2.3,35.0,300.0,5.5,60.0,0.41490385,0.4951355,0.32404763,2026-01-26-01:36:56
30.0,0.3,30.0,300.0,9.0,60.0,0.422517,0.54642856,0.20312926,2026-01-26-01:37:36
26.0,5.0,40.0,300.0,10.5,50.0,0.60310346,0.51746553,0.555,2026-01-26-01:37:36
3.0,0.3,40.0,160.0,4.0,50.0,0.20923294,0.2685123,0.23015483,2026-01-26-01:37:36
3.0,3.4,40.0,160.0,4.0,15.0,0.2851513,0.16640885,0.3883181,2026-01-26-01:37:36
22.0,0.4,40.0,110.0,5.5,10.0,0.33133706,0.18582512,0.23217805,2026-01-26-01:37:36
26.0,0.7,40.0,300.0,11.0,60.0,0.50607324,0.55682266,0.33918366,2026-01-26-01:38:23
22.0,2.6,35.0,280.0,5.5,15.0,0.39877784,0.3197217,0.33281612,2026-01-26-01:38:23
8.0,0.7,30.0,260.0,6.0,10.0,0.23654938,0.25600988,0.18835329,2026-01-26-01:38:23
9.0,0.7,25.0,290.0,4.5,60.0,0.1964919,0.43166256,0.13387403,2026-01-26-01:38:23
9.0,0.7,25.0,290.0,6.5,60.0,0.2245707,0.45309114,0.14815974,2026-01-26-01:38:23
20.0,5.0,40.0,300.0,11.0,60.0,0.57059115,0.5402709,0.55857146,2026-01-26-01:39:03
17.0,0.1,40.0,90.0,5.0,15.0,0.28093597,0.16626109,0.20778325,2026-01-26-01:39:03
27.0,5.0,35.0,300.0,10.0,25.0,0.5681445,0.42986703,0.48476192,2026-01-26-01:39:03
30.0,4.7,40.0,300.0,9.0,50.0,0.5969388,0.5124286,0.52897966,2026-01-26-01:39:03
30.0,5.0,40.0,300.0,9.0,25.0,0.6042857,0.42742854,0.5442858,2026-01-26-01:39:03
27.0,5.0,40.0,300.0,10.0,20.0,0.60147786,0.41286698,0.5514286,2026-01-26-01:40:04
27.0,5.0,40.0,300.0,10.0,15.0,0.60147786,0.395867,0.5514286,2026-01-26-01:40:04
22.0,0.8,30.0,240.0,5.0,25.0,0.3023481,0.31801972,0.18011494,2026-01-26-01:40:04
12.0,0.8,30.0,240.0,5.5,20.0,0.25047618,0.27982512,0.18368636,2026-01-26-01:40:04
27.0,0.8,30.0,240.0,9.5,60.0,0.40705255,0.49178573,0.21225779,2026-01-26-01:40:04
26.0,1.6,40.0,300.0,11.0,60.0,0.528114,0.55682266,0.38510203,2026-01-26-01:40:48
21.0,0.9,35.0,40.0,6.0,45.0,0.2928595,0.22776848,0.18922825,2026-01-26-01:40:48
25.0,4.5,40.0,20.0,6.0,30.0,0.4330753,0.18607882,0.42010558,2026-01-26-01:40:48
2.0,1.6,40.0,300.0,6.0,60.0,0.29993668,0.43704435,0.34938776,2026-01-26-01:40:48
28.0,1.6,40.0,300.0,6.5,60.0,0.46589726,0.51412565,0.35295916,2026-01-26-01:40:48
20.0,5.0,40.0,300.0,10.5,40.0,0.5627586,0.4669138,0.555,2026-01-26-01:41:22
27.0,5.0,40.0,300.0,10.0,40.0,0.60147786,0.480867,0.5514286,2026-01-26-01:41:22
30.0,3.4,40.0,90.0,7.0,30.0,0.4728853,0.26368964,0.39043635,2026-01-26-01:41:22
30.0,1.1,40.0,170.0,9.0,25.0,0.4729134,0.33104926,0.30944404,2026-01-26-01:41:22
15.999999,3.1,35.0,180.0,9.5,15.0,0.40782076,0.27533743,0.35761085,2026-01-26-01:41:22
27.0,5.0,40.0,300.0,10.0,10.0,0.60147786,0.378867,0.5514286,2026-01-26-01:42:24
28.0,4.8,40.0,300.0,7.0,50.0,0.55268824,0.48548275,0.51979595,2026-01-26-01:42:24
1.0,4.8,25.0,300.0,5.5,30.0,0.26581633,0.3269286,0.31112248,2026-01-26-01:42:24
27.0,5.0,40.0,280.0,10.0,10.0,0.5959606,0.36507392,0.5459114,2026-01-26-01:42:24
10.0,5.0,40.0,110.0,5.0,35.0,0.3650739,0.21598522,0.46330053,2026-01-26-01:42:24
26.0,4.8,40.0,300.0,11.0,35.0,0.6064814,0.47182268,0.5483674,2026-01-26-01:43:32
20.0,4.9,40.0,300.0,10.5,35.0,0.56030965,0.4499138,0.5498979,2026-01-26-01:43:32
26.0,4.9,40.0,280.0,11.0,55.0,0.6034131,0.5229261,0.5479522,2026-01-26-01:43:32
27.0,5.0,40.0,300.0,8.0,50.0,0.5680788,0.49343842,0.5371429,2026-01-26-01:43:32
23.0,5.0,40.0,290.0,10.0,50.0,0.5721182,0.49555665,0.54867,2026-01-26-01:43:32
30.0,4.6,40.0,300.0,9.0,60.0,0.59448975,0.54642856,0.52387756,2026-01-26-01:44:20
26.0,5.0,40.0,290.0,11.0,50.0,0.6086207,0.5145468,0.55581284,2026-01-26-01:44:20
9.0,4.6,35.0,290.0,4.0,40.0,0.35164908,0.35899508,0.42009848,2026-01-26-01:44:20
7.0,4.4,30.0,240.0,7.5,40.0,0.33620104,0.35132268,0.35715577,2026-01-26-01:44:20
30.0,4.9,40.0,300.0,9.0,55.0,0.60183674,0.52942854,0.5391837,2026-01-26-01:44:20
20.0,4.8,40.0,300.0,11.0,15.0,0.5656932,0.38727093,0.5483674,2026-01-26-01:45:05
20.0,3.5,40.0,300.0,10.5,55.0,0.5260239,0.51791376,0.47846934,2026-01-26-01:45:05
29.0,4.8,40.0,300.0,6.0,60.0,0.5419001,0.5115271,0.5126531,2026-01-26-01:45:05
26.0,4.8,40.0,300.0,10.5,60.0,0.5982055,0.5514655,0.54479593,2026-01-26-01:45:05
8.0,3.5,25.0,40.0,3.5,60.0,0.17636876,0.20267242,0.17205139,2026-01-26-01:45:05
6.0,5.0,40.0,300.0,10.5,30.0,0.46862066,0.39429313,0.555,2026-01-26-01:46:04
24.0,5.0,40.0,180.0,4.0,30.0,0.4508867,0.28327096,0.475468,2026-01-26-01:46:04
6.0,4.8,40.0,300.0,10.5,20.0,0.4637227,0.3602931,0.54479593,2026-01-26-01:46:04
5.0,5.0,40.0,300.0,10.5,25.0,0.46189657,0.3745345,0.555,2026-01-26-01:46:04
6.0,5.0,40.0,300.0,10.5,25.0,0.46862066,0.3772931,0.555,2026-01-26-01:46:04
7.0,5.0,40.0,300.0,10.5,20.0,0.4753448,0.3630517,0.555,2026-01-26-01:47:02
5.0,4.8,40.0,300.0,10.5,40.0,0.45699862,0.4255345,0.54479593,2026-01-26-01:47:02
24.0,5.0,40.0,290.0,4.0,55.0,0.4812315,0.45085713,0.5058128,2026-01-26-01:47:02
26.0,5.0,40.0,290.0,11.0,35.0,0.6086207,0.46406406,0.55581284,2026-01-26-01:47:02
24.0,3.2,40.0,180.0,4.0,20.0,0.40680507,0.25340885,0.38363126,2026-01-26-01:47:02
7.0,5.0,40.0,290.0,10.5,30.0,0.47258618,0.38946554,0.5522414,2026-01-26-01:47:55
1.0,5.0,40.0,290.0,5.0,30.0,0.3615271,0.31398523,0.5129557,2026-01-26-01:47:55
10.0,5.0,40.0,290.0,5.0,30.0,0.41472903,0.33881283,0.5129557,2026-01-26-01:47:55
20.0,5.0,40.0,300.0,10.0,35.0,0.5549261,0.44455665,0.5514286,2026-01-26-01:47:55
20.0,5.0,40.0,290.0,11.0,25.0,0.5678325,0.41385716,0.55581284,2026-01-26-01:47:55
20.0,5.0,40.0,290.0,11.0,10.0,0.5678325,0.36337438,0.55581284,2026-01-26-01:48:50
26.0,5.0,40.0,290.0,11.0,30.0,0.6086207,0.44723648,0.55581284,2026-01-26-01:48:50
26.0,5.0,40.0,290.0,11.0,25.0,0.6086207,0.4304089,0.55581284,2026-01-26-01:48:50
8.0,1.7,35.0,270.0,4.5,60.0,0.27629372,0.41166258,0.28005746,2026-01-26-01:48:50
15.0,2.7,35.0,20.0,7.5,55.0,0.31745836,0.2354261,0.2801396,2026-01-26-01:48:50
6.0,5.0,40.0,290.0,10.5,15.0,0.46586204,0.33622414,0.5522414,2026-01-26-01:49:51
6.0,5.0,40.0,290.0,8.5,15.0,0.43866992,0.31479558,0.5379557,2026-01-26-01:49:51
20.0,4.4,40.0,290.0,10.5,50.0,0.54530615,0.49263793,0.5216291,2026-01-26-01:49:51
20.0,4.4,40.0,200.0,10.5,40.0,0.52047855,0.38760343,0.49680153,2026-01-26-01:49:51
9.0,0.7,25.0,290.0,6.5,15.0,0.2245707,0.30164286,0.14815974,2026-01-26-01:49:51
20.0,4.7,40.0,300.0,11.0,55.0,0.5632442,0.5232709,0.54326534,2026-01-26-01:50:45
20.0,4.7,40.0,300.0,10.5,45.0,0.5554117,0.48391378,0.5396939,2026-01-26-01:50:45
20.0,4.7,40.0,280.0,11.0,20.0,0.557727,0.38978815,0.53774816,2026-01-26-01:50:45
20.0,4.7,40.0,300.0,11.0,30.0,0.5632442,0.43827096,0.54326534,2026-01-26-01:50:45
20.0,4.7,40.0,20.0,10.0,55.0,0.4703378,0.27600494,0.4588811,2026-01-26-01:50:45
20.0,5.0,40.0,290.0,11.0,60.0,0.5678325,0.53165025,0.55581284,2026-01-26-01:51:31
11.0,0.4,40.0,230.0,2.5,50.0,0.2555982,0.3324409,0.24385293,2026-01-26-01:51:31
18.0,1.9,30.0,300.0,3.5,60.0,0.2991391,0.45439658,0.23459184,2026-01-26-01:51:31
1.0,2.2,30.0,230.0,5.0,15.0,0.20973729,0.22108868,0.23926109,2026-01-26-01:51:31
22.0,5.0,40.0,300.0,4.5,10.0,0.48044333,0.3061453,0.5121429,2026-01-26-01:51:31
26.0,1.9,30.0,300.0,11.0,60.0,0.46879426,0.55682266,0.28816327,2026-01-26-01:52:18
29.0,1.6,40.0,300.0,4.5,60.0,0.4380401,0.49545568,0.33867347,2026-01-26-01:52:18
18.0,4.2,35.0,300.0,3.5,60.0,0.388799,0.45439658,0.40023816,2026-01-26-01:52:18
30.0,0.5,30.0,300.0,9.0,60.0,0.42741495,0.54642856,0.2119728,2026-01-26-01:52:18
22.0,1.9,35.0,270.0,6.0,15.0,0.3868567,0.31800985,0.3002956,2026-01-26-01:52:18
26.0,4.9,40.0,250.00002,11.0,60.0,0.59513724,0.51371926,0.5396763,2026-01-26-01:53:10
15.0,4.9,40.0,250.00002,7.5,20.0,0.46811754,0.31677094,0.5146763,2026-01-26-01:53:10
29.0,4.9,40.0,250.00002,5.5,60.0,0.5220584,0.4630665,0.5003906,2026-01-26-01:53:10
4.0,0.2,25.0,250.00002,5.5,15.0,0.15732583,0.24885961,0.10957424,2026-01-26-01:53:10
2.0,0.1,40.0,70.0,5.5,60.0,0.19325124,0.23341134,0.20583744,2026-01-26-01:53:10
27.0,4.5,40.0,300.0,10.0,60.0,0.5892329,0.548867,0.52591836,2026-01-26-01:53:50
20.0,5.0,40.0,300.0,10.5,10.0,0.5627586,0.3649138,0.555,2026-01-26-01:53:50
21.0,1.9,35.0,190.0,5.0,10.0,0.34291577,0.23288178,0.27108374,2026-01-26-01:53:50
24.0,2.6,35.0,300.0,4.5,35.0,0.4000094,0.39666256,0.33119053,2026-01-26-01:53:50
18.0,2.7,35.0,300.0,3.5,60.0,0.3520643,0.45439658,0.32880956,2026-01-26-01:53:50
7.0,5.0,40.0,300.0,10.5,35.0,0.4753448,0.41405174,0.555,2026-01-26-01:54:41
7.0,5.0,40.0,300.0,10.0,35.0,0.46847293,0.4086946,0.5514286,2026-01-26-01:54:41
18.0,4.8,35.0,300.0,3.5,60.0,0.40349287,0.45439658,0.42880955,2026-01-26-01:54:41
19.0,0.6,40.0,230.0,3.0,35.0,0.31258973,0.3124877,0.25762844,2026-01-26-01:54:41
21.0,5.0,40.0,280.0,5.0,55.0,0.47699508,0.4448473,0.5101971,2026-01-26-01:54:41
27.0,4.4,35.0,290.0,10.0,60.0,0.550692,0.5402463,0.45343184,2026-01-26-01:55:45
30.0,4.5,35.0,290.0,9.0,60.0,0.55594885,0.5378079,0.45105094,2026-01-26-01:55:45
26.0,2.6,40.0,300.0,11.0,60.0,0.55260384,0.55682266,0.43612248,2026-01-26-01:55:45
27.0,4.5,40.0,290.0,9.5,60.0,0.5781246,0.53488916,0.51958835,2026-01-26-01:55:45
27.0,4.2,30.0,180.0,10.0,50.0,0.4821159,0.4155567,0.34961766,2026-01-26-01:55:45
30.0,4.1,35.0,300.0,8.5,60.0,0.5403401,0.5410715,0.4311905,2026-01-26-01:56:46
27.0,4.2,30.0,290.0,10.0,60.0,0.5124607,0.5402463,0.3799625,2026-01-26-01:56:46
26.0,2.3,40.0,300.0,11.0,60.0,0.5452569,0.55682266,0.42081633,2026-01-26-01:56:46
27.0,4.0,35.0,300.0,9.5,60.0,0.53530496,0.54350984,0.43357146,2026-01-26-01:56:46
26.0,4.2,40.0,300.0,11.0,60.0,0.5917875,0.55682266,0.51775515,2026-01-26-01:56:46
20.0,5.0,40.0,290.0,11.0,20.0,0.5678325,0.39702955,0.55581284,2026-01-26-01:57:35
5.0,1.3,40.0,130.0,7.5,25.0,0.2840429,0.21635716,0.29789937,2026-01-26-01:57:35
30.0,5.0,40.0,300.0,9.0,30.0,0.6042857,0.4444286,0.5442858,2026-01-26-01:57:35
30.0,5.0,40.0,290.0,9.0,55.0,0.6015271,0.52098024,0.54152715,2026-01-26-01:57:35
5.0,4.4,35.0,230.0,10.5,30.0,0.394559,0.33843106,0.4404516,2026-01-26-01:57:35
26.0,1.0,40.0,300.0,11.0,60.0,0.51342016,0.55682266,0.35448983,2026-01-26-01:58:40
30.0,4.4,30.0,290.0,9.0,60.0,0.5201665,0.5378079,0.38166314,2026-01-26-01:58:40
18.0,4.4,40.0,20.0,3.0,55.0,0.34210417,0.19548768,0.39357495,2026-01-26-01:58:40
26.0,4.9,35.0,300.0,11.0,60.0,0.57559705,0.55682266,0.4871429,2026-01-26-01:58:40
26.0,3.7,35.0,300.0,11.0,60.0,0.5462093,0.55682266,0.43000004,2026-01-26-01:58:40
27.0,4.3,40.0,300.0,10.0,60.0,0.58433497,0.548867,0.51571435,2026-01-26-01:59:26
30.0,5.0,40.0,270.0,8.0,60.0,0.578867,0.50985223,0.528867,2026-01-26-01:59:26
19.0,3.7,30.0,120.0,6.0,40.0,0.3380483,0.27318227,0.28238565,2026-01-26-01:59:26
3.0,2.1,25.0,70.0,4.5,50.0,0.13506334,0.19938672,0.13032724,2026-01-26-01:59:26
17.0,1.6,35.0,120.0,7.0,15.0,0.32305652,0.20889653,0.25177342,2026-01-26-01:59:26
26.0,1.1,40.0,300.0,11.0,60.0,0.51586914,0.55682266,0.35959184,2026-01-26-02:00:25
26.0,3.9,40.0,300.0,11.0,60.0,0.5844406,0.55682266,0.502449,2026-01-26-02:00:25
2.0,0.4,40.0,170.0,4.5,25.0,0.21517944,0.2055936,0.24158691,2026-01-26-02:00:25
2.0,0.4,40.0,180.0,5.5,25.0,0.23094301,0.22372168,0.2514884,2026-01-26-02:00:25
15.0,3.9,25.0,300.0,6.0,60.0,0.3350317,0.4729064,0.2779592,2026-01-26-02:00:25
7.0,5.0,40.0,300.0,10.5,15.0,0.4753448,0.34605172,0.555,2026-01-26-02:01:22
7.0,5.0,40.0,100.0,7.0,15.0,0.37206897,0.1671724,0.47482765,2026-01-26-02:01:22
7.0,5.0,40.0,70.0,9.5,15.0,0.39815274,0.17275122,0.48440892,2026-01-26-02:01:22
26.0,5.0,40.0,260.0,11.0,55.0,0.60034484,0.50602955,0.54753697,2026-01-26-02:01:22
7.0,5.0,40.0,260.0,9.5,55.0,0.45056653,0.43754435,0.5368227,2026-01-26-02:01:22
30.0,4.9,40.0,290.0,9.0,20.0,0.5990781,0.40318716,0.53642505,2026-01-26-02:02:23
15.0,4.9,40.0,250.00002,7.5,55.0,0.46811754,0.42973644,0.5146763,2026-01-26-02:02:23
30.0,4.7,35.0,300.0,9.0,40.0,0.5636054,0.47842857,0.4633334,2026-01-26-02:02:23
23.0,4.7,40.0,300.0,10.0,55.0,0.5675299,0.5208325,0.5361225,2026-01-26-02:02:23
30.0,4.8,30.0,290.0,7.0,20.0,0.4956768,0.38175863,0.38506454,2026-01-26-02:02:23
26.0,4.0,35.0,300.0,11.0,60.0,0.5535562,0.55682266,0.44428575,2026-01-26-02:03:20
25.0,3.2,30.0,300.0,5.5,25.0,0.40361133,0.37613547,0.30636057,2026-01-26-02:03:20
26.0,3.0,35.0,300.0,11.0,60.0,0.5290664,0.55682266,0.3966667,2026-01-26-02:03:20
30.0,3.3,35.0,300.0,9.0,60.0,0.5293197,0.54642856,0.39666668,2026-01-26-02:03:20
26.0,0.8,40.0,300.0,11.0,60.0,0.5085222,0.55682266,0.34428573,2026-01-26-02:03:20
26.0,3.1,35.0,300.0,11.0,60.0,0.5315154,0.55682266,0.40142858,2026-01-26-02:04:24
30.0,4.4,35.0,300.0,7.0,60.0,0.5219728,0.52500004,0.43476194,2026-01-26-02:04:24
26.0,5.0,35.0,300.0,11.0,60.0,0.578046,0.55682266,0.49190477,2026-01-26-02:04:24
30.0,3.2,35.0,300.0,9.0,60.0,0.5268707,0.54642856,0.39190477,2026-01-26-02:04:24
27.0,3.6,30.0,300.0,10.0,60.0,0.5005255,0.548867,0.3561905,2026-01-26-02:04:24
26.0,4.9,40.0,300.0,11.0,20.0,0.60893035,0.42082265,0.55346936,2026-01-26-02:05:24
15.0,4.9,35.0,180.0,7.5,60.0,0.41547385,0.38552955,0.42903942,2026-01-26-02:05:24
23.0,4.8,40.0,300.0,9.5,40.0,0.5619247,0.46447536,0.5376531,2026-01-26-02:05:24
15.999999,4.8,40.0,300.0,10.0,20.0,0.5234272,0.38252214,0.54122454,2026-01-26-02:05:24
7.0,4.8,40.0,300.0,10.5,55.0,0.47044685,0.4820517,0.54479593,2026-01-26-02:05:24
30.0,5.0,40.0,290.0,9.0,50.0,0.6015271,0.5041527,0.54152715,2026-01-26-02:05:54
26.0,4.0,40.0,300.0,11.0,60.0,0.58688956,0.55682266,0.507551,2026-01-26-02:05:54
18.0,4.9,25.0,270.0,3.0,50.0,0.32331458,0.39021182,0.28907108,2026-01-26-02:05:54
19.0,4.5,35.0,140.0,6.5,45.0,0.40424934,0.30864286,0.39181444,2026-01-26-02:05:54
14.0,4.3,35.0,230.0,4.0,30.0,0.35656816,0.2936158,0.3892611,2026-01-26-02:05:54
5.0,5.0,40.0,300.0,10.5,50.0,0.46189657,0.4595345,0.555,2026-01-26-02:06:49
7.0,4.9,40.0,300.0,10.5,45.0,0.47289583,0.44805172,0.5498979,2026-01-26-02:06:49
7.0,4.9,40.0,300.0,10.5,25.0,0.47289583,0.38005173,0.5498979,2026-01-26-02:06:49
19.0,5.0,40.0,30.0,7.0,25.0,0.42724138,0.17548276,0.4555173,2026-01-26-02:06:49
5.0,5.0,40.0,300.0,10.0,50.0,0.4551724,0.45417735,0.5514286,2026-01-26-02:06:49
26.0,5.0,40.0,300.0,10.5,45.0,0.60310346,0.5004655,0.555,2026-01-26-02:07:36
14.0,2.5,25.0,190.0,4.0,30.0,0.23478536,0.26327094,0.17618579,2026-01-26-02:07:36
14.0,4.3,35.0,100.0,4.0,35.0,0.3207061,0.2085468,0.35339904,2026-01-26-02:07:36
14.0,3.7,25.0,200.0,4.0,10.0,0.26693174,0.2097537,0.227924,2026-01-26-02:07:36
17.0,3.6,25.0,300.0,6.5,60.0,0.34741375,0.4837808,0.26928574,2026-01-26-02:07:36
27.0,4.6,35.0,300.0,10.0,60.0,0.5583486,0.548867,0.46571428,2026-01-26-02:07:58
4.0,0.3,40.0,300.0,6.0,50.0,0.28021818,0.40856156,0.2830612,2026-01-26-02:07:58
28.0,3.8,25.0,50.0,7.5,60.0,0.36765662,0.30932266,0.21562633,2026-01-26-02:07:58
20.0,0.2,25.0,260.0,9.5,35.0,0.3185081,0.40816504,0.14090428,2026-01-26-02:07:58
30.0,0.3,40.0,270.0,7.5,45.0,0.45519352,0.4550468,0.28549966,2026-01-26-02:07:58
27.0,4.9,40.0,300.0,10.0,55.0,0.5990289,0.53186697,0.5463265,2026-01-26-02:08:51
30.0,5.0,40.0,290.0,9.0,40.0,0.6015271,0.47049755,0.54152715,2026-01-26-02:08:51
27.0,4.9,40.0,300.0,9.5,60.0,0.5906791,0.54350984,0.54275507,2026-01-26-02:08:51
10.0,1.7,40.0,140.0,6.0,25.0,0.3067206,0.2214926,0.31035185,2026-01-26-02:08:51
20.0,5.0,40.0,300.0,10.5,30.0,0.5627586,0.4329138,0.555,2026-01-26-02:08:51
30.0,5.0,40.0,300.0,9.0,10.0,0.6042857,0.37642854,0.5442858,2026-01-26-02:09:40
24.0,5.0,25.0,280.0,6.0,10.0,0.41098523,0.3139409,0.3173399,2026-01-26-02:09:40
26.0,3.4,25.0,110.0,11.0,30.0,0.41978183,0.31068474,0.24085154,2026-01-26-02:09:40
28.0,3.3,25.0,110.0,7.0,20.0,0.36353976,0.24589655,0.20819844,2026-01-26-02:09:40
14.0,2.0,40.0,240.0,4.5,35.0,0.34372273,0.3225246,0.34252992,2026-01-26-02:09:40
26.0,5.0,40.0,300.0,10.5,40.0,0.60310346,0.48346552,0.555,2026-01-26-02:10:21
29.0,4.1,40.0,300.0,5.5,15.0,0.5162597,0.35316992,0.47336736,2026-01-26-02:10:21
21.0,3.2,25.0,280.0,5.0,15.0,0.33291343,0.31160593,0.23672765,2026-01-26-02:10:21
15.999999,4.8,30.0,200.0,7.0,15.0,0.38395262,0.26268965,0.36023694,2026-01-26-02:10:21
4.0,2.5,40.0,10.0,6.0,10.0,0.2540957,0.07256158,0.31530613,2026-01-26-02:10:21
27.0,4.2,40.0,300.0,10.0,60.0,0.581886,0.548867,0.51061225,2026-01-26-02:11:11
20.0,5.0,40.0,300.0,10.5,55.0,0.5627586,0.51791376,0.555,2026-01-26-02:11:11
22.0,4.2,30.0,290.0,5.0,50.0,0.3994065,0.4392266,0.34424824,2026-01-26-02:11:11
26.0,5.0,40.0,290.0,11.0,20.0,0.6086207,0.41358128,0.55581284,2026-01-26-02:11:11
9.0,5.0,30.0,290.0,4.0,50.0,0.32811168,0.39265028,0.37247947,2026-01-26-02:11:11
30.0,5.0,40.0,300.0,8.5,60.0,0.5957143,0.5410715,0.5407143,2026-01-26-02:11:55
27.0,2.5,30.0,300.0,10.0,60.0,0.47358668,0.548867,0.30755103,2026-01-26-02:11:55
26.0,2.5,30.0,300.0,11.0,60.0,0.48348817,0.55682266,0.31469387,2026-01-26-02:11:55
29.0,4.5,30.0,300.0,6.0,60.0,0.4678865,0.5115271,0.36741498,2026-01-26-02:11:55
27.0,4.0,40.0,300.0,10.0,60.0,0.57698804,0.548867,0.5004082,2026-01-26-02:11:55
6.0,5.0,40.0,300.0,10.5,35.0,0.46862066,0.41129312,0.555,2026-01-26-02:12:53
21.0,5.0,40.0,300.0,6.5,35.0,0.50623155,0.40981528,0.5264286,2026-01-26-02:12:53
2.0,5.0,40.0,300.0,6.0,35.0,0.383202,0.35204434,0.5228572,2026-01-26-02:12:53
25.0,3.4,40.0,300.0,5.5,25.0,0.47517595,0.37613547,0.43765306,2026-01-26-02:12:53
27.0,5.0,40.0,290.0,10.0,55.0,0.59871924,0.5234187,0.54867,2026-01-26-02:12:53
26.0,5.0,40.0,300.0,10.5,35.0,0.60310346,0.46646553,0.555,2026-01-26-02:13:23
6.0,4.2,30.0,120.0,10.0,50.0,0.325909,0.30797046,0.33306593,2026-01-26-02:13:23
20.0,5.0,40.0,300.0,10.5,60.0,0.5627586,0.5349138,0.555,2026-01-26-02:13:23
7.0,5.0,40.0,300.0,10.5,60.0,0.4753448,0.49905175,0.555,2026-01-26-02:13:23
19.0,4.1,25.0,150.0,4.5,15.0,0.2995109,0.20883496,0.23402885,2026-01-26-02:13:23
27.0,3.7,40.0,300.0,10.0,60.0,0.5696411,0.548867,0.48510206,2026-01-26-02:14:06
5.0,5.0,40.0,300.0,10.5,15.0,0.46189657,0.34053448,0.555,2026-01-26-02:14:06
6.0,4.9,40.0,290.0,10.5,20.0,0.46341306,0.35305172,0.5471393,2026-01-26-02:14:06
26.0,5.0,40.0,300.0,10.5,10.0,0.60310346,0.38146552,0.555,2026-01-26-02:14:06
11.0,3.1,25.0,160.0,3.5,40.0,0.21674524,0.25605172,0.1888283,2026-01-26-02:14:06
26.0,0.6,35.0,300.0,11.0,60.0,0.47029087,0.55682266,0.28238097,2026-01-26-02:14:26
11.0,2.3,25.0,280.0,3.5,20.0,0.23025687,0.28460345,0.18927868,2026-01-26-02:14:26
30.0,3.8,25.0,250.00002,7.5,25.0,0.43539056,0.3742882,0.27079874,2026-01-26-02:14:26
23.0,2.6,25.0,10.0,9.5,15.0,0.32804716,0.17447537,0.16989797,2026-01-26-02:14:26
18.0,2.8,30.0,150.0,4.5,10.0,0.29517007,0.19166255,0.24015132,2026-01-26-02:14:26
29.0,5.0,40.0,300.0,6.0,60.0,0.54679805,0.5115271,0.5228572,2026-01-26-02:15:19
26.0,5.0,40.0,300.0,10.5,20.0,0.60310346,0.4154655,0.555,2026-01-26-02:15:19
19.0,0.5,30.0,80.0,5.0,20.0,0.23312925,0.17791626,0.12271171,2026-01-26-02:15:19
26.0,4.9,40.0,300.0,11.0,55.0,0.60893035,0.53982264,0.55346936,2026-01-26-02:15:19
5.0,3.6,40.0,210.0,10.5,55.0,0.40278324,0.4005,0.45874387,2026-01-26-02:15:19
30.0,5.0,35.0,300.0,9.0,60.0,0.57095236,0.54642856,0.47761908,2026-01-26-02:16:05
23.0,5.0,40.0,300.0,10.0,45.0,0.57487684,0.4868325,0.5514286,2026-01-26-02:16:05
20.0,3.6,35.0,140.0,10.0,30.0,0.44316912,0.30617735,0.3739573,2026-01-26-02:16:05
15.999999,4.6,40.0,210.0,8.5,60.0,0.47109076,0.42486453,0.49547854,2026-01-26-02:16:05
20.0,5.0,40.0,300.0,10.5,50.0,0.5627586,0.5009138,0.555,2026-01-26-02:16:05
26.0,5.0,40.0,300.0,10.5,30.0,0.60310346,0.44946554,0.555,2026-01-26-02:16:46
11.0,1.2,30.0,300.0,2.5,35.0,0.22783369,0.33937195,0.1964966,2026-01-26-02:16:46
26.0,2.0,40.0,140.0,9.5,20.0,0.4689444,0.28888914,0.35065797,2026-01-26-02:16:46
27.0,5.0,40.0,290.0,10.0,45.0,0.59871924,0.48976353,0.54867,2026-01-26-02:16:46
18.0,2.2,30.0,20.0,6.5,55.0,0.27535307,0.23298767,0.19204435,2026-01-26-02:16:46
26.0,5.0,40.0,290.0,11.0,15.0,0.6086207,0.3967537,0.55581284,2026-01-26-02:17:36
29.0,4.7,40.0,300.0,6.0,40.0,0.5394511,0.44352707,0.5075511,2026-01-26-02:17:36
7.0,5.0,40.0,300.0,10.5,50.0,0.4753448,0.46505174,0.555,2026-01-26-02:17:36
6.0,3.7,30.0,290.0,8.5,50.0,0.34016657,0.43258867,0.34713933,2026-01-26-02:17:36
4.0,3.7,30.0,300.0,4.0,60.0,0.27021578,0.42113304,0.31775513,2026-01-26-02:17:36
30.0,5.0,40.0,300.0,8.5,55.0,0.5957143,0.52407146,0.5407143,2026-01-26-02:18:29
24.0,3.2,40.0,120.0,4.0,55.0,0.39025334,0.30723643,0.36707953,2026-01-26-02:18:29
20.0,2.5,40.0,120.0,10.5,60.0,0.45187894,0.37974137,0.3777938,2026-01-26-02:18:29
21.0,1.1,40.0,120.0,3.0,30.0,0.3057213,0.21876356,0.25279382,2026-01-26-02:18:29
20.0,2.2,35.0,120.0,9.0,60.0,0.38770115,0.36366996,0.29463056,2026-01-26-02:18:29
6.0,5.0,40.0,300.0,10.5,50.0,0.46862066,0.46229312,0.555,2026-01-26-02:19:24
6.0,5.0,40.0,300.0,10.5,45.0,0.46862066,0.4452931,0.555,2026-01-26-02:19:24
20.0,5.0,40.0,300.0,8.0,55.0,0.5235961,0.4911281,0.5371429,2026-01-26-02:19:24
2.0,5.0,40.0,300.0,6.0,45.0,0.383202,0.38604432,0.5228572,2026-01-26-02:19:24
19.0,5.0,40.0,300.0,7.0,45.0,0.5017241,0.44365516,0.53000003,2026-01-26-02:19:24
20.0,5.0,40.0,290.0,11.0,55.0,0.5678325,0.51482266,0.55581284,2026-01-26-02:20:12
26.0,4.6,35.0,300.0,10.0,45.0,0.5516983,0.49510837,0.46571428,2026-01-26-02:20:12
18.0,4.6,25.0,10.0,5.5,10.0,0.28266713,0.105825126,0.22295919,2026-01-26-02:20:12
26.0,4.8,40.0,300.0,11.0,40.0,0.6064814,0.48882267,0.5483674,2026-01-26-02:20:12
7.0,4.6,25.0,30.0,10.0,10.0,0.28419423,0.1374877,0.26061928,2026-01-26-02:20:12
30.0,4.7,40.0,290.0,8.5,40.0,0.5856087,0.4651404,0.5226496,2026-01-26-02:21:06
30.0,4.7,35.0,290.0,8.5,40.0,0.5522754,0.4651404,0.45700333,2026-01-26-02:21:06
30.0,5.0,40.0,300.0,9.0,20.0,0.6042857,0.41042852,0.5442858,2026-01-26-02:21:06
30.0,4.7,40.0,300.0,8.5,45.0,0.58836734,0.49007145,0.5254082,2026-01-26-02:21:06
26.0,5.0,40.0,270.0,11.0,55.0,0.60310346,0.5144778,0.5502956,2026-01-26-02:21:06
30.0,4.6,35.0,300.0,9.0,60.0,0.56115645,0.54642856,0.45857143,2026-01-26-02:22:02
26.0,5.0,40.0,300.0,10.0,45.0,0.5948276,0.49510837,0.5514286,2026-01-26-02:22:02
5.0,4.1,25.0,210.0,9.5,40.0,0.3015799,0.3434409,0.28629485,2026-01-26-02:22:02
25.0,4.6,35.0,300.0,5.5,25.0,0.47123036,0.37613547,0.4335714,2026-01-26-02:22:02
6.0,3.8,40.0,150.0,8.0,45.0,0.36386347,0.29695567,0.43453905,2026-01-26-02:22:02
15.999999,5.0,40.0,290.0,10.0,55.0,0.5255665,0.49307385,0.54867,2026-01-26-02:23:05
15.999999,5.0,40.0,300.0,9.5,55.0,0.52078813,0.49616498,0.54785717,2026-01-26-02:23:05
26.0,5.0,40.0,280.0,11.0,45.0,0.6058621,0.48961577,0.5530542,2026-01-26-02:23:05
20.0,5.0,40.0,280.0,11.0,55.0,0.5650739,0.50637436,0.5530542,2026-01-26-02:23:05
29.0,4.9,40.0,280.0,5.5,60.0,0.53033423,0.4889286,0.50866646,2026-01-26-02:23:05
30.0,4.5,25.0,300.0,9.0,60.0,0.4920408,0.54642856,0.32387757,2026-01-26-02:24:10
30.0,3.2,25.0,180.0,9.0,35.0,0.42710063,0.3683251,0.23771289,2026-01-26-02:24:10
27.0,4.5,30.0,300.0,9.5,60.0,0.51421654,0.54350984,0.39241496,2026-01-26-02:24:10
30.0,4.9,25.0,300.0,9.0,60.0,0.5018367,0.54642856,0.34020406,2026-01-26-02:24:10
30.0,4.9,25.0,180.0,9.0,35.0,0.46873328,0.3683251,0.30710062,2026-01-26-02:24:10
30.0,4.5,40.0,300.0,9.0,60.0,0.5920408,0.54642856,0.5187755,2026-01-26-02:24:30
21.0,4.0,40.0,10.0,6.0,35.0,0.39383534,0.17945813,0.3918367,2026-01-26-02:24:30
15.0,1.0,30.0,300.0,6.5,10.0,0.30480763,0.30826354,0.21622449,2026-01-26-02:24:30
6.0,3.9,25.0,120.0,7.5,10.0,0.25123858,0.17001233,0.23901832,2026-01-26-02:24:30
21.0,3.2,25.0,290.0,5.0,35.0,0.33567205,0.38598523,0.23948628,2026-01-26-02:24:30
26.0,2.4,35.0,300.0,11.0,60.0,0.5143725,0.55682266,0.36809525,2026-01-26-02:25:31
26.0,3.5,40.0,300.0,11.0,60.0,0.5746446,0.55682266,0.4820408,2026-01-26-02:25:31
30.0,2.6,30.0,300.0,9.0,60.0,0.4788435,0.54642856,0.30482998,2026-01-26-02:25:31
26.0,2.8,35.0,300.0,11.0,60.0,0.52416843,0.55682266,0.3871429,2026-01-26-02:25:31
26.0,2.2,35.0,300.0,11.0,60.0,0.5094746,0.55682266,0.35857144,2026-01-26-02:25:31
26.0,2.0,35.0,300.0,11.0,60.0,0.5045766,0.55682266,0.34904763,2026-01-26-02:26:12
22.0,2.0,35.0,280.0,4.0,50.0,0.3601431,0.42023647,0.2935304,2026-01-26-02:26:12
29.0,4.5,40.0,300.0,6.0,60.0,0.5345532,0.5115271,0.49734694,2026-01-26-02:26:12
20.0,5.0,40.0,300.0,10.5,35.0,0.5627586,0.4499138,0.555,2026-01-26-02:26:12
26.0,4.9,40.0,300.0,10.5,55.0,0.6006545,0.5344655,0.5498979,2026-01-26-02:26:12
26.0,5.0,40.0,300.0,10.5,25.0,0.60310346,0.43246555,0.555,2026-01-26-02:27:03
19.0,5.0,40.0,70.0,7.0,50.0,0.43827587,0.27031034,0.46655178,2026-01-26-02:27:03
15.999999,4.2,35.0,210.0,8.5,50.0,0.42796153,0.393968,0.41112483,2026-01-26-02:27:03
24.0,2.2,25.0,280.0,4.0,55.0,0.30990148,0.44240886,0.18876848,2026-01-26-02:27:03
20.0,5.0,40.0,300.0,10.5,45.0,0.5627586,0.48391378,0.555,2026-01-26-02:27:03
26.0,1.3,35.0,300.0,11.0,60.0,0.4874337,0.55682266,0.3157143,2026-01-26-02:27:25
2.0,4.8,40.0,219.99998,5.5,20.0,0.34973258,0.23775616,0.48701268,2026-01-26-02:27:25
5.0,1.3,40.0,60.0,9.5,20.0,0.29162917,0.1730271,0.29287475,2026-01-26-02:27:25
25.0,2.0,35.0,280.0,5.0,35.0,0.3938377,0.3892611,0.30067325,2026-01-26-02:27:25
15.0,1.6,25.0,120.0,8.0,40.0,0.2589022,0.28357634,0.14871217,2026-01-26-02:27:25
26.0,4.9,40.0,300.0,11.0,15.0,0.60893035,0.40382266,0.55346936,2026-01-26-02:28:27
30.0,4.8,40.0,290.0,9.0,35.0,0.59662914,0.45366994,0.5313231,2026-01-26-02:28:27
30.0,4.8,40.0,290.0,9.0,45.0,0.59662914,0.48732507,0.5313231,2026-01-26-02:28:27
27.0,4.9,40.0,290.0,10.0,40.0,0.59627026,0.47293597,0.5435679,2026-01-26-02:28:27
30.0,4.9,40.0,290.0,9.0,35.0,0.5990781,0.45366994,0.53642505,2026-01-26-02:28:27
26.0,5.0,40.0,290.0,10.5,60.0,0.60034484,0.54284483,0.5522414,2026-01-26-02:29:18
1.0,2.6,40.0,60.0,6.0,55.0,0.25216046,0.21452709,0.33420128,2026-01-26-02:29:18
29.0,4.9,40.0,250.00002,5.5,20.0,0.5220584,0.33396307,0.5003906,2026-01-26-02:29:18
23.0,5.0,40.0,300.0,10.0,25.0,0.57487684,0.41883254,0.5514286,2026-01-26-02:29:18
30.0,4.9,40.0,290.0,9.0,60.0,0.5990781,0.5378079,0.53642505,2026-01-26-02:29:18
20.0,4.9,40.0,300.0,11.0,60.0,0.5681422,0.5402709,0.55346936,2026-01-26-02:30:04
27.0,4.1,40.0,200.0,9.5,45.0,0.5435011,0.41147536,0.4743526,2026-01-26-02:30:04
6.0,4.8,35.0,219.99998,7.0,25.0,0.36073422,0.2804828,0.43174058,2026-01-26-02:30:04
26.0,4.9,35.0,210.0,9.0,40.0,0.517666,0.3960148,0.44802958,2026-01-26-02:30:04
30.0,5.0,40.0,300.0,8.5,10.0,0.5957143,0.37107146,0.5407143,2026-01-26-02:30:04
26.0,5.0,40.0,300.0,10.0,60.0,0.5948276,0.54610837,0.5514286,2026-01-26-02:30:56
21.0,5.0,40.0,30.0,5.5,20.0,0.41593596,0.15258375,0.444803,2026-01-26-02:30:56
8.0,4.7,25.0,30.0,6.0,60.0,0.23772699,0.22083743,0.2361295,2026-01-26-02:30:56
26.0,4.7,25.0,30.0,10.0,60.0,0.41299793,0.31334975,0.26470095,2026-01-26-02:30:56
27.0,1.7,25.0,300.0,10.0,60.0,0.4206615,0.548867,0.21673469,2026-01-26-02:30:56
26.0,4.9,40.0,300.0,11.0,10.0,0.60893035,0.38682267,0.55346936,2026-01-26-02:31:54
20.0,5.0,40.0,300.0,10.5,25.0,0.5627586,0.41591382,0.555,2026-01-26-02:31:54
26.0,4.9,30.0,300.0,11.0,60.0,0.5422637,0.55682266,0.42081636,2026-01-26-02:31:54
27.0,3.5,40.0,300.0,10.0,60.0,0.56474316,0.548867,0.47489795,2026-01-26-02:31:54
23.0,5.0,40.0,300.0,10.0,60.0,0.57487684,0.5378325,0.5514286,2026-01-26-02:31:54
26.0,5.0,40.0,300.0,10.0,55.0,0.5948276,0.52910835,0.5514286,2026-01-26-02:32:36
6.0,4.0,35.0,210.0,9.5,40.0,0.3723739,0.3461995,0.40874386,2026-01-26-02:32:36
15.999999,5.0,40.0,100.0,7.0,35.0,0.427931,0.2462069,0.47482765,2026-01-26-02:32:36
19.0,0.3,30.0,50.0,4.0,50.0,0.2044382,0.22161576,0.09844945,2026-01-26-02:32:36
26.0,2.6,25.0,270.0,11.0,45.0,0.44432795,0.4815123,0.2523364,2026-01-26-02:32:36
26.0,4.1,35.0,300.0,11.0,60.0,0.5560052,0.55682266,0.44904763,2026-01-26-02:33:36
26.0,2.1,35.0,300.0,11.0,60.0,0.5070256,0.55682266,0.35380957,2026-01-26-02:33:36
26.0,0.5,40.0,300.0,11.0,60.0,0.5011752,0.55682266,0.32897958,2026-01-26-02:33:36
30.0,3.8,30.0,300.0,9.0,60.0,0.5082313,0.54642856,0.3578912,2026-01-26-02:33:36
30.0,3.8,40.0,290.0,9.0,60.0,0.5721393,0.5378079,0.4803026,2026-01-26-02:33:36
20.0,4.6,40.0,300.0,11.0,50.0,0.5607952,0.50627095,0.53816324,2026-01-26-02:34:28
30.0,4.9,40.0,300.0,8.0,45.0,0.5846939,0.4847143,0.5320408,2026-01-26-02:34:28
20.0,4.9,40.0,290.0,11.0,45.0,0.56538355,0.48116747,0.55071074,2026-01-26-02:34:28
2.0,4.6,40.0,300.0,4.0,50.0,0.34739617,0.3816158,0.48816326,2026-01-26-02:34:28
30.0,0.1,40.0,260.0,8.5,60.0,0.4646798,0.5065887,0.2796798,2026-01-26-02:34:28
26.0,3.7,40.0,300.0,11.0,60.0,0.5795426,0.55682266,0.4922449,2026-01-26-02:34:56
9.0,1.4,40.0,290.0,4.5,30.0,0.31363475,0.33069706,0.32571077,2026-01-26-02:34:56
23.0,3.3,35.0,210.0,8.5,10.0,0.4509207,0.28969213,0.36826766,2026-01-26-02:34:56
3.0,3.1,25.0,80.0,5.5,55.0,0.17546445,0.23158374,0.18104506,2026-01-26-02:34:56
21.0,3.5,35.0,210.0,7.0,30.0,0.41924232,0.32989657,0.3670772,2026-01-26-02:34:56
5.0,5.0,40.0,300.0,10.5,40.0,0.46189657,0.4255345,0.555,2026-01-26-02:35:53
24.0,1.1,35.0,300.0,5.0,55.0,0.37140274,0.4700197,0.26333332,2026-01-26-02:35:53
9.0,4.9,35.0,180.0,4.0,40.0,0.3286512,0.2717537,0.4040394,2026-01-26-02:35:53
27.0,3.9,30.0,300.0,10.0,60.0,0.5078724,0.548867,0.36945578,2026-01-26-02:35:53
9.0,3.9,30.0,180.0,4.0,40.0,0.27082807,0.2717537,0.2934952,2026-01-26-02:35:53
7.0,5.0,40.0,290.0,10.5,40.0,0.47258618,0.42312068,0.5522414,2026-01-26-02:36:58
5.0,5.0,40.0,300.0,10.5,30.0,0.46189657,0.3915345,0.555,2026-01-26-02:36:58
6.0,5.0,40.0,280.0,10.5,55.0,0.46310344,0.4623966,0.54948276,2026-01-26-02:36:58
26.0,5.0,40.0,280.0,10.5,15.0,0.5975862,0.38432762,0.54948276,2026-01-26-02:36:58
23.0,4.9,40.0,290.0,10.0,55.0,0.56966925,0.51238424,0.5435679,2026-01-26-02:36:58
27.0,1.9,35.0,300.0,10.0,60.0,0.49222612,0.548867,0.33714285,2026-01-26-02:37:56
30.0,4.9,30.0,280.0,9.0,60.0,0.52965283,0.5291872,0.40101337,2026-01-26-02:37:56
30.0,4.2,30.0,280.0,9.0,60.0,0.51251,0.5291872,0.37006104,2026-01-26-02:37:56
30.0,4.9,40.0,250.00002,9.0,40.0,0.58804363,0.43877345,0.52539057,2026-01-26-02:37:56
6.0,5.0,40.0,300.0,10.5,60.0,0.46862066,0.49629313,0.555,2026-01-26-02:37:56
30.0,4.9,40.0,300.0,8.5,60.0,0.5932653,0.5410715,0.5356122,2026-01-26-02:38:27
26.0,4.6,35.0,300.0,11.0,60.0,0.56825006,0.55682266,0.47285712,2026-01-26-02:38:27
10.0,3.5,35.0,210.0,4.5,30.0,0.31549847,0.272766,0.34922004,2026-01-26-02:38:27
9.0,1.8,30.0,150.0,6.5,20.0,0.24622212,0.21709114,0.21021932,2026-01-26-02:38:27
19.0,5.0,40.0,300.0,5.5,50.0,0.47844824,0.4445837,0.51928574,2026-01-26-02:38:27
30.0,5.0,40.0,300.0,8.5,50.0,0.5957143,0.50707144,0.5407143,2026-01-26-02:39:08
20.0,1.1,40.0,110.0,8.0,60.0,0.37567207,0.344335,0.2857495,2026-01-26-02:39:08
6.0,1.1,40.0,110.0,8.0,50.0,0.28670654,0.278266,0.2857495,2026-01-26-02:39:08
25.0,2.9,40.0,110.0,5.5,55.0,0.41051725,0.31761822,0.3597291,2026-01-26-02:39:08
6.0,3.8,25.0,40.0,7.0,20.0,0.21992259,0.13451724,0.20929627,2026-01-26-02:39:08
26.0,5.0,40.0,290.0,10.5,55.0,0.60034484,0.52601725,0.5522414,2026-01-26-02:39:35
13.0,0.6,25.0,50.0,5.0,40.0,0.15850107,0.19039904,0.06715693,2026-01-26-02:39:35
8.0,2.8,35.0,70.0,6.5,20.0,0.27584332,0.15640149,0.29155174,2026-01-26-02:39:35
15.999999,0.5,40.0,300.0,8.0,50.0,0.38797325,0.46309358,0.30755106,2026-01-26-02:39:35
6.0,5.0,40.0,300.0,10.0,35.0,0.46182266,0.40593597,0.5514286,2026-01-26-02:39:35
26.0,1.5,30.0,300.0,11.0,60.0,0.45899835,0.55682266,0.2704762,2026-01-26-02:40:25
27.0,4.5,35.0,300.0,9.0,60.0,0.5392001,0.5381527,0.45380956,2026-01-26-02:40:25
26.0,4.9,40.0,290.0,11.0,35.0,0.6061717,0.46406406,0.55071074,2026-01-26-02:40:25
26.0,5.0,40.0,280.0,11.0,55.0,0.6058621,0.5229261,0.5530542,2026-01-26-02:40:25
26.0,3.4,35.0,280.0,11.0,55.0,0.5333451,0.5229261,0.41019708,2026-01-26-02:40:25
7.0,5.0,40.0,300.0,10.5,25.0,0.4753448,0.38005173,0.555,2026-01-26-02:41:14
20.0,5.0,40.0,300.0,10.0,60.0,0.5549261,0.52955663,0.5514286,2026-01-26-02:41:14
25.0,2.6,35.0,120.0,5.0,40.0,0.36439362,0.2790197,0.28510675,2026-01-26-02:41:14
18.0,1.9,30.0,300.0,6.5,50.0,0.3452475,0.45253938,0.2560204,2026-01-26-02:41:14
28.0,5.0,40.0,30.0,7.5,30.0,0.4915271,0.21801233,0.4590887,2026-01-26-02:41:14
6.0,5.0,40.0,300.0,10.5,55.0,0.46862066,0.47929308,0.555,2026-01-26-02:41:56
6.0,4.7,40.0,260.0,8.5,55.0,0.42304716,0.42407143,0.5143737,2026-01-26-02:41:56
26.0,5.0,40.0,290.0,11.0,10.0,0.6086207,0.37992612,0.55581284,2026-01-26-02:41:56
2.0,1.4,30.0,230.0,5.0,40.0,0.19605678,0.30281284,0.20388694,2026-01-26-02:41:56
27.0,5.0,40.0,300.0,9.5,50.0,0.5931281,0.50950986,0.54785717,2026-01-26-02:41:56
20.0,5.0,40.0,300.0,10.5,20.0,0.5627586,0.39891377,0.555,2026-01-26-02:42:43
2.0,5.0,40.0,300.0,4.0,35.0,0.35719213,0.3306158,0.50857145,2026-01-26-02:42:43
15.0,4.9,40.0,250.00002,7.5,10.0,0.46811754,0.2844951,0.5146763,2026-01-26-02:42:43
18.0,1.2,25.0,230.0,7.0,40.0,0.28314567,0.36837932,0.15558761,2026-01-26-02:42:43
22.0,3.0,35.0,300.0,5.5,60.0,0.41409096,0.48685962,0.357381,2026-01-26-02:42:43
7.0,5.0,40.0,300.0,10.5,45.0,0.4753448,0.44805172,0.555,2026-01-26-02:43:34
11.0,0.5,25.0,140.0,3.0,45.0,0.14038706,0.2490739,0.073617175,2026-01-26-02:43:34
26.0,5.0,40.0,300.0,10.5,15.0,0.60310346,0.3984655,0.555,2026-01-26-02:43:34
19.0,3.8,30.0,80.0,5.0,20.0,0.31394556,0.17791626,0.2686301,2026-01-26-02:43:34
28.0,5.0,40.0,300.0,8.0,55.0,0.57443357,0.51319706,0.5371429,2026-01-26-02:43:34
23.0,5.0,40.0,300.0,10.0,55.0,0.57487684,0.5208325,0.5514286,2026-01-26-02:44:12
27.0,5.0,40.0,300.0,9.5,40.0,0.5931281,0.47550985,0.54785717,2026-01-26-02:44:12
27.0,5.0,40.0,290.0,10.0,50.0,0.59871924,0.50659114,0.54867,2026-01-26-02:44:12
29.0,1.6,35.0,300.0,6.0,60.0,0.43019938,0.5115271,0.2942857,2026-01-26-02:44:12
27.0,2.5,25.0,200.0,9.5,40.0,0.40431738,0.3961995,0.21823011,2026-01-26-02:44:12
30.0,5.0,40.0,290.0,8.5,60.0,0.59295565,0.5324508,0.5379557,2026-01-26-02:44:53
27.0,0.6,35.0,110.0,8.0,15.0,0.3745766,0.24012809,0.20853859,2026-01-26-02:44:53
11.0,2.4,35.0,110.0,2.5,60.0,0.238141,0.2605788,0.25496718,2026-01-26-02:44:53
30.0,5.0,40.0,300.0,8.5,40.0,0.5957143,0.47307143,0.5407143,2026-01-26-02:44:53
3.0,0.7,40.0,110.0,4.0,25.0,0.20523576,0.15851232,0.23676988,2026-01-26-02:44:53
5.0,5.0,40.0,300.0,10.5,60.0,0.46189657,0.4935345,0.555,2026-01-26-02:45:35
21.0,1.0,35.0,90.0,3.0,55.0,0.26166317,0.26290148,0.18635468,2026-01-26-02:45:35
30.0,4.9,40.0,280.0,9.0,60.0,0.5963195,0.5291872,0.53366643,2026-01-26-02:45:35
26.0,5.0,40.0,300.0,10.0,50.0,0.5948276,0.5121084,0.5514286,2026-01-26-02:45:35
6.0,2.6,25.0,110.0,7.5,30.0,0.21664321,0.21801233,0.18319847,2026-01-26-02:45:35
26.0,3.4,35.0,300.0,11.0,60.0,0.53886235,0.55682266,0.4157143,2026-01-26-02:46:22
21.0,5.0,35.0,280.0,5.0,55.0,0.44366175,0.4448473,0.4435304,2026-01-26-02:46:22
7.0,3.4,35.0,160.0,7.0,60.0,0.3161037,0.34086207,0.3485222,2026-01-26-02:46:22
14.0,1.2,35.0,70.0,4.0,20.0,0.23651183,0.1461675,0.1975041,2026-01-26-02:46:22
26.0,1.4,35.0,300.0,11.0,60.0,0.48988268,0.55682266,0.32047623,2026-01-26-02:46:22
6.0,4.7,40.0,300.0,10.5,20.0,0.46127373,0.3602931,0.5396939,2026-01-26-02:47:17
26.0,5.0,40.0,280.0,11.0,40.0,0.6058621,0.4729606,0.5530542,2026-01-26-02:47:17
30.0,4.9,40.0,300.0,9.0,45.0,0.60183674,0.49542853,0.5391837,2026-01-26-02:47:17
26.0,4.7,40.0,300.0,10.5,60.0,0.59575653,0.5514655,0.5396939,2026-01-26-02:47:17
27.0,4.9,35.0,300.0,10.0,60.0,0.5656955,0.548867,0.48,2026-01-26-02:47:17
27.0,3.6,40.0,300.0,10.0,60.0,0.56719214,0.548867,0.48000005,2026-01-26-02:48:06
23.0,5.0,40.0,180.0,8.0,40.0,0.50955665,0.35323155,0.5040394,2026-01-26-02:48:06
28.0,2.6,30.0,280.0,6.0,20.0,0.40977955,0.35828573,0.27788416,2026-01-26-02:48:06
2.0,3.6,30.0,140.0,6.0,55.0,0.23811167,0.28487194,0.28348112,2026-01-26-02:48:06
7.0,3.6,25.0,40.0,10.0,15.0,0.26246306,0.15690146,0.2225616,2026-01-26-02:48:06
27.0,5.0,40.0,300.0,9.5,55.0,0.5931281,0.5265098,0.54785717,2026-01-26-02:49:05
30.0,4.8,35.0,300.0,9.0,60.0,0.5660544,0.54642856,0.46809527,2026-01-26-02:49:05
26.0,4.8,35.0,300.0,11.0,60.0,0.573148,0.55682266,0.48238096,2026-01-26-02:49:05
30.0,4.9,35.0,300.0,9.0,60.0,0.5685034,0.54642856,0.47285715,2026-01-26-02:49:05
26.0,4.9,40.0,290.0,11.0,60.0,0.6061717,0.548202,0.55071074,2026-01-26-02:49:05
20.0,5.0,40.0,270.0,11.0,40.0,0.5623153,0.44847783,0.5502956,2026-01-26-02:49:54
30.0,1.8,40.0,270.0,9.0,60.0,0.5176425,0.5205665,0.3727446,2026-01-26-02:49:54
20.0,4.9,25.0,270.0,8.5,15.0,0.42070374,0.3392783,0.3283568,2026-01-26-02:49:54
27.0,4.8,40.0,300.0,9.5,30.0,0.58823013,0.44150987,0.5376531,2026-01-26-02:49:54
20.0,4.9,40.0,290.0,10.5,30.0,0.557551,0.4253276,0.5471393,2026-01-26-02:49:54
7.0,5.0,40.0,300.0,10.5,40.0,0.4753448,0.43105173,0.555,2026-01-26-02:50:36
11.0,3.1,30.0,270.0,4.5,45.0,0.29475838,0.37049016,0.28652006,2026-01-26-02:50:36
7.0,2.6,25.0,100.0,10.5,30.0,0.2613969,0.24532758,0.20186841,2026-01-26-02:50:36
18.0,1.3,30.0,130.0,2.0,20.0,0.21449448,0.17922169,0.1504504,2026-01-26-02:50:36
7.0,1.5,25.0,60.0,10.5,50.0,0.22342364,0.26643103,0.14593595,2026-01-26-02:50:36
23.0,5.0,40.0,300.0,9.5,60.0,0.56682265,0.53247535,0.54785717,2026-01-26-02:51:23
7.0,3.6,25.0,40.0,10.0,25.0,0.26246306,0.18193595,0.2225616,2026-01-26-02:51:23
14.0,0.9,25.0,190.0,4.0,30.0,0.19560169,0.26327094,0.11087966,2026-01-26-02:51:23
18.0,3.7,30.0,170.0,6.5,45.0,0.35346705,0.3301946,0.2997502,2026-01-26-02:51:23
26.0,5.0,40.0,290.0,10.5,50.0,0.60034484,0.50918967,0.5522414,2026-01-26-02:51:23
20.0,5.0,40.0,290.0,10.5,60.0,0.56,0.5262931,0.5522414,2026-01-26-02:52:14
20.0,5.0,40.0,290.0,11.0,45.0,0.5678325,0.48116747,0.55581284,2026-01-26-02:52:14
18.0,2.2,25.0,90.0,2.0,50.0,0.19216749,0.23053202,0.12206897,2026-01-26-02:52:14
15.0,0.7,35.0,240.0,6.0,50.0,0.3067793,0.38925123,0.23487687,2026-01-26-02:52:14
26.0,2.5,25.0,270.0,10.5,20.0,0.4336031,0.3937414,0.24468333,2026-01-26-02:52:14
20.0,5.0,40.0,280.0,11.0,60.0,0.5650739,0.52302957,0.5530542,2026-01-26-02:52:47
2.0,3.0,25.0,40.0,4.0,25.0,0.1364884,0.10385715,0.15521465,2026-01-26-02:52:47
14.0,5.0,40.0,170.0,4.5,50.0,0.39788178,0.31249014,0.4762808,2026-01-26-02:52:47
7.0,0.5,35.0,20.0,9.5,45.0,0.24082221,0.21044087,0.1896634,2026-01-26-02:52:47
23.0,1.5,35.0,280.0,8.0,40.0,0.41809526,0.4325419,0.2982923,2026-01-26-02:52:47
30.0,4.3,30.0,300.0,9.0,60.0,0.52047616,0.54642856,0.38000003,2026-01-26-02:53:26
30.0,4.9,40.0,300.0,9.0,35.0,0.60183674,0.46142855,0.5391837,2026-01-26-02:53:26
27.0,2.9,35.0,300.0,10.0,60.0,0.51671594,0.548867,0.38476193,2026-01-26-02:53:26
8.0,3.5,40.0,170.0,6.0,60.0,0.3469599,0.3415271,0.41046444,2026-01-26-02:53:26
5.0,4.2,35.0,170.0,7.5,30.0,0.33276448,0.26077095,0.3929475,2026-01-26-02:53:26
26.0,4.7,35.0,300.0,11.0,60.0,0.5706991,0.55682266,0.47761908,2026-01-26-02:54:03
9.0,4.7,35.0,300.0,4.5,25.0,0.3638764,0.32128328,0.43119052,2026-01-26-02:54:03
22.0,1.5,30.0,260.0,4.5,20.0,0.3170279,0.3111798,0.21301314,2026-01-26-02:54:03
27.0,3.6,35.0,300.0,9.0,55.0,0.5171593,0.5211527,0.41095242,2026-01-26-02:54:03
30.0,5.0,40.0,300.0,8.5,45.0,0.5957143,0.49007145,0.5407143,2026-01-26-02:54:03
26.0,5.0,40.0,300.0,9.5,55.0,0.5865517,0.5237512,0.54785717,2026-01-26-02:54:45
23.0,5.0,40.0,300.0,10.0,50.0,0.57487684,0.5038325,0.5514286,2026-01-26-02:54:45
26.0,2.1,40.0,170.0,9.5,55.0,0.47966924,0.41392362,0.3640359,2026-01-26-02:54:45
12.0,1.7,30.0,219.99998,4.0,55.0,0.24527563,0.3586158,0.20725076,2026-01-26-02:54:45
15.999999,4.2,35.0,60.0,8.0,15.0,0.37904528,0.17443842,0.3661741,2026-01-26-02:54:45
26.0,1.2,35.0,300.0,11.0,60.0,0.48498473,0.55682266,0.31095243,2026-01-26-02:55:32
23.0,4.9,40.0,300.0,10.0,60.0,0.57242787,0.5378325,0.5463265,2026-01-26-02:55:32
21.0,4.0,40.0,10.0,6.0,15.0,0.39383534,0.13145813,0.3918367,2026-01-26-02:55:32
26.0,1.2,30.0,240.0,11.0,30.0,0.4350997,0.40930545,0.24065918,2026-01-26-02:55:32
26.0,3.8,40.0,300.0,11.0,60.0,0.58199155,0.55682266,0.49734697,2026-01-26-02:55:32
27.0,5.0,40.0,300.0,9.5,45.0,0.5931281,0.49250984,0.54785717,2026-01-26-02:56:16
2.0,3.6,30.0,140.0,5.5,55.0,0.23160921,0.2795148,0.2799097,2026-01-26-02:56:16
27.0,1.4,35.0,60.0,9.5,30.0,0.40542457,0.2594409,0.24355504,2026-01-26-02:56:16
29.0,4.8,35.0,210.0,4.0,60.0,0.44974902,0.41251233,0.40755337,2026-01-26-02:56:16
9.0,5.0,30.0,280.0,5.5,40.0,0.34641215,0.3671355,0.38043517,2026-01-26-02:56:16
5.0,5.0,40.0,300.0,10.5,55.0,0.46189657,0.47653446,0.555,2026-01-26-02:56:46
26.0,5.0,30.0,300.0,11.0,60.0,0.54471266,0.55682266,0.4252381,2026-01-26-02:56:46
30.0,5.0,40.0,300.0,8.0,60.0,0.5871429,0.5357143,0.5371429,2026-01-26-02:56:46
7.0,2.7,30.0,50.0,7.5,15.0,0.2421546,0.13718472,0.22957192,2026-01-26-02:56:46
22.0,4.0,25.0,90.0,4.0,40.0,0.29004222,0.23623647,0.20982406,2026-01-26-02:56:46
30.0,4.6,30.0,300.0,9.0,60.0,0.5278231,0.54642856,0.3932653,2026-01-26-02:57:31
30.0,5.0,40.0,300.0,8.5,35.0,0.5957143,0.45607147,0.5407143,2026-01-26-02:57:31
26.0,5.0,40.0,300.0,10.0,40.0,0.5948276,0.47810838,0.5514286,2026-01-26-02:57:31
11.0,1.2,30.0,120.0,2.5,35.0,0.17817852,0.19971675,0.14684144,2026-01-26-02:57:31
5.0,1.2,35.0,120.0,8.0,50.0,0.25222614,0.28378326,0.23986864,2026-01-26-02:57:31
7.0,5.0,40.0,300.0,10.5,30.0,0.4753448,0.39705175,0.555,2026-01-26-02:57:51
29.0,2.7,35.0,290.0,4.0,60.0,0.4203894,0.48147783,0.32962233,2026-01-26-02:57:51
26.0,2.6,25.0,160.0,11.0,40.0,0.4139831,0.3777882,0.22199157,2026-01-26-02:57:51
28.0,1.4,25.0,140.0,6.0,25.0,0.30843773,0.2711478,0.13178045,2026-01-26-02:57:51
11.0,4.6,30.0,280.0,4.5,55.0,0.3342517,0.41190395,0.3556052,2026-01-26-02:57:51
20.0,5.0,40.0,300.0,10.0,55.0,0.5549261,0.5125566,0.5514286,2026-01-26-02:58:43
5.0,3.0,30.0,250.00002,8.0,60.0,0.2988365,0.42364535,0.30158105,2026-01-26-02:58:43
26.0,4.9,30.0,290.0,9.5,60.0,0.51467746,0.53213054,0.40734345,2026-01-26-02:58:43
2.0,5.0,40.0,300.0,6.0,55.0,0.383202,0.42004433,0.5228572,2026-01-26-02:58:43
14.0,2.2,30.0,250.00002,3.5,20.0,0.26993433,0.2711552,0.23406406,2026-01-26-02:58:43
20.0,5.0,40.0,300.0,10.0,50.0,0.5549261,0.49555665,0.5514286,2026-01-26-02:59:29
20.0,5.0,40.0,300.0,10.5,15.0,0.5627586,0.38191378,0.555,2026-01-26-02:59:29
26.0,0.2,35.0,10.0,11.0,35.0,0.38049495,0.24682266,0.18333334,2026-01-26-02:59:29
27.0,5.0,40.0,300.0,9.5,35.0,0.5931281,0.45850986,0.54785717,2026-01-26-02:59:29
26.0,0.2,40.0,10.0,9.0,20.0,0.38072485,0.18939409,0.21938777,2026-01-26-02:59:29
26.0,5.0,40.0,300.0,10.0,35.0,0.5948276,0.4611084,0.5514286,2026-01-26-02:59:55
27.0,5.0,40.0,290.0,10.0,40.0,0.59871924,0.47293597,0.54867,2026-01-26-02:59:55
4.0,1.4,25.0,20.0,5.0,15.0,0.116615064,0.080916256,0.09153414,2026-01-26-02:59:55
27.0,5.0,35.0,300.0,10.0,60.0,0.5681445,0.548867,0.48476192,2026-01-26-02:59:55
15.999999,2.7,40.0,90.0,9.5,45.0,0.40653062,0.2919926,0.37257922,2026-01-26-02:59:55
30.0,4.8,40.0,300.0,8.5,60.0,0.5908163,0.5410715,0.53051025,2026-01-26-03:00:25
20.0,5.0,40.0,290.0,11.0,30.0,0.5678325,0.43068475,0.55581284,2026-01-26-03:00:25
27.0,4.7,35.0,300.0,10.0,60.0,0.5607976,0.548867,0.47047624,2026-01-26-03:00:25
17.0,3.4,25.0,219.99998,6.5,45.0,0.32044685,0.36795318,0.2390535,2026-01-26-03:00:25
1.0,3.4,25.0,200.0,6.0,45.0,0.21037298,0.30225122,0.22996482,2026-01-26-03:00:25
30.0,5.0,35.0,300.0,8.5,60.0,0.56238097,0.5410715,0.47404763,2026-01-26-03:00:51
26.0,4.8,40.0,300.0,11.0,55.0,0.6064814,0.53982264,0.5483674,2026-01-26-03:00:51
26.0,5.0,40.0,290.0,10.0,60.0,0.592069,0.5374877,0.54867,2026-01-26-03:00:51
30.0,2.8,30.0,280.0,9.0,55.0,0.47822425,0.512532,0.30815625,2026-01-26-03:00:51
3.0,4.5,40.0,200.0,5.5,55.0,0.34285364,0.33296302,0.46618932,2026-01-26-03:00:51
30.0,4.0,30.0,300.0,9.0,60.0,0.51312923,0.54642856,0.36673468,2026-01-26-03:01:41
27.0,4.1,30.0,300.0,10.0,60.0,0.51277035,0.548867,0.37829933,2026-01-26-03:01:41
26.0,4.8,40.0,300.0,11.0,50.0,0.6064814,0.5228227,0.5483674,2026-01-26-03:01:41
29.0,4.1,40.0,300.0,4.5,60.0,0.49926463,0.49545568,0.46622452,2026-01-26-03:01:41
30.0,5.0,40.0,300.0,8.0,55.0,0.5871429,0.5187143,0.5371429,2026-01-26-03:01:41
30.0,5.0,40.0,270.0,9.0,40.0,0.59600985,0.45463547,0.5360099,2026-01-26-03:02:26
23.0,5.0,40.0,300.0,10.0,40.0,0.57487684,0.4698325,0.5514286,2026-01-26-03:02:26
30.0,5.0,40.0,300.0,8.5,20.0,0.5957143,0.40507144,0.5407143,2026-01-26-03:02:26
15.999999,5.0,40.0,300.0,10.0,60.0,0.52832514,0.51852214,0.5514286,2026-01-26-03:02:26
5.0,0.7,30.0,90.0,8.5,20.0,0.20509617,0.18403696,0.15931387,2026-01-26-03:02:26
6.0,5.0,40.0,300.0,10.5,20.0,0.46862066,0.3602931,0.555,2026-01-26-03:02:57
27.0,4.4,25.0,110.0,8.5,10.0,0.40932092,0.2317611,0.2638107,2026-01-26-03:02:57
7.0,5.0,30.0,300.0,8.0,20.0,0.3743186,0.336266,0.40380952,2026-01-26-03:02:57
30.0,5.0,40.0,290.0,9.0,45.0,0.6015271,0.48732507,0.54152715,2026-01-26-03:02:57
23.0,1.1,35.0,60.0,10.0,35.0,0.37982643,0.2666256,0.23284073,2026-01-26-03:02:57
6.0,4.9,40.0,300.0,10.5,30.0,0.46617168,0.39429313,0.5498979,2026-01-26-03:03:30
26.0,5.0,40.0,290.0,10.5,35.0,0.60034484,0.45870692,0.5522414,2026-01-26-03:03:30
30.0,4.4,35.0,250.00002,8.0,50.0,0.52532256,0.46033502,0.42811167,2026-01-26-03:03:30
17.0,1.1,35.0,150.0,7.0,45.0,0.3190875,0.3165862,0.23623975,2026-01-26-03:03:30
5.0,3.6,30.0,290.0,9.0,55.0,0.3380131,0.45201474,0.34628904,2026-01-26-03:03:30
26.0,0.2,40.0,300.0,11.0,60.0,0.49382827,0.55682266,0.31367347,2026-01-26-03:04:19
20.0,4.7,40.0,300.0,10.5,35.0,0.5554117,0.4499138,0.5396939,2026-01-26-03:04:19
18.0,5.0,40.0,150.0,2.0,35.0,0.37729064,0.23694582,0.45290643,2026-01-26-03:04:19
30.0,5.0,40.0,300.0,8.0,45.0,0.5871429,0.4847143,0.5371429,2026-01-26-03:04:19
27.0,4.8,40.0,300.0,10.0,55.0,0.5965799,0.53186697,0.54122454,2026-01-26-03:04:19
15.999999,5.0,40.0,300.0,10.0,50.0,0.52832514,0.48452216,0.5514286,2026-01-26-03:04:47
4.0,4.4,40.0,100.0,6.0,60.0,0.32545388,0.27014777,0.43707246,2026-01-26-03:04:47
3.0,1.0,40.0,300.0,4.0,20.0,0.26499647,0.28237438,0.30448982,2026-01-26-03:04:47
20.0,5.0,40.0,290.0,11.0,15.0,0.5678325,0.38020197,0.55581284,2026-01-26-03:04:47
4.0,5.0,40.0,100.0,6.0,50.0,0.3401478,0.24304435,0.46768475,2026-01-26-03:04:47
27.0,0.7,35.0,300.0,10.0,60.0,0.4628384,0.548867,0.28,2026-01-26-03:05:39
27.0,0.7,40.0,90.0,9.0,25.0,0.42154118,0.26346305,0.26696694,2026-01-26-03:05:39
18.0,0.7,35.0,300.0,6.0,30.0,0.34150833,0.37918228,0.25142857,2026-01-26-03:05:39
15.0,4.9,35.0,240.0,6.0,50.0,0.40963644,0.38925123,0.43487686,2026-01-26-03:05:39
15.0,5.0,35.0,240.0,6.0,50.0,0.4120854,0.38925123,0.43963876,2026-01-26-03:05:39
20.0,4.9,40.0,300.0,11.0,20.0,0.5681422,0.40427092,0.55346936,2026-01-26-03:06:25
26.0,5.0,40.0,280.0,11.0,50.0,0.6058621,0.50627095,0.5530542,2026-01-26-03:06:25
18.0,3.4,35.0,190.0,5.5,60.0,0.36960122,0.3809975,0.34608376,2026-01-26-03:06:25
3.0,5.0,35.0,280.0,6.0,50.0,0.35041052,0.38925126,0.45067325,2026-01-26-03:06:25
7.0,4.9,25.0,50.0,7.5,55.0,0.2626988,0.23870195,0.26052427,2026-01-26-03:06:25
26.0,0.9,40.0,300.0,11.0,60.0,0.5109712,0.55682266,0.34938776,2026-01-26-03:07:17
30.0,1.1,35.0,300.0,9.0,60.0,0.47544217,0.54642856,0.29190478,2026-01-26-03:07:17
27.0,5.0,40.0,300.0,9.5,30.0,0.5931281,0.44150987,0.54785717,2026-01-26-03:07:17
26.0,5.0,40.0,270.0,11.0,60.0,0.60310346,0.5309606,0.5502956,2026-01-26-03:07:17
30.0,5.0,40.0,300.0,8.5,30.0,0.5957143,0.43907145,0.5407143,2026-01-26-03:07:17
26.0,5.0,40.0,300.0,10.0,25.0,0.5948276,0.4271084,0.5514286,2026-01-26-03:07:55
23.0,4.7,35.0,70.0,8.0,30.0,0.43853158,0.23992121,0.39274225,2026-01-26-03:07:55
27.0,2.0,25.0,190.0,9.0,35.0,0.3809641,0.3678079,0.1914919,2026-01-26-03:07:55
26.0,3.1,40.0,20.0,10.5,25.0,0.4793315,0.22487931,0.3808199,2026-01-26-03:07:55
5.0,1.8,25.0,280.0,9.5,15.0,0.2645637,0.3156823,0.21172765,2026-01-26-03:07:55
27.0,4.6,30.0,300.0,10.0,60.0,0.52501523,0.548867,0.40040815,2026-01-26-03:08:41
14.0,4.6,30.0,80.0,3.5,55.0,0.2818133,0.2405,0.29328996,2026-01-26-03:08:41
22.0,2.9,40.0,80.0,5.5,30.0,0.38428572,0.21796307,0.35145324,2026-01-26-03:08:41
19.0,2.8,25.0,230.0,3.5,45.0,0.2742259,0.34943104,0.19589373,2026-01-26-03:08:41
26.0,4.9,40.0,290.0,11.0,50.0,0.6061717,0.5145468,0.55071074,2026-01-26-03:08:41
27.0,5.0,40.0,300.0,8.5,60.0,0.57642853,0.5327956,0.5407143,2026-01-26-03:09:37
19.0,5.0,40.0,30.0,5.5,60.0,0.4039655,0.24582511,0.444803,2026-01-26-03:09:37
4.0,0.5,30.0,10.0,4.0,25.0,0.11184847,0.08713301,0.09625851,2026-01-26-03:09:37
27.0,0.5,30.0,10.0,8.5,60.0,0.31955782,0.28279558,0.12840137,2026-01-26-03:09:37
30.0,4.8,40.0,300.0,9.0,55.0,0.59938776,0.52942854,0.5340817,2026-01-26-03:09:37
30.0,4.9,30.0,300.0,9.0,60.0,0.5351701,0.54642856,0.40653062,2026-01-26-03:10:25
23.0,5.0,40.0,300.0,10.0,30.0,0.57487684,0.43583253,0.5514286,2026-01-26-03:10:25
26.0,5.0,40.0,290.0,10.5,45.0,0.60034484,0.49236205,0.5522414,2026-01-26-03:10:25
28.0,4.8,30.0,210.0,7.5,40.0,0.46961766,0.38546062,0.366567,2026-01-26-03:10:25
5.0,1.1,40.0,10.0,9.0,50.0,0.26621392,0.20346306,0.26530612,2026-01-26-03:10:25
26.0,0.3,35.0,300.0,11.0,60.0,0.46294394,0.55682266,0.26809525,2026-01-26-03:11:21
26.0,4.0,40.0,300.0,10.5,60.0,0.57861364,0.5514655,0.50397956,2026-01-26-03:11:21
27.0,4.4,35.0,300.0,10.0,60.0,0.55345064,0.548867,0.45619047,2026-01-26-03:11:21
30.0,3.6,35.0,300.0,9.0,60.0,0.53666663,0.54642856,0.41095242,2026-01-26-03:11:21
8.0,0.3,25.0,190.0,6.5,25.0,0.18105559,0.25840145,0.104247004,2026-01-26-03:11:21
26.0,5.0,40.0,300.0,10.0,20.0,0.5948276,0.41010836,0.5514286,2026-01-26-03:11:47
18.0,1.6,30.0,160.0,4.5,10.0,0.26854092,0.1985591,0.18984869,2026-01-26-03:11:47
10.0,2.6,40.0,270.0,4.5,40.0,0.34334275,0.35124877,0.38141805,2026-01-26-03:11:47
20.0,4.9,40.0,300.0,11.0,45.0,0.5681422,0.48927093,0.55346936,2026-01-26-03:11:47
30.0,5.0,40.0,300.0,8.0,35.0,0.5871429,0.45071432,0.5371429,2026-01-26-03:11:47
30.0,4.4,40.0,300.0,9.0,60.0,0.5895918,0.54642856,0.5136735,2026-01-26-03:12:28
26.0,4.8,40.0,290.0,11.0,60.0,0.60372275,0.548202,0.54560876,2026-01-26-03:12:28
15.999999,3.5,25.0,130.0,8.0,25.0,0.31454608,0.2520591,0.22902183,2026-01-26-03:12:28
30.0,3.9,40.0,300.0,9.0,60.0,0.5773469,0.54642856,0.4881633,2026-01-26-03:12:28
26.0,2.9,30.0,60.0,11.0,50.0,0.42707717,0.32420197,0.26617408,2026-01-26-03:12:28
5.0,5.0,40.0,300.0,10.5,35.0,0.46189657,0.4085345,0.555,2026-01-26-03:13:17
20.0,5.0,40.0,300.0,9.5,60.0,0.5470936,0.5241995,0.54785717,2026-01-26-03:13:17
17.0,4.6,40.0,300.0,6.5,50.0,0.47190353,0.44978076,0.50602037,2026-01-26-03:13:17
21.0,4.5,35.0,280.0,5.0,25.0,0.43141684,0.34491628,0.4197209,2026-01-26-03:13:17
15.999999,5.0,40.0,300.0,10.0,55.0,0.52832514,0.5015221,0.5514286,2026-01-26-03:13:17
27.0,4.2,35.0,300.0,10.0,60.0,0.5485527,0.548867,0.44666672,2026-01-26-03:14:13
27.0,4.7,40.0,300.0,9.5,60.0,0.58578116,0.54350984,0.53255105,2026-01-26-03:14:13
3.0,0.8,35.0,40.0,6.0,10.0,0.18134649,0.09049262,0.18446635,2026-01-26-03:14:13
26.0,5.0,40.0,300.0,9.5,50.0,0.5865517,0.50675124,0.54785717,2026-01-26-03:14:13
21.0,4.1,35.0,30.0,7.0,45.0,0.38428104,0.23037931,0.34599346,2026-01-26-03:14:13
26.0,4.6,25.0,300.0,11.0,60.0,0.5015834,0.55682266,0.34224492,2026-01-26-03:15:05
5.0,0.4,35.0,260.0,7.5,40.0,0.26453084,0.36166748,0.23682268,2026-01-26-03:15:05
15.999999,0.1,25.0,40.0,7.5,35.0,0.19891626,0.2050123,0.061847292,2026-01-26-03:15:05
5.0,4.8,35.0,270.0,7.5,40.0,0.37504455,0.36959854,0.4491051,2026-01-26-03:15:05
26.0,5.0,40.0,280.0,11.0,35.0,0.6058621,0.4563054,0.5530542,2026-01-26-03:15:05
26.0,4.6,40.0,300.0,10.5,40.0,0.5933075,0.48346552,0.5345918,2026-01-26-03:15:55
13.0,2.8,35.0,219.99998,5.5,15.0,0.3332571,0.2524803,0.3257882,2026-01-26-03:15:55
26.0,4.9,40.0,290.0,11.0,55.0,0.6061717,0.5313744,0.55071074,2026-01-26-03:15:55
26.0,4.9,40.0,290.0,11.0,45.0,0.6061717,0.4977192,0.55071074,2026-01-26-03:15:55
11.0,4.6,30.0,300.0,2.0,40.0,0.30393153,0.35101476,0.3432653,2026-01-26-03:15:55
26.0,3.1,40.0,300.0,11.0,60.0,0.5648487,0.55682266,0.4616327,2026-01-26-03:16:51
3.0,3.1,35.0,20.0,6.0,25.0,0.23215578,0.11321675,0.28847292,2026-01-26-03:16:51
30.0,3.1,35.0,290.0,9.0,35.0,0.5216631,0.45366994,0.38438427,2026-01-26-03:16:51
27.0,3.3,25.0,300.0,10.0,60.0,0.4598452,0.548867,0.28204083,2026-01-26-03:16:51
26.0,4.8,40.0,300.0,11.0,45.0,0.6064814,0.50582266,0.5483674,2026-01-26-03:16:51
30.0,5.0,40.0,300.0,7.5,60.0,0.57857144,0.5303572,0.5335715,2026-01-26-03:17:36
30.0,4.6,35.0,300.0,9.0,55.0,0.56115645,0.52942854,0.45857143,2026-01-26-03:17:36
8.0,3.8,40.0,240.0,5.0,30.0,0.35972553,0.29536456,0.4379381,2026-01-26-03:17:36
30.0,4.8,40.0,290.0,9.0,60.0,0.59662914,0.5378079,0.5313231,2026-01-26-03:17:36
27.0,4.8,40.0,300.0,9.5,60.0,0.58823013,0.54350984,0.5376531,2026-01-26-03:17:36
30.0,4.7,35.0,300.0,9.0,60.0,0.5636054,0.54642856,0.4633334,2026-01-26-03:18:06
26.0,4.9,40.0,290.0,11.0,40.0,0.6061717,0.48089164,0.55071074,2026-01-26-03:18:06
27.0,4.9,40.0,300.0,10.0,45.0,0.5990289,0.497867,0.5463265,2026-01-26-03:18:06
26.0,4.9,40.0,300.0,10.5,40.0,0.6006545,0.48346552,0.5498979,2026-01-26-03:18:06
9.0,4.5,35.0,90.0,4.5,60.0,0.30104738,0.25924876,0.36373565,2026-01-26-03:18:06
23.0,5.0,40.0,300.0,10.0,20.0,0.57487684,0.4018325,0.5514286,2026-01-26-03:18:51
26.0,4.9,35.0,130.0,11.0,45.0,0.5287005,0.36806405,0.4402463,2026-01-26-03:18:51
26.0,1.8,40.0,300.0,11.0,60.0,0.533012,0.55682266,0.39530614,2026-01-26-03:18:51
20.0,3.1,30.0,190.0,7.0,10.0,0.36438894,0.25155172,0.28230822,2026-01-26-03:18:51
25.0,1.8,40.0,130.0,5.0,40.0,0.38089374,0.28695077,0.30555245,2026-01-26-03:18:51
27.0,4.9,30.0,300.0,10.0,60.0,0.5323622,0.548867,0.41367346,2026-01-26-03:19:40
4.0,3.0,30.0,110.0,4.5,45.0,0.20730941,0.22152464,0.23796037,2026-01-26-03:19:40
5.0,2.9,35.0,20.0,10.5,55.0,0.2998933,0.23998275,0.31109196,2026-01-26-03:19:40
30.0,4.3,40.0,300.0,9.0,60.0,0.5871428,0.54642856,0.5085715,2026-01-26-03:19:40
27.0,5.0,40.0,300.0,9.0,55.0,0.58477837,0.5211527,0.5442858,2026-01-26-03:19:40
20.0,5.0,40.0,300.0,10.0,40.0,0.5549261,0.46155664,0.5514286,2026-01-26-03:20:33
15.999999,2.3,30.0,140.0,7.5,45.0,0.31371334,0.3110813,0.23671243,2026-01-26-03:20:33
26.0,3.8,25.0,20.0,9.5,10.0,0.3799226,0.17764777,0.22163618,2026-01-26-03:20:33
27.0,5.0,40.0,290.0,10.0,35.0,0.59871924,0.4561084,0.54867,2026-01-26-03:20:33
29.0,5.0,30.0,280.0,5.5,40.0,0.4661166,0.4223079,0.38043517,2026-01-26-03:20:33
20.0,5.0,40.0,290.0,11.0,40.0,0.5678325,0.4643399,0.55581284,2026-01-26-03:21:12
17.0,4.9,25.0,20.0,6.0,10.0,0.2943983,0.11532019,0.24153413,2026-01-26-03:21:12
18.0,4.9,30.0,300.0,6.0,60.0,0.41103214,0.48118228,0.38510203,2026-01-26-03:21:12
14.0,0.2,30.0,30.0,4.0,30.0,0.16765423,0.14189163,0.088510446,2026-01-26-03:21:12
13.0,4.8,30.0,180.0,4.0,35.0,0.31592306,0.26785713,0.3332911,2026-01-26-03:21:12
27.0,3.4,25.0,300.0,10.0,60.0,0.46229416,0.548867,0.28612244,2026-01-26-03:21:51
30.0,2.9,25.0,290.0,9.0,60.0,0.4500985,0.5378079,0.25581282,2026-01-26-03:21:51
27.0,5.0,40.0,280.0,10.0,60.0,0.5959606,0.5316256,0.5459114,2026-01-26-03:21:51
24.0,2.9,25.0,290.0,4.0,40.0,0.32980296,0.4003744,0.22009853,2026-01-26-03:21:51
26.0,3.2,30.0,30.0,9.5,30.0,0.4013207,0.23392364,0.26044923,2026-01-26-03:21:51
23.0,5.0,40.0,290.0,10.0,60.0,0.5721182,0.5292118,0.54867,2026-01-26-03:22:45
1.0,4.8,30.0,90.0,6.0,40.0,0.2476472,0.199734,0.32274926,2026-01-26-03:22:45
28.0,5.0,30.0,180.0,6.0,55.0,0.4409688,0.3903892,0.35642037,2026-01-26-03:22:45
26.0,4.8,40.0,300.0,11.0,30.0,0.6064814,0.4548227,0.5483674,2026-01-26-03:22:45
7.0,4.4,25.0,70.0,10.5,50.0,0.29720268,0.2747069,0.26706195,2026-01-26-03:22:45
7.0,5.0,40.0,300.0,10.0,60.0,0.46847293,0.4936946,0.5514286,2026-01-26-03:23:26
29.0,2.8,25.0,240.0,5.0,60.0,0.3593737,0.44908866,0.20936665,2026-01-26-03:23:26
23.0,5.0,40.0,300.0,9.5,55.0,0.56682265,0.51547533,0.54785717,2026-01-26-03:23:26
26.0,4.9,40.0,280.0,11.0,50.0,0.6034131,0.50627095,0.5479522,2026-01-26-03:23:26
21.0,1.2,35.0,150.0,7.0,25.0,0.34636405,0.26996553,0.24100165,2026-01-26-03:23:26
5.0,5.0,40.0,300.0,10.5,10.0,0.46189657,0.3235345,0.555,2026-01-26-03:24:15
26.0,4.7,40.0,300.0,10.5,45.0,0.59575653,0.5004655,0.5396939,2026-01-26-03:24:15
6.0,4.6,35.0,90.0,7.5,20.0,0.3267722,0.17608127,0.38992614,2026-01-26-03:24:15
2.0,0.4,40.0,219.99998,5.0,35.0,0.23547503,0.27926108,0.25895146,2026-01-26-03:24:15
18.0,5.0,40.0,300.0,5.5,10.0,0.47246307,0.3058251,0.51928574,2026-01-26-03:24:15
20.0,5.0,40.0,300.0,10.0,30.0,0.5549261,0.42755666,0.5514286,2026-01-26-03:25:06
30.0,4.1,40.0,300.0,9.0,60.0,0.5822449,0.54642856,0.4983674,2026-01-26-03:25:06
26.0,4.9,40.0,290.0,11.0,30.0,0.6061717,0.44723648,0.55071074,2026-01-26-03:25:06
20.0,4.9,40.0,300.0,10.5,60.0,0.56030965,0.5349138,0.5498979,2026-01-26-03:25:06
18.0,1.5,35.0,240.0,5.5,45.0,0.33686373,0.37620443,0.26940066,2026-01-26-03:25:06
20.0,4.8,40.0,300.0,11.0,10.0,0.5656932,0.37027094,0.5483674,2026-01-26-03:25:38
21.0,4.8,35.0,260.0,6.5,10.0,0.45696577,0.29722905,0.43920362,2026-01-26-03:25:38
19.0,1.3,30.0,170.0,6.0,45.0,0.29306594,0.32759607,0.1900563,2026-01-26-03:25:38
15.999999,1.9,35.0,120.0,7.0,35.0,0.32419655,0.26172414,0.26605913,2026-01-26-03:25:38
21.0,4.8,35.0,260.0,3.5,60.0,0.40952736,0.42818967,0.41777506,2026-01-26-03:25:38
26.0,5.0,40.0,300.0,10.0,10.0,0.5948276,0.37610838,0.5514286,2026-01-26-03:26:29
7.0,0.4,35.0,200.0,10.0,10.0,0.29490033,0.25472906,0.23812808,2026-01-26-03:26:29
27.0,5.0,30.0,300.0,9.5,40.0,0.5264614,0.47550985,0.4145238,2026-01-26-03:26:29
19.0,5.0,40.0,60.0,7.0,60.0,0.43551725,0.28775862,0.46379316,2026-01-26-03:26:29
15.999999,5.0,40.0,300.0,10.0,45.0,0.52832514,0.46752214,0.5514286,2026-01-26-03:26:29
26.0,2.7,30.0,300.0,11.0,60.0,0.48838612,0.55682266,0.3235374,2026-01-26-03:27:15
8.0,4.9,40.0,300.0,6.5,35.0,0.42405346,0.37395322,0.5213265,2026-01-26-03:27:15
26.0,2.7,30.0,300.0,11.0,20.0,0.48838612,0.42082265,0.3235374,2026-01-26-03:27:15
26.0,4.2,35.0,300.0,11.0,60.0,0.55845416,0.55682266,0.45380956,2026-01-26-03:27:15
8.0,4.8,40.0,300.0,6.5,55.0,0.42160448,0.4419532,0.5162245,2026-01-26-03:27:15
26.0,1.3,40.0,300.0,11.0,60.0,0.5207671,0.55682266,0.36979595,2026-01-26-03:27:54
20.0,5.0,40.0,290.0,10.5,45.0,0.56,0.47581032,0.5522414,2026-01-26-03:27:54
5.0,5.0,40.0,300.0,10.5,20.0,0.46189657,0.35753447,0.555,2026-01-26-03:27:54
20.0,4.0,30.0,270.0,9.5,55.0,0.44766128,0.4818547,0.36203027,2026-01-26-03:27:54
20.0,2.5,25.0,200.0,10.5,40.0,0.37394792,0.38760343,0.22537297,2026-01-26-03:27:54
26.0,3.2,40.0,300.0,11.0,60.0,0.5672977,0.55682266,0.4667347,2026-01-26-03:28:25
20.0,5.0,40.0,290.0,10.5,55.0,0.56,0.5094655,0.5522414,2026-01-26-03:28:25
30.0,4.9,40.0,300.0,9.0,30.0,0.60183674,0.4444286,0.5391837,2026-01-26-03:28:25
15.999999,0.6,25.0,290.0,9.0,55.0,0.3027375,0.48235956,0.16193525,2026-01-26-03:28:25
3.0,4.5,30.0,150.0,4.5,40.0,0.24924114,0.23676601,0.31532136,2026-01-26-03:28:25
26.0,4.3,35.0,300.0,11.0,60.0,0.56090313,0.55682266,0.45857143,2026-01-26-03:29:16
7.0,2.6,35.0,100.0,9.5,10.0,0.31431976,0.18040639,0.31173235,2026-01-26-03:29:16
26.0,5.0,40.0,290.0,10.5,40.0,0.60034484,0.4755345,0.5522414,2026-01-26-03:29:16
29.0,1.6,40.0,210.0,4.5,20.0,0.41321254,0.29428327,0.31384587,2026-01-26-03:29:16
15.999999,5.0,40.0,300.0,10.0,40.0,0.52832514,0.45052215,0.5514286,2026-01-26-03:29:16
26.0,5.0,40.0,300.0,10.0,15.0,0.5948276,0.39310837,0.5514286,2026-01-26-03:30:13
30.0,4.5,30.0,100.0,9.0,40.0,0.47020173,0.31980786,0.33367112,2026-01-26-03:30:13
27.0,4.9,40.0,300.0,8.0,60.0,0.56562984,0.52743846,0.5320408,2026-01-26-03:30:13
28.0,5.0,40.0,300.0,8.0,60.0,0.57443357,0.5301971,0.5371429,2026-01-26-03:30:13
26.0,5.0,40.0,270.0,11.0,50.0,0.60310346,0.49799508,0.5502956,2026-01-26-03:30:13
30.0,2.5,35.0,300.0,9.0,60.0,0.5097279,0.54642856,0.35857147,2026-01-26-03:31:00
26.0,5.0,40.0,280.0,11.0,30.0,0.6058621,0.43965027,0.5530542,2026-01-26-03:31:00
30.0,2.5,35.0,130.0,9.0,30.0,0.46283132,0.31546307,0.3116749,2026-01-26-03:31:00
15.0,2.5,35.0,300.0,6.0,60.0,0.36741263,0.4729064,0.33714288,2026-01-26-03:31:00
18.0,2.5,35.0,300.0,3.5,60.0,0.34716636,0.45439658,0.31928575,2026-01-26-03:31:00
20.0,4.9,40.0,260.0,11.0,50.0,0.5571077,0.47316748,0.54243493,2026-01-26-03:31:53
30.0,4.0,40.0,290.0,8.0,60.0,0.55989444,0.52709365,0.48336378,2026-01-26-03:31:53
27.0,4.0,30.0,290.0,10.0,60.0,0.50756276,0.5402463,0.3711189,2026-01-26-03:31:53
30.0,4.9,40.0,290.0,9.0,45.0,0.5990781,0.48732507,0.53642505,2026-01-26-03:31:53
30.0,4.8,40.0,300.0,9.0,45.0,0.59938776,0.49542853,0.5340817,2026-01-26-03:31:53
30.0,1.7,35.0,300.0,9.0,60.0,0.49013603,0.54642856,0.32047617,2026-01-26-03:32:32
26.0,4.8,40.0,300.0,10.5,55.0,0.5982055,0.5344655,0.54479593,2026-01-26-03:32:32
26.0,5.0,40.0,280.0,11.0,20.0,0.6058621,0.40633988,0.5530542,2026-01-26-03:32:32
18.0,0.8,40.0,40.0,5.5,50.0,0.29788178,0.22665271,0.23327588,2026-01-26-03:32:32
8.0,5.0,35.0,230.0,6.0,40.0,0.366913,0.33007884,0.43688014,2026-01-26-03:32:32
27.0,1.5,35.0,300.0,10.0,60.0,0.48243022,0.548867,0.31809527,2026-01-26-03:33:27
18.0,5.0,35.0,240.0,5.5,45.0,0.422578,0.37620443,0.43606734,2026-01-26-03:33:27
26.0,3.9,35.0,300.0,11.0,60.0,0.5511072,0.55682266,0.43952388,2026-01-26-03:33:27
6.0,1.2,25.0,120.0,7.5,10.0,0.18511611,0.17001233,0.12881422,2026-01-26-03:33:27
30.0,4.9,40.0,290.0,9.0,55.0,0.5990781,0.52098024,0.53642505,2026-01-26-03:33:27
27.0,5.0,40.0,300.0,9.5,15.0,0.5931281,0.39050984,0.54785717,2026-01-26-03:34:24
29.0,0.5,35.0,300.0,4.5,60.0,0.377768,0.49545568,0.23119049,2026-01-26-03:34:24
27.0,0.5,35.0,280.0,9.5,15.0,0.4440734,0.37637195,0.26138756,2026-01-26-03:34:24
30.0,5.0,40.0,290.0,9.0,30.0,0.6015271,0.43684238,0.54152715,2026-01-26-03:34:24
4.0,4.5,25.0,30.0,6.0,35.0,0.20859253,0.14807883,0.22796622,2026-01-26-03:34:24
28.0,5.0,40.0,300.0,7.5,60.0,0.5660099,0.52483994,0.5335715,2026-01-26-03:35:24
1.0,2.3,30.0,140.0,5.0,40.0,0.18735868,0.2286749,0.21885528,2026-01-26-03:35:24
21.0,4.7,35.0,260.0,6.5,45.0,0.4545168,0.41140148,0.43444175,2026-01-26-03:35:24
1.0,2.3,30.0,70.0,5.5,10.0,0.17447689,0.10030788,0.20311636,2026-01-26-03:35:24
26.0,4.9,40.0,300.0,10.5,45.0,0.6006545,0.5004655,0.5498979,2026-01-26-03:35:24
23.0,5.0,40.0,300.0,10.0,35.0,0.57487684,0.45283252,0.5514286,2026-01-26-03:36:16
19.0,0.8,40.0,300.0,5.5,60.0,0.37559113,0.47858375,0.305,2026-01-26-03:36:16
15.999999,2.9,25.0,140.0,8.5,50.0,0.31014776,0.33603695,0.21086209,2026-01-26-03:36:16
26.0,4.9,40.0,300.0,10.5,50.0,0.6006545,0.51746553,0.5498979,2026-01-26-03:36:16
5.0,3.0,25.0,20.0,7.0,40.0,0.18860662,0.16596554,0.17112598,2026-01-26-03:36:16
6.0,5.0,40.0,300.0,10.0,60.0,0.46182266,0.49093598,0.5514286,2026-01-26-03:36:55
6.0,1.0,25.0,170.0,7.0,50.0,0.18721323,0.31720692,0.13087262,2026-01-26-03:36:55
26.0,5.0,40.0,280.0,10.5,60.0,0.5975862,0.53422415,0.54948276,2026-01-26-03:36:55
9.0,3.6,40.0,20.0,3.5,55.0,0.27899015,0.17601722,0.3563301,2026-01-26-03:36:55
15.999999,0.3,40.0,40.0,10.0,40.0,0.34149894,0.24431528,0.23990853,2026-01-26-03:36:55
6.0,5.0,40.0,300.0,10.5,40.0,0.46862066,0.4282931,0.555,2026-01-26-03:37:47
5.0,5.0,40.0,240.0,8.5,15.0,0.4184483,0.27669215,0.5241626,2026-01-26-03:37:47
30.0,5.0,40.0,290.0,9.0,35.0,0.6015271,0.45366994,0.54152715,2026-01-26-03:37:47
26.0,4.4,30.0,300.0,11.0,60.0,0.5300188,0.55682266,0.3987075,2026-01-26-03:37:47
26.0,4.8,40.0,300.0,11.0,25.0,0.6064814,0.4378227,0.5483674,2026-01-26-03:37:47
30.0,4.9,40.0,300.0,8.0,60.0,0.5846939,0.5357143,0.5320408,2026-01-26-03:38:16
26.0,5.0,40.0,300.0,9.5,45.0,0.5865517,0.48975122,0.54785717,2026-01-26-03:38:16
11.0,4.8,30.0,240.0,3.5,30.0,0.3137802,0.28756902,0.34627143,2026-01-26-03:38:16
2.0,4.8,30.0,280.0,4.0,30.0,0.28011024,0.29844338,0.36087734,2026-01-26-03:38:16
6.0,2.9,35.0,260.0,9.0,10.0,0.35243022,0.28263548,0.3665846,2026-01-26-03:38:16
30.0,4.9,40.0,290.0,9.0,25.0,0.5990781,0.42001477,0.53642505,2026-01-26-03:39:15
21.0,0.2,25.0,30.0,7.0,25.0,0.22210415,0.18100001,0.059598874,2026-01-26-03:39:15
26.0,5.0,40.0,280.0,11.0,25.0,0.6058621,0.4229951,0.5530542,2026-01-26-03:39:15
30.0,4.5,35.0,280.0,8.5,40.0,0.5446188,0.45720935,0.44472086,2026-01-26-03:39:15
27.0,4.9,40.0,270.0,10.0,15.0,0.590753,0.3746601,0.53805065,2026-01-26-03:39:15
27.0,4.4,30.0,300.0,10.0,60.0,0.5201173,0.548867,0.3915646,2026-01-26-03:39:42
20.0,5.0,40.0,290.0,11.0,35.0,0.5678325,0.44751233,0.55581284,2026-01-26-03:39:42
19.0,4.2,30.0,130.0,3.0,25.0,0.3065001,0.20676355,0.28582457,2026-01-26-03:39:42
15.999999,2.5,25.0,219.99998,9.5,20.0,0.33749473,0.31923395,0.22374736,2026-01-26-03:39:42
3.0,4.8,35.0,250.00002,5.0,20.0,0.32408398,0.2568818,0.42573074,2026-01-26-03:39:42
30.0,5.0,40.0,300.0,7.0,60.0,0.57,0.52500004,0.53000003,2026-01-26-03:40:19
6.0,5.0,40.0,300.0,10.0,50.0,0.46182266,0.45693597,0.5514286,2026-01-26-03:40:19
27.0,5.0,40.0,290.0,10.0,30.0,0.59871924,0.4392808,0.54867,2026-01-26-03:40:19
10.0,3.9,25.0,170.0,5.5,60.0,0.26178044,0.3416872,0.2385257,2026-01-26-03:40:19
6.0,0.9,40.0,120.0,7.0,35.0,0.27097112,0.23413794,0.27116117,2026-01-26-03:40:19
30.0,4.9,40.0,290.0,9.0,10.0,0.5990781,0.369532,0.53642505,2026-01-26-03:41:17
11.0,0.6,40.0,40.0,2.0,10.0,0.20091484,0.069704436,0.1980718,2026-01-26-03:41:17
27.0,4.9,40.0,280.0,10.0,30.0,0.59351164,0.43169463,0.5408093,2026-01-26-03:41:17
30.0,4.7,40.0,290.0,9.0,10.0,0.59418017,0.369532,0.52622104,2026-01-26-03:41:17
27.0,4.9,35.0,280.0,10.0,30.0,0.5601783,0.43169463,0.47448277,2026-01-26-03:41:17
26.0,2.9,35.0,300.0,11.0,60.0,0.5266174,0.55682266,0.39190477,2026-01-26-03:41:38
25.0,1.9,25.0,160.0,5.5,60.0,0.29982054,0.37444583,0.15413441,2026-01-26-03:41:38
23.0,1.6,35.0,140.0,9.5,60.0,0.4060861,0.39454433,0.27514777,2026-01-26-03:41:38
30.0,4.4,40.0,20.0,7.5,30.0,0.48663616,0.21594335,0.4257178,2026-01-26-03:41:38
12.0,4.9,30.0,160.0,4.0,35.0,0.30709124,0.24958128,0.33219564,2026-01-26-03:41:38
26.0,2.0,40.0,300.0,11.0,60.0,0.5379099,0.55682266,0.40551022,2026-01-26-03:41:58
20.0,0.3,35.0,230.0,9.5,35.0,0.37934786,0.38488916,0.23807062,2026-01-26-03:41:58
30.0,1.1,35.0,230.0,9.0,20.0,0.45613182,0.35973892,0.27259442,2026-01-26-03:41:58
9.0,0.4,35.0,300.0,4.0,30.0,0.25155056,0.33292615,0.22285715,2026-01-26-03:41:58
15.0,3.2,40.0,40.0,8.0,15.0,0.37601689,0.15754189,0.373582,2026-01-26-03:41:58
20.0,5.0,40.0,290.0,10.5,40.0,0.56,0.45898277,0.5522414,2026-01-26-03:42:39
26.0,5.0,40.0,290.0,10.5,25.0,0.60034484,0.42505175,0.5522414,2026-01-26-03:42:39
6.0,2.0,35.0,180.0,10.0,60.0,0.3219165,0.3874877,0.30880132,2026-01-26-03:42:39
28.0,3.8,30.0,100.0,8.0,50.0,0.42320666,0.33067983,0.29557592,2026-01-26-03:42:39
26.0,4.1,25.0,20.0,9.0,50.0,0.3789937,0.26966995,0.23030964,2026-01-26-03:42:39
30.0,5.0,40.0,290.0,8.5,55.0,0.59295565,0.51562315,0.5379557,2026-01-26-03:43:26
5.0,1.0,30.0,30.0,8.0,10.0,0.18916726,0.11054188,0.15245603,2026-01-26-03:43:26
26.0,5.0,40.0,280.0,11.0,15.0,0.6058621,0.38968474,0.5530542,2026-01-26-03:43:26
1.0,4.3,35.0,30.0,4.0,10.0,0.22646964,0.05665025,0.33408868,2026-01-26-03:43:26
18.0,3.4,40.0,190.0,5.5,60.0,0.40293455,0.3809975,0.40730825,2026-01-26-03:43:26
7.0,5.0,40.0,300.0,10.5,10.0,0.4753448,0.32905173,0.555,2026-01-26-03:44:07
7.0,4.6,25.0,30.0,10.0,55.0,0.28419423,0.24859113,0.26061928,2026-01-26-03:44:07
26.0,4.6,30.0,300.0,11.0,60.0,0.53491676,0.55682266,0.40755105,2026-01-26-03:44:07
27.0,0.8,35.0,90.0,8.5,20.0,0.38230708,0.2447266,0.21611659,2026-01-26-03:44:07
26.0,4.6,25.0,70.0,10.0,45.0,0.4215834,0.30872908,0.27165377,2026-01-26-03:44:07
30.0,5.0,30.0,300.0,9.0,60.0,0.53761905,0.54642856,0.41095242,2026-01-26-03:44:55
26.0,4.5,40.0,300.0,10.5,60.0,0.5908585,0.5514655,0.5294898,2026-01-26-03:44:55
12.0,4.2,40.0,190.0,4.0,60.0,0.3648909,0.34837437,0.4374103,2026-01-26-03:44:55
26.0,5.0,40.0,290.0,10.5,30.0,0.60034484,0.44187933,0.5522414,2026-01-26-03:44:55
30.0,4.8,40.0,300.0,9.0,50.0,0.59938776,0.5124286,0.5340817,2026-01-26-03:44:55
26.0,0.2,30.0,300.0,11.0,60.0,0.4271616,0.55682266,0.2129932,2026-01-26-03:45:46
27.0,2.5,40.0,300.0,10.0,60.0,0.54025334,0.548867,0.42387757,2026-01-26-03:45:46
7.0,5.0,40.0,290.0,10.5,45.0,0.47258618,0.43994826,0.5522414,2026-01-26-03:45:46
21.0,0.2,30.0,270.0,4.0,30.0,0.27420598,0.34327096,0.15471734,2026-01-26-03:45:46
18.0,5.0,40.0,240.0,5.5,30.0,0.45591134,0.3283079,0.502734,2026-01-26-03:45:46
26.0,5.0,40.0,290.0,10.0,45.0,0.592069,0.4870049,0.54867,2026-01-26-03:46:23
11.0,0.6,35.0,170.0,2.5,10.0,0.21061106,0.16471675,0.18580459,2026-01-26-03:46:23
5.0,1.9,25.0,210.0,7.0,55.0,0.21408163,0.36299998,0.1786418,2026-01-26-03:46:23
9.0,2.5,30.0,190.0,6.5,25.0,0.2743995,0.26116008,0.2522062,2026-01-26-03:46:23
30.0,4.0,40.0,300.0,9.0,60.0,0.5797959,0.54642856,0.4932653,2026-01-26-03:46:23
30.0,4.8,40.0,290.0,8.0,25.0,0.5794863,0.40930054,0.5241802,2026-01-26-03:47:21
21.0,4.0,35.0,290.0,4.0,60.0,0.40611777,0.45940888,0.39152712,2026-01-26-03:47:21
30.0,4.8,40.0,300.0,8.0,25.0,0.58224493,0.4167143,0.5269388,2026-01-26-03:47:21
28.0,4.8,30.0,210.0,8.0,25.0,0.47804132,0.34447294,0.3701384,2026-01-26-03:47:21
30.0,4.6,40.0,290.0,9.0,15.0,0.59173113,0.3863596,0.52111894,2026-01-26-03:47:21
7.0,5.0,40.0,300.0,10.0,40.0,0.46847293,0.42569458,0.5514286,2026-01-26-03:48:09
7.0,1.3,25.0,219.99998,7.0,10.0,0.21456018,0.23637931,0.15691063,2026-01-26-03:48:09
27.0,4.9,40.0,300.0,10.0,40.0,0.5990289,0.480867,0.5463265,2026-01-26-03:48:09
21.0,4.8,25.0,270.0,5.0,30.0,0.36933848,0.35398525,0.29927516,2026-01-26-03:48:09
30.0,2.0,30.0,300.0,9.0,60.0,0.46414965,0.54642856,0.27829933,2026-01-26-03:48:09
26.0,1.4,30.0,300.0,11.0,60.0,0.45654938,0.55682266,0.26605445,2026-01-26-03:48:46
5.0,5.0,40.0,300.0,10.0,60.0,0.4551724,0.48817736,0.5514286,2026-01-26-03:48:46
20.0,1.4,30.0,130.0,8.5,45.0,0.32970208,0.3247266,0.20130074,2026-01-26-03:48:46
5.0,3.5,30.0,110.0,10.0,60.0,0.29935727,0.32438427,0.2993549,2026-01-26-03:48:46
6.0,5.0,40.0,290.0,10.5,60.0,0.46586204,0.48767242,0.5522414,2026-01-26-03:48:46
30.0,1.8,35.0,300.0,9.0,60.0,0.492585,0.54642856,0.3252381,2026-01-26-03:49:41
30.0,1.8,30.0,300.0,9.0,40.0,0.4592517,0.47842857,0.2694558,2026-01-26-03:49:41
18.0,1.8,35.0,300.0,3.5,60.0,0.33002347,0.45439658,0.2859524,2026-01-26-03:49:41
27.0,4.9,40.0,300.0,10.0,35.0,0.5990289,0.463867,0.5463265,2026-01-26-03:49:41
29.0,5.0,40.0,300.0,6.0,50.0,0.54679805,0.47752705,0.5228572,2026-01-26-03:49:41
6.0,5.0,40.0,290.0,9.5,55.0,0.45226598,0.4601305,0.54509854,2026-01-26-03:50:41
27.0,4.8,40.0,300.0,10.0,50.0,0.5965799,0.514867,0.54122454,2026-01-26-03:50:41
5.0,5.0,40.0,280.0,10.5,30.0,0.45637932,0.37636212,0.54948276,2026-01-26-03:50:41
6.0,5.0,40.0,300.0,9.5,10.0,0.4550246,0.31557882,0.54785717,2026-01-26-03:50:41
26.0,4.4,35.0,300.0,11.0,60.0,0.5633521,0.55682266,0.46333337,2026-01-26-03:50:41
27.0,5.0,40.0,260.0,10.0,30.0,0.5904434,0.4165222,0.5403941,2026-01-26-03:51:34
26.0,5.0,40.0,270.0,11.0,40.0,0.60310346,0.46502957,0.5502956,2026-01-26-03:51:34
27.0,5.0,40.0,290.0,10.0,25.0,0.59871924,0.42245322,0.54867,2026-01-26-03:51:34
27.0,5.0,40.0,280.0,10.0,55.0,0.5959606,0.5149705,0.5459114,2026-01-26-03:51:34
26.0,5.0,40.0,300.0,9.0,60.0,0.57827586,0.5353941,0.5442858,2026-01-26-03:51:34
28.0,5.0,40.0,300.0,7.0,60.0,0.5575862,0.5194828,0.53000003,2026-01-26-03:52:25
30.0,5.0,40.0,300.0,8.0,50.0,0.5871429,0.5017143,0.5371429,2026-01-26-03:52:25
26.0,4.7,30.0,300.0,11.0,60.0,0.53736573,0.55682266,0.4119728,2026-01-26-03:52:25
20.0,5.0,40.0,290.0,10.5,50.0,0.56,0.49263793,0.5522414,2026-01-26-03:52:25
24.0,4.7,30.0,60.0,5.0,45.0,0.36002582,0.24153696,0.30290878,2026-01-26-03:52:25
26.0,5.0,40.0,290.0,10.5,20.0,0.60034484,0.40822414,0.5522414,2026-01-26-03:53:13
20.0,4.8,30.0,200.0,8.0,60.0,0.42444524,0.4219212,0.36737978,2026-01-26-03:53:13
27.0,4.5,35.0,300.0,10.0,60.0,0.5558996,0.548867,0.4609524,2026-01-26-03:53:13
2.0,3.2,35.0,100.0,5.0,35.0,0.23760967,0.18615764,0.3081609,2026-01-26-03:53:13
30.0,4.9,40.0,300.0,8.5,55.0,0.5932653,0.52407146,0.5356122,2026-01-26-03:53:13
30.0,0.8,30.0,300.0,9.0,60.0,0.43476188,0.54642856,0.2252381,2026-01-26-03:54:02
18.0,0.8,30.0,300.0,6.0,45.0,0.310624,0.43018225,0.20380953,2026-01-26-03:54:02
26.0,3.7,30.0,300.0,11.0,60.0,0.5128759,0.55682266,0.36775514,2026-01-26-03:54:02
27.0,4.9,40.0,300.0,10.0,10.0,0.5990289,0.378867,0.5463265,2026-01-26-03:54:02
7.0,1.6,40.0,60.0,7.0,60.0,0.27776918,0.25465518,0.29032373,2026-01-26-03:54:02
7.0,5.0,40.0,300.0,10.0,50.0,0.46847293,0.4596946,0.5514286,2026-01-26-03:54:54
26.0,4.8,35.0,300.0,10.5,60.0,0.56487215,0.5514655,0.4788095,2026-01-26-03:54:54
21.0,4.7,25.0,30.0,5.5,20.0,0.30858904,0.15258375,0.23255809,2026-01-26-03:54:54
28.0,3.4,35.0,219.99998,7.0,55.0,0.46300027,0.43489656,0.36507392,2026-01-26-03:54:54
18.0,2.5,40.0,230.0,7.0,20.0,0.4149824,0.3052069,0.38313866,2026-01-26-03:54:54
30.0,2.8,25.0,300.0,9.0,60.0,0.45040816,0.54642856,0.25448978,2026-01-26-03:55:48
26.0,4.8,40.0,290.0,11.0,40.0,0.60372275,0.48089164,0.54560876,2026-01-26-03:55:48
26.0,2.4,40.0,300.0,11.0,60.0,0.5477059,0.55682266,0.4259184,2026-01-26-03:55:48
30.0,2.8,25.0,300.0,8.5,60.0,0.4418367,0.5410715,0.25091836,2026-01-26-03:55:48
30.0,5.0,40.0,270.0,9.0,35.0,0.59600985,0.43815273,0.5360099,2026-01-26-03:55:48
26.0,3.1,35.0,300.0,10.5,60.0,0.5232395,0.5514655,0.39785713,2026-01-26-03:56:39
28.0,4.0,35.0,30.0,8.0,20.0,0.44212762,0.1986798,0.3483744,2026-01-26-03:56:39
15.0,4.8,35.0,110.0,6.0,30.0,0.37132537,0.22676846,0.39425287,2026-01-26-03:56:39
30.0,3.8,40.0,230.0,8.0,45.0,0.53844476,0.42799014,0.45660803,2026-01-26-03:56:39
26.0,5.0,35.0,300.0,10.5,60.0,0.5697701,0.5514655,0.4883333,2026-01-26-03:56:39
30.0,4.7,40.0,300.0,9.0,55.0,0.5969388,0.52942854,0.52897966,2026-01-26-03:57:34
5.0,4.3,30.0,210.0,9.0,20.0,0.33308703,0.27629066,0.35517246,2026-01-26-03:57:34
21.0,4.3,30.0,240.0,5.5,60.0,0.39005747,0.43237686,0.33844832,2026-01-26-03:57:34
18.0,4.4,35.0,20.0,3.0,55.0,0.30877084,0.19548768,0.32894912,2026-01-26-03:57:34
26.0,4.4,40.0,300.0,10.0,50.0,0.58013374,0.5121084,0.5208163,2026-01-26-03:57:34
20.0,5.0,40.0,300.0,9.5,55.0,0.5470936,0.50719947,0.54785717,2026-01-26-03:58:21
30.0,4.9,40.0,290.0,9.0,50.0,0.5990781,0.5041527,0.53642505,2026-01-26-03:58:21
8.0,4.0,35.0,260.0,5.5,30.0,0.34375322,0.31589413,0.39396554,2026-01-26-03:58:21
20.0,4.9,40.0,300.0,11.0,55.0,0.5681422,0.5232709,0.55346936,2026-01-26-03:58:21
27.0,3.1,40.0,300.0,10.0,60.0,0.55494726,0.548867,0.45448986,2026-01-26-03:58:21
30.0,0.4,35.0,300.0,9.0,60.0,0.45829928,0.54642856,0.25857145,2026-01-26-03:59:14
30.0,5.0,40.0,300.0,8.5,25.0,0.5957143,0.42207146,0.5407143,2026-01-26-03:59:14
6.0,4.7,35.0,260.0,10.0,40.0,0.4101079,0.39121184,0.45944175,2026-01-26-03:59:14
30.0,0.4,35.0,300.0,9.0,25.0,0.45829928,0.42742854,0.25857145,2026-01-26-03:59:14
26.0,3.5,35.0,300.0,11.0,60.0,0.5413113,0.55682266,0.42047623,2026-01-26-03:59:14
26.0,1.6,30.0,300.0,11.0,60.0,0.46144733,0.55682266,0.27489796,2026-01-26-04:00:08
15.999999,5.0,40.0,300.0,10.0,35.0,0.52832514,0.43352216,0.5514286,2026-01-26-04:00:08
27.0,5.0,40.0,300.0,9.5,25.0,0.5931281,0.42450988,0.54785717,2026-01-26-04:00:08
11.0,1.7,35.0,30.0,2.0,50.0,0.19176169,0.16156651,0.19599344,2026-01-26-04:00:08
26.0,4.5,35.0,300.0,11.0,60.0,0.5658011,0.55682266,0.46809524,2026-01-26-04:00:08
20.0,5.0,40.0,300.0,10.0,15.0,0.5549261,0.37655663,0.5514286,2026-01-26-04:00:30
15.0,3.2,40.0,30.0,8.0,15.0,0.37325826,0.15047292,0.37082338,2026-01-26-04:00:30
6.0,0.1,30.0,60.0,7.5,60.0,0.17495896,0.25725368,0.11736453,2026-01-26-04:00:30
26.0,4.9,40.0,300.0,10.5,35.0,0.6006545,0.46646553,0.5498979,2026-01-26-04:00:30
18.0,1.9,35.0,20.0,6.5,30.0,0.30133945,0.17212562,0.23490149,2026-01-26-04:00:30
30.0,3.4,35.0,290.0,9.0,60.0,0.52901006,0.5378079,0.39867,2026-01-26-04:01:12
30.0,3.4,30.0,300.0,9.0,60.0,0.49843538,0.54642856,0.3402041,2026-01-26-04:01:12
5.0,5.0,40.0,290.0,10.5,50.0,0.45913795,0.45125863,0.5522414,2026-01-26-04:01:12
1.0,0.5,35.0,150.0,6.0,55.0,0.19222614,0.2905616,0.20052545,2026-01-26-04:01:12
18.0,1.5,30.0,210.0,3.0,30.0,0.25683087,0.27876356,0.18850575,2026-01-26-04:01:12
30.0,2.3,30.0,300.0,9.0,60.0,0.47149658,0.54642856,0.29156464,2026-01-26-04:01:44
26.0,5.0,40.0,300.0,9.0,55.0,0.57827586,0.51839405,0.5442858,2026-01-26-04:01:44
9.0,2.7,25.0,230.0,6.5,10.0,0.2569986,0.24343596,0.21324068,2026-01-26-04:01:44
11.0,1.9,30.0,160.0,3.0,25.0,0.21352333,0.20693596,0.19239973,2026-01-26-04:01:44
23.0,2.5,30.0,100.0,9.5,55.0,0.38375908,0.34650984,0.24880716,2026-01-26-04:01:44
26.0,0.8,35.0,300.0,11.0,60.0,0.47518882,0.55682266,0.29190478,2026-01-26-04:02:10
19.0,3.4,25.0,60.0,6.0,35.0,0.28081635,0.21273398,0.19134414,2026-01-26-04:02:10
19.0,0.9,25.0,30.0,7.0,15.0,0.22683321,0.1507931,0.088170305,2026-01-26-04:02:10
9.0,2.0,40.0,140.0,4.0,50.0,0.2799296,0.26851234,0.31137228,2026-01-26-04:02:10
2.0,4.0,40.0,150.0,4.5,55.0,0.2978255,0.27724877,0.4197431,2026-01-26-04:02:10
6.0,5.0,40.0,290.0,10.5,10.0,0.46586204,0.31939656,0.5522414,2026-01-26-04:03:12
6.0,5.0,30.0,290.0,10.0,10.0,0.39239737,0.3140394,0.41533664,2026-01-26-04:03:12
27.0,4.8,35.0,300.0,10.0,60.0,0.56324655,0.548867,0.4752381,2026-01-26-04:03:12
29.0,4.1,30.0,210.0,4.5,50.0,0.40777037,0.3869729,0.314186,2026-01-26-04:03:12
30.0,4.8,40.0,300.0,9.0,40.0,0.59938776,0.47842857,0.5340817,2026-01-26-04:03:12
26.0,3.6,30.0,300.0,11.0,60.0,0.51042694,0.55682266,0.36333334,2026-01-26-04:03:41
15.0,0.6,35.0,300.0,6.0,60.0,0.32088202,0.4729064,0.24666667,2026-01-26-04:03:41
23.0,3.3,25.0,20.0,8.5,60.0,0.33184025,0.28038177,0.19408515,2026-01-26-04:03:41
6.0,0.8,25.0,70.0,7.5,35.0,0.1615271,0.20070197,0.098694585,2026-01-26-04:03:41
26.0,4.7,40.0,300.0,11.0,55.0,0.6040324,0.53982264,0.54326534,2026-01-26-04:03:41
26.0,4.1,35.0,290.0,11.0,60.0,0.55324656,0.548202,0.446289,2026-01-26-04:04:20
27.0,3.7,35.0,280.0,8.5,60.0,0.50574124,0.5155542,0.40662563,2026-01-26-04:04:20
24.0,4.1,35.0,290.0,4.5,55.0,0.4339854,0.45621428,0.39986044,2026-01-26-04:04:20
28.0,4.8,25.0,50.0,8.0,60.0,0.40057006,0.31467983,0.2600141,2026-01-26-04:04:20
26.0,5.0,40.0,270.0,11.0,45.0,0.60310346,0.4815123,0.5502956,2026-01-26-04:04:20
30.0,2.8,30.0,290.0,9.0,60.0,0.48098284,0.5378079,0.31091484,2026-01-26-04:05:10
4.0,4.6,30.0,290.0,4.0,60.0,0.289498,0.41251233,0.35479242,2026-01-26-04:05:10
30.0,4.9,40.0,300.0,9.0,20.0,0.60183674,0.41042852,0.5391837,2026-01-26-04:05:10
21.0,1.3,35.0,270.0,5.5,15.0,0.3581973,0.30989408,0.26815274,2026-01-26-04:05:10
30.0,4.4,40.0,280.0,9.0,30.0,0.58407456,0.42925617,0.50815624,2026-01-26-04:05:10
30.0,5.0,40.0,210.0,9.0,45.0,0.5794581,0.42249754,0.5194582,2026-01-26-04:06:12
15.999999,4.6,40.0,219.99998,8.5,60.0,0.4738494,0.43348524,0.49823716,2026-01-26-04:06:12
17.0,5.0,40.0,210.0,6.5,20.0,0.4568719,0.2826084,0.501601,2026-01-26-04:06:12
29.0,1.6,35.0,210.0,4.5,20.0,0.3798792,0.29428327,0.25874385,2026-01-26-04:06:12
27.0,5.0,40.0,300.0,9.0,50.0,0.58477837,0.5041527,0.5442858,2026-01-26-04:06:12
26.0,5.0,25.0,300.0,11.0,60.0,0.51137936,0.55682266,0.3585714,2026-01-26-04:07:00
30.0,4.6,25.0,260.0,8.5,60.0,0.47488388,0.5065887,0.31335327,2026-01-26-04:07:00
2.0,5.0,25.0,150.0,5.0,50.0,0.22881773,0.2681921,0.27433497,2026-01-26-04:07:00
9.0,5.0,25.0,300.0,3.5,25.0,0.29051724,0.310569,0.305,2026-01-26-04:07:00
12.0,4.6,25.0,260.0,4.5,60.0,0.30123857,0.41407636,0.28478184,2026-01-26-04:07:00
30.0,1.0,35.0,300.0,9.0,60.0,0.4729932,0.54642856,0.28714284,2026-01-26-04:07:54
24.0,1.0,40.0,280.0,4.0,60.0,0.38051373,0.45906407,0.29897258,2026-01-26-04:07:54
9.0,1.0,35.0,300.0,4.5,55.0,0.2732641,0.42328325,0.255,2026-01-26-04:07:54
15.0,4.9,30.0,300.0,6.5,10.0,0.40031782,0.30826354,0.38867348,2026-01-26-04:07:54
18.0,1.0,35.0,300.0,3.5,60.0,0.31043166,0.45439658,0.24785715,2026-01-26-04:07:54
27.0,2.8,40.0,300.0,10.0,60.0,0.54760027,0.548867,0.43918368,2026-01-26-04:08:39
27.0,4.7,40.0,300.0,10.0,55.0,0.59413093,0.53186697,0.5361225,2026-01-26-04:08:39
27.0,4.8,40.0,300.0,10.0,45.0,0.5965799,0.497867,0.54122454,2026-01-26-04:08:39
17.0,2.8,35.0,240.0,5.5,30.0,0.3627152,0.32554927,0.33130544,2026-01-26-04:08:39
17.0,2.8,25.0,300.0,6.5,60.0,0.32782194,0.4837808,0.23663265,2026-01-26-04:08:39
30.0,3.8,40.0,300.0,9.0,60.0,0.57489794,0.54642856,0.48306122,2026-01-26-04:09:35
26.0,4.8,30.0,300.0,11.0,60.0,0.5398147,0.55682266,0.4163946,2026-01-26-04:09:35
30.0,4.9,40.0,300.0,9.0,25.0,0.60183674,0.42742854,0.5391837,2026-01-26-04:09:35
17.0,4.8,30.0,270.0,5.5,40.0,0.38663736,0.38127342,0.368833,2026-01-26-04:09:35
21.0,1.9,25.0,80.0,4.5,45.0,0.23799789,0.24411082,0.12492259,2026-01-26-04:09:35
30.0,4.8,40.0,270.0,9.0,20.0,0.5911119,0.38870445,0.52580583,2026-01-26-04:10:31
26.0,4.3,30.0,300.0,11.0,60.0,0.52756983,0.55682266,0.39428577,2026-01-26-04:10:31
6.0,4.8,35.0,280.0,9.0,10.0,0.40447807,0.2964286,0.46257803,2026-01-26-04:10:31
26.0,2.9,40.0,300.0,10.5,60.0,0.5516749,0.5514655,0.44785714,2026-01-26-04:10:31
26.0,4.7,35.0,300.0,10.5,60.0,0.56242317,0.5514655,0.47404763,2026-01-26-04:10:31
26.0,3.8,25.0,300.0,11.0,60.0,0.48199156,0.55682266,0.30959183,2026-01-26-04:11:14
30.0,3.8,25.0,300.0,7.0,60.0,0.44061223,0.52500004,0.2810204,2026-01-26-04:11:14
6.0,3.8,30.0,40.0,7.0,20.0,0.2532559,0.13451724,0.27188134,2026-01-26-04:11:14
26.0,4.8,40.0,300.0,11.0,20.0,0.6064814,0.42082265,0.5483674,2026-01-26-04:11:14
19.0,2.3,40.0,240.0,6.0,45.0,0.40353274,0.3843202,0.36855033,2026-01-26-04:11:14
15.999999,5.0,40.0,300.0,10.0,25.0,0.52832514,0.3995222,0.5514286,2026-01-26-04:11:44
26.0,4.3,25.0,300.0,11.0,60.0,0.49423644,0.55682266,0.33000004,2026-01-26-04:11:44
26.0,4.8,25.0,10.0,10.5,45.0,0.4182055,0.26546553,0.26683676,2026-01-26-04:11:44
1.0,1.1,35.0,40.0,6.0,35.0,0.17657518,0.14756158,0.19875206,2026-01-26-04:11:44
9.0,3.1,25.0,170.0,5.0,40.0,0.22918369,0.27453697,0.2023012,2026-01-26-04:11:44
30.0,0.7,30.0,300.0,9.0,60.0,0.4323129,0.54642856,0.22081634,2026-01-26-04:12:29
20.0,0.7,25.0,300.0,8.5,10.0,0.32612243,0.34348524,0.16520408,2026-01-26-04:12:29
30.0,5.0,40.0,290.0,8.5,50.0,0.59295565,0.49879554,0.5379557,2026-01-26-04:12:29
30.0,0.7,30.0,300.0,8.5,60.0,0.42374152,0.5410715,0.21724491,2026-01-26-04:12:29
30.0,0.7,25.0,300.0,8.5,10.0,0.39040816,0.37107146,0.16520408,2026-01-26-04:12:29
27.0,2.7,25.0,300.0,10.0,60.0,0.44515133,0.548867,0.257551,2026-01-26-04:13:24
27.0,2.2,25.0,300.0,10.0,60.0,0.43290645,0.548867,0.23714288,2026-01-26-04:13:24
13.0,2.2,25.0,300.0,6.0,55.0,0.2812808,0.45038915,0.20857143,2026-01-26-04:13:24
26.0,2.8,40.0,300.0,11.0,60.0,0.5575018,0.55682266,0.44632652,2026-01-26-04:13:24
29.0,5.0,40.0,300.0,6.0,55.0,0.54679805,0.49452707,0.5228572,2026-01-26-04:13:24
26.0,5.0,40.0,300.0,9.5,40.0,0.5865517,0.47275123,0.54785717,2026-01-26-04:13:59
5.0,4.7,40.0,300.0,10.5,15.0,0.45454964,0.34053448,0.5396939,2026-01-26-04:13:59
30.0,4.9,40.0,300.0,9.0,15.0,0.60183674,0.39342856,0.5391837,2026-01-26-04:13:59
5.0,4.7,35.0,20.0,10.5,60.0,0.34397492,0.25215515,0.39680627,2026-01-26-04:13:59
6.0,4.3,40.0,90.0,8.0,45.0,0.35955667,0.248335,0.44349757,2026-01-26-04:13:59
30.0,2.0,25.0,290.0,9.0,60.0,0.42805767,0.5378079,0.21907811,2026-01-26-04:14:54
26.0,3.3,35.0,300.0,11.0,60.0,0.5364134,0.55682266,0.41095242,2026-01-26-04:14:54
28.0,3.3,40.0,300.0,7.5,60.0,0.5243772,0.52483994,0.44683674,2026-01-26-04:14:54
23.0,2.0,35.0,290.0,9.0,10.0,0.4492071,0.35022166,0.33200333,2026-01-26-04:14:54
15.999999,5.0,40.0,300.0,10.0,30.0,0.52832514,0.41652218,0.5514286,2026-01-26-04:14:54
30.0,5.0,40.0,300.0,8.0,40.0,0.5871429,0.46771428,0.5371429,2026-01-26-04:15:18
21.0,2.1,25.0,150.0,7.0,15.0,0.30173823,0.24113794,0.17025337,2026-01-26-04:15:18
23.0,5.0,40.0,300.0,10.0,15.0,0.57487684,0.3848325,0.5514286,2026-01-26-04:15:18
20.0,2.9,30.0,280.0,9.0,30.0,0.41564864,0.40166998,0.31257802,2026-01-26-04:15:18
13.0,3.8,30.0,30.0,4.0,45.0,0.25005397,0.17616749,0.24769412,2026-01-26-04:15:18
27.0,5.0,40.0,290.0,10.0,20.0,0.59871924,0.4056256,0.54867,2026-01-26-04:15:48
26.0,5.0,40.0,270.0,11.0,35.0,0.60310346,0.4485468,0.5502956,2026-01-26-04:15:48
20.0,0.8,35.0,240.0,8.5,60.0,0.37868637,0.46176112,0.2574959,2026-01-26-04:15:48
13.0,0.6,40.0,250.00002,4.0,15.0,0.29904294,0.25761577,0.27028853,2026-01-26-04:15:48
26.0,5.0,40.0,280.0,10.5,55.0,0.5975862,0.517569,0.54948276,2026-01-26-04:15:48
15.999999,5.0,40.0,300.0,10.0,10.0,0.52832514,0.34852216,0.5514286,2026-01-26-04:16:16
27.0,2.9,40.0,300.0,10.0,60.0,0.5500493,0.548867,0.44428575,2026-01-26-04:16:16
5.0,1.2,25.0,300.0,8.5,15.0,0.24193877,0.31910592,0.18561225,2026-01-26-04:16:16
17.0,3.8,40.0,10.0,5.5,60.0,0.35709006,0.2230665,0.37806123,2026-01-26-04:16:16
19.0,2.2,30.0,170.0,6.5,10.0,0.32286537,0.22964285,0.23342365,2026-01-26-04:16:16
26.0,3.2,30.0,300.0,11.0,60.0,0.50063103,0.55682266,0.3456463,2026-01-26-04:17:02
20.0,4.9,40.0,300.0,11.0,50.0,0.5681422,0.50627095,0.55346936,2026-01-26-04:17:02
26.0,2.6,30.0,30.0,9.5,30.0,0.3866268,0.23392364,0.23391864,2026-01-26-04:17:02
6.0,3.8,25.0,280.0,10.0,30.0,0.32691768,0.3737636,0.29693174,2026-01-26-04:17:02
26.0,4.3,30.0,30.0,9.5,30.0,0.42825946,0.23392364,0.3090887,2026-01-26-04:17:02
26.0,5.0,40.0,270.0,11.0,30.0,0.60310346,0.43206406,0.5502956,2026-01-26-04:17:59
27.0,4.8,40.0,290.0,10.0,15.0,0.5938213,0.38879803,0.5384659,2026-01-26-04:17:59
15.999999,5.0,40.0,300.0,9.5,60.0,0.52078813,0.513165,0.54785717,2026-01-26-04:17:59
20.0,4.9,25.0,270.0,8.5,30.0,0.42070374,0.38872662,0.3283568,2026-01-26-04:17:59
23.0,5.0,40.0,290.0,10.0,55.0,0.5721182,0.51238424,0.54867,2026-01-26-04:17:59
30.0,5.0,40.0,300.0,8.0,25.0,0.5871429,0.4167143,0.5371429,2026-01-26-04:18:33
1.0,0.3,30.0,40.0,4.5,20.0,0.1043643,0.093938425,0.09926227,2026-01-26-04:18:33
25.0,4.5,25.0,300.0,5.5,60.0,0.40211472,0.4951355,0.29887754,2026-01-26-04:18:33
18.0,3.4,30.0,50.0,2.5,20.0,0.25153884,0.12664779,0.22481003,2026-01-26-04:18:33
11.0,0.8,35.0,20.0,3.0,40.0,0.18129721,0.1396601,0.15752053,2026-01-26-04:18:33
28.0,5.0,40.0,300.0,6.5,60.0,0.54916257,0.51412565,0.5264286,2026-01-26-04:19:08
26.0,1.1,30.0,20.0,9.5,10.0,0.3471335,0.17764777,0.16483344,2026-01-26-04:19:08
30.0,4.8,40.0,300.0,9.0,35.0,0.59938776,0.46142855,0.5340817,2026-01-26-04:19:08
3.0,1.3,25.0,280.0,4.5,45.0,0.17340255,0.35652465,0.15560521,2026-01-26-04:19:08
20.0,0.5,40.0,40.0,10.5,15.0,0.3808304,0.19812068,0.25368404,2026-01-26-04:19:08
26.0,5.0,40.0,230.0,11.0,60.0,0.592069,0.49647784,0.5392611,2026-01-26-04:20:07
30.0,3.3,25.0,290.0,9.0,60.0,0.45989442,0.5378079,0.2721393,2026-01-26-04:20:07
30.0,4.9,40.0,290.0,9.0,40.0,0.5990781,0.47049755,0.53642505,2026-01-26-04:20:07
9.0,2.0,35.0,290.0,4.5,60.0,0.2949953,0.43166256,0.29986045,2026-01-26-04:20:07
21.0,0.2,40.0,30.0,7.0,25.0,0.32210416,0.18100001,0.21061929,2026-01-26-04:20:07
27.0,5.0,40.0,300.0,9.5,20.0,0.5931281,0.40750983,0.54785717,2026-01-26-04:21:01
30.0,5.0,40.0,300.0,7.5,55.0,0.57857144,0.51335716,0.5335715,2026-01-26-04:21:01
26.0,2.0,40.0,140.0,10.0,20.0,0.47722027,0.29424632,0.35422942,2026-01-26-04:21:01
27.0,2.2,25.0,140.0,9.5,20.0,0.38041872,0.29164776,0.1894335,2026-01-26-04:21:01
23.0,1.2,35.0,40.0,8.5,35.0,0.35259557,0.23503695,0.22137111,2026-01-26-04:21:01
30.0,1.7,30.0,300.0,9.0,60.0,0.45680273,0.54642856,0.265034,2026-01-26-04:21:54
27.0,3.2,25.0,300.0,10.0,60.0,0.4573962,0.548867,0.27795917,2026-01-26-04:21:54
21.0,1.7,35.0,219.99998,5.0,60.0,0.3462937,0.40977833,0.26983577,2026-01-26-04:21:54
13.0,1.7,30.0,300.0,6.0,60.0,0.30236924,0.46738917,0.24360543,2026-01-26-04:21:54
26.0,1.7,30.0,300.0,11.0,60.0,0.4638963,0.55682266,0.27931973,2026-01-26-04:21:54
30.0,4.7,40.0,300.0,9.0,45.0,0.5969388,0.49542853,0.52897966,2026-01-26-04:22:51
9.0,5.0,40.0,290.0,5.0,60.0,0.40881774,0.4370197,0.5129557,2026-01-26-04:22:51
26.0,5.0,40.0,300.0,9.5,20.0,0.5865517,0.4047512,0.54785717,2026-01-26-04:22:51
27.0,5.0,40.0,290.0,9.5,60.0,0.59036946,0.53488916,0.54509854,2026-01-26-04:22:51
19.0,5.0,40.0,300.0,6.5,60.0,0.4939655,0.48929805,0.5264286,2026-01-26-04:22:51
26.0,2.8,30.0,300.0,11.0,60.0,0.4908351,0.55682266,0.3279592,2026-01-26-04:23:27
24.0,2.8,40.0,290.0,4.0,55.0,0.42735398,0.45085713,0.3935679,2026-01-26-04:23:27
30.0,2.8,35.0,290.0,9.0,60.0,0.5143162,0.5378079,0.37009853,2026-01-26-04:23:27
25.0,4.3,25.0,260.0,5.5,30.0,0.38618228,0.36279067,0.27967983,2026-01-26-04:23:27
18.0,5.0,25.0,210.0,2.5,35.0,0.30152708,0.2888547,0.27302957,2026-01-26-04:23:27
27.0,4.9,25.0,300.0,10.0,60.0,0.49902886,0.548867,0.34734696,2026-01-26-04:24:17
18.0,1.9,30.0,300.0,6.5,30.0,0.3452475,0.38453943,0.2560204,2026-01-26-04:24:17
8.0,0.6,35.0,190.0,3.5,45.0,0.21339431,0.2866724,0.19846469,2026-01-26-04:24:17
28.0,2.2,40.0,300.0,6.0,50.0,0.47216752,0.47476846,0.38000005,2026-01-26-04:24:17
27.0,4.1,40.0,300.0,10.0,60.0,0.579437,0.548867,0.5055102,2026-01-26-04:24:17
5.0,4.9,40.0,300.0,10.5,20.0,0.4594476,0.35753447,0.5498979,2026-01-26-04:25:03
8.0,4.9,40.0,300.0,6.5,20.0,0.42405346,0.3229532,0.5213265,2026-01-26-04:25:03
5.0,5.0,40.0,300.0,10.0,45.0,0.4551724,0.43717733,0.5514286,2026-01-26-04:25:03
26.0,4.9,40.0,300.0,10.5,30.0,0.6006545,0.44946554,0.5498979,2026-01-26-04:25:03
27.0,2.6,25.0,290.0,10.0,20.0,0.43994373,0.4056256,0.2507108,2026-01-26-04:25:03
30.0,4.5,35.0,300.0,9.0,60.0,0.5587075,0.54642856,0.45380956,2026-01-26-04:25:45
30.0,4.9,40.0,290.0,8.5,55.0,0.5905067,0.51562315,0.5328536,2026-01-26-04:25:45
24.0,2.8,35.0,270.0,6.0,55.0,0.4210157,0.45538917,0.34315273,2026-01-26-04:25:45
15.999999,4.7,25.0,10.0,9.5,40.0,0.33344126,0.21516502,0.25561225,2026-01-26-04:25:45
26.0,2.7,30.0,90.0,9.0,15.0,0.39735165,0.23394582,0.25132066,2026-01-26-04:25:45
26.0,0.1,40.0,300.0,11.0,60.0,0.4913793,0.55682266,0.30857146,2026-01-26-04:26:51
15.999999,5.0,40.0,280.0,10.0,15.0,0.5228079,0.35138425,0.5459114,2026-01-26-04:26:51
7.0,5.0,40.0,280.0,10.5,50.0,0.4698276,0.4485,0.54948276,2026-01-26-04:26:51
26.0,4.9,40.0,280.0,11.0,45.0,0.6034131,0.48961577,0.5479522,2026-01-26-04:26:51
27.0,5.0,40.0,290.0,9.5,55.0,0.59036946,0.5180616,0.54509854,2026-01-26-04:26:51
27.0,2.4,30.0,300.0,10.0,60.0,0.4711377,0.548867,0.3031293,2026-01-26-04:27:46
18.0,2.4,40.0,130.0,3.5,60.0,0.33115414,0.30784485,0.3254504,2026-01-26-04:27:46
15.0,2.4,30.0,300.0,6.0,40.0,0.33163035,0.4049064,0.27455786,2026-01-26-04:27:46
26.0,3.3,30.0,300.0,11.0,60.0,0.50308,0.55682266,0.35006803,2026-01-26-04:27:46
26.0,3.5,30.0,300.0,11.0,60.0,0.50797796,0.55682266,0.35891157,2026-01-26-04:27:46
30.0,3.2,40.0,300.0,9.0,60.0,0.5602041,0.54642856,0.45244902,2026-01-26-04:28:43
26.0,4.7,40.0,300.0,11.0,25.0,0.6040324,0.4378227,0.54326534,2026-01-26-04:28:43
26.0,4.9,40.0,300.0,10.5,25.0,0.6006545,0.43246555,0.5498979,2026-01-26-04:28:43
7.0,4.9,40.0,300.0,10.5,60.0,0.47289583,0.49905175,0.5498979,2026-01-26-04:28:43
27.0,4.7,30.0,219.99998,9.0,25.0,0.48869577,0.3598424,0.37561813,2026-01-26-04:28:43
26.0,3.0,40.0,300.0,11.0,60.0,0.56239974,0.55682266,0.4565306,2026-01-26-04:29:27
18.0,2.7,40.0,210.0,3.5,20.0,0.36057004,0.25322413,0.3628255,2026-01-26-04:29:27
15.999999,3.0,35.0,260.0,9.0,35.0,0.41990384,0.3917734,0.3713465,2026-01-26-04:29:27
26.0,4.7,40.0,300.0,10.5,55.0,0.59575653,0.5344655,0.5396939,2026-01-26-04:29:27
29.0,0.4,40.0,40.0,6.0,40.0,0.36242086,0.23732021,0.21643913,2026-01-26-04:29:27
30.0,5.0,40.0,290.0,8.0,60.0,0.58438426,0.52709365,0.53438425,2026-01-26-04:29:57
1.0,0.4,40.0,170.0,6.0,40.0,0.22862773,0.26318228,0.2523012,2026-01-26-04:29:57
26.0,5.0,40.0,260.0,11.0,60.0,0.60034484,0.5223399,0.54753697,2026-01-26-04:29:57
3.0,1.5,30.0,80.0,4.0,15.0,0.14988506,0.10985716,0.15978654,2026-01-26-04:29:57
15.999999,1.0,30.0,120.0,8.5,15.0,0.29143324,0.22220935,0.18085504,2026-01-26-04:29:57
30.0,3.9,40.0,290.0,9.0,60.0,0.5745883,0.5378079,0.48540467,2026-01-26-04:30:38
30.0,5.0,40.0,300.0,8.0,30.0,0.5871429,0.4337143,0.5371429,2026-01-26-04:30:38
9.0,3.9,30.0,290.0,5.5,60.0,0.322232,0.44237685,0.33455434,2026-01-26-04:30:38
27.0,4.7,25.0,230.0,9.5,30.0,0.4664708,0.38840643,0.3163019,2026-01-26-04:30:38
30.0,0.2,25.0,300.0,9.0,60.0,0.38673466,0.54642856,0.14836735,2026-01-26-04:30:38
26.0,5.0,40.0,270.0,11.0,10.0,0.60310346,0.366133,0.5502956,2026-01-26-04:31:32
20.0,3.5,40.0,270.0,10.0,10.0,0.50991553,0.338867,0.46662208,2026-01-26-04:31:32
11.0,0.7,35.0,200.0,4.0,20.0,0.2428384,0.23202957,0.20955667,2026-01-26-04:31:32
26.0,5.0,40.0,280.0,11.0,10.0,0.6058621,0.37302956,0.5530542,2026-01-26-04:31:32
26.0,5.0,40.0,270.0,11.0,25.0,0.60310346,0.4155813,0.5502956,2026-01-26-04:31:32
28.0,5.0,40.0,300.0,8.0,50.0,0.57443357,0.49619704,0.5371429,2026-01-26-04:32:19
30.0,5.0,35.0,300.0,9.0,55.0,0.57095236,0.52942854,0.47761908,2026-01-26-04:32:19
30.0,1.9,25.0,300.0,9.0,60.0,0.42836732,0.54642856,0.2177551,2026-01-26-04:32:19
30.0,5.0,40.0,260.0,9.0,60.0,0.5932512,0.51194584,0.5332513,2026-01-26-04:32:19
11.0,2.0,30.0,120.0,5.0,35.0,0.23360778,0.22650248,0.20007272,2026-01-26-04:32:19
20.0,5.0,40.0,300.0,10.0,20.0,0.5549261,0.39355662,0.5514286,2026-01-26-04:33:07
5.0,0.8,25.0,80.0,9.0,10.0,0.17817734,0.15573892,0.11216749,2026-01-26-04:33:07
1.0,3.1,25.0,70.0,5.0,45.0,0.15430683,0.18619214,0.174715,2026-01-26-04:33:07
21.0,1.6,30.0,40.0,5.5,40.0,0.26876262,0.2098941,0.16388811,2026-01-26-04:33:07
2.0,3.9,35.0,270.0,4.5,45.0,0.29514664,0.34566256,0.38481942,2026-01-26-04:33:07
5.0,4.6,40.0,300.0,10.5,35.0,0.4521006,0.4085345,0.5345918,2026-01-26-04:33:54
26.0,4.4,25.0,300.0,11.0,60.0,0.49668542,0.55682266,0.33408165,2026-01-26-04:33:54
5.0,4.6,25.0,300.0,8.5,15.0,0.3252041,0.31910592,0.32438776,2026-01-26-04:33:54
5.0,2.9,35.0,120.0,8.5,15.0,0.30058295,0.19186454,0.32439244,2026-01-26-04:33:54
22.0,4.6,40.0,300.0,4.5,10.0,0.47064742,0.3061453,0.4917347,2026-01-26-04:33:54
26.0,1.2,40.0,300.0,11.0,60.0,0.5183181,0.55682266,0.36469385,2026-01-26-04:34:38
20.0,1.2,40.0,300.0,11.0,50.0,0.47752988,0.50627095,0.36469385,2026-01-26-04:34:38
18.0,4.1,30.0,70.0,2.0,30.0,0.2665142,0.16184238,0.25770816,2026-01-26-04:34:38
30.0,1.2,30.0,300.0,9.0,60.0,0.4445578,0.54642856,0.24292518,2026-01-26-04:34:38
18.0,1.2,30.0,300.0,6.0,60.0,0.3204199,0.48118228,0.22149661,2026-01-26-04:34:38
15.0,5.0,40.0,290.0,8.0,20.0,0.48906404,0.3510936,0.53438425,2026-01-26-04:35:34
7.0,5.0,40.0,300.0,9.5,30.0,0.461601,0.38633746,0.54785717,2026-01-26-04:35:34
15.0,5.0,40.0,290.0,7.5,50.0,0.481601,0.44670194,0.53081286,2026-01-26-04:35:34
20.0,5.0,40.0,260.0,11.0,30.0,0.55955666,0.4079261,0.54753697,2026-01-26-04:35:34
8.0,4.9,40.0,260.0,6.5,50.0,0.413019,0.39184976,0.51029205,2026-01-26-04:35:34
