metal_a_type,metal_a_concentration,metal_b_type,metal_molar_ratio_b_a,Model_Predicted_Adhesion,True_Adhesion,Adhesion_Error,Model_Predicted_Coverage,True_Coverage,Coverage_Error,Model_Predicted_Uniformity,True_Uniformity,Uniformity_Error
20.0,10.0,16.0,4.0,-0.015827775,-0.016000107,0.00017233199847412062,3.0244167,3.0276,-0.0031833148956299517,2.4020646,2.4044,-0.0023354381561278004
10.0,40.0,1.0,6.0,0.17879587,0.17833371,0.00046216411880492525,1.1485248,1.1505691,-0.0020443388000488394,1.4191613,1.4184535,0.0007078197326659819
5.0,20.0,14.0,2.0,-0.32336754,-0.32317048,-0.00019705606796266428,-0.011999369,-0.014024083,0.0020247143323974606,0.74285674,0.7426624,0.00019434095153814113
15.0,30.0,9.0,9.0,0.68616056,0.686183,-2.243557739256552e-05,1.5042208,1.5042758,-5.495668487554006e-05,2.0299244,2.0297961,0.00012829270019532046
12.0,30.0,3.0,9.0,0.568363,0.56816006,0.00020295088333133204,0.9154123,0.9156734,-0.0002610932144164746,1.3886012,1.3881626,0.00043858389129636244
3.0,40.0,18.0,1.0,-0.8363839,-0.8368446,0.00046072081527714914,-0.15218711,-0.1566073,0.004420191006469731,1.2190682,1.216712,0.0023561695938110194
8.0,20.0,6.0,7.0,0.2645557,0.26423654,0.00031915267272947245,0.28979945,0.28978044,1.90118280029572e-05,0.67057204,0.6704825,8.954246520997966e-05
17.0,50.0,11.0,4.0,0.027579904,0.027361475,0.00021842860260009797,3.1579494,3.1586578,-0.0007083523681639114,2.935276,2.9351826,9.343149414053897e-05
16.0,20.0,6.0,1.0,0.22285113,0.22321633,-0.00036520261390685094,2.1644626,2.1657577,-0.001295133624267475,1.0682135,1.0687834,-0.0005699371704102063
6.0,30.0,11.0,10.0,0.33320272,0.3326857,0.0005170196884155542,0.28645515,0.2841995,0.0022556544189453187,1.2384629,1.2360015,0.0024614249572754154
17.0,40.0,11.0,4.0,0.19945759,0.199276,0.00018158581161498155,2.73148,2.7313092,0.00017068319396962295,2.4105368,2.4102745,0.00026226605224621835
17.0,20.0,11.0,4.0,0.27288216,0.27310488,-0.00022271647537230876,2.1836314,2.1841118,-0.0004803798645021118,1.7013272,1.7017088,-0.00038159529571535344
20.0,30.0,11.0,4.0,0.43553272,0.4352499,0.00028281889686582184,3.362972,3.362725,0.0002470211029050873,2.4283748,2.42815,0.00022476730346676632
20.0,20.0,13.0,4.0,0.30825117,0.307925,0.0003261723041534381,3.1311667,3.1312,-3.3303451538291284e-05,2.2772486,2.2772498,-1.1790130614031114e-06
20.0,50.0,7.0,4.0,0.32337686,0.32359987,-0.00022300580513001655,4.194742,4.1953745,-0.000632297241210722,3.2236528,3.2239,-0.00024716033935545667
20.0,50.0,6.0,4.0,0.34387854,0.3439999,-0.00012136258354189522,4.198668,4.1991,-0.00043199691772422,3.1891875,3.1894002,-0.0002126732971192702
20.0,50.0,9.0,4.0,0.26920924,0.26959988,-0.0003906440933990618,4.178501,4.180575,-0.002073870849609527,3.3089771,3.3097,-0.0007228729248045518
20.0,50.0,3.0,4.0,0.37877625,0.37879997,-2.3717730255112812e-05,4.1950955,4.195575,-0.0004794609069822542,3.1193373,3.1194997,-0.00016237967224119743
20.0,50.0,1.0,4.0,0.3801625,0.3799999,0.00016260729560851894,4.1806984,4.180975,-0.000276605224609483,3.100639,3.1009,-0.0002608951568605633
20.0,50.0,8.0,4.0,0.29867506,0.2987999,-0.00012483972778321029,4.188912,4.1892,-0.0002880851745601376,3.2637985,3.264,-0.0002015247344968607
14.0,50.0,9.0,4.0,-0.058276057,-0.058164574,-0.0001114832433471713,2.3707924,2.3710427,-0.00025031108398421154,2.40909,2.4098828,-0.0007927578857422901
15.0,50.0,9.0,4.0,-0.0101415515,-0.010185458,4.390650540161099e-05,2.627678,2.6276178,6.0117480468857565e-05,2.5449626,2.5453093,-0.0003466554229736296
12.0,50.0,9.0,4.0,-0.14624417,-0.1461452,-9.89682815551729e-05,1.9128466,1.91191,0.0009365652465820329,2.1561763,2.1564813,-0.0003049713409422061
10.0,50.0,9.0,4.0,-0.22340977,-0.22348869,7.891808074950157e-05,1.5254422,1.5247993,0.0006429426223755197,1.9266864,1.9263483,0.0003381061355591797
5.0,50.0,9.0,4.0,-0.36971468,-0.37030998,0.0005953026661681959,0.8749764,0.87211937,0.002857026560668996,1.4552865,1.4528164,0.002470102838134869
20.0,30.0,11.0,9.0,0.9327729,0.9329999,-0.00022702516784667282,2.8156831,2.8154747,0.0002084264495847421,2.925301,2.92515,0.00015107498168953626
20.0,50.0,11.0,6.0,0.455971,0.4560999,-0.00012889742126465098,3.9801044,3.9800754,2.904641113277151e-05,3.6786242,3.6787002,-7.604686279316653e-05
20.0,50.0,11.0,10.0,0.9721693,0.9722999,-0.00013061994781493613,3.628174,3.6282752,-0.00010113345642093208,4.2000027,4.2002997,-0.000297029711914476
20.0,50.0,11.0,3.0,0.06904107,0.06894992,9.11533222961447e-05,4.2439775,4.243925,5.254669189458383e-05,3.2876885,3.2875001,0.00018839372863777015
20.0,50.0,14.0,5.0,0.19400838,0.19429994,-0.0002915598253631635,4.017259,4.0174003,-0.00014117905883814785,3.75668,3.7568002,-0.00012018825073223383
20.0,50.0,14.0,10.0,0.8776324,0.8777999,-0.00016752046813961474,3.6004004,3.6009002,-0.0004997521545409,4.4291916,4.4298,-0.0006084106445314319
17.0,50.0,11.0,10.0,0.76182353,0.761872,-4.846503448485695e-05,2.7714498,2.7711685,0.00028130430603034995,3.6673856,3.667372,1.35781555177239e-05
20.0,50.0,4.0,10.0,1.039114,1.0388,0.00031399841308599186,3.6066139,3.6064,0.00021387443542497664,3.8607597,3.8607998,-4.0064892578239863e-05
20.0,50.0,14.0,9.0,0.7408008,0.74109995,-0.0002991520606994147,3.6842127,3.6842003,1.2384631347561736e-05,4.295012,4.2952003,-0.0001883027770999135
16.0,50.0,11.0,10.0,0.6970695,0.69704777,2.1755718689009385e-05,2.5213957,2.5214772,-8.151671142586636e-05,3.5014553,3.5013635,9.180700683586451e-05
20.0,30.0,1.0,10.0,1.1342254,1.1340499,0.00017546849975591527,2.4854145,2.485525,-0.00011049499511717187,2.4808276,2.4810498,-0.00022223003845223133
20.0,40.0,4.0,10.0,1.1394765,1.1393,0.00017653770446779404,3.0405848,3.04065,-6.519737243637636e-05,3.1657596,3.166175,-0.00041543655395503976
20.0,50.0,3.0,10.0,1.0310287,1.0307,0.00032874755859380045,3.5937314,3.5934749,0.00025650335083016174,3.8347092,3.8346999,9.267480468810874e-06
20.0,50.0,3.0,8.0,0.8137433,0.8134,0.00034329328536986115,3.7944121,3.794175,0.00023713607788078406,3.5963883,3.5963001,8.823999633778001e-05
20.0,50.0,2.0,10.0,1.0185262,1.0181999,0.0003262964797974277,3.578429,3.5780997,0.00032928368835438704,3.8142605,3.8142002,6.028278808578591e-05
20.0,20.0,3.0,10.0,1.0730232,1.0730749,-5.1699964904727835e-05,2.181296,2.18085,0.00044611015319828695,2.0712414,2.0706997,0.0005416787841796555
20.0,40.0,17.0,10.0,0.79664934,0.7970749,-0.0004255631851196595,3.0852306,3.08485,0.0003805889129639972,4.1082344,4.1077003,0.0005341055175778209
20.0,50.0,11.0,8.0,0.7141548,0.7141999,-4.512008895873887e-05,3.8040566,3.8041751,-0.00011845556030287696,3.9392986,3.9395,-0.00020137023925759223
20.0,50.0,5.0,10.0,1.0423435,1.0425,-0.0001565027236938299,3.6165378,3.616875,-0.00033719062805159794,3.8908772,3.8925,-0.001622753143310618
20.0,40.0,5.0,10.0,1.1396,1.139375,0.00022503852844235617,3.0587635,3.0587497,1.3804028320407724e-05,3.2047617,3.2049997,-0.00023795645446789138
20.0,50.0,17.0,10.0,0.742952,0.7436999,-0.0007479108261108092,3.5507958,3.5514748,-0.0006790064666746254,4.7095985,4.7096996,-0.0001010587402348051
20.0,50.0,10.0,10.0,0.995106,0.9949999,0.00010608182678217837,3.6325364,3.6325002,3.6211285400433724e-05,4.1348114,4.135,-0.00018859863281228684
20.0,40.0,12.0,10.0,1.0166045,1.0166999,-9.535726776133124e-05,3.1169128,3.1168501,6.274179687482118e-05,3.6335566,3.6335752,-1.85956146241395e-05
20.0,50.0,15.0,10.0,0.837301,0.8374999,-0.00019888414611812788,3.5864577,3.5868752,-0.0004174706604005429,4.5169625,4.5175004,-0.000537871771240539
20.0,50.0,19.0,10.0,0.63117254,0.63229996,-0.0011274221963500919,3.5062075,3.5062752,-6.773387451186608e-05,4.9248505,4.9242997,0.0005507638671877757
20.0,50.0,5.0,7.0,0.7015906,0.70124996,0.00034063762954716914,3.9088826,3.9086246,0.00025801795043944864,3.5267658,3.5265002,0.0002656233642577277
11.0,50.0,5.0,10.0,0.43621546,0.43612182,9.364030044556326e-05,1.6359144,1.6354415,0.00047294492340088645,2.5106547,2.5104637,0.0001909878814698729
1.0,50.0,5.0,10.0,0.015983105,0.014999934,0.0009831707058105474,1.1464256,1.1443751,0.0020505048202514864,1.5313615,1.5275002,0.003861260685730006
20.0,50.0,13.0,10.0,0.91350484,0.9136999,-0.00019506105651856398,3.612924,3.6124752,0.00044889896850586197,4.3478346,4.3477,0.00013458709716829276
20.0,30.0,5.0,10.0,1.1464419,1.14625,0.00019193649291993076,2.603044,2.6031249,-8.086694946296547e-05,2.6310866,2.63125,-0.00016341209411629976
20.0,30.0,4.0,10.0,1.1499686,1.1498,0.00016862411499030117,2.5772517,2.5773997,-0.00014802725524898364,2.5850105,2.5853,-0.0002894714355470285
20.0,50.0,5.0,9.0,0.9291063,0.9287499,0.0003563951087951489,3.7140362,3.714125,-8.877372741711298e-05,3.770526,3.7705002,2.5732312011861325e-05
20.0,40.0,10.0,10.0,1.0737231,1.0737499,-2.6822225952072287e-05,3.1123247,3.1125002,-0.0001754853393554079,3.4827657,3.483125,-0.0003593254089353515
20.0,50.0,10.0,7.0,0.6156365,0.6155,0.00013652753829951347,3.9012082,3.901,0.00020816230773945676,3.7480385,3.7480001,3.84303497313887e-05
20.0,50.0,0.0,0.0,-0.029596806,-0.030000031,0.0004032254274902343,4.5894675,4.59,-0.0005324745178221235,2.6403437,2.64,0.0003436660766600319
20.0,50.0,18.0,10.0,0.68945456,0.6901999,-0.0007453444885253679,3.530862,3.5301,0.0007620929718017422,4.814935,4.8142,0.0007352073669437686
18.0,50.0,5.0,10.0,0.8884849,0.8891342,-0.0006493047706603861,3.0502987,3.0505178,-0.00021910920410173063,3.5423281,3.5446606,-0.0023324807220457267
20.0,50.0,5.0,8.0,0.81533957,0.815,0.00033956527709966267,3.8113668,3.811375,-8.20350646968393e-06,3.648611,3.6485002,0.00011086872558596639
2.0,50.0,5.0,10.0,0.046064675,0.04514534,0.0009193348542785654,1.1146103,1.1124568,0.0021535143692017478,1.6032108,1.5996193,0.003591506846618575
20.0,50.0,12.0,10.0,0.9450336,0.94519985,-0.0001662401329040053,3.6217468,3.6216004,0.00014637848815901577,4.2711024,4.2712007,-9.82715637203313e-05
7.0,50.0,5.0,10.0,0.23593411,0.23576167,0.00017243849571227376,1.2238785,1.2229483,0.000930202845764061,2.048204,2.0474722,0.0007317451599120339
4.0,50.0,5.0,10.0,0.11435181,0.11341406,0.0009377490248107939,1.0998888,1.1026368,-0.0027479984252929412,1.7633654,1.7613089,0.0020564879165649863
4.0,10.0,16.0,2.0,-0.4982664,-0.49805433,-0.00021206890670777412,-0.136343,-0.13750142,0.0011584176806640756,0.8571265,0.8575668,-0.0004403256195067984
7.0,40.0,4.0,10.0,0.35769105,0.3571933,0.0004977495758056727,0.7618327,0.76064444,0.0011882740808105696,1.4535019,1.4518316,0.0016703397735595704
9.0,50.0,5.0,10.0,0.33096874,0.3306232,0.00034553760223388075,1.3924259,1.3931837,-0.0007578052627563725,2.2680643,2.2673337,0.0007305604827880785
20.0,40.0,6.0,10.0,1.1352167,1.1350498,0.00016691295166015863,3.0742714,3.0744,-0.00012855949401835431,3.249042,3.2494252,-0.0003831658508302027
20.0,50.0,5.0,2.0,0.13187319,0.13249996,-0.0006267695970153808,4.394223,4.394875,-0.0006517868041990837,2.9158337,2.9165,-0.0006662883758545846
18.0,40.0,4.0,9.0,0.8976815,0.8976947,-1.3225314331011262e-05,2.585749,2.5857902,-4.1289096069263564e-05,2.739008,2.7389197,8.824982910171641e-05
13.0,40.0,4.0,10.0,0.66225237,0.66232073,-6.836345718386205e-05,1.4345385,1.4348383,-0.0002998163803100695,2.120579,2.1209064,-0.0003273957122802429
18.0,30.0,4.0,9.0,0.9284442,0.92847097,-2.6763285369879597e-05,2.1470714,2.1469746,9.676154174798057e-05,2.191555,2.1914394,0.00011562319335922666
20.0,30.0,6.0,10.0,1.1384308,1.1383,0.00013083381652823078,2.6261876,2.6263998,-0.00021223705749529032,2.6825035,2.6828,-0.0002965381622312968
20.0,40.0,1.0,10.0,1.1129904,1.112675,0.0003153793334960131,2.972176,2.97165,0.0005260749816895505,3.0832064,3.0833,-9.35848236083281e-05
20.0,50.0,6.0,10.0,1.0421524,1.0417999,0.00035250478515624906,3.6250143,3.6248999,0.00011440511474614112,3.9297361,3.9298005,-6.436260986308895e-05
18.0,40.0,20.0,10.0,0.4907363,0.49071324,2.3065713653569464e-05,2.4257867,2.425945,-0.0001582663726806821,4.0956383,4.0962725,-0.0006342248535160522
20.0,40.0,7.0,10.0,1.1263589,1.1263249,3.396669158939325e-05,3.087442,3.0876,-0.00015807876586926284,3.2991297,3.29945,-0.00032027549743673944
20.0,30.0,7.0,10.0,1.125963,1.1259499,1.307264099126293e-05,2.6470346,2.647225,-0.00019035491943375504,2.7397597,2.7399497,-0.00019001639099114342
19.0,50.0,6.0,10.0,0.9647604,0.964656,0.00010442270660404596,3.3309474,3.3307974,0.00014999913940449972,3.7517128,3.7518668,-0.00015400092773454332
20.0,50.0,13.0,9.0,0.7794532,0.77954996,-9.674201675413663e-05,3.697301,3.697325,-2.408905029316344e-05,4.2142715,4.2145,-0.000228454589843885
19.0,40.0,4.0,10.0,1.0632049,1.0631822,2.2684529113803364e-05,2.7571409,2.7572317,-9.082513732927566e-05,2.9989493,2.9993997,-0.0004504106781006989
19.0,30.0,7.0,1.0,0.27058133,0.2709454,-0.00036406517066955857,3.3331423,3.3356302,-0.0024879194213869305,1.7594017,1.759711,-0.0003093209609985603
19.0,20.0,6.0,9.0,0.9128742,0.91285574,1.848180175778591e-05,2.1276605,2.1274843,0.00017621292419445211,2.004895,2.004723,0.000171971847534369
19.0,30.0,6.0,10.0,1.0666327,1.0666822,-4.945234985354041e-05,2.3461308,2.3459814,0.00014944793090831965,2.5229602,2.5227613,0.00019888600463868755
19.0,20.0,5.0,9.0,0.9260793,0.9261124,-3.312677612299364e-05,2.1002674,2.1000555,0.0002119102783204596,1.9487703,1.9485533,0.00021698465271002831
19.0,30.0,1.0,10.0,1.0581518,1.0580902,6.164116363516214e-05,2.21473,2.214712,1.8024337768540732e-05,2.3266075,2.3265374,7.006574401868804e-05
19.0,50.0,5.0,9.0,0.8530841,0.85294795,0.0001361373718261616,3.4142299,3.414154,7.586984252938578e-05,3.59633,3.5964613,-0.00013137255554207528
19.0,50.0,7.0,8.0,0.7271183,0.72714543,-2.711668746946394e-05,3.5072029,3.5071726,3.0263693237220224e-05,3.5496476,3.5496404,7.169656372152389e-06
20.0,50.0,16.0,10.0,0.792582,0.79279983,-0.00021785453994749293,3.5693483,3.5704,-0.0010516647338865148,4.60984,4.6108003,-0.0009603837707521379
19.0,50.0,4.0,8.0,0.74212843,0.74194014,0.00018829179702761767,3.4982383,3.4981606,7.772511901871226e-05,3.44947,3.4494562,1.3843182372852425e-05
19.0,50.0,7.0,7.0,0.6104168,0.6105059,-8.907041397099302e-05,3.5934649,3.593533,-6.8148620605335e-05,3.4276881,3.4276297,5.842179565451744e-05
19.0,50.0,7.0,10.0,0.96030575,0.96042436,-0.00011860962997434221,3.3347492,3.3344514,0.00029782180175796924,3.7938695,3.793661,0.00020849539184553123
20.0,50.0,6.0,7.0,0.693262,0.69289994,0.00036204101043701975,3.9122262,3.9119997,0.0002265001037597969,3.5597432,3.5596,0.00014316596984853547
20.0,50.0,7.0,10.0,1.0369577,1.0366998,0.0002579407836913461,3.6304324,3.6304748,-4.2432675170900325e-05,3.972561,3.9727,-0.00013911743164074508
20.0,30.0,3.0,10.0,1.1491306,1.1489501,0.000180482809448268,2.5490184,2.5492249,-0.000206516973876969,2.5446646,2.5449498,-0.00028517864685051464
20.0,50.0,5.0,6.0,0.5878057,0.5875,0.00030568838119504615,4.005934,4.0058746,5.916159667940235e-05,3.4046333,3.4045002,0.0001330836151121062
20.0,50.0,1.0,10.0,1.0016372,1.0012999,0.0003373203826904092,3.5605202,3.560275,0.00024517211914076853,3.7993546,3.7993002,5.435322265645581e-05
20.0,50.0,6.0,8.0,0.8094919,0.80919987,0.00029200278747554265,3.8165216,3.8163,0.00022164459228513067,3.6831403,3.683,0.00014027786254899866
20.0,50.0,4.0,7.0,0.7055325,0.7051999,0.0003325912071228121,3.9030461,3.9027998,0.000246331134033273,3.4991202,3.499,0.00012023544311512424
20.0,40.0,3.0,10.0,1.1351018,1.134825,0.0002767951965332305,3.0201652,3.0200999,6.530500183110632e-05,3.132704,3.1329498,-0.0002457804534912178
20.0,50.0,6.0,9.0,0.9257859,0.9254999,0.0002859991622924385,3.7207325,3.7206,0.00013245048522936287,3.806421,3.8064,2.1041488647455253e-05
20.0,40.0,8.0,10.0,1.1132716,1.1132,7.15940475464194e-05,3.0981114,3.09835,-0.00023860893249505466,3.3546228,3.355075,-0.0004521591186521512
19.0,40.0,3.0,10.0,1.0579591,1.0578389,0.00012017974243172524,2.7385342,2.7386029,-6.868788757330435e-05,2.9670131,2.9672794,-0.0002662793487546722
19.0,50.0,20.0,10.0,0.5044275,0.5050138,-0.0005863073814391662,3.158136,3.1590028,-0.0008669090393067513,4.8469,4.846593,0.00030698626708947074
18.0,50.0,5.0,9.0,0.7797878,0.7798052,-1.742114562985897e-05,3.132454,3.1321888,0.00026511845703103276,3.4279487,3.4282393,-0.0002905866973876847
20.0,40.0,4.0,9.0,1.0430702,1.0428499,0.00022029710540771852,3.1502466,3.1502,4.6620178222767095e-05,3.0609841,3.061075,-9.086532592794683e-05
19.0,30.0,4.0,10.0,1.0764658,1.0764453,2.054510803217724e-05,2.3008952,2.3008235,7.171408081063646e-05,2.4275599,2.4274719,8.79526000976405e-05
20.0,30.0,8.0,10.0,1.1092883,1.1091999,8.843484649667666e-05,2.6653664,2.6656,-0.00023358879089352413,2.8023956,2.8026996,-0.0003040178009032779
20.0,50.0,8.0,10.0,1.0274372,1.0271999,0.0002373100830077579,3.6335838,3.6336,-1.6215896606386337e-05,4.0209994,4.0212,-0.00020056838989290782
20.0,30.0,2.0,10.0,1.143884,1.1437,0.00018394355773931892,2.5184817,2.5185997,-0.00011796858520529696,2.5099578,2.5102,-0.00024220962524434952
20.0,40.0,11.0,10.0,1.0474107,1.0474249,-1.4173452758781124e-05,3.1157727,3.1159,-0.00012727584838856387,3.5553179,3.5555496,-0.00023172127685544552
20.0,50.0,4.0,9.0,0.927927,0.9275999,0.00032711721191402976,3.7054055,3.7052,0.00020547370910639629,3.7402208,3.7402,2.07851409910198e-05
20.0,50.0,4.0,8.0,0.8167205,0.8164,0.0003204856872558448,3.8042471,3.804,0.00024714088439958815,3.6196856,3.6196,8.564987182602124e-05
20.0,50.0,7.0,7.0,0.680453,0.68015,0.00030300245285030947,3.9130793,3.9129248,0.00015446177978528652,3.5983582,3.5982997,5.8454296874899114e-05
20.0,50.0,6.0,6.0,0.57685125,0.5765999,0.0002513487411498483,4.007848,4.0077,0.00014778594970721315,3.4363403,3.4362001,0.00014023203124979844
20.0,50.0,12.0,8.0,0.6818787,0.6819999,-0.00012121404876708208,3.7943943,3.7944002,-5.945315551869612e-06,4.00749,4.0076,-0.00010984191894536366
20.0,50.0,7.0,9.0,0.9179788,0.9178499,0.0001289231849670447,3.7250156,3.7246249,0.0003907402587892683,3.8480728,3.8479,0.00017276725769033163
17.0,40.0,4.0,9.0,0.8291203,0.8291062,1.4078358459457263e-05,2.3305283,2.3305936,-6.534072265607094e-05,2.586539,2.586568,-2.8969924926958157e-05
16.0,40.0,4.0,9.0,0.763181,0.7631768,4.171145629894291e-06,2.0933702,2.0934024,-3.22007965087856e-05,2.4400716,2.4400334,3.818279418954518e-05
19.0,40.0,5.0,10.0,1.0642538,1.0641257,0.00012810706787114157,2.773366,2.7734106,-4.462557373052789e-05,3.037044,3.0371192,-7.515169067362493e-05
20.0,40.0,2.0,10.0,1.1262555,1.12595,0.00030551223754882173,2.9972224,2.9970999,0.00012252355346697996,3.1051302,3.1053252,-0.0001950043823240044
16.0,40.0,7.0,9.0,0.7530985,0.75297284,0.00012564785400392964,2.112412,2.1126497,-0.00023772413940426063,2.5555382,2.5558453,-0.00030712250976572264
20.0,50.0,7.0,8.0,0.799217,0.7989999,0.0002170857025146633,3.8190928,3.818775,0.0003177505493163757,3.7233584,3.7231,0.00025839271545402553
18.0,20.0,5.0,8.0,0.7962182,0.7961803,3.791641922001876e-05,1.9525437,1.9525373,6.43550415047045e-06,1.737411,1.7372527,0.00015832218627931383
20.0,50.0,10.0,9.0,0.86858165,0.86849993,8.172264129635565e-05,3.722186,3.7220001,0.00018598856201190728,4.0059724,4.006,-2.761459350608675e-05
20.0,50.0,3.0,7.0,0.7051097,0.70474994,0.0003597754617309379,3.894827,3.8945248,0.00030208903808581766,3.4772372,3.4771001,0.00013712457885750595
20.0,50.0,3.0,9.0,0.9223924,0.9220499,0.00034252792129518816,3.6940603,3.693825,0.00023532562255867973,3.7155528,3.7155,5.2806854248022006e-05
20.0,50.0,8.0,7.0,0.66325265,0.6629999,0.0002527516914367922,3.9116144,3.9114,0.00021441802978516833,3.6426802,3.6426,8.016815185563075e-05
20.0,50.0,8.0,9.0,0.9059837,0.9057999,0.00018378644714356351,3.7264252,3.7261999,0.00022527089843737969,3.895021,3.8950002,2.0761761474474838e-05
20.0,50.0,8.0,8.0,0.78460735,0.78439987,0.00020748082626342867,3.8189888,3.8188,0.0001888000488281527,3.7688763,3.7688003,7.601416320790477e-05
20.0,40.0,5.0,9.0,1.0405235,1.0403749,0.00014862905273438365,3.16681,3.1667497,6.033570556640555e-05,3.0982542,3.0984998,-0.00024559620361319645
20.0,50.0,4.0,6.0,0.5943026,0.59400004,0.00030255466171269507,4.001868,4.0016,0.00026777114868181684,3.3785255,3.3784,0.00012549552917473505
19.0,30.0,2.0,10.0,1.0686543,1.0686085,4.579878234856061e-05,2.2459023,2.2458656,3.6699880981316824e-05,2.354673,2.354582,9.090878295880955e-05
20.0,50.0,16.0,9.0,0.65056944,0.6509998,-0.00043036106567384547,3.6502638,3.6506002,-0.0003364136840819931,4.4731064,4.4734,-0.00029361572265607094
19.0,50.0,2.0,8.0,0.7300295,0.72980326,0.0002262633726501928,3.4800694,3.4799027,0.00016669888000508948,3.4106941,3.4106667,2.7422314452962837e-05
20.0,50.0,7.0,6.0,0.56151813,0.5612999,0.00021823268661502748,4.00728,4.007075,0.00020487289428672284,3.4736505,3.4735,0.00015045547485348365
19.0,40.0,1.0,10.0,1.0341012,1.033952,0.00014924778747560374,2.6938648,2.693995,-0.00013017761230482705,2.9196713,2.91984,-0.0001687029266359552
17.0,30.0,4.0,10.0,0.93769026,0.9377141,-2.3841973876947975e-05,1.8017538,1.8016883,6.545938415536412e-05,2.1293497,2.1292667,8.300855712883859e-05
19.0,50.0,18.0,10.0,0.6232552,0.623477,-0.00022180676650995768,3.2131627,3.2129452,0.00021746059875482615,4.623105,4.623003,0.00010204913330102983
19.0,40.0,8.0,10.0,1.0405562,1.040556,1.9239807125259745e-07,2.807267,2.8072476,1.9350607299628564e-05,3.1837773,3.1838784,-0.00010106769409201632
17.0,30.0,5.0,10.0,0.93674076,0.93676937,-2.861396514897141e-05,1.8217051,1.82165,5.510292053223509e-05,2.1719756,2.1719007,7.491264038073098e-05
19.0,20.0,8.0,10.0,0.94793165,0.9480822,-0.00015055269927977122,2.0584888,2.0579317,0.0005571458251951711,2.2112393,2.210773,0.00046633792114247896
20.0,50.0,13.0,8.0,0.6452364,0.6453999,-0.00016352705230715525,3.7822614,3.7821753,8.607161254881035e-05,4.081249,4.0813003,-5.106293945278395e-05
20.0,50.0,10.0,8.0,0.7421335,0.74199986,0.00013363819183354053,3.8115518,3.8115003,5.150931091302269e-05,3.876924,3.877,-7.596206665017036e-05
20.0,50.0,3.0,6.0,0.5964125,0.59610003,0.0003124498774719209,3.9950905,3.9948747,0.0002157846191406243,3.358035,3.3579,0.00013508758544933386
19.0,50.0,3.0,6.0,0.52513665,0.52519286,-5.621039138792305e-05,3.6753159,3.6753776,-6.174306640627236e-05,3.1944425,3.1944401,2.410604858393839e-06
10.0,40.0,1.0,1.0,-0.15528685,-0.15514,-0.00014684854507446277,1.3348577,1.3320955,0.0027622022552489245,1.0530019,1.0534272,-0.0004253193542480549
15.0,40.0,4.0,10.0,0.7852515,0.78530407,-5.2571777648946494e-05,1.8035021,1.803614,-0.00011191717529301926,2.3903465,2.3904686,-0.00012207290039079055
20.0,50.0,15.0,8.0,0.5587327,0.5589999,-0.00026721157302855847,3.750079,3.7503753,-0.00029638345031735014,4.2452726,4.2455006,-0.00022796358642551695
13.0,30.0,3.0,9.0,0.6216255,0.6215575,6.798303604127476e-05,1.0720798,1.0720792,5.777175904331244e-07,1.5014052,1.5013759,2.9339105224623907e-05
20.0,50.0,2.0,9.0,0.91245854,0.91209984,0.00035869900909424324,3.6802573,3.6799998,0.0002575204040526913,3.6964643,3.6964002,6.410015563984572e-05
19.0,10.0,7.0,10.0,0.7904654,0.789977,0.0004884145240783289,1.8041503,1.8053198,-0.0011694570587157394,1.8178942,1.8189508,-0.0010565796478272382
20.0,40.0,9.0,10.0,1.095653,1.095675,-2.194290161128265e-05,3.1065228,3.1066499,-0.00012710146179184534,3.415893,3.4162998,-0.00040672214965820075
20.0,50.0,1.0,9.0,0.8980895,0.89774984,0.0003396880838012484,3.6640186,3.6637251,0.0002935309814451337,3.6829886,3.6829,8.864364624017185e-05
20.0,50.0,12.0,7.0,0.55027044,0.5504,-0.000129561805725098,3.880921,3.8808,0.00012088699340839781,3.8757746,3.8758001,-2.547803649921576e-05
20.0,50.0,9.0,10.0,1.0135388,1.0133,0.0002388374328612386,3.6346931,3.6342745,0.00041864575195305065,4.075218,4.0752997,-8.149931640666352e-05
20.0,50.0,8.0,6.0,0.54178095,0.5415999,0.00018104863891599265,4.0042424,4.004,0.00024242019653364366,3.516552,3.5164,0.00015197143554690484
19.0,40.0,9.0,10.0,1.023954,1.0238993,5.4733851623467444e-05,2.8134878,2.8136265,-0.00013873182678203477,3.243812,3.243998,-0.00018591580200189028
19.0,30.0,9.0,10.0,1.0189564,1.0190375,-8.107719421390769e-05,2.395476,2.3953433,0.0001328028289795391,2.7079117,2.7076952,0.0002165298126222126
15.0,40.0,14.0,9.0,0.5205578,0.52057767,-1.9849203033439622e-05,1.8337176,1.833414,0.0003035846099852524,2.8703685,2.8703027,6.578068237317325e-05
14.0,40.0,4.0,10.0,0.72247356,0.7224828,-9.238236236552844e-06,1.6096703,1.6102234,-0.0005531185897826862,2.2524538,2.252779,-0.00032519598388658366
19.0,50.0,9.0,10.0,0.9388715,0.9387612,0.00011030287628177593,3.3346837,3.3344092,0.00027445669250480975,3.8938332,3.8940506,-0.0002174395996092926
20.0,50.0,9.0,9.0,0.88954484,0.88934994,0.00019490462738036562,3.7258003,3.7253249,0.00047537580261236556,3.9478064,3.9477,0.00010635833740213485
20.0,50.0,9.0,8.0,0.7656226,0.7653999,0.00022271581420896247,3.8166847,3.8163745,0.0003102229003908441,3.8201876,3.8201,8.756866455073009e-05
20.0,50.0,9.0,7.0,0.641666,0.6414499,0.00021609512100217998,3.9077768,3.907425,0.00035183258056648015,3.6926403,3.6925,0.00014030456542979408
20.0,50.0,17.0,9.0,0.5987607,0.59934986,-0.0005891359323120238,3.6290593,3.6301248,-0.0010654852722167263,4.570141,4.5709,-0.000759161376953088
20.0,50.0,14.0,8.0,0.60409206,0.6043999,-0.0003078384803771872,3.7676964,3.7675002,0.00019618061523418717,4.160563,4.1606,-3.7007904052366314e-05
20.0,50.0,11.0,7.0,0.5850737,0.58514994,-7.623051208494047e-05,3.8922596,3.892125,0.00013459777832025566,3.8090298,3.8091002,-7.038241882328933e-05
20.0,50.0,9.0,6.0,0.5176463,0.5174999,0.0001464127136230342,3.9988608,3.9984748,0.00038603602905284973,3.565105,3.5649,0.0002049613952634921
10.0,30.0,9.0,6.0,0.22812745,0.228214,-8.655024909973164e-05,0.7691734,0.768581,0.000592383712768596,1.2247274,1.2244562,0.0002711921966551678
20.0,40.0,6.0,9.0,1.0335641,1.0334998,6.429072875979713e-05,3.1807675,3.18085,-8.246383666987711e-05,3.14132,3.1415246,-0.0002046098419188347
20.0,40.0,3.0,9.0,1.0411865,1.0409249,0.00026155191192622773,3.1313171,3.1312,0.00011713867187479465,3.0291624,3.02925,-8.759307861350152e-05
19.0,50.0,11.0,10.0,0.89951015,0.89949805,1.2095187377880734e-05,3.3243499,3.3245673,-0.00021741978149414365,4.016577,4.0168405,-0.00026373303222637645
19.0,40.0,10.0,10.0,1.0028726,1.0028428,2.9786250305141593e-05,2.817412,2.8175554,-0.00014350043334943052,3.3095622,3.309718,-0.00015579373168961297
17.0,20.0,6.0,10.0,0.85294193,0.85296404,-2.210970596316919e-05,1.5140486,1.514188,-0.00013942364501962068,1.7940032,1.7941022,-9.895178527830062e-05
16.0,30.0,3.0,10.0,0.8679989,0.8680136,-1.4701970672659215e-05,1.55871,1.5586379,7.207905731210218e-05,1.9531248,1.9529611,0.00016366158142089304
16.0,10.0,20.0,4.0,-0.503537,-0.50472575,0.001188750774383518,1.766127,1.7685708,-0.0024438096817016586,2.3828702,2.3853793,-0.002509102703857291
20.0,50.0,4.0,1.0,0.037335753,0.037999976,-0.0006642225591430642,4.494763,4.4955997,-0.0008368025085445652,2.774799,2.7754,-0.0006008914947508437
19.0,50.0,4.0,2.0,0.087972224,0.08800328,-3.1056241302493404e-05,4.043667,4.0442243,-0.0005574604003903971,2.742557,2.742593,-3.595120239241467e-05
18.0,50.0,5.0,1.0,-0.094402194,-0.09482625,0.0004240559768676766,3.783939,3.785557,-0.0016181152648924169,2.4976783,2.4968712,0.000807079876708805
20.0,50.0,5.0,1.0,0.017987728,0.018749978,-0.0007622498811035161,4.4927287,4.492125,0.0006037101745608453,2.7939787,2.7945,-0.0005213088989259873
3.0,40.0,18.0,2.0,-0.74221236,-0.74227357,6.121486312871127e-05,-0.11252713,-0.11203622,-0.000490912034301752,1.2941388,1.2939909,0.000147889176940863
19.0,50.0,16.0,10.0,0.72390825,0.7243401,-0.0004318544364929622,3.2571025,3.257087,1.548947143570345e-05,4.4217877,4.421814,-2.6261199951527203e-05
4.0,10.0,20.0,2.0,-0.8045221,-0.8048754,0.0003533028892517276,-0.276824,-0.27844876,0.0016247625024414236,1.2843989,1.2852299,-0.0008309866165161495
19.0,50.0,16.0,1.0,-0.53084236,-0.5319652,0.0011228361656189234,3.9093862,3.9087822,0.0006039579895018576,3.2116473,3.210319,0.0013282721099852068
4.0,10.0,11.0,2.0,-0.21427089,-0.21352799,-0.0007428997590637199,-0.016582489,-0.016442172,-0.00014031701367187357,0.44853258,0.44898784,-0.0004552586706543238
19.0,40.0,16.0,9.0,0.6591672,0.65926373,-9.655947540287979e-05,2.8728995,2.87284,5.953231811517412e-05,3.7026198,3.7025259,9.389103088386364e-05
20.0,50.0,2.0,8.0,0.80636185,0.8059999,0.0003619540763855067,3.7821426,3.7819,0.0002426391601564326,3.5786917,3.5786002,9.152096252451614e-05
20.0,50.0,12.0,9.0,0.8135278,0.8135999,-7.207750549320657e-05,3.7078137,3.7080002,-0.0001864602233885293,4.139074,4.1394,-0.00032615127563495605
20.0,50.0,1.0,8.0,0.79454494,0.79419994,0.00034499522644038105,3.7674153,3.767175,0.0002402851104736925,3.566575,3.5665,7.50503540039027e-05
17.0,30.0,7.0,8.0,0.7562278,0.7562431,-1.5308690643256462e-05,2.0388427,2.0387871,5.55780700683961e-05,2.1031492,2.103106,4.31756439209785e-05
20.0,50.0,2.0,7.0,0.70030093,0.6998999,0.00040103193054197295,3.8841,3.8837996,0.00030036032714830796,3.4609087,3.4608002,0.0001084513519287178
20.0,50.0,1.0,7.0,0.69103867,0.6906499,0.00038876815567012724,3.870896,3.870625,0.00027110099792482245,3.450189,3.4501,8.91136169434148e-05
18.0,30.0,3.0,10.0,1.0031433,1.0031632,-1.988945312492163e-05,2.0181134,2.0179203,0.00019307471008289667,2.2375176,2.2373211,0.00019649529113774378
20.0,30.0,4.0,9.0,1.0681939,1.0680999,9.401250610352463e-05,2.6976976,2.6976998,-2.160534668060876e-06,2.4956555,2.4957001,-4.456334838875975e-05
20.0,50.0,13.0,7.0,0.5110659,0.51125,-0.00018409967422483575,3.8670397,3.8670251,1.4580480956816189e-05,3.9479854,3.9481,-0.00011458930969254766
18.0,50.0,3.0,7.0,0.56113946,0.5611737,-3.423562164306393e-05,3.2889328,3.2891147,-0.0001818997070310857,3.1503742,3.1504185,-4.43258819577963e-05
19.0,50.0,12.0,10.0,0.87324387,0.87326646,-2.2591649017300597e-05,3.3158426,3.3159716,-0.0001289715209962239,4.0863733,4.0866356,-0.0002622708374024896
19.0,50.0,12.0,4.0,0.09721166,0.096929625,0.00028203395462035596,3.7880728,3.7876348,0.00043802447814922374,3.3129158,3.3125718,0.0003440020019529477
19.0,50.0,13.0,10.0,0.8425467,0.8426349,-8.819856872555043e-05,3.3051596,3.3049252,0.0002343687866210864,4.1620574,4.1620297,2.7699749756138203e-05
18.0,40.0,12.0,10.0,0.8809745,0.8810185,-4.402843093875841e-05,2.5373101,2.5372822,2.7923443603583564e-05,3.2882714,3.2881567,0.00011472715454097226
18.0,20.0,2.0,10.0,0.9293914,0.92945266,-6.127587524418221e-05,1.62914,1.6288215,0.00031851941680915985,1.7416342,1.7413013,0.0003329496871948834
20.0,50.0,15.0,9.0,0.6979286,0.69824994,-0.00032133253616328794,3.668475,3.668625,-0.00015008735656740768,4.381416,4.3815002,-8.435603637657607e-05
20.0,50.0,14.0,7.0,0.4674204,0.4677,-0.0002796008110046433,3.850771,3.8508003,-2.9349682617141326e-05,4.0258803,4.026,-0.00011966323852519167
20.0,50.0,2.0,6.0,0.59415674,0.5938,0.00035674209594727113,3.9859216,3.9856997,0.00022192132263176845,3.3431358,3.3430002,0.00013563374023428665
10.0,20.0,2.0,6.0,0.3089667,0.3088561,0.00011059626235959685,0.5188248,0.51895064,-0.00012582424987794827,0.65000725,0.6502732,-0.00026595207519530817
19.0,50.0,14.0,10.0,0.80726355,0.8076033,-0.0003397468574524165,3.291733,3.2914293,0.00030372650451671035,4.242978,4.243025,-4.6903991699487335e-05
20.0,40.0,4.0,8.0,0.946574,0.9464,0.00017397270202634818,3.2598605,3.2597497,0.0001108155944824496,2.9559412,2.955975,-3.3799743652362935e-05
20.0,40.0,3.0,8.0,0.94723856,0.947025,0.00021356449127196697,3.2424486,3.2422998,0.0001487683441161458,2.9254956,2.92555,-5.437545776354469e-05
20.0,40.0,7.0,8.0,0.91805613,0.9181248,-6.86695907592405e-05,3.297581,3.2974,0.00018095741271961785,3.0809982,3.0808494,0.0001487822967529695
3.0,50.0,18.0,2.0,-0.95661646,-0.9569973,0.00038083872299199406,0.14793515,0.14464793,0.003287222053833,1.6151031,1.6127608,0.0023423255722045955
20.0,40.0,5.0,8.0,0.9414722,0.94137496,9.721273712159917e-05,3.2748637,3.2747495,0.00011421994018556703,2.991861,2.9919999,-0.00013879503479019561
20.0,50.0,10.0,6.0,0.489026,0.48899993,2.6080036468478784e-05,3.9906902,3.9905005,0.00018973132324218156,3.6190982,3.6190002,9.798649292003248e-05
20.0,50.0,11.0,9.0,0.84309906,0.8432499,-0.0001508423255920377,3.7162828,3.7162251,5.774454345708335e-05,4.069771,4.0699,-0.0001291870117183791
19.0,30.0,11.0,10.0,0.9651209,0.96527433,-0.0001534184017943918,2.4155989,2.416001,-0.0004021306762695964,2.8586457,2.858985,-0.00033932243347178925
20.0,50.0,18.0,9.0,0.54281664,0.5432999,-0.00048326105346674364,3.607369,3.6072001,0.00016884607543943275,4.6740565,4.674,5.652999877892029e-05
20.0,50.0,16.0,8.0,0.50879073,0.50919986,-0.0004091285699462377,3.7302375,3.7308002,-0.0005627160217285265,4.335555,4.3360004,-0.00044532340087855005
19.0,50.0,15.0,10.0,0.7678104,0.7681717,-0.0003612956993103156,3.2755985,3.2754834,0.00011512600097640657,4.3297434,4.3296194,0.00012398531494106635
20.0,40.0,13.0,10.0,0.9814704,0.98157495,-0.00010454394454950666,3.115609,3.11535,0.00025893058776871314,3.7173438,3.7172,0.0001438072204589247
20.0,20.0,8.0,4.0,0.55211145,0.5522999,-0.00018845314254756218,3.0841959,3.08445,-0.0002541477203368281,1.8858535,1.885875,-2.1471023559538338e-05
19.0,50.0,15.0,3.0,-0.19039452,-0.19110456,0.0007100392404174871,3.7942374,3.793207,0.0010303752593991966,3.3978486,3.3971455,0.0007031061096189894
19.0,50.0,15.0,8.0,0.4938969,0.49409276,-0.00019585839248659198,3.4231048,3.4234045,-0.0002997369689943241,4.0629625,4.0631986,-0.00023606795654274038
20.0,40.0,2.0,9.0,1.034898,1.0345999,0.0002981426788331021,3.1098812,3.10975,0.00013116264343260298,3.0029562,3.003025,-6.884803771978198e-05
20.0,20.0,4.0,9.0,1.0033823,1.0033499,3.2425172424410675e-05,2.3479142,2.3477,0.00021421890258777054,2.0442483,2.044075,0.00017334251403822165
18.0,20.0,2.0,9.0,0.87195796,0.87202364,-6.568225540160011e-05,1.7476283,1.7473927,0.0002356311843871861,1.6758485,1.6755803,0.00026818403930661816
20.0,40.0,7.0,9.0,1.02212,1.0222249,-0.00010490106811533728,3.1926727,3.1925,0.00017272949218760658,3.1902359,3.1901498,8.605319519050525e-05
18.0,50.0,6.0,6.0,0.44263893,0.44265532,-1.638634140016526e-05,3.3750558,3.3751843,-0.00012851005249014946,3.108406,3.108466,-5.993310546870134e-05
20.0,30.0,10.0,10.0,1.0625036,1.0624999,3.6762786865818242e-06,2.6949792,2.695,-2.0809173583824503e-05,2.9448833,2.9450002,-0.0001168534423827694
20.0,20.0,10.0,6.0,0.6323237,0.63224995,7.3732308197072e-05,2.866819,2.867,-0.00018109512329100852,2.190477,2.1906252,-0.00014830562133782976
19.0,50.0,17.0,10.0,0.6759897,0.67610854,-0.00011885255722043908,3.235504,3.236241,-0.0007370880279542469,4.519469,4.5196085,-0.00013971566772497113
19.0,30.0,7.0,10.0,1.055114,1.0552006,-8.656916198734876e-05,2.365773,2.3648853,0.0008876625701903507,2.5793533,2.578806,0.0005473325195310963
19.0,30.0,17.0,3.0,-0.08993709,-0.09009144,0.00015434912628173314,3.063201,3.065699,-0.002498049377441358,2.7117033,2.7121797,-0.0004763995239258634
20.0,40.0,1.0,9.0,1.0242002,1.023875,0.00032520103454580784,3.0862327,3.08585,0.00038266220092753045,2.9823716,2.9823997,-2.8131320190638576e-05
20.0,50.0,1.0,6.0,0.58748275,0.58709997,0.0003827804158019754,3.9741664,3.974075,9.139328002927272e-05,3.333917,3.3337,0.0002169025421143722
20.0,40.0,1.0,6.0,0.7572686,0.75747496,-0.00020635238357546992,3.4295182,3.4284499,0.0010683228088379515,2.6794834,2.6797,-0.00021658630371090837
20.0,50.0,17.0,8.0,0.4543444,0.45499995,-0.0006555581771850449,3.707719,3.7087753,-0.0010562123992921002,4.4315805,4.4321003,-0.0005197564819336975
20.0,50.0,12.0,6.0,0.41863942,0.41879994,-0.00016051853698728635,3.96719,3.9672005,-1.0472763061653012e-05,3.7439241,3.744,-7.585906982443547e-05
20.0,20.0,5.0,10.0,1.0630659,1.0631249,-5.901350250248072e-05,2.2504733,2.25,0.00047326087951660156,2.1717365,2.1712499,0.0004865788055421483
17.0,50.0,6.0,10.0,0.8183687,0.81834567,2.3003324584935925e-05,2.7966232,2.7966092,1.4029980468954761e-05,3.4134521,3.4134512,9.484375000923251e-07
19.0,50.0,5.0,10.0,0.96415627,0.9644875,-0.0003312299728394086,3.3244655,3.3246937,-0.00022818677062996784,3.7138312,3.715672,-0.0018408137054444218
19.0,40.0,6.0,10.0,1.0606822,1.0606691,1.3077543640216405e-05,2.787072,2.7871397,-6.775671691894303e-05,3.0802934,3.0804389,-0.0001454830230711579
20.0,20.0,6.0,10.0,1.0514133,1.0515499,-0.00013660234680168415,2.2810144,2.2809002,0.00011424244384761195,2.2302954,2.2299252,0.00037021969299333435
20.0,30.0,9.0,10.0,1.0881022,1.0880499,5.2321488952733475e-05,2.6815317,2.6815248,6.86770935054426e-06,2.8709426,2.87105,-0.00010740737915027054
20.0,40.0,8.0,9.0,1.0065403,1.00655,-9.701538085993278e-06,3.2017395,3.2017,3.954963684060786e-05,3.2442238,3.244375,-0.00015116691589334152
20.0,50.0,3.0,5.0,0.48765084,0.48744994,0.00020090147453305507,4.0953393,4.095225,0.00011429824829090052,3.238853,3.2387,0.00015297775268541258
20.0,50.0,18.0,8.0,0.3958797,0.3963999,-0.0005202141212463651,3.6844783,3.6843004,0.000177882928466655,4.5336485,4.5338,-0.00015150909423855552
17.0,30.0,18.0,8.0,0.30276528,0.302551,0.00021428000831602567,2.0076675,2.008667,-0.0009994584960937303,3.0330546,3.0340824,-0.0010278097747802306
20.0,50.0,4.0,5.0,0.48294866,0.48279995,0.0001487108505249246,4.1006355,4.1004,0.00023552856445352433,3.2579098,3.2578,0.00010977478027340837
20.0,50.0,14.0,1.0,-0.3515792,-0.35250002,0.0009208306994629156,4.351621,4.3506007,0.001020450970458775,3.219359,3.2184,0.0009589210510254631
19.0,50.0,14.0,2.0,-0.26734763,-0.26831245,0.0009648161613464157,3.8956356,3.8955138,0.00012180485839863309,3.1893926,3.1885405,0.0008520666809079813
19.0,50.0,3.0,2.0,0.09932482,0.0994349,-0.00011007757415772146,4.044943,4.0456204,-0.0006775441650388458,2.728681,2.7287982,-0.00011711250610346724
20.0,40.0,4.0,5.0,0.65694016,0.65704995,-0.00010978781814574567,3.5883799,3.5883996,-1.974007568339431e-05,2.6406732,2.6406753,-2.1394470213209615e-06
20.0,50.0,5.0,5.0,0.47390318,0.47374994,0.00015323916870119136,4.103184,4.103125,5.9223175048472854e-05,3.2825983,3.2825,9.825706481914054e-05
20.0,50.0,6.0,5.0,0.46020478,0.46029988,-9.509989822387155e-05,4.103253,4.1034007,-0.0001478122741698229,3.3128016,3.3128002,1.399502563614874e-06
20.0,50.0,14.0,2.0,-0.21584105,-0.21580003,-4.1024916381832144e-05,4.2664747,4.2673,-0.0008252761840816802,3.352809,3.3530002,-0.00019124766845690644
20.0,50.0,7.0,5.0,0.44254556,0.4424499,9.566298255919703e-05,4.1012273,4.1012244,2.8834777827668745e-06,3.3488722,3.3486998,0.00017238475341807558
19.0,50.0,6.0,5.0,0.39387175,0.39420858,-0.0003368255921172847,3.7700458,3.77035,-0.00030424270629891836,3.148542,3.148814,-0.0002720726623532954
19.0,40.0,7.0,10.0,1.052718,1.0528126,-9.455667266844436e-05,2.7986138,2.7984185,0.00019528669738777538,3.1294997,3.1293583,0.00014137384338397396
20.0,50.0,2.0,5.0,0.48790187,0.48769996,0.00020190643600465075,4.087689,4.0875998,8.912288208051677e-05,3.2253225,3.2252002,0.00012228497009258987
19.0,40.0,2.0,5.0,0.60234004,0.602398,-5.7957408905018326e-05,3.241694,3.2418265,-0.0001325264587404007,2.4431627,2.4432073,-4.4620327758870815e-05
20.0,50.0,1.0,5.0,0.48375994,0.48354992,0.0002100196705627222,4.0775547,4.077525,2.970275878944051e-05,3.217408,3.2173,0.00010794181823747806
19.0,40.0,1.0,5.0,0.60093975,0.6010046,-6.484932861328119e-05,3.2256641,3.2260475,-0.0003833612060546443,2.4292593,2.4292877,-2.8399768066567077e-05
20.0,50.0,19.0,9.0,0.4818755,0.48284993,-0.0009744209763336009,3.5809584,3.581825,-0.0008666336059568458,4.7826543,4.7827,-4.571456909197025e-05
16.0,10.0,7.0,4.0,0.3027699,0.30421636,-0.0014464606317138862,1.7454761,1.7433404,0.002135726670837501,1.116428,1.1142532,0.002174817616271918
20.0,50.0,15.0,7.0,0.41946042,0.41974995,-0.000289534159851057,3.8319745,3.8321252,-0.0001506936218262922,4.10937,4.1095,-0.00012976837158173993
20.0,40.0,15.0,7.0,0.52437866,0.52462494,-0.0002462826589966216,3.3824513,3.3825,-4.8704147338707315e-05,3.539754,3.5397499,4.013879394637598e-06
19.0,50.0,4.0,3.0,0.19685012,0.19699278,-0.00014265897872925426,3.9532664,3.9532132,5.3182217407243826e-05,2.8601573,2.8604035,-0.00024624864196765017
18.0,50.0,7.0,10.0,0.8868297,0.88680786,2.18142439269986e-05,3.0564613,3.0564334,2.7934228515658077e-05,3.6203985,3.6204395,-4.097857665996685e-05
18.0,30.0,5.0,9.0,0.92408025,0.9241079,-2.7647352600079778e-05,2.1673837,2.1673071,7.657080688483475e-05,2.2338738,2.233779,9.484414672833452e-05
18.0,40.0,7.0,8.0,0.78256476,0.78260136,-3.660074554445725e-05,2.7058864,2.7058847,1.663983154376325e-06,2.7576535,2.757642,1.1474807739109139e-05
18.0,40.0,5.0,8.0,0.80234146,0.80237764,-3.6178818359378084e-05,2.6908665,2.6909187,-5.2229663086045264e-05,2.673211,2.6732132,-2.102282715021886e-06
3.0,20.0,5.0,1.0,-0.04821247,-0.047793288,-0.000419180624114987,0.053937674,0.054326873,-0.0003891994312744118,0.15830946,0.15991066,-0.0016012003137207131
20.0,30.0,3.0,9.0,1.069854,1.0698,5.402107238761111e-05,2.67106,2.671075,-1.4914703369228732e-05,2.4566166,2.45675,-0.00013335990905760653
19.0,50.0,4.0,10.0,0.9601408,0.9599191,0.0002217243179321038,3.3162642,3.3161397,0.0001244525268555563,3.6849194,3.6850772,-0.00015784270019514324
20.0,30.0,3.0,7.0,0.91145325,0.9114999,-4.665292968752954e-05,2.9149456,2.9147751,0.00017050241699223534,2.2805133,2.28035,0.0001632865905762948
19.0,30.0,3.0,10.0,1.0747671,1.0747269,4.021273193366426e-05,2.2745647,2.2745697,-4.956958007618084e-06,2.3882918,2.3882267,6.51357849119627e-05
20.0,50.0,8.0,5.0,0.4202994,0.42019987,9.954082000734887e-05,4.0967407,4.0965996,0.00014112265624977027,3.3903768,3.3902001,0.00017670625915533478
19.0,50.0,8.0,10.0,0.9518306,0.9517928,3.782553405762279e-05,3.3357797,3.3356557,0.0001239669006349864,3.8409047,3.841056,-0.00015128732299807268
20.0,30.0,5.0,9.0,1.0620887,1.0619999,8.882795104980801e-05,2.7218544,2.721875,-2.0551681518377052e-05,2.5401952,2.54025,-5.4773330688373534e-05
20.0,40.0,9.0,9.0,0.98639864,0.98647493,-7.629270523068499e-05,3.2085116,3.20845,6.15909576415774e-05,3.3040555,3.3042,-0.00014454765319804608
19.0,50.0,7.0,9.0,0.8437591,0.8437848,-2.568048934936673e-05,3.421011,3.4208121,0.00019887106933591525,3.6716976,3.671651,4.661657714821743e-05
20.0,50.0,4.0,4.0,0.37157375,0.37159994,-2.6193795623796756e-05,4.1987667,4.1991997,-0.00043299162597687513,3.137038,3.1371999,-0.0001619075225831601
20.0,30.0,2.0,9.0,1.0672213,1.0670999,0.00012138391265859028,2.6419878,2.642,-1.2199401855372827e-05,2.423336,2.4234,-6.397094726562358e-05
20.0,50.0,9.0,5.0,0.39365122,0.3935499,0.00010131722221373707,4.089677,4.0895247,0.00015215699462878263,3.4374363,3.4373,0.00013634223937986079
19.0,30.0,9.0,5.0,0.55798846,0.5578401,0.00014836483230595832,2.9192097,2.9191463,6.341870422366114e-05,2.2386754,2.2386427,3.2655911254675374e-05
20.0,50.0,14.0,4.0,0.057800233,0.05759996,0.00020027336410522595,4.1010766,4.1007004,0.0003762029357909924,3.6224864,3.6221998,0.00028655292053203496
20.0,40.0,6.0,8.0,0.9319782,0.9319498,2.8425708007762118e-05,3.2873201,3.2872999,2.0237023925950837e-05,3.0335252,3.0336246,-9.937149963379355e-05
20.0,20.0,7.0,10.0,1.035471,1.0355749,-0.0001039374755860134,2.3097935,2.3093503,0.0004431722900388735,2.2947192,2.2942,0.0005192192077636548
19.0,40.0,2.0,10.0,1.0482143,1.0480953,0.00011901636810307537,2.7174335,2.7175238,-9.0347393798762e-05,2.940495,2.9407601,-0.00026508580932604886
19.0,50.0,6.0,9.0,0.8506908,0.8505664,0.00012438207015996738,3.418768,3.418708,5.992907714835738e-05,3.6311183,3.6312559,-0.0001376024230959061
19.0,50.0,3.0,10.0,0.9512081,0.9509507,0.0002574146240233999,3.3053503,3.3051357,0.00021460364990222303,3.659917,3.660082,-0.00016488383483892477
20.0,50.0,5.0,4.0,0.35990682,0.35999995,-9.312755699159014e-05,4.19994,4.200375,-0.0004347953796388637,3.1602468,3.1605,-0.00025315093994127125
20.0,20.0,8.0,10.0,1.0151309,1.0151999,-6.902250518803221e-05,2.3358345,2.3353503,0.00048420317382813494,2.3646073,2.3640747,0.0005326341369626952
18.0,40.0,6.0,10.0,0.98904306,0.9889474,9.565696487423558e-05,2.5179236,2.5178845,3.9093521118083174e-05,2.9172766,2.91727,6.620864868356335e-06
18.0,10.0,6.0,7.0,0.58692175,0.5866395,0.000282251499176045,1.8922105,1.8918004,0.000410083551025453,1.4455032,1.4448658,0.0006374348632811611
18.0,50.0,12.0,6.0,0.2954346,0.29527634,0.00015825415435788415,3.3117554,3.311632,0.00012341877746591123,3.403061,3.4030027,5.8213085937453e-05
18.0,10.0,6.0,5.0,0.4803071,0.4808817,-0.0005745977966308824,2.137084,2.1380424,-0.0009583927368161937,1.3328481,1.3332238,-0.0003757279479981168
20.0,30.0,6.0,9.0,1.0514901,1.0514998,-9.731564331039166e-06,2.743531,2.7436,-6.901130676251199e-05,2.590354,2.5904,-4.603424072247009e-05
19.0,50.0,4.0,9.0,0.85111946,0.8509295,0.00018995867538451616,3.4073198,3.4071503,0.0001694841644286349,3.5672362,3.5672665,-3.0314926147578802e-05
19.0,50.0,10.0,10.0,0.92135644,0.9213296,2.6839590454130757e-05,3.3306348,3.3307133,-7.846761779806144e-05,3.9524028,3.9526458,-0.00024296987609861986
19.0,40.0,17.0,10.0,0.7322333,0.7322467,-1.3414096069364057e-05,2.7762413,2.776458,-0.0002166975097654955,3.9263508,3.9265559,-0.000205068014526244
19.0,30.0,5.0,10.0,1.073809,1.0737638,4.5227671813918846e-05,2.3248081,2.3246274,0.00018072072753927415,2.4725616,2.4723163,0.00024529782409654644
20.0,40.0,10.0,9.0,0.96192086,0.96199995,-7.909257049565355e-05,3.2127461,3.2127502,-4.056658935436275e-06,3.369493,3.3696249,-0.00013189234008770256
20.0,30.0,1.0,9.0,1.0601137,1.06,0.00011366844177240765,2.6104696,2.610475,-5.4203033448274596e-06,2.3956017,2.39565,-4.825057983381953e-05
20.0,30.0,3.0,8.0,0.99067354,0.99065,2.354202270504757e-05,2.7928956,2.792925,-2.9444503784059606e-05,2.368547,2.3685498,-2.8372619627070605e-06
19.0,50.0,8.0,9.0,0.83268565,0.8326033,8.234939498896754e-05,3.4204514,3.420466,-1.4597335815214052e-05,3.7174816,3.7176454,-0.00016378684082019035
20.0,30.0,12.0,10.0,0.9981134,0.99819994,-8.654621643067184e-05,2.7148857,2.7145998,0.00028591166992208983,3.1098957,3.1097,0.00019570617675768176
18.0,40.0,5.0,10.0,0.99148166,0.99153554,-5.38782034301688e-05,2.5057678,2.5060766,-0.0003087777343750986,2.8747303,2.875055,-0.00032465141296400546
20.0,40.0,14.0,10.0,0.9420139,0.9420499,-3.598064651488819e-05,3.111116,3.1114001,-0.0002841675354003925,3.8060806,3.8064249,-0.0003443202423096814
20.0,30.0,7.0,9.0,1.0364412,1.0366,-0.0001587930679320948,2.7630818,2.762875,0.00020678901672344097,2.6464097,2.64615,0.0002597499847412088
20.0,30.0,11.0,10.0,1.032279,1.0325499,-0.00027088541259767673,2.7055626,2.706025,-0.00046240844726552766,3.0239575,3.02455,-0.000592509078979564
15.0,40.0,5.0,9.0,0.70183283,0.70177376,5.9070905914282434e-05,1.880959,1.8811615,-0.0002024660339354778,2.3313475,2.3312144,0.00013306551513680986
18.0,40.0,8.0,10.0,0.97058433,0.9705711,1.323294296262656e-05,2.5340774,2.5341504,-7.299407043470652e-05,3.0184624,3.0184984,-3.59804901122196e-05
20.0,30.0,8.0,9.0,1.01727,1.0172999,-2.9931013488804226e-05,2.7798073,2.7797,0.00010732917785638563,2.7075448,2.7074997,4.510361938470098e-05
19.0,50.0,3.0,9.0,0.84473574,0.84451115,0.00022459161529542193,3.3979368,3.3976965,0.00024032098388682144,3.5436172,3.5436718,-5.455146484356632e-05
18.0,30.0,2.0,10.0,0.9961661,0.99617636,-1.0249961242658756e-05,1.9913251,1.9911374,0.0001877399993897022,2.2050147,2.2047818,0.00023290565795885954
19.0,30.0,8.0,10.0,1.0392513,1.039319,-6.767248535166637e-05,2.381584,2.3813396,0.00024432906188964765,2.6407063,2.6404505,0.00025580073547359916
20.0,40.0,11.0,9.0,0.93307215,0.93312496,-5.281024642944665e-05,3.214736,3.2146,0.0001359848022461918,3.4406772,3.4406495,2.7665985107283575e-05
20.0,20.0,4.0,10.0,1.0702518,1.0703,-4.817752838137679e-05,2.2171204,2.2166502,0.0004702090118406943,2.1187081,2.118175,0.0005331336975098466
19.0,50.0,9.0,9.0,0.81710035,0.8170217,7.864608840946197e-05,3.417914,3.41767,0.00024391372680643286,3.7691488,3.7692404,-9.157340087906363e-05
18.0,40.0,4.0,10.0,0.9897002,0.98972374,-2.354182647701375e-05,2.4917002,2.491819,-0.00011882757568359992,2.8382468,2.838441,-0.00019417764282225747
20.0,40.0,2.0,8.0,0.94349986,0.94324994,0.0002499231477356423,3.2225528,3.2224,0.0001527763366699908,2.9006815,2.9007251,-4.360433349592796e-05
20.0,20.0,2.0,10.0,1.0714506,1.07145,5.910873412950934e-07,2.1429765,2.1426,0.00037652244567887294,2.0292866,2.028825,0.0004616230010987543
19.0,50.0,2.0,10.0,0.93784845,0.9375822,0.00026624875335690135,3.291914,3.2916815,0.0002324862060545385,3.6405516,3.6406877,-0.00013613292236325236
20.0,50.0,2.0,4.0,0.38157767,0.38159993,-2.225942581174367e-05,4.189002,4.1895003,-0.0004982629516598891,3.1072192,3.1074,-0.00018078079223649013
20.0,20.0,9.0,10.0,0.9902446,0.99042493,-0.00018030300109861397,2.359565,2.3589,0.0006650196075437265,2.4402666,2.43955,0.000716609191894424
20.0,40.0,15.0,10.0,0.8979117,0.8981249,-0.0002131725715637245,3.1046023,3.105,-0.00039766311645506036,3.900978,3.90125,-0.0002719116210938566
18.0,40.0,7.0,10.0,0.9819732,0.9819593,1.3871234130879984e-05,2.5272064,2.5272424,-3.597910156249995e-05,2.9650862,2.965084,2.2216949462361413e-06
20.0,40.0,12.0,9.0,0.8998154,0.89984995,-3.456942672730445e-05,3.2138448,3.2140002,-0.00015542384643563167,3.5170875,3.5172746,-0.00018714043579093342
19.0,30.0,4.0,9.0,0.9969056,0.9969559,-5.0275133514410264e-05,2.4134777,2.4133341,0.00014355922546371858,2.340816,2.340661,0.0001550209655762913
20.0,50.0,10.0,5.0,0.36236307,0.36249992,-0.00013684975044248038,4.0801673,4.08,0.00016729354858391332,3.4901369,3.4899998,0.00013706180114736455
20.0,20.0,10.0,5.0,0.55014455,0.54999995,0.00014460318450926213,2.9884675,2.9887502,-0.0002827450897218142,2.1078787,2.108125,-0.00024631500244121085
19.0,40.0,11.0,10.0,0.97741985,0.97738624,3.3613210449257025e-05,2.8188581,2.8190343,-0.00017615333251974619,3.3808677,3.3810377,-0.00016998034973125797
20.0,20.0,2.0,9.0,1.0096302,1.0095999,3.030324707031795e-05,2.276993,2.27675,0.0002430362701417721,1.9577682,1.9575249,0.00024330182800302858
19.0,50.0,3.0,8.0,0.7382829,0.73807174,0.00021117893005373478,3.490412,3.4902568,0.00015519684143061596,3.4272707,3.4272614,9.25086364755856e-06
19.0,50.0,9.0,7.0,0.573518,0.5735427,-2.472180862422846e-05,3.5841842,3.5841913,-7.130230712970587e-06,3.5195801,3.5196192,-3.9074191284349524e-05
17.0,20.0,11.0,9.0,0.6642485,0.663947,0.00030152609634404026,1.699921,1.6999538,-3.2788075256418026e-05,2.0792727,2.0793667,-9.395296020509036e-05
20.0,30.0,9.0,9.0,0.99357927,0.9935999,-2.0631544494609244e-05,2.7942953,2.794075,0.00022031097412122946,2.7745507,2.77445,0.00010067634582533458
20.0,20.0,1.0,10.0,1.0655186,1.0654249,9.371763000487476e-05,2.102314,2.1019,0.0004139953613280234,1.9930062,1.9925499,0.00045632940063478067
18.0,50.0,9.0,10.0,0.86689794,0.86688155,1.6390635681151622e-05,3.0526295,3.052549,8.047082519535564e-05,3.7184877,3.7186184,-0.00013066043701170926
19.0,40.0,7.0,9.0,0.9508945,0.95092297,-2.849501678470201e-05,2.8955653,2.8955293,3.597137756328195e-05,3.0229187,3.0228481,7.060117187496218e-05
20.0,50.0,3.0,2.0,0.16085416,0.16149998,-0.0006458192143249386,4.3956184,4.3962755,-0.0006570612792966557,2.8804274,2.8811,-0.0006726394653320256
18.0,50.0,19.0,10.0,0.50305974,0.50325006,-0.00019031516510015223,2.8863356,2.886128,0.00020761134338398435,4.545862,4.545513,0.0003491978759768699
18.0,30.0,19.0,8.0,0.2858532,0.28549486,0.0003583471113586256,2.275839,2.2761884,-0.0003493096527100725,3.3086095,3.3095107,-0.0009012143737794354
20.0,30.0,13.0,10.0,0.9592967,0.95944995,-0.00015324666137694898,2.7211585,2.7207246,0.00043390448608393584,3.2008042,3.2004497,0.0003545335510253267
18.0,30.0,1.0,10.0,0.98478377,0.98478955,-5.7813461303846125e-06,1.9621003,1.9619045,0.00019576741027838018,2.1780858,2.1778421,0.0002437039855958112
20.0,50.0,13.0,4.0,0.10839701,0.10879998,-0.00040297301147461384,4.121448,4.121575,-0.00012695999145506676,3.5484276,3.5484998,-7.221821289071784e-05
20.0,30.0,10.0,9.0,0.9654242,0.96549994,-7.575996917719152e-05,2.8061867,2.806,0.00018667602539057526,2.847141,2.847,0.0001410274505615483
16.0,20.0,4.0,8.0,0.68759686,0.6876742,-7.734245224000347e-05,1.4457124,1.445531,0.00018144716644297176,1.4317384,1.4316703,6.807661743168936e-05
19.0,50.0,10.0,9.0,0.79706794,0.79704005,2.7890235137939534e-05,3.4124196,3.4124238,-4.2424285888742475e-06,3.8262894,3.8264349,-0.00014548464050312404
19.0,30.0,3.0,9.0,0.99770665,0.9977875,-8.084831237797907e-05,2.3887386,2.3886306,0.00010803220214850029,2.3028545,2.3028162,3.833796386709665e-05
19.0,50.0,1.0,10.0,0.9201318,0.9198138,0.00031800255889891105,3.2760017,3.275778,0.0002236918182374481,3.6267176,3.626893,-0.00017543255615226627
19.0,40.0,5.0,9.0,0.96733075,0.9673362,-5.446196746805576e-06,2.8737228,2.873621,0.00010179167175294879,2.9333794,2.9334087,-2.928830261250681e-05
20.0,20.0,3.0,9.0,1.0086929,1.0086749,1.7960603332589642e-05,2.3136363,2.31345,0.00018630294799804048,1.9981711,1.9979998,0.00017129107971181057
20.0,50.0,13.0,6.0,0.376712,0.3771,-0.00038800559043883354,3.9498363,3.951875,-0.0020387458801267577,3.8136826,3.8149004,-0.0012178438476562192
4.0,50.0,13.0,6.0,-0.29910725,-0.29935426,0.00024700644851682885,0.6976371,0.6932157,0.004421381146240244,1.723467,1.7207615,0.0027054923782348084
10.0,50.0,13.0,6.0,-0.12559354,-0.12546231,-0.00013123305267334628,1.3758478,1.3750467,0.0008011164672852011,2.331932,2.3315482,0.0003838678710939014
18.0,40.0,3.0,10.0,0.98354805,0.9835119,3.6145158386236e-05,2.4750283,2.4751108,-8.252355651849896e-05,2.8074079,2.8074262,-1.8344012451265712e-05
19.0,50.0,2.0,9.0,0.83394516,0.83369267,0.0002524851437377684,3.3860044,3.385792,0.00021244793701180598,3.525597,3.5256772,-8.010451049811351e-05
20.0,40.0,5.0,6.0,0.7432585,0.743375,-0.00011652374267578924,3.4907517,3.4907496,2.1433166503825873e-06,2.7789295,2.779,-7.052803039542255e-05
20.0,40.0,16.0,10.0,0.8496617,0.8497998,-0.0001380921218872011,3.0958877,3.09615,-0.0002623390197755704,4.001434,4.0016747,-0.000240850665282899
18.0,40.0,10.0,10.0,0.9345701,0.93459475,-2.4675918579131206e-05,2.5405746,2.540616,-4.144937133787607e-05,3.142131,3.1421278,3.290164184654998e-06
20.0,40.0,1.0,8.0,0.9353565,0.935075,0.0002814977645874128,3.200406,3.2000496,0.0003564745239259537,2.8814762,2.8814998,-2.36361358640913e-05
18.0,40.0,2.0,10.0,0.97294235,0.97290003,4.232229492184825e-05,2.4559307,2.455953,-2.2290161132865194e-05,2.781987,2.782012,-2.5048171996999713e-05
20.0,50.0,11.0,5.0,0.32676297,0.3270499,-0.00028692573776245567,4.0680137,4.068025,-1.1331939696823667e-05,3.5482497,3.5482998,-5.007847290050549e-05
19.0,40.0,12.0,10.0,0.94752693,0.9475296,-2.668237304659371e-06,2.8178513,2.8180635,-0.0002121949920654842,3.4578037,3.4579575,-0.00015377380371095484
18.0,30.0,4.0,10.0,1.0057373,1.0057501,-1.2795312499980227e-05,2.0424087,2.0422533,0.00015540475769038053,2.2756395,2.2754605,0.00017903399658214525
20.0,40.0,7.0,2.0,0.29366782,0.2935249,0.00014292307624819145,3.9266264,3.9268,-0.00017355613708502915,2.425226,2.4250498,0.00017617312927242779
19.0,40.0,4.0,9.0,0.9689537,0.9689427,1.1028675842239544e-05,2.8591177,2.8589923,0.00012544635314926111,2.8970227,2.8970888,-6.607584838880243e-05
20.0,30.0,14.0,10.0,0.9163178,0.9162999,1.792054901128548e-05,2.7242405,2.7243998,-0.0001592585418701553,3.296602,3.2968,-0.00019798927307146386
18.0,50.0,17.0,10.0,0.61099255,0.6111763,-0.0001837491500854549,2.9388003,2.9390118,-0.00021146506957991917,4.3355937,4.335335,0.00025870040893583024
20.0,50.0,16.0,7.0,0.36701325,0.36739984,-0.00038659417900083204,3.8105874,3.811,-0.00041259384155267753,4.198206,4.1986,-0.00039405212402332523
20.0,50.0,19.0,8.0,0.3326199,0.33339995,-0.0007800445281982427,3.6565049,3.6573753,-0.0008704305389404254,4.640512,4.6411004,-0.0005884104064941553
8.0,50.0,19.0,7.0,-0.3511355,-0.35121349,7.799767517091549e-05,0.8149977,0.8119554,0.003042273034667975,2.6782093,2.6762311,0.0019782048095704496
18.0,30.0,4.0,8.0,0.85113794,0.8511922,-5.426388473506183e-05,2.2517524,2.2516952,5.7176556396587586e-05,2.1075444,2.1074185,0.00012592214965811976
18.0,30.0,9.0,10.0,0.9526551,0.9526842,-2.9123019409160733e-05,2.127247,2.1271675,7.959510803212666e-05,2.550319,2.550158,0.0001609563751219234
19.0,40.0,6.0,9.0,0.96130913,0.96132946,-2.0325039825408453e-05,2.8857172,2.8858004,-8.324645080559634e-05,2.975292,2.9753282,-3.623260803209405e-05
20.0,40.0,4.0,3.0,0.46398157,0.46414998,-0.00016841118667604293,3.8074367,3.8075,-6.32953643799894e-05,2.4302123,2.430475,-0.00026274070739740196
19.0,30.0,17.0,9.0,0.58587027,0.58574533,0.0001249359606934064,2.5122304,2.5115354,0.0006949962707518686,3.3417985,3.342243,-0.00044445606994614195
19.0,30.0,10.0,10.0,0.9943142,0.9943559,-4.170627441402175e-05,2.4069693,2.4068973,7.20088531496188e-05,2.7807,2.7805402,0.000159768338012789
19.0,40.0,4.0,3.0,0.403526,0.40350595,2.0058129119870927e-05,3.4692411,3.4695554,-0.0003142577270507374,2.283463,2.2832258,0.00023720125122084212
20.0,10.0,4.0,10.0,0.90064585,0.9008,-0.00015414791107182246,1.9593116,1.9583999,0.0009117044998168122,1.7656342,1.7648,0.0008341791152954858
20.0,20.0,1.0,9.0,1.0062332,1.0061249,0.00010831533203115029,2.2378807,2.2376,0.0002807067871093416,1.9229014,1.9226499,0.0002514919830323148
18.0,50.0,6.0,10.0,0.8901463,0.89017105,-2.473490219112584e-05,3.0546584,3.0547004,-4.198706665059504e-05,3.5795922,3.5797505,-0.00015827206420881978
20.0,30.0,2.0,8.0,0.9905499,0.9905,4.9921989440870895e-05,2.7654083,2.7654,8.277511596599396e-06,2.3365998,2.3365998,2.681274402505096e-08
20.0,40.0,8.0,8.0,0.8998792,0.89989996,-2.0742852172905835e-05,3.3050442,3.30505,-5.825805664105843e-06,3.1335545,3.133675,-0.00012054138183614782
19.0,30.0,11.0,8.0,0.7705792,0.7705954,-1.6181135559123483e-05,2.6193993,2.6193223,7.700915832531408e-05,2.6658163,2.6657636,5.270706787108281e-05
20.0,30.0,4.0,8.0,0.9864156,0.9864,1.5624618530218903e-05,2.8180506,2.8179996,5.102294006364971e-05,2.4061308,2.4061,3.079071044931325e-05
20.0,40.0,13.0,9.0,0.8621571,0.862175,-1.789360046389188e-05,3.2108417,3.2109501,-0.00010844426879863533,3.5993783,3.5995,-0.0001216526031493359
19.0,50.0,11.0,9.0,0.77268565,0.77265847,2.7177010803236534e-05,3.4045787,3.4047277,-0.00014901423950197668,3.8890774,3.8892298,-0.0001523749969480903
20.0,50.0,4.0,3.0,0.26005572,0.2604,-0.00034427919387819417,4.297304,4.298,-0.0006958465576172301,3.016407,3.0166001,-0.00019308706054665947
18.0,50.0,8.0,10.0,0.8790707,0.8790448,2.5899214935343196e-05,3.0557432,3.0557163,2.69174682618889e-05,3.66661,3.6667292,-0.00011919748229960447
19.0,40.0,3.0,9.0,0.96619725,0.96614933,4.792227355954193e-05,2.841988,2.8419137,7.438670043935502e-05,2.8663225,2.866369,-4.64826049806355e-05
19.0,50.0,5.0,8.0,0.7415617,0.7414085,0.00015321083450314799,3.5035813,3.5036147,-3.34145233154004e-05,3.4771323,3.477251,-0.0001186795959471354
18.0,50.0,11.0,10.0,0.8293009,0.82935524,-5.435956787114282e-05,3.0389326,3.0388649,6.76618743895574e-05,3.8391812,3.8391979,-1.6715231323072288e-05
18.0,40.0,11.0,10.0,0.9099613,0.91000664,-4.535679306028051e-05,2.5401752,2.540174,1.1995086670602007e-06,3.212397,3.212342,5.50985412597349e-05
20.0,20.0,10.0,10.0,0.9610317,0.9612498,-0.0002181246612549259,2.3806615,2.38,0.0006614875793458097,2.5213544,2.520625,0.000729436874389755
18.0,50.0,4.0,10.0,0.8837557,0.8836974,5.828389892581498e-05,3.0440114,3.043885,0.000126354446411181,3.5150502,3.515171,-0.00012082719421391275
18.0,30.0,5.0,10.0,1.0038297,1.0039369,-0.0001071823638916225,2.0640726,2.0641363,-6.369105224601768e-05,2.3190718,2.3192,-0.00012823028564445949
18.0,40.0,9.0,10.0,0.9547801,0.95478296,-2.858223876911481e-06,2.5385573,2.538608,-5.070896911618661e-05,3.077478,3.0775132,-3.526802368147841e-05
19.0,50.0,12.0,9.0,0.7438264,0.7438769,-5.0510687255811426e-05,3.394603,3.3945823,2.0713992309406848e-05,3.9575624,3.9576247,-6.225340576193616e-05
20.0,50.0,12.0,5.0,0.2870143,0.2871999,-0.000185594408416756,4.053523,4.0536003,-7.723634033229843e-05,3.6121228,3.6122003,-7.752587585452275e-05
19.0,40.0,2.0,9.0,0.95902,0.9589558,6.421857757565874e-05,2.8224087,2.8223844,2.427614746114415e-05,2.8411639,2.8412495,-8.562632751463184e-05
18.0,50.0,10.0,10.0,0.8502901,0.85031843,-2.831035202022214e-05,3.0469692,3.0469317,3.7475338745096565e-05,3.7760453,3.7761078,-6.247758178723473e-05
19.0,30.0,5.0,9.0,0.9916505,0.99172425,-7.3728244781468e-05,2.4357476,2.435588,0.0001596234436034294,2.384273,2.384106,0.00016705221557611338
20.0,40.0,4.0,7.0,0.8500304,0.8499499,8.052221069332344e-05,3.3694415,3.3693,0.00014150924682621024,2.8509684,2.8508751,9.32609008787999e-05
19.0,50.0,6.0,8.0,0.73659086,0.73647696,0.00011390227416996357,3.5066695,3.5066185,5.1021331787026725e-05,3.5105717,3.5106456,-7.388178405776102e-05
19.0,40.0,13.0,10.0,0.91327924,0.9132731,6.135363006642969e-06,2.8145301,2.8146422,-0.00011206579895040036,3.5403774,3.540477,-9.962153625497905e-05
19.0,30.0,2.0,9.0,0.99420106,0.99421906,-1.7995890197797237e-05,2.3615465,2.3614764,7.011641845711125e-05,2.270657,2.2705715,8.556253051761331e-05
17.0,40.0,7.0,10.0,0.9137368,0.9137654,-2.8579779052684273e-05,2.2741365,2.2740724,6.414327392567643e-05,2.806824,2.8066273,0.0001966688873289435
20.0,40.0,9.0,8.0,0.8772022,0.87727493,-7.271718948365091e-05,3.3102028,3.3102498,-4.696300964335265e-05,3.1919162,3.1921,-0.00018377265930169528
20.0,20.0,11.0,10.0,0.92741036,0.92767483,-0.00026446584899897374,2.3993142,2.3986502,0.0006639651153563797,2.608018,2.6073,0.0007179214477539553
19.0,40.0,8.0,9.0,0.9361186,0.93611646,2.142752685507787e-06,2.902781,2.902808,-2.6990325927567227e-05,3.0759397,3.0759676,-2.7944696044723827e-05
18.0,30.0,6.0,10.0,0.99775875,0.9977237,3.504614715577059e-05,2.0837789,2.0835688,0.00021005818481434346,2.368762,2.3685396,0.0002224162963866405
18.0,50.0,12.0,10.0,0.8038889,0.80399203,-0.00010311303070065225,3.0284812,3.0283482,0.00013304504089362013,3.9079528,3.9078872,6.55854919435761e-05
20.0,40.0,5.0,7.0,0.8423948,0.8423749,1.9928796386681213e-05,3.3828764,3.3827496,0.00012679617919930664,2.885432,2.8855,-6.799507141108663e-05
20.0,50.0,10.0,4.0,0.23575094,0.23599991,-0.0002489665776825023,4.169148,4.1695004,-0.0003524317077641115,3.3607907,3.3609998,-0.0002090704772950147
20.0,30.0,5.0,8.0,0.9777405,0.97775,-9.473800659187681e-06,2.840684,2.8406248,5.913707275384539e-05,2.449286,2.44925,3.598403930649141e-05
19.0,50.0,1.0,9.0,0.8187505,0.81847435,0.00027615067901609613,3.3717723,3.3714385,0.0003337892761230421,3.5132022,3.5132823,-8.01096008302693e-05
20.0,30.0,15.0,10.0,0.86869884,0.8687499,-5.106462707515913e-05,2.7255132,2.7256248,-0.00011158016662582426,3.3986492,3.3987498,-0.0001005843017578556
20.0,40.0,18.0,10.0,0.73948485,0.73994994,-0.0004650934080505653,3.071984,3.0711,0.0008840526580811137,4.220373,4.219325,0.0010481536865230012
20.0,50.0,13.0,5.0,0.24269015,0.24294996,-0.00025981403060912345,4.0365257,4.036725,-0.00019927368164029957,3.6815429,3.6817002,-0.000157326617431508
19.0,40.0,1.0,9.0,0.947474,0.9473625,0.00011150283813476936,2.800239,2.8004055,-0.00016641384887705613,2.821682,2.8217294,-4.742368164079025e-05
19.0,50.0,8.0,8.0,0.71346265,0.71341383,4.882077590939726e-05,3.5052857,3.5052767,9.039898681617586e-06,3.5941582,3.5942352,-7.702739257808844e-05
20.0,40.0,19.0,10.0,0.67780566,0.67842495,-0.0006192878448486594,3.0554323,3.0549002,0.0005321196411132156,4.337686,4.3365498,0.0011362618591306273
19.0,20.0,4.0,10.0,0.9996298,0.99970853,-7.87344486999908e-05,1.9473109,1.946916,0.0003949245300292059,1.9696468,1.9692942,0.00035261148529053266
18.0,40.0,1.0,10.0,0.9578996,0.9578882,1.1370465087923165e-05,2.434437,2.434345,9.203651428224546e-05,2.7622075,2.7621975,1.000808715811985e-05
19.0,40.0,9.0,9.0,0.9169204,0.9169099,1.0523507690374245e-05,2.9076333,2.9076374,-4.095404052772977e-06,3.134709,3.1346877,2.1181378173640297e-05
20.0,40.0,14.0,9.0,0.8199388,0.82009995,-0.00016117112274172118,3.205604,3.20545,0.0001540763854981364,3.687415,3.6873248,9.00845672608952e-05
20.0,40.0,3.0,7.0,0.8532354,0.8531249,0.00011052356491092485,3.3536432,3.3534,0.0002431789398191775,2.821941,2.8218498,9.10988952638192e-05
20.0,30.0,1.0,8.0,0.98598075,0.98595,3.0749130249030365e-05,2.7354279,2.7354248,3.0564453123993474e-06,2.310244,2.3102498,-5.7165954587823364e-06
19.0,50.0,13.0,9.0,0.7105504,0.7106954,-0.00014497256317136387,3.3823295,3.381986,0.00034346395874029767,4.031831,4.031619,0.00021178765869134253
19.0,40.0,14.0,10.0,0.8745098,0.87461644,-0.000106628598632863,2.8091118,2.8087714,0.00034043357238777716,3.628781,3.6285965,0.00018458024597167721
19.0,30.0,6.0,9.0,0.9820334,0.9820926,-5.9228074645978346e-05,2.4554303,2.4553921,3.8169241332930426e-05,2.4332883,2.4331505,0.00013783580017090458
20.0,40.0,10.0,8.0,0.8502006,0.8502499,-4.930652847290329e-05,3.3128433,3.3130002,-0.00015687724609358966,3.2559116,3.256125,-0.00021341133117669386
19.0,20.0,3.0,10.0,1.0015223,1.001615,-9.269737243644549e-05,1.9134344,1.9130371,0.00039728625335699874,1.9232752,1.9229244,0.0003508323150633874
19.0,50.0,9.0,8.0,0.69534266,0.6952823,6.03599502563279e-05,3.501118,3.5009305,0.0001874447174072813,3.644424,3.64443,-6.038360595539416e-06
20.0,40.0,6.0,7.0,0.8303981,0.8304,-1.9172668457301256e-06,3.3937871,3.39375,3.714561462420107e-05,2.9257038,2.9257247,-2.0936038207963747e-05
18.0,50.0,3.0,10.0,0.8739187,0.87386054,5.8172139129619715e-05,3.034868,3.0348017,6.630193786616445e-05,3.491188,3.4912817,-9.365068359379336e-05
20.0,30.0,6.0,8.0,0.964622,0.9646999,-7.787927856450771e-05,2.8608093,2.8607998,9.526171874885137e-06,2.4980528,2.498,5.2835464477318794e-05
19.0,50.0,14.0,9.0,0.6728754,0.6731138,-0.0002383956420898281,3.3668206,3.3669395,-0.00011892619323727871,4.110946,4.111214,-0.00026782156372107124
20.0,20.0,2.0,8.0,0.9477458,0.9477499,-4.099981689487109e-06,2.4110794,2.4109,0.00017940673828142906,1.8863704,1.8862249,0.00014552045593263507
18.0,50.0,2.0,10.0,0.8597257,0.8596237,0.00010201372985840784,3.0233815,3.0232687,0.00011277163391110179,3.4729,3.4729922,-9.228621215839894e-05
19.0,30.0,1.0,9.0,0.98625076,0.9862507,5.817108150729666e-08,2.3319178,2.3318727,4.506275634774681e-05,2.2439914,2.2439268,6.457496948231167e-05
20.0,20.0,5.0,9.0,0.99362814,0.9936249,3.2442642211583106e-06,2.3797035,2.3795,0.00020352172851545447,2.095899,2.0957499,0.00014920507202154099
20.0,40.0,4.0,6.0,0.75345296,0.75350004,-4.708332351688327e-05,3.4788578,3.47885,7.755661010744319e-06,2.7458668,2.7457752,9.157551269511899e-05
20.0,30.0,7.0,8.0,0.9470941,0.94725,-0.00015591716766361063,2.8787105,2.878525,0.00018550834655783888,2.5526795,2.5523498,0.00032973872680663874
20.0,30.0,8.0,8.0,0.92533743,0.92539996,-6.252618499758e-05,2.8938172,2.8938,1.7186355590670388e-05,2.6123738,2.6123,7.382888793960873e-05
18.0,50.0,13.0,10.0,0.77415705,0.774229,-7.19527282714294e-05,3.015476,3.0153806,9.538838806166794e-05,3.982277,3.982176,0.00010091650390631202
18.0,30.0,7.0,10.0,0.9870658,0.98711056,-4.476791625973586e-05,2.1007066,2.1005518,0.00015477730102553267,2.4237008,2.423479,0.00022180947875982682
20.0,50.0,5.0,3.0,0.24590221,0.24624997,-0.00034775952598573023,4.2970314,4.297625,-0.0005935974121094034,3.0381734,3.0385,-0.00032656288146970525
20.0,40.0,7.0,7.0,0.8139459,0.8140249,-7.901052703862543e-05,3.4023175,3.4023,1.7523956298948207e-05,2.97157,2.9715497,2.0314953613098652e-05
19.0,30.0,7.0,9.0,0.9680529,0.9680612,-8.276320648148427e-06,2.4733698,2.4727461,0.0006237368072508076,2.4880834,2.4877954,0.000287962579345713
19.0,40.0,15.0,10.0,0.8313922,0.83155984,-0.00016761139663701297,2.8006423,2.8004503,0.00019195196838373008,3.7226954,3.7223167,0.00037865064697273354
20.0,40.0,2.0,7.0,0.85208774,0.8518999,0.00018783612976069897,3.3352969,3.3350499,0.00024696927795408996,2.7985103,2.7984247,8.561303405762999e-05
20.0,50.0,3.0,3.0,0.26979533,0.27014995,-0.0003546216213226594,4.2953596,4.295925,-0.0005653884887699689,2.9999745,3.0003,-0.0003255107879640562
19.0,50.0,15.0,9.0,0.63087416,0.6311321,-0.0002579430480956768,3.3491397,3.349444,-0.000304309600830166,4.1962566,4.1964087,-0.00015206242675791515
20.0,40.0,11.0,8.0,0.8188457,0.8188249,2.078929672244545e-05,3.3131793,3.3133,-0.00012074546813956033,3.3256512,3.3257496,-9.843117675778501e-05
18.0,20.0,4.0,10.0,0.93170494,0.9317764,-7.146158828730265e-05,1.695464,1.6951873,0.00027671500701909046,1.8265442,1.8262304,0.0003137656112670584
18.0,30.0,8.0,10.0,0.97205687,0.9720974,-4.05343078613285e-05,2.1151953,2.1150846,0.00011067435302747342,2.4841824,2.4840183,0.00016405778808614713
20.0,30.0,9.0,8.0,0.89910275,0.89914995,-4.720255966184084e-05,2.9066987,2.9066248,7.390376586924319e-05,2.6779506,2.67785,0.00010062065124527564
19.0,30.0,12.0,10.0,0.9317297,0.93179274,-6.306566070557462e-05,2.4227316,2.4226553,7.633795471173599e-05,2.9432108,2.9430296,0.00018124022521970318
20.0,20.0,12.0,10.0,0.8893448,0.8896999,-0.0003550885604858278,2.415947,2.4148502,0.0010967604492186922,2.700744,2.6995747,0.0011692136505128126
20.0,40.0,1.0,7.0,0.8464829,0.8462749,0.00020797296295160805,3.3146663,3.3142498,0.00041647120971699536,2.78069,2.7805998,9.015475769036385e-05
19.0,40.0,16.0,10.0,0.78389484,0.7841033,-0.00020846309738153934,2.7899663,2.789679,0.00028734483337400363,3.8220158,3.8216362,0.0003795623291016348
19.0,30.0,8.0,9.0,0.94958067,0.9496296,-4.893059692379076e-05,2.4877257,2.48765,7.573471069344251e-05,2.5481737,2.54804,0.00013366600036635035
19.0,20.0,5.0,10.0,0.9933433,0.99340194,-5.864633316043921e-05,1.9787796,1.9783448,0.0004347543670655263,2.0216649,2.0212638,0.00040105786438005
18.0,50.0,1.0,10.0,0.8411414,0.8409868,0.00015460272140499498,3.0092018,3.0092862,-8.443493957521753e-05,3.4602258,3.4603028,-7.697945861817601e-05
18.0,50.0,14.0,10.0,0.74002665,0.7400658,-3.914718704223219e-05,2.999916,2.9999638,-4.772333984393029e-05,4.061983,4.062066,-8.289147949192e-05
20.0,30.0,12.0,9.0,0.89605725,0.8961,-4.275188446045686e-05,2.822502,2.8224998,2.0978118895342845e-06,3.0089312,3.0089,3.115997314440122e-05
17.0,30.0,7.0,10.0,0.9216473,0.9216799,-3.2589743041988584e-05,1.8543091,1.8542238,8.528203125002243e-05,2.274113,2.2739692,0.0001437398345949248
20.0,50.0,6.0,3.0,0.22734505,0.22769992,-0.0003548706187438966,4.2942486,4.2948008,-0.0005522190673827865,3.0657053,3.0660002,-0.0002949006225585471
19.0,40.0,10.0,9.0,0.8932986,0.8933032,-4.574053955042068e-06,2.9099984,2.910016,-1.7583099365392485e-05,3.1990125,3.1990073,5.217929077261374e-06
20.0,40.0,3.0,6.0,0.7592294,0.75922495,4.471615600576406e-06,3.464527,3.4645,2.6891708373888434e-05,2.7182274,2.7181497,7.768647460926204e-05
20.0,40.0,15.0,9.0,0.7733175,0.7736249,-0.00030738414993281005,3.1975656,3.1975,6.555557250997879e-05,3.7808332,3.7807496,8.364432373042519e-05
19.0,40.0,11.0,9.0,0.8653059,0.86529666,9.240573730417978e-06,2.9099765,2.9099448,3.168239135753481e-05,3.2689614,3.2689266,3.4829595947361014e-05
20.0,20.0,6.0,9.0,0.9794543,0.9794998,-4.552105407717999e-05,2.4090369,2.4088502,0.00018667477111833364,2.153242,2.153025,0.0002171112060547209
20.0,20.0,7.0,9.0,0.96083844,0.96097493,-0.00013649291961670418,2.436147,2.4357502,0.0003967745635984343,2.2162728,2.2159,0.0003728309631347848
20.0,40.0,12.0,8.0,0.7829144,0.7829999,-8.549989929196311e-05,3.3111362,3.3111498,-1.3554272460858385e-05,3.400952,3.4009748,-2.269924621600694e-05
19.0,40.0,4.0,8.0,0.8746737,0.87470335,-2.9625825500478875e-05,2.9608262,2.9607525,7.365852355967206e-05,2.794794,2.7947783,1.5782641601624903e-05
20.0,30.0,16.0,10.0,0.81666386,0.8167998,-0.00013593872528072648,2.7245152,2.7243996,0.00011559966125496146,3.506416,3.5063,0.00011608238220217615
18.0,50.0,15.0,10.0,0.70143056,0.7015026,-7.204084167478086e-05,2.9821696,2.9820964,7.322814331045535e-05,4.147527,4.1475554,-2.8182135009657827e-05
20.0,20.0,8.0,9.0,0.9379959,0.9380499,-5.398935546874206e-05,2.4605753,2.4602,0.0003753421783447841,2.2846715,2.2843747,0.0002968450286866542
20.0,40.0,16.0,9.0,0.7224678,0.7227498,-0.00028201988677978296,3.1873648,3.1871002,0.00026461666564925324,3.8800626,3.8797748,0.0002877801086427212
19.0,20.0,2.0,10.0,0.99910015,0.99912167,-2.152132217403402e-05,1.8770776,1.876708,0.0003695794982909728,1.8824253,1.8821545,0.00027080822753910994
20.0,30.0,13.0,9.0,0.8547456,0.8548,-5.4373550415043326e-05,2.8270957,2.8270748,2.0946994018444798e-05,3.0982845,3.0982497,3.478295593239977e-05
20.0,40.0,8.0,7.0,0.793172,0.79324996,-7.795816131594968e-05,3.4084144,3.4084,1.4363861084110141e-05,3.0229306,3.022975,-4.437789917011159e-05
20.0,30.0,2.0,7.0,0.9138841,0.91389996,-1.5856701812699825e-05,2.8889189,2.8888,0.00011887664794940633,2.249916,2.2497997,0.00011637666015618109
20.0,40.0,13.0,8.0,0.74270904,0.74277496,-6.591935821531614e-05,3.3066092,3.30655,5.9153747558493563e-05,3.4818592,3.4818003,5.89071533201313e-05
19.0,50.0,16.0,9.0,0.58437276,0.58475053,-0.0003777711346435453,3.3294172,3.3294978,-8.057130126948309e-05,4.287039,4.287204,-0.00016519689941407734
19.0,20.0,1.0,10.0,0.9922236,0.99222827,-4.649585266136569e-06,1.8382992,1.8379291,0.00037005523529054507,1.8472543,1.8469849,0.0002693762756347251
19.0,40.0,5.0,8.0,0.8705068,0.87054676,-3.993693710324653e-05,2.9738214,2.9738314,-9.998403930566724e-06,2.8297489,2.829698,5.0868942260695604e-05
19.0,30.0,13.0,10.0,0.89386255,0.8939112,-4.865450973512431e-05,2.4269116,2.426859,5.2592483520630395e-05,3.0327916,3.032674,0.00011761453247061127
20.0,40.0,2.0,6.0,0.7605467,0.76054996,-3.2757348632506122e-06,3.4477625,3.4477,6.248931884744735e-05,2.6962135,2.6961248,8.868381042459461e-05
17.0,50.0,8.0,10.0,0.80895114,0.80895615,-5.010549926742769e-06,2.7938101,2.7937832,2.6929165649391962e-05,3.498238,3.4982193,1.8786700439310522e-05
20.0,50.0,17.0,7.0,0.30983907,0.31064993,-0.0008108601567077822,3.786215,3.7874248,-0.0012097330902101078,4.292913,4.2933006,-0.0003876399475100101
17.0,40.0,5.0,10.0,0.92159975,0.9216049,-5.154249572703051e-06,2.2567177,2.2567487,-3.10181152345379e-05,2.7189357,2.718809,0.00012672807312030798
20.0,30.0,4.0,7.0,0.904636,0.9046999,-6.387457122802864e-05,2.9383783,2.9383,7.833404541024436e-05,2.316636,2.3165002,0.00013588551025378592
19.0,40.0,12.0,9.0,0.8328242,0.8328901,-6.59294105529451e-05,2.9075117,2.907424,8.771112060568242e-05,3.344555,3.344447,0.0001079011230467053
20.0,50.0,7.0,3.0,0.20437324,0.20474993,-0.0003766895291137662,4.2889,4.2895246,-0.0006247014709472865,3.0987916,3.0991004,-0.0003088007263185588
20.0,20.0,1.0,8.0,0.9468974,0.9468249,7.24875045776674e-05,2.3735185,2.3732998,0.00021866694946304222,1.8528914,1.8527498,0.00014164515991210713
20.0,40.0,9.0,7.0,0.7679116,0.768075,-0.00016338701248164167,3.4121144,3.41205,6.43817901613275e-05,3.0799594,3.0800002,-4.080745239276595e-05
18.0,40.0,5.0,9.0,0.89692247,0.89695656,-3.409086090089275e-05,2.5984774,2.5984979,-2.0536413574134826e-05,2.7741742,2.7741342,4.0013409423611535e-05
19.0,50.0,10.0,8.0,0.67273676,0.6727507,-1.3936045837437128e-05,3.4941604,3.4941344,2.6013742065345014e-05,3.7001946,3.7002246,-3.0002755737168485e-05
17.0,40.0,6.0,10.0,0.9198804,0.91988516,-4.769832763651394e-06,2.2666914,2.2666354,5.604630432110014e-05,2.7600772,2.759918,0.00015923808288587082
20.0,20.0,3.0,8.0,0.94423544,0.94427496,-3.9515931091305134e-05,2.4462707,2.44605,0.00022070426940912213,1.9254668,1.9252998,0.00016697589416514447
18.0,50.0,6.0,9.0,0.77824545,0.77829206,-4.661093383784287e-05,3.1346793,3.1348214,-0.00014208252563463475,3.4617748,3.461929,-0.00015417395019534652
19.0,20.0,6.0,10.0,0.9825376,0.98269534,-0.00015771277984621968,2.0075305,2.0073237,0.00020675082092269648,2.079128,2.0788336,0.0002944269622804363
19.0,50.0,1.0,8.0,0.717379,0.7171349,0.00024407396087644528,3.4673955,3.467099,0.00029654405212387047,3.399692,3.3996718,2.025856323228936e-05
19.0,40.0,3.0,8.0,0.87443805,0.8744599,-2.185259094233949e-05,2.9452658,2.9452238,4.1969958496146376e-05,2.7655106,2.7654586,5.195908203114996e-05
20.0,40.0,6.0,6.0,0.7287215,0.7288499,-0.00012840055694585129,3.5001826,3.5002,-1.7371368408181098e-05,2.8177962,2.8178248,-2.856968383779801e-05
20.0,40.0,17.0,9.0,0.6672608,0.66747487,-0.00021404436599736787,3.1740375,3.17425,-0.00021254348754862207,3.984282,3.9843998,-0.00011778324584943434
19.0,20.0,7.0,10.0,0.96739054,0.9675888,-0.000198262738037136,2.034513,2.0338526,0.0006603966735840849,2.1426196,2.1420033,0.0006163098327638394
20.0,40.0,10.0,7.0,0.73835146,0.73849994,-0.0001484757284545557,3.4132414,3.4132502,-8.813586425571174e-06,3.142569,3.142625,-5.593490600563911e-05
19.0,40.0,13.0,9.0,0.7960111,0.79608357,-7.247972137447434e-05,2.9025953,2.902453,0.00014228160095219877,3.425745,3.4255664,0.00017861037597644014
20.0,20.0,4.0,8.0,0.93639326,0.93639994,-6.679044189494832e-06,2.4789386,2.47875,0.00018857955932638504,1.9701446,1.969975,0.00016962947845455822
19.0,30.0,9.0,9.0,0.9267006,0.926798,-9.74079589843857e-05,2.5002265,2.5001042,0.00012229765014648564,2.6140149,2.6138847,0.00013016396789566897
18.0,40.0,6.0,9.0,0.89183414,0.8918184,1.57398239135631e-05,2.6087315,2.6087558,-2.429174499507525e-05,2.8150375,2.8149483,8.91889373777488e-05
17.0,40.0,4.0,10.0,0.91884005,0.9189247,-8.464930267337856e-05,2.2443783,2.244412,-3.367167663581583e-05,2.683273,2.6832995,-2.6422988891550148e-05
20.0,40.0,7.0,6.0,0.7097201,0.70992494,-0.00020486486953730232,3.5071766,3.5072,-2.33623504639624e-05,2.8622897,2.8622496,4.00671295164301e-05
18.0,50.0,7.0,9.0,0.7723794,0.7723789,4.983459472862606e-07,3.1351864,3.1350045,0.00018193379211428606,3.5012531,3.5012183,3.482805175769599e-05
20.0,50.0,15.0,6.0,0.28030434,0.28049994,-0.00019559749168396312,3.9136815,3.913875,-0.00019349288940428977,3.9733095,3.9735003,-0.00019078309326170384
19.0,30.0,10.0,9.0,0.8995111,0.89956635,-5.5251138305623115e-05,2.510166,2.510108,5.792979431173961e-05,2.6854439,2.6853297,0.00011417817382808337
18.0,50.0,8.0,9.0,0.7620823,0.76206577,1.650872848513174e-05,3.1327925,3.1327374,5.507283935557439e-05,3.546064,3.546108,-4.4100006103331424e-05
19.0,40.0,6.0,8.0,0.8619181,0.86199015,-7.205822601319412e-05,2.9843948,2.9844606,-6.581125793436726e-05,2.8702626,2.8702178,4.4822833252133876e-05
20.0,30.0,1.0,7.0,0.91186893,0.9118999,-3.097013702391127e-05,2.860459,2.860375,8.408927917491482e-05,2.2249577,2.22485,0.0001077045440673885
20.0,50.0,11.0,4.0,0.19742149,0.19799992,-0.0005784288539123494,4.1557913,4.1559753,-0.0001840173461911121,3.417522,3.4178998,-0.00037784641723614953
20.0,30.0,5.0,7.0,0.89342475,0.8935,-7.525062561031248e-05,2.9594264,2.959375,5.140304565420806e-05,2.3583562,2.35825,0.00010623741149906607
17.0,50.0,7.0,10.0,0.8158521,0.8158509,1.2056175231478505e-06,2.7964118,2.7964213,-9.547299194334613e-06,3.453099,3.4530349,6.411237487791155e-05
20.0,20.0,9.0,9.0,0.91059625,0.91072494,-0.00012868851226810474,2.4826279,2.4822001,0.00042776865234372963,2.3588376,2.35845,0.0003876045227051428
20.0,40.0,14.0,8.0,0.697977,0.6981499,-0.00017289356460570282,3.2997773,3.2995,0.00027726936340322084,3.5683784,3.568225,0.0001534484863281449
17.0,40.0,3.0,10.0,0.91183543,0.9118444,-8.967947387694686e-06,2.2296233,2.229625,-1.6822814941086506e-06,2.6535192,2.6533904,0.00012875359497055427
16.0,40.0,6.0,10.0,0.8534464,0.853482,-3.557599258419142e-05,2.0331898,2.0333915,-0.0002017264404297059,2.6082995,2.6083837,-8.420621032723119e-05
17.0,50.0,5.0,10.0,0.8158978,0.8164404,-0.0005425776199340371,2.7942069,2.7943475,-0.00014064231872579214,3.377803,3.379467,-0.0016639127655029284
20.0,40.0,15.0,3.0,0.02734989,0.026624955,0.0007249342784118665,3.753083,3.7525,0.000582990646362358,3.058206,3.05775,0.00045608139038089135
18.0,30.0,10.0,10.0,0.92883337,0.92887104,-3.767455963132882e-05,2.1368866,2.1368005,8.609667968739743e-05,2.6220443,2.6218975,0.00014682487487771567
20.0,20.0,13.0,6.0,0.48793423,0.48772496,0.0002092717581176906,2.8964648,2.897,-0.0005351753234861256,2.4501133,2.4506497,-0.0005364034912109794
18.0,40.0,13.0,10.0,0.84756833,0.8476304,-6.206685104370724e-05,2.5320747,2.5319397,0.00013498986511217836,3.3697393,3.369571,0.00016829405212392956
19.0,20.0,3.0,9.0,0.93937236,0.9394256,-5.3239293670626076e-05,2.0380304,2.0378478,0.00018258597106912688,1.853171,1.8530139,0.0001570909439085888
19.0,50.0,11.0,8.0,0.6457777,0.64581907,-4.136766845708184e-05,3.4847984,3.4848883,-8.986860351578585e-05,3.7615798,3.7616193,-3.954803161621001e-05
20.0,30.0,6.0,7.0,0.87780684,0.8779,-9.315767288209376e-05,2.978008,2.978,8.031845092570933e-06,2.4057052,2.4056,0.00010521354675274708
19.0,30.0,3.0,8.0,0.92083615,0.9208481,-1.1949353790230433e-05,2.5027053,2.5026908,1.4535617065547513e-05,2.2174554,2.2174058,4.958711547864425e-05
18.0,40.0,7.0,9.0,0.882234,0.88228023,-4.625268218994005e-05,2.616588,2.6165638,2.4315692138454637e-05,2.8615122,2.8613634,0.00014878414306629395
19.0,50.0,12.0,8.0,0.61444753,0.6144875,-3.9965915679895936e-05,3.4731104,3.4731925,-8.206260681165034e-05,3.828508,3.8286142,-0.00010629976196296909
20.0,30.0,7.0,7.0,0.85775363,0.85789996,-0.00014632554718019275,2.9941797,2.994175,4.725646972847386e-06,2.4587142,2.4585497,0.0001645467498780917
20.0,50.0,2.0,3.0,0.2751547,0.27549997,-0.000345260184020979,4.2908163,4.2914004,-0.000584092932128577,2.989254,2.9896002,-0.0003462021972655549
19.0,30.0,4.0,8.0,0.9174512,0.9174665,-1.5297130584679408e-05,2.5259156,2.5258443,7.132271118148736e-05,2.2539086,2.2538507,5.793418579091991e-05
17.0,50.0,4.0,10.0,0.8101509,0.8101351,1.582134475708319e-05,2.7896132,2.789636,-2.2753082275173142e-05,3.351028,3.3510828,-5.483445434562029e-05
18.0,20.0,5.0,10.0,0.92619145,0.9263382,-0.00014675083465576222,1.7246896,1.7246952,-5.59714813230805e-06,1.8770216,1.8770949,-7.334886779775118e-05
20.0,40.0,3.0,5.0,0.6652422,0.6653249,-8.270487060546561e-05,3.5756223,3.5756001,2.222017517095054e-05,2.6144319,2.6144497,-1.7841937256068974e-05
17.0,40.0,8.0,10.0,0.9032133,0.90324575,-3.242783737178456e-05,2.2790837,2.2790592,2.452879028336241e-05,2.8591025,2.8589363,0.00016618756408703916
20.0,20.0,5.0,8.0,0.92408115,0.9241249,-4.3753282928493675e-05,2.5092733,2.5089998,0.00027349063415549324,2.0204616,2.02025,0.00021155929565441767
19.0,40.0,2.0,8.0,0.86980116,0.8698164,-1.5236326599166183e-05,2.9272711,2.927245,2.6127700805567144e-05,2.7417948,2.7417386,5.622460021958986e-05
18.0,50.0,9.0,9.0,0.74734056,0.7473526,-1.204004058841246e-05,3.128056,3.12802,3.60493469240275e-05,3.596581,3.5965977,-1.6717791747833388e-05
18.0,50.0,16.0,10.0,0.6584011,0.6585394,-0.00013832797470092473,2.9617465,2.9617794,-3.29457611085715e-05,4.2387524,4.238645,0.00010736511230469148
20.0,50.0,8.0,3.0,0.17702785,0.1773999,-0.00037204865684509203,4.2813416,4.2818,-0.00045844726562460636,3.1375203,3.1378002,-0.0002798867370605862
19.0,20.0,4.0,9.0,0.9349322,0.93496907,-3.68977015685612e-05,2.0703712,2.0701766,0.000194550970459062,1.8981384,1.8979838,0.00015460389251709117
17.0,40.0,2.0,10.0,0.9003853,0.90036416,2.116018661502128e-05,2.2123315,2.2123878,-5.626656799329055e-05,2.6291146,2.6290812,3.34278381348696e-05
18.0,50.0,4.0,9.0,0.776972,0.7769184,5.3595830535879685e-05,3.1271782,3.127106,7.219213867193375e-05,3.4000585,3.4001498,-9.129208068836547e-05
19.0,30.0,2.0,8.0,0.91981804,0.9198296,-1.1556291198755453e-05,2.4771562,2.4770868,6.936226196296857e-05,2.186636,2.1865609,7.507106933601904e-05
20.0,40.0,18.0,9.0,0.60759455,0.6078,-0.0002054503440857003,3.1587532,3.15895,-0.00019684333801262,4.094386,4.094625,-0.00023889923095676835
20.0,50.0,12.0,4.0,0.155188,0.1555999,-0.00041190575828553566,4.1395264,4.14,-0.00047363281249968026,3.4800758,3.4803998,-0.0003239638183591964
18.0,40.0,3.0,9.0,0.8940161,0.89403296,-1.6872944793688838e-05,2.5705535,2.5706322,-7.865881652824314e-05,2.709393,2.709305,8.80244445800038e-05
20.0,40.0,8.0,6.0,0.6864029,0.6865999,-0.00019698309173588058,3.5117548,3.51175,4.7512054441867235e-06,2.9122772,2.912275,2.221679687330891e-06
18.0,50.0,10.0,9.0,0.72822213,0.7282394,-1.726827087400462e-05,3.120945,3.120853,9.197680664074781e-05,3.6526983,3.6526868,1.1478427123901014e-05
20.0,50.0,1.0,3.0,0.27608386,0.27644995,-0.0003660931789398192,4.2838745,4.2844253,-0.000550788281249659,2.9841316,2.9845002,-0.00036862536926252076
17.0,30.0,6.0,10.0,0.93141305,0.9314246,-1.1545533752488346e-05,1.8392334,1.8391619,7.149843750009488e-05,2.2202377,2.2201352,0.00010253193359366364
18.0,40.0,8.0,9.0,0.8683071,0.86834216,-3.504635253903654e-05,2.6219215,2.6219215,3.9306640609027e-08,2.9134848,2.9133775,0.0001073117828367387
20.0,40.0,11.0,7.0,0.7044277,0.70452493,-9.721088378911169e-05,3.4120312,3.412,3.117370605476566e-05,3.2109149,3.2108498,6.505023498526441e-05
19.0,30.0,5.0,8.0,0.90966344,0.9096849,-2.146120300294818e-05,2.5466135,2.5465484,6.505481872576269e-05,2.295929,2.2958953,3.3655078124805726e-05
17.0,50.0,10.0,10.0,0.78197634,0.7819667,9.642201232895609e-06,2.7811375,2.7811568,-1.9333569336144052e-05,3.6053624,3.6053877,-2.5284686279380963e-05
18.0,50.0,20.0,10.0,0.44274077,0.4426868,5.396819419861698e-05,2.8552716,2.856011,-0.0007394221649170696,4.6586876,4.659003,-0.0003154084472658525
17.0,40.0,9.0,10.0,0.88829285,0.8883259,-3.305093612671062e-05,2.2816465,2.281596,5.0490097045940985e-05,2.9170065,2.9168456,0.00016089261474627747
20.0,20.0,10.0,9.0,0.8788083,0.8789999,-0.00019158043136591196,2.5022712,2.50175,0.0005211753845215661,2.4385948,2.438125,0.00046981811523449934
19.0,50.0,4.0,7.0,0.63305753,0.6329506,0.000106934694671601,3.5891044,3.5891712,-6.678601379395133e-05,3.3316593,3.3316457,1.3617016601408238e-05
20.0,30.0,17.0,10.0,0.7601122,0.76044995,-0.00033772399063114467,2.7210252,2.7207248,0.0003004285003660456,3.6202607,3.6194499,0.0008108154846189208
17.0,30.0,3.0,10.0,0.93426216,0.9342588,3.356486511285617e-06,1.7794152,1.7792764,0.00013884982452383454,2.0923443,2.0922325,0.00011178405761702592
20.0,30.0,14.0,9.0,0.80900484,0.8090999,-9.505676498411386e-05,2.8294573,2.8291998,0.00025748302001948886,3.1933756,3.1931999,0.00017568746337870422
20.0,20.0,6.0,8.0,0.90737736,0.9074499,-7.253774871829322e-05,2.5370307,2.5368001,0.00023059686889670417,2.0763643,2.076125,0.00023927879333474067
20.0,50.0,14.0,6.0,0.33079168,0.33099997,-0.00020828799507138784,3.9339786,3.9341002,-0.00012164241333012527,3.8912334,3.8914,-0.00016655578613278266
19.0,50.0,3.0,7.0,0.63174266,0.63163227,0.000110386230926518,3.582812,3.5828173,-5.229153442254386e-06,3.3108482,3.3108509,-2.6639160157770903e-06
19.0,40.0,18.0,10.0,0.6759348,0.67599016,-5.536843505860034e-05,2.760574,2.760787,-0.00021289759826670362,4.0368466,4.0370755,-0.0002288622741701829
17.0,50.0,9.0,10.0,0.7976422,0.7976615,-1.9328617095970557e-05,2.788638,2.7886949,-5.6785070800646764e-05,3.5489664,3.5490036,-3.7192224120907724e-05
20.0,10.0,7.0,10.0,0.8550585,0.8552,-0.00014150876998897388,2.0748262,2.073975,0.0008512405395508793,1.9630384,1.9621999,0.0008385445190428609
18.0,30.0,3.0,9.0,0.92834485,0.92843425,-8.940422821046567e-05,2.1243644,2.1241915,0.0001728760681154462,2.154723,2.1547,2.2929000854432502e-05
20.0,50.0,16.0,6.0,0.2253224,0.22559986,-0.0002774644368744028,3.8908372,3.8912,-0.00036280746459960156,4.0608215,4.0612,-0.0003784667968753652
18.0,40.0,2.0,9.0,0.88597745,0.88597107,6.377032928495119e-06,2.552967,2.5530243,-5.7228466797010213e-05,2.685342,2.6852908,5.1273440551558025e-05
19.0,40.0,4.0,7.0,0.7804086,0.78046376,-5.513916564936494e-05,3.0625567,3.0625134,4.334362182634166e-05,2.6924217,2.692468,-4.632527160630673e-05
20.0,30.0,10.0,8.0,0.8684384,0.8684999,-6.14773200988683e-05,2.9170117,2.917,1.1737823486512866e-05,2.749071,2.7489998,7.108279724121758e-05
19.0,50.0,5.0,7.0,0.6299057,0.6298691,3.660068359379043e-05,3.5931938,3.5930753,0.0001184694549558607,3.3580823,3.3580403,4.199446411146113e-05
19.0,20.0,2.0,9.0,0.93945265,0.93948215,-2.950183715821897e-05,2.0033512,2.0030687,0.0002825115478515272,1.8138486,1.8136439,0.0002047146926880128
19.0,50.0,20.0,9.0,0.35470402,0.35522425,-0.0005202275924682809,3.2243264,3.2252135,-0.0008871278533937321,4.705998,4.7063823,-0.0003843561218257463
20.0,40.0,12.0,7.0,0.6660372,0.66615,-0.00011279811859132849,3.4083745,3.4083002,7.434795837424346e-05,3.284743,3.2846746,6.847060241677028e-05
19.0,30.0,6.0,8.0,0.8974789,0.8975033,-2.4421501922611277e-05,2.5648375,2.5648024,3.5055749511681e-05,2.3435738,2.34354,3.38086700439888e-05
19.0,40.0,7.0,8.0,0.8489561,0.8490336,-7.749190673833617e-05,2.9925992,2.9926395,-4.0251113891720536e-05,2.9163914,2.9163373,5.407268066415227e-05
20.0,30.0,18.0,10.0,0.6995064,0.69969994,-0.00019353798431398506,2.7146134,2.7145998,1.3637652588105453e-05,3.7385206,3.7381997,0.00032092225341795455
18.0,30.0,2.0,9.0,0.9239822,0.9239974,-1.519699325558399e-05,2.099046,2.0989585,8.749189758283649e-05,2.1236627,2.1235604,0.00010231018981921025
19.0,40.0,1.0,8.0,0.8607967,0.860773,2.3689987182606842e-05,2.9066522,2.9068158,-0.00016358785705561374,2.723733,2.723619,0.00011394830322286609
19.0,50.0,13.0,8.0,0.5786288,0.578756,-0.00012722154235844663,3.4591894,3.4590461,0.00014331497802722026,3.901285,3.901209,7.593309020981209e-05
20.0,50.0,9.0,3.0,0.14527678,0.14564994,-0.0003731551031494196,4.2711787,4.271625,-0.0004462776184084305,3.1818311,3.1821003,-0.0002691785552979553
19.0,20.0,1.0,9.0,0.93512,0.9351387,-1.8713465881337044e-05,1.9661262,1.9658397,0.00028650353698722597,1.7800994,1.7798743,0.00022509193725595011
18.0,50.0,3.0,9.0,0.76969844,0.7696315,6.694102859494677e-05,3.1195633,3.1195729,-9.558859253022689e-06,3.377575,3.3776605,-8.557934570330161e-05
18.0,40.0,9.0,9.0,0.8499458,0.850004,-5.821638488767711e-05,2.6248565,2.6248295,2.69720153807107e-05,2.971137,2.970992,0.00014504681396498853
19.0,20.0,9.0,10.0,0.92409676,0.9241756,-7.883686599730044e-05,2.0798712,2.0795608,0.0003103776733399677,2.2854574,2.2851427,0.0003146726654050802
18.0,50.0,11.0,9.0,0.7047189,0.7047262,-7.312194061248611e-06,3.111188,3.111236,-4.806512451160927e-05,3.7143166,3.7143764,-5.979347839346616e-05
20.0,40.0,5.0,5.0,0.64418864,0.64437497,-0.00018632749816893668,3.5987155,3.5987496,-3.4056253051861773e-05,2.6723318,2.6725001,-0.00016829000244156234
20.0,50.0,18.0,7.0,0.24908322,0.2495,-0.00041677904129028276,3.7615752,3.7613997,0.00017552201538073575,4.393603,4.3936005,2.348052978717874e-06
18.0,40.0,10.0,9.0,0.8272048,0.8272658,-6.0976506042531575e-05,2.6253202,2.6252873,3.2896151733297074e-05,3.034347,3.0342066,0.00014045734252920994
19.0,30.0,1.0,8.0,0.9144087,0.91441125,-2.566223144540025e-06,2.4491165,2.4490328,8.3668429565531e-05,2.161397,2.1613162,8.078028564462159e-05
20.0,40.0,2.0,5.0,0.6691442,0.6691999,-5.568680038448015e-05,3.5603623,3.56035,1.2339019775264859e-05,2.59381,2.5938249,-1.4818518066395114e-05
19.0,40.0,14.0,9.0,0.7548613,0.754877,-1.5704776763936223e-05,2.894924,2.895032,-0.00010807460021977633,3.5122662,3.512286,-1.9840942382831628e-05
20.0,20.0,1.0,7.0,0.8875469,0.8875249,2.199693450932738e-05,2.509249,2.5089998,0.00024917193908713386,1.7830509,1.7828498,0.0002010947372437233
20.0,20.0,7.0,8.0,0.8862603,0.88637495,-0.00011467892761229947,2.562551,2.5621502,0.0004008215759276901,2.1379948,2.1375997,0.00039506623535157104
19.0,40.0,8.0,8.0,0.831616,0.8316771,-6.111556015009345e-05,2.998374,2.9983685,5.485290527129649e-06,2.9681356,2.9680572,7.839532165521135e-05
19.0,50.0,6.0,7.0,0.62242866,0.6223875,4.1155624389666023e-05,3.5944836,3.5945292,-4.558603210469414e-05,3.3900023,3.3900352,-3.294932861308553e-05
17.0,50.0,12.0,10.0,0.73735005,0.73737717,-2.712336532595394e-05,2.758718,2.7587306,-1.2586236572076359e-05,3.7349381,3.7349565,-1.8355316162121937e-05
20.0,50.0,4.0,2.0,0.14857048,0.14919998,-0.0006295020375061133,4.3961773,4.3968,-0.000622708129882632,2.8953393,2.896,-0.0006607494354247123
18.0,50.0,2.0,9.0,0.7580655,0.7579447,0.00012082171707150646,3.1095724,3.1095898,-1.7389416504087762e-05,3.3606396,3.3607712,-0.00013162785644516006
19.0,30.0,11.0,9.0,0.8678979,0.86793476,-3.683223892214649e-05,2.5176988,2.5176618,3.696480102544086e-05,2.7624784,2.7623744,0.00010395159301745949
20.0,50.0,10.0,3.0,0.10930812,0.10949993,-0.0001918064114379836,4.2588453,4.259001,-0.0001556707153316239,3.2319705,3.232,-2.945137023946387e-05
18.0,20.0,3.0,10.0,0.93280125,0.9328145,-1.3253356933584648e-05,1.663554,1.6632293,0.0003246531707763456,1.7812943,1.7809659,0.00032844585571289997
20.0,40.0,9.0,6.0,0.6586248,0.658875,-0.0002501721382140998,3.5138679,3.51385,1.7855072021344398e-05,2.9678693,2.9679,-3.071823120137651e-05
20.0,30.0,3.0,6.0,0.83232486,0.83234996,-2.509751983648112e-05,3.0367408,3.036625,0.00011577987670907675,2.1921911,2.1921496,4.1523962402312264e-05
17.0,50.0,3.0,10.0,0.7994586,0.7994299,2.8722932434055437e-05,2.7824085,2.7824738,-6.532412414550492e-05,3.328235,3.3282983,-6.338903503433357e-05
19.0,50.0,14.0,8.0,0.53836983,0.5386244,-0.00025456557693481763,3.4424853,3.4424503,3.503248901370881e-05,3.9792814,3.9794037,-0.00012227452392599147
20.0,10.0,5.0,10.0,0.88969374,0.89,-0.00030626296997071645,1.9998262,1.9993749,0.000451292855834895,1.8251917,1.825,0.00019173622131352097
20.0,10.0,4.0,9.0,0.8483992,0.8485999,-0.00020067810287471843,2.100905,2.1002,0.0007049415588378238,1.7068322,1.7062,0.0006321704864502564
17.0,50.0,2.0,10.0,0.7843836,0.7843245,5.90949897766313e-05,2.7727444,2.7728617,-0.000117282809448227,3.3109462,3.3111145,-0.00016827388000484333
20.0,30.0,8.0,7.0,0.8333847,0.83349997,-0.00011527733108518401,3.0079005,3.0079002,2.7645568856371483e-07,2.5171978,2.5170996,9.824736633312625e-05
16.0,30.0,4.0,10.0,0.8723222,0.87233734,-1.5138271179160334e-05,1.5791695,1.5791286,4.0911795043951926e-05,1.9890162,1.9888899,0.00012627527008057804
19.0,30.0,7.0,8.0,0.88095087,0.8809217,2.916812973019489e-05,2.5811157,2.5806065,0.0005092226562499746,2.396863,2.3967845,7.848370361340784e-05
19.0,50.0,2.0,7.0,0.62605613,0.6259138,0.00014233470077518184,3.5739937,3.5740132,-1.951713867187621e-05,3.2956483,3.295656,-7.663589477679977e-06
20.0,30.0,11.0,8.0,0.8332946,0.8334499,-0.00015532955398556147,2.9249194,2.9249249,-5.533163452309253e-06,2.8258092,2.8257496,5.964034118655093e-05
18.0,30.0,6.0,9.0,0.9153508,0.9153447,6.09479217528186e-06,2.1852612,2.18519,7.124954223636237e-05,2.2818255,2.2817183,0.00010724244995108378
17.0,50.0,13.0,10.0,0.7084371,0.70848256,-4.5474848327620165e-05,2.7436543,2.743842,-0.00018774890136707967,3.8081102,3.80814,-2.976287841782721e-05
19.0,50.0,17.0,9.0,0.53380483,0.53396904,-0.00016420611099243754,3.3066866,3.3071015,-0.00041486021423331465,4.3836613,4.3835983,6.297014160150383e-05
20.0,40.0,1.0,5.0,0.66861737,0.66867495,-5.758225555418939e-05,3.5428271,3.5426497,0.00017742936401354825,2.5787675,2.5788,-3.246192932149228e-05
19.0,40.0,9.0,8.0,0.8098618,0.8099205,-5.8720787048383016e-05,3.001665,3.0016475,1.76153564455106e-05,3.0254922,3.0253773,0.00011489131469710756
18.0,20.0,6.0,10.0,0.9164101,0.9165,-8.991146087644619e-05,1.7518164,1.7517531,6.329194488530199e-05,1.9336473,1.9335593,8.797497100831997e-05
20.0,40.0,6.0,5.0,0.6271079,0.62729985,-0.00019193173751830273,3.6066113,3.6066499,-3.864816894516565e-05,2.7098436,2.709925,-8.136444091810802e-05
19.0,50.0,8.0,7.0,0.594194,0.59422433,-3.0335001068082512e-05,3.590029,3.5900872,-5.819876403823088e-05,3.4707973,3.4708245,-2.719966125486195e-05
19.0,50.0,17.0,8.0,0.39172432,0.39182958,-0.00010526173408509365,3.378078,3.3779619,0.00011608385620132111,4.2475996,4.247588,1.1601745605105407e-05
19.0,20.0,10.0,10.0,0.89581573,0.895869,-5.326990509035845e-05,2.0989244,2.0987396,0.0001847984222411725,2.3652987,2.3651125,0.0001862480163574709
18.0,40.0,14.0,10.0,0.80982506,0.80984217,-1.710724823000831e-05,2.5240464,2.524148,-0.00010157894897444564,3.4565356,3.4565856,-5.0022225952073285e-05
20.0,40.0,10.0,6.0,0.6264759,0.6267499,-0.00027402939071652366,3.5134602,3.5135002,-4.0040698242371775e-05,3.02912,3.0291252,-5.23158569354365e-06
20.0,30.0,2.0,6.0,0.83725846,0.8373,-4.15418624878372e-05,3.0121794,3.0121999,-2.052530517593354e-05,2.1630416,2.1629999,4.169164428713401e-05
20.0,50.0,6.0,2.0,0.11076516,0.111399904,-0.0006347448699035585,4.3898897,4.3905,-0.0006102828979495101,2.9419658,2.9426,-0.0006341815948487373
18.0,30.0,11.0,10.0,0.9005009,0.9006579,-0.0001570064071655386,2.1436808,2.1439834,-0.0003025890716554791,2.698954,2.6992369,-0.0002827946228025624
19.0,50.0,4.0,6.0,0.5239033,0.52396125,-5.793970108036728e-05,3.680108,3.6801815,-7.342962646506024e-05,3.2138538,3.2138352,1.8636059570198427e-05
19.0,40.0,15.0,9.0,0.7092283,0.70927036,-4.208279357909017e-05,2.8851748,2.885161,1.375128173819462e-05,3.6046002,3.6046054,-5.208883667062736e-06
19.0,40.0,3.0,7.0,0.78271294,0.7827704,-5.7463598632789825e-05,3.0485384,3.0485346,3.846426391618252e-06,2.6645458,2.6645482,-2.42554016116614e-06
20.0,50.0,19.0,7.0,0.18312919,0.18394998,-0.0008207886013794075,3.730819,3.732925,-0.0021060131072996313,4.498206,4.4995003,-0.0012941613891603865
17.0,40.0,10.0,10.0,0.86898655,0.8690063,-1.9753006744394064e-05,2.281637,2.281683,-4.604664611829179e-05,2.9804523,2.980355,9.729911804212676e-05
20.0,40.0,19.0,9.0,0.543463,0.5437249,-0.0002619082855224164,3.1410925,3.1412,-0.00010746116638182812,4.210497,4.2104497,4.7202465820461725e-05
19.0,40.0,10.0,8.0,0.78368974,0.78376377,-7.403268005368169e-05,3.0024996,3.0024765,2.308038330056661e-05,3.088428,3.088297,0.00013102047729507404
20.0,40.0,4.0,4.0,0.56045985,0.5605999,-0.00014004778137211016,3.6981246,3.69795,0.00017464714050285934,2.5355914,2.5355752,1.6163906860544586e-05
18.0,30.0,1.0,9.0,0.91514647,0.9151606,-1.4129930114736844e-05,2.0713725,2.0712757,9.680900268538295e-05,2.098123,2.098021,0.00010207357788072358
18.0,40.0,1.0,9.0,0.8735118,0.87350917,2.6212292481009314e-06,2.5328789,2.5329664,-8.752426757796528e-05,2.6669087,2.6668763,3.244099731425365e-05
20.0,50.0,2.0,2.0,0.16874978,0.16939995,-0.0006501705371856625,4.392618,4.3933,-0.0006818206787109204,2.8710954,2.8718002,-0.0007047810699463142
20.0,30.0,4.0,6.0,0.82297087,0.823,-2.913284301753194e-05,3.058603,3.0585997,3.3483245851506638e-06,2.226941,2.2269,4.110870361317964e-05
19.0,50.0,1.0,7.0,0.6159697,0.61579543,0.00017428750259396164,3.5628622,3.5627594,0.00010275782165525271,3.2860403,3.2860613,-2.09939086914801e-05
20.0,40.0,15.0,8.0,0.6488656,0.6491249,-0.0002593194412231492,3.289837,3.29,-0.00016311645507816053,3.6601706,3.66025,-7.94448852539098e-05
18.0,40.0,11.0,9.0,0.8000979,0.8001277,-2.9817252349850776e-05,2.6232805,2.6232953,-1.4774792480576338e-05,3.1031084,3.1030207,8.770606689445515e-05
16.0,40.0,7.0,10.0,0.8483611,0.8482308,0.00013027492446904265,2.0385644,2.0389073,-0.0003428564117431421,2.6536493,2.6539874,-0.0003380698608399513
20.0,40.0,13.0,7.0,0.62328184,0.623375,-9.316349029542259e-05,3.402205,3.4021502,5.4790386962988435e-05,3.3641567,3.3641,5.672302246084726e-05
17.0,50.0,14.0,10.0,0.675143,0.67518777,-4.476653625484772e-05,2.726625,2.726504,0.00012096566772479278,3.8870444,3.8869247,0.00011972977905294613
20.0,50.0,1.0,2.0,0.17224377,0.17289995,-0.0006561760627746549,4.387253,4.387875,-0.0006221923828126918,2.8673525,2.8681,-0.0007475143432618125
20.0,20.0,14.0,10.0,0.80034137,0.8005499,-0.00020853227844241928,2.440351,2.4399002,0.0004508093688966319,2.9015505,2.900925,0.0006255313873291257
18.0,50.0,12.0,9.0,0.67676103,0.67681307,-5.203884918214552e-05,3.0991428,3.0991693,-2.651015930155154e-05,3.7816195,3.781666,-4.645120239255007e-05
17.0,30.0,2.0,10.0,0.9264074,0.92640364,3.7567933655058283e-06,1.7544389,1.7544144,2.4477105712961134e-05,2.0608323,2.0607984,3.386203918465114e-05
18.0,50.0,1.0,9.0,0.74201035,0.7418578,0.0001525549957275274,3.0970628,3.0971572,-9.437384338362165e-05,3.3493986,3.3494816,-8.298702392561808e-05
20.0,40.0,3.0,4.0,0.57128215,0.57142496,-0.0001428116387939271,3.6869035,3.6866999,0.00020357671508808295,2.5107493,2.5107498,-4.5994262709569966e-07
19.0,30.0,14.0,10.0,0.851496,0.85162956,-0.0001335787835693436,2.4291043,2.4286132,0.0004911281555175506,3.1283145,3.127919,0.000395495086670028
20.0,40.0,16.0,8.0,0.59557635,0.5956999,-0.00012355407943720476,3.278125,3.27805,7.504768371591197e-05,3.7579,3.7578747,2.5299618530372214e-05
20.0,50.0,12.0,3.0,0.024201274,0.023999944,0.00020132991815185672,4.2266054,4.2264,0.00020541534423834662,3.3488693,3.3486001,0.00026922373046867065
20.0,20.0,2.0,7.0,0.88584256,0.88589996,-5.7398278198284025e-05,2.545277,2.54505,0.0002271186828615157,1.8151301,1.8149248,0.000205314555358882
17.0,30.0,1.0,10.0,0.91415966,0.9141483,1.1355570983861973e-05,1.7271119,1.7271028,9.13561553961273e-06,2.0350184,2.0349638,5.4644061279418565e-05
17.0,40.0,1.0,10.0,0.88447595,0.8844838,-7.853573608440634e-06,2.192726,2.1927013,2.4596835327184152e-05,2.6104262,2.610372,5.418751525887444e-05
20.0,30.0,15.0,9.0,0.75881606,0.75899994,-0.00018387659591678762,2.8291807,2.8288748,0.0003059174682618071,3.294149,3.2937496,0.0003993219665527903
20.0,50.0,17.0,6.0,0.16574106,0.16629994,-0.0005588837961578441,3.865076,3.8660755,-0.0009994349365234356,4.153971,4.1545,-0.000528804779052372
20.0,40.0,7.0,5.0,0.6055147,0.6058248,-0.000310094818878226,3.6119194,3.6121001,-0.00018069692382827185,2.7529294,2.75295,-2.055091857888769e-05
18.0,20.0,1.0,10.0,0.9216411,0.9216908,-4.968862609866509e-05,1.5923189,1.5919635,0.00035539247894278425,1.707581,1.7072369,0.00034414324340814595
17.0,40.0,11.0,10.0,0.84523726,0.8452865,-4.924490356450484e-05,2.2792726,2.2793195,-4.694369506852425e-05,3.0495267,3.049464,6.269143676762567e-05
19.0,50.0,18.0,9.0,0.4785827,0.47878745,-0.00020473997230530117,3.2826853,3.282256,0.0004292798461915659,4.486012,4.485593,0.0004189819641116088
20.0,30.0,9.0,7.0,0.8046288,0.80469996,-7.117057510375169e-05,3.0192094,3.019175,3.438491821272649e-05,2.5813682,2.5812502,0.00011800793151861555
18.0,50.0,6.0,8.0,0.6663284,0.6664131,-8.472942886350587e-05,3.2147422,3.2149422,-0.00020001631469712677,3.3440297,3.344108,-7.833500671372562e-05
20.0,50.0,7.0,2.0,0.08545339,0.08589993,-0.000446538924865722,4.383007,4.3836746,-0.0006675504394531018,2.973889,2.9743,-0.0004108875274657642
17.0,30.0,8.0,10.0,0.9075117,0.9075352,-2.3488879394517603e-05,1.8668754,1.8668355,3.991007995596263e-05,2.333477,2.3334033,7.372026367180595e-05
18.0,50.0,5.0,8.0,0.670407,0.6704764,-6.94027961730681e-05,3.2140043,3.2138598,0.00014447818298357618,3.3115592,3.3118186,-0.00025939971313482246
19.0,40.0,5.0,7.0,0.77370834,0.7737572,-4.8856494140658846e-05,3.074016,3.074042,-2.590579223626932e-05,2.7259638,2.7259877,-2.3869052124148027e-05
20.0,50.0,8.0,2.0,0.055607557,0.055999916,-0.0003923587032470671,4.373849,4.3743997,-0.0005507848999020126,3.011267,3.0116,-0.00033305320739751565
18.0,50.0,13.0,9.0,0.6444719,0.6445,-2.811622619625087e-05,3.0845156,3.0846517,-0.0001361284057619372,3.8544803,3.8545554,-7.51334289552652e-05
19.0,40.0,2.0,7.0,0.7806406,0.78067696,-3.635788818356911e-05,3.0320752,3.0321054,-3.023329772933181e-05,2.642222,2.6422281,-6.172357177813836e-06
20.0,20.0,8.0,8.0,0.86091125,0.86089987,1.1380114440906475e-05,2.5851917,2.58505,0.00014172668457046456,2.2047849,2.204675,0.00010987014770513781
18.0,50.0,14.0,9.0,0.60773224,0.6077868,-5.4563614654501436e-05,3.067723,3.0676847,3.8335812377887635e-05,3.933059,3.9330447,1.4277127075246199e-05
20.0,30.0,1.0,6.0,0.83777,0.83785,-8.001480102537428e-05,2.9853213,2.9853249,-3.6166595460684903e-06,2.1395078,2.1394498,5.7970538330121e-05
20.0,20.0,13.0,10.0,0.8468275,0.8473249,-0.0004973929809570787,2.429856,2.4286,0.0012560619354249347,2.7987618,2.7974498,0.0013120446350098902
18.0,30.0,7.0,9.0,0.9021405,0.9021816,-4.110183868410999e-05,2.200747,2.200623,0.0001240130920407978,2.3354084,2.335258,0.00015044917297357685
19.0,50.0,10.0,7.0,0.54840195,0.5484612,-5.924821014402504e-05,3.575749,3.5758448,-9.587955932621739e-05,3.5739937,3.574014,-2.0317138671899215e-05
20.0,30.0,16.0,9.0,0.7043292,0.70449984,-0.0001706473616027715,2.8264802,2.8260999,0.0003802502227783222,3.4002852,3.3999,0.00038524398803696513
20.0,50.0,7.0,1.0,-0.033212125,-0.032950066,-0.0002620593013610839,4.4783096,4.4778247,0.00048493134765603685,2.8493454,2.8494997,-0.0001542543670653984
17.0,40.0,7.0,9.0,0.8162921,0.81629694,-4.832894744843941e-06,2.355598,2.3556042,-6.227130127101077e-06,2.7057393,2.7056956,4.365971984876538e-05
20.0,20.0,3.0,7.0,0.87991035,0.8798749,3.544984588621514e-05,2.5788906,2.57865,0.00024056205749500847,1.8527793,1.8525999,0.0001793692184448581
17.0,50.0,1.0,10.0,0.764918,0.7648193,9.872930831911209e-05,2.7605078,2.7608004,-0.0002925779632567682,3.299307,3.29953,-0.00022289207458481286
18.0,50.0,15.0,9.0,0.5666144,0.56667364,-5.9250580444314416e-05,3.0482945,3.0482676,2.6944219970737038e-05,4.0172114,4.0171347,7.673722534207172e-05
20.0,30.0,5.0,6.0,0.80920416,0.80925,-4.583883285524948e-05,3.0781085,3.0781248,-1.625088195789104e-05,2.2672532,2.26725,3.1604766843607024e-06
19.0,20.0,11.0,10.0,0.8631225,0.86316246,-3.993716903682998e-05,2.1157112,2.1154687,0.0002425121582030343,2.4509149,2.4506824,0.00023245977172869914
17.0,40.0,5.0,9.0,0.8292386,0.8292364,2.1935783386384244e-06,2.3413494,2.3413801,-3.0736672973485923e-05,2.6205943,2.6206772,-8.293692321759139e-05
19.0,30.0,8.0,8.0,0.85991234,0.85994023,-2.789412734982566e-05,2.5940108,2.5939605,5.0329925536996e-05,2.4556675,2.4556296,3.789572753909454e-05
20.0,40.0,17.0,8.0,0.5377001,0.53787494,-0.0001748233656311271,3.2632911,3.2636497,-0.0003585794708254042,3.8610196,3.8610997,-8.008864135744531e-05
20.0,30.0,12.0,8.0,0.79392004,0.7939999,-7.985986938474632e-05,2.9304652,2.9303997,6.552140502913417e-05,2.9082377,2.9080997,0.00013799569396955036
20.0,40.0,2.0,4.0,0.5777369,0.5778499,-0.00011298584213259577,3.6731951,3.6729999,0.00019522367248514527,2.4915376,2.491525,1.2570953368928883e-05
17.0,40.0,12.0,10.0,0.8171489,0.8171668,-1.7876126098603784e-05,2.2744815,2.2745066,-2.5065042114302827e-05,3.1242495,3.1241734,7.605831298818089e-05
18.0,50.0,7.0,8.0,0.65791017,0.65795004,-3.9871829071058684e-05,3.2135563,3.2135756,-1.9310327148414075e-05,3.3820055,3.3819973,8.153109741115827e-06
17.0,50.0,15.0,10.0,0.637417,0.6374931,-7.608158645633356e-05,2.7066913,2.706716,-2.4734893798949997e-05,3.9713564,3.9713092,4.719190673840856e-05
19.0,30.0,3.0,7.0,0.8438465,0.84390855,-6.205008010862212e-05,2.616868,2.6167517,0.00011631910400389245,2.1320944,2.1319952,9.918323974611454e-05
19.0,20.0,7.0,9.0,0.8951845,0.8951993,-1.4783093261749869e-05,2.1525388,2.1524632,7.557639770494617e-05,2.066584,2.0664928,9.131026000996911e-05
19.0,30.0,12.0,9.0,0.83180547,0.8319033,-9.783239440919189e-05,2.5229084,2.522766,0.0001424491729737909,2.8452234,2.845019,0.0002044268188474696
20.0,40.0,11.0,6.0,0.59009176,0.59022486,-0.00013309507308956192,3.5106554,3.5107,-4.459686279290054e-05,3.0959902,3.09595,4.0180969238079456e-05
18.0,50.0,8.0,8.0,0.64507043,0.6450869,-1.6466383361835035e-05,3.2096932,3.2097583,-6.510656433089679e-05,3.425483,3.425487,-4.011642456003273e-06
20.0,50.0,9.0,2.0,0.021398962,0.021699931,-0.00030096945596313346,4.362222,4.362675,-0.0004528053283694433,3.0542457,3.0545,-0.0002542896270751882
20.0,30.0,6.0,6.0,0.7910274,0.7910999,-7.247328033443967e-05,3.0951471,3.0951998,-5.266712646490035e-05,2.3132095,2.3132002,9.333691406432365e-06
18.0,40.0,4.0,8.0,0.80565923,0.8056659,-6.66547622685254e-06,2.6797223,2.6797607,-3.839088745127839e-05,2.6394124,2.6393988,1.3603106689519251e-05
18.0,30.0,8.0,9.0,0.8845816,0.88461846,-3.6834538421626206e-05,2.2136953,2.2136059,8.938770446764721e-05,2.394485,2.3943973,8.769679565423516e-05
18.0,50.0,4.0,8.0,0.6701414,0.6701395,1.8989067077646027e-06,3.210277,3.2103267,-4.961946411130569e-05,3.285073,3.285129,-5.595808410641112e-05
18.0,40.0,15.0,10.0,0.767616,0.767654,-3.8026050567574465e-05,2.5138085,2.5139055,-9.701115417470874e-05,3.5492475,3.5492,4.7503280639737966e-05
20.0,50.0,15.0,5.0,0.14097035,0.14124992,-0.00027957068817138775,3.9954283,3.9956253,-0.0001969762542723963,3.8373642,3.8375,-0.00013580322265616118
19.0,40.0,6.0,7.0,0.7625843,0.7626507,-6.637134857179205e-05,3.083059,3.0831213,-6.222750549333966e-05,2.7651305,2.7651074,2.3119866943144274e-05
19.0,50.0,11.0,7.0,0.51890624,0.5189796,-7.336430511473147e-05,3.5649388,3.565049,-0.00011021635437025168,3.6339896,3.634009,-1.9427474975408643e-05
18.0,30.0,9.0,9.0,0.8626375,0.8626553,-1.778016357423251e-05,2.224163,2.2241387,2.435541992173995e-05,2.459157,2.4591367,2.0290051269356013e-05
20.0,30.0,19.0,10.0,0.63433623,0.6345499,-0.00021366686096191412,2.7065778,2.7060246,0.0005531778625487149,3.8631282,3.86255,0.000578185272216647
19.0,20.0,2.0,8.0,0.8797886,0.8798427,-5.4122443389870156e-05,2.1296444,2.129429,0.00021539392089842124,1.7453238,1.7451334,0.0001903771987914471
19.0,40.0,11.0,8.0,0.7531131,0.7532072,-9.410900802608868e-05,3.0008824,3.0008552,2.7187161254715875e-05,3.156942,3.1568162,0.00012569071655255115
20.0,20.0,4.0,7.0,0.8693771,0.8694499,-7.282337417602314e-05,2.6099799,2.6098,0.00017986793518076638,1.896074,1.8958749,0.00019915662536629242
20.0,40.0,1.0,4.0,0.5798959,0.57987493,2.0983600921620216e-05,3.6569295,3.6568499,7.959295043935555e-05,2.477889,2.4779,-1.0939025878897723e-05
18.0,50.0,16.0,9.0,0.52108544,0.5211605,-7.505888748171596e-05,3.0264144,3.0264006,1.379437866200206e-05,4.1068196,4.1068234,-3.7703308102265964e-06
19.0,50.0,20.0,8.0,0.20489624,0.20543486,-0.0005386185735321014,3.2908857,3.2914236,-0.0005379131256102454,4.566055,4.566172,-0.00011717898559560069
19.0,30.0,4.0,7.0,0.8379364,0.83797693,-4.0528632812453225e-05,2.63842,2.6383553,6.480498046856908e-05,2.1671216,2.16704,8.164878845207113e-05
18.0,30.0,12.0,10.0,0.8679895,0.86804485,-5.53695045470981e-05,2.148857,2.1487167,0.00014041669921871502,2.7823973,2.7821763,0.0002209702026365612
20.0,40.0,14.0,7.0,0.5760892,0.57619995,-0.00011074664230348308,3.3935852,3.3935502,3.5005078125038835e-05,3.4491868,3.4491248,6.200191040051095e-05
17.0,50.0,16.0,10.0,0.5953217,0.5953982,-7.648512191771317e-05,2.6842527,2.6844778,-0.0002250610473630843,4.061325,4.061293,3.2073242187458106e-05
20.0,50.0,11.0,2.0,-0.059434116,-0.06010006,0.0006659441133117644,4.3319426,4.331876,6.655828857393686e-05,3.1576257,3.1571002,0.0005254752014161035
19.0,30.0,15.0,10.0,0.80489826,0.80494803,-4.9767976074255316e-05,2.4281003,2.4279172,0.00018314751892090086,3.228937,3.228764,0.00017291062927249357
18.0,50.0,9.0,8.0,0.6277718,0.6278237,-5.190520400999432e-05,3.2033205,3.203491,-0.00017049676513680723,3.4745576,3.4745765,-1.8861831664995776e-05
19.0,30.0,2.0,7.0,0.8454009,0.84544015,-3.922054901117633e-05,2.5927548,2.5926974,5.744085083003725e-05,2.1026394,2.1025505,8.893672180176893e-05
20.0,50.0,10.0,2.0,-0.017287433,-0.01700008,-0.0002873531474304192,4.3481708,4.3485007,-0.00032994270629860267,3.1028037,3.1030002,-0.00019649287719714081
20.0,30.0,7.0,6.0,0.7684576,0.76855,-9.240846633906674e-05,3.1097827,3.109825,-4.230422973616754e-05,2.3648267,2.3647501,7.657922973614006e-05
17.0,40.0,6.0,9.0,0.82496524,0.82496667,-1.4314288330208313e-06,2.3496099,2.3497171,-0.00010724816284168881,2.66035,2.6603863,-3.621569519030032e-05
19.0,40.0,20.0,10.0,0.5499598,0.550277,-0.0003172212142944497,2.7225597,2.7220948,0.0004648904754640526,4.2755747,4.274915,0.0006596841430663858
19.0,20.0,3.0,8.0,0.87714875,0.8772362,-8.745255584718947e-05,2.1628149,2.162658,0.00015685557556155416,1.7832918,1.7831031,0.00018871671142584034
20.0,50.0,16.0,5.0,0.08344334,0.08379987,-0.00035652636062621923,3.9710293,3.9714003,-0.0003710183837890568,3.9234838,3.9237998,-0.000315951428222494
19.0,40.0,7.0,7.0,0.7470785,0.74714404,-6.556166366578076e-05,3.089715,3.08975,-3.49960327148402e-05,2.8098593,2.809827,3.227581787124123e-05
18.0,40.0,6.0,8.0,0.7947109,0.7946896,2.1274557495121194e-05,2.6996634,2.6996264,3.70006500243214e-05,2.7126856,2.7126274,5.818502197252329e-05
20.0,10.0,6.0,10.0,0.87460244,0.87479997,-0.00019753298065183778,2.038818,2.0379,0.0009178825378417521,1.8915504,1.8908,0.0007504217147826786
19.0,50.0,16.0,8.0,0.44483426,0.44516113,-0.00032686786735536266,3.4016442,3.4019082,-0.0002639701110838111,4.1522703,4.152593,-0.000322682922363704
17.0,50.0,7.0,9.0,0.7036131,0.7036325,-1.939756393432024e-05,2.8672469,2.867203,4.386622619634295e-05,3.336711,3.3366036,0.00010732987060535493
19.0,50.0,5.0,6.0,0.518232,0.5183296,-9.761204681391078e-05,3.682445,3.6825356,-9.055071411134819e-05,3.238801,3.2388299,-2.889749755841109e-05
18.0,40.0,3.0,8.0,0.8045337,0.80455405,-2.0329983520528394e-05,2.6660676,2.6661527,-8.50997497559014e-05,2.6111932,2.6111841,9.080084228507701e-06
17.0,50.0,8.0,9.0,0.69419545,0.6941877,7.749352264441178e-06,2.8629866,2.8630147,-2.81353637694437e-05,3.3804758,3.380388,8.775950622563755e-05
16.0,30.0,6.0,10.0,0.86772317,0.86778474,-6.157305740361885e-05,1.6126437,1.6127601,-0.00011638128051760788,2.0775173,2.077548,-3.072895813005516e-05
19.0,50.0,12.0,7.0,0.48497146,0.48509797,-0.00012650631973265547,3.5517051,3.5518029,-9.777800598165243e-05,3.6995945,3.6996036,-9.102319336040665e-06
18.0,30.0,3.0,8.0,0.8536322,0.85370535,-7.313831481936539e-05,2.2305565,2.2304623,9.418803710925516e-05,2.0722067,2.072079,0.00012773561096190988
20.0,30.0,10.0,7.0,0.7713958,0.77149993,-0.00010412750213617539,3.0280185,3.028,1.8474578857397006e-05,2.6511042,2.651,0.00010421180725117551
20.0,10.0,3.0,10.0,0.907079,0.9072,-0.00012101860046387358,1.9160178,1.9149749,0.0010428707672118787,1.7111017,1.7102,0.0009016511917114833
18.0,40.0,16.0,10.0,0.72102356,0.7210658,-4.2240429687478986e-05,2.5012689,2.5012136,5.52636779787008e-05,3.6474855,3.6474142,7.129461364741019e-05
20.0,40.0,8.0,5.0,0.5797002,0.5799499,-0.00024972805252077013,3.6149926,3.6151,-0.00010738143920896448,2.8014672,2.801575,-0.00010781974792495319
20.0,20.0,5.0,7.0,0.8545867,0.854625,-3.8279533386198494e-05,2.6386726,2.6384997,0.0001728902557371903,1.9450064,1.94475,0.00025637054443361507
19.0,40.0,12.0,8.0,0.7181891,0.71825063,-6.15097073364268e-05,2.996768,2.9967844,-1.6402258300907135e-05,3.230986,3.2309365,4.961831665051264e-05
20.0,20.0,1.0,6.0,0.82817495,0.82822496,-5.00113076782327e-05,2.6450455,2.6447,0.00034551887512224155,1.7131714,1.7129499,0.00022146287689217559
19.0,20.0,8.0,9.0,0.87311125,0.8731427,-3.145198364262747e-05,2.1750627,2.1749923,7.03564025879011e-05,2.133973,2.1338625,0.00011038322448708726
19.0,50.0,6.0,6.0,0.50816363,0.5082981,-0.00013446903762814877,3.682321,3.6824396,-0.00011852837524406468,3.2693832,3.2694247,-4.1507937622142776e-05
20.0,40.0,18.0,8.0,0.47546813,0.47564998,-0.00018185108039853182,3.2468143,3.2468,1.4250946045013535e-05,3.9698179,3.9699252,-0.00010732318420414444
17.0,30.0,9.0,10.0,0.888958,0.88899034,-3.2362705078115006e-05,1.8770227,1.8769975,2.524322509755983e-05,2.3985438,2.3984375,0.00010633468627929688
19.0,50.0,13.0,7.0,0.44666266,0.4468165,-0.0001538355865478569,3.536076,3.5361068,-3.0731121826388375e-05,3.770801,3.7707982,2.867352294710912e-06
19.0,40.0,1.0,7.0,0.7741692,0.7741836,-1.4393380737276473e-05,3.0129902,3.0132265,-0.0002362637176513971,2.6255295,2.6255085,2.102766418454749e-05
20.0,40.0,5.0,4.0,0.5452738,0.54537493,-0.00010114917724612926,3.7068439,3.7067494,9.445299682608876e-05,2.5660696,2.5660002,6.94029663086404e-05
18.0,40.0,12.0,9.0,0.76855856,0.7685895,-3.093819808963616e-05,2.6188428,2.618853,-1.015980529794902e-05,3.177485,3.1774356,4.9389166259850015e-05
17.0,40.0,13.0,10.0,0.7846118,0.78464705,-3.522882537843053e-05,2.2673068,2.2672431,6.370465698246619e-05,3.2046325,3.2044823,0.00015022067565917396
18.0,20.0,7.0,10.0,0.9022409,0.9022619,-2.102761688227428e-05,1.7764909,1.776361,0.00012992674255363212,1.9957829,1.9956237,0.00015915217285167316
20.0,30.0,13.0,8.0,0.7500525,0.75014997,-9.745830795293564e-05,2.933528,2.9334247,0.00010324647216775062,2.996219,2.9960496,0.00016931975402822985
19.0,50.0,7.0,6.0,0.49363503,0.4938665,-0.00023147139930723704,3.6797805,3.6798935,-0.00011301675415031909,3.3056896,3.305619,7.057328796378215e-05
18.0,50.0,17.0,9.0,0.47116947,0.4712473,-7.782825927732384e-05,3.0019422,3.002083,-0.00014084225463850686,4.2020884,4.202113,-2.4643981933358816e-05
20.0,30.0,2.0,5.0,0.7606336,0.7606999,-6.631216278074614e-05,3.1354964,3.1356,-0.00010362205505387578,2.0761974,2.0762,-2.6142120361782872e-06
20.0,20.0,15.0,10.0,0.74930334,0.74937487,-7.152908813479186e-05,2.448836,2.4487503,8.578818054205684e-05,3.0101933,3.0099998,0.00019354793090808897
18.0,50.0,10.0,8.0,0.6061145,0.6061605,-4.599327850340895e-05,3.1947324,3.194774,-4.1572402953882204e-05,3.5292866,3.5292659,2.0723001098676974e-05
17.0,30.0,4.0,9.0,0.8626512,0.8626456,5.6289047241087076e-06,1.8986175,1.8986199,-2.393972778236275e-06,2.048048,2.0480351,1.2919409179801278e-05
19.0,50.0,2.0,6.0,0.5220429,0.5220244,1.8470521545355112e-05,3.6681309,3.6681237,7.174633788853413e-06,3.1806383,3.1806455,-7.186706542761101e-06
19.0,30.0,9.0,8.0,0.8344852,0.8345586,-7.342677459720726e-05,2.6049592,2.6048644,9.484949646010321e-05,2.5201492,2.5200744,7.483095703131326e-05
20.0,40.0,12.0,6.0,0.5491156,0.54929996,-0.00018436179824832255,3.5053923,3.50545,-5.768699646013786e-05,3.1683998,3.168375,2.4810791015461575e-05
16.0,30.0,7.0,10.0,0.8590304,0.8589084,0.00012202554855345049,1.6256367,1.6259009,-0.0002642031845092596,2.1299822,2.1302767,-0.0002944669525146715
18.0,50.0,19.0,9.0,0.35806283,0.35822108,-0.00015824645240786195,2.9460075,2.946099,-9.150984191874656e-05,4.4097366,4.409492,0.0002446333007810608
18.0,50.0,3.0,8.0,0.6654086,0.6654027,5.911297607408272e-06,3.2041895,3.2043436,-0.00015406104431159307,3.2639842,3.2640398,-5.559666137688879e-05
16.0,50.0,7.0,10.0,0.7477511,0.74755305,0.0001980667526244595,2.5539045,2.554414,-0.0005094666137694936,3.2910726,3.2914476,-0.00037499295959486645
19.0,40.0,8.0,7.0,0.7271651,0.72723746,-7.2357041320803e-05,3.093939,3.0939293,9.765933227434687e-06,2.860189,2.8601465,4.246102905280935e-05
20.0,20.0,11.0,9.0,0.8426077,0.8428749,-0.0002672230171203438,2.5192125,2.51885,0.00036248435974117754,2.523727,2.5233998,0.00032714015502932625
17.0,50.0,18.0,10.0,0.497927,0.4980088,-8.178994064328426e-05,2.6329846,2.6326516,0.0003330382141113475,4.258332,4.2580614,0.0002703756652833178
20.0,40.0,9.0,5.0,0.5494914,0.549675,-0.00018359451293947782,3.6155753,3.61565,-7.468643188479618e-05,2.8557138,2.8558002,-8.635570068360465e-05
17.0,40.0,8.0,9.0,0.8032214,0.8032273,-5.895447540260612e-06,2.35901,2.3590407,-3.07188446044826e-05,2.756624,2.756605,1.8983383178738933e-05
19.0,50.0,8.0,6.0,0.47488043,0.4750349,-0.0001544728778838933,3.674759,3.6748974,-0.00013848886718736964,3.3473866,3.347414,-2.74014129639788e-05
20.0,10.0,2.0,10.0,0.9090797,0.90919995,-0.00012027909393308445,1.8701911,1.8691,0.0010910972595215007,1.6621317,1.6611999,0.0009317671371460445
20.0,30.0,3.0,5.0,0.7531343,0.75319993,-6.561975448604596e-05,3.1583939,3.1584752,-8.134013671856621e-05,2.1039658,2.1039498,1.5959277343657874e-05
16.0,50.0,6.0,10.0,0.74920297,0.7491795,2.3466690063478346e-05,2.5561876,2.556523,-0.00033537030029284765,3.2528296,3.2529693,-0.00013974830322283083
18.0,40.0,2.0,8.0,0.7990354,0.7990421,-6.729650115944175e-06,2.6500418,2.650095,-5.318138122545335e-05,2.5885563,2.5885699,-1.3610327148416701e-05
17.0,40.0,14.0,10.0,0.7476877,0.74772733,-3.963258941652725e-05,2.257609,2.2575302,7.869053344711219e-05,3.2905393,3.2903917,0.0001475646789552698
20.0,10.0,8.0,10.0,0.83104634,0.8312,-0.0001536571502686046,2.1082535,2.1076,0.00065347900390611,2.0398116,2.0392,0.0006116111755369857
20.0,40.0,10.0,5.0,0.5148167,0.51499987,-0.0001831685877990985,3.6137245,3.6137502,-2.572986145032985e-05,2.9156392,2.915625,1.416206359872163e-05
18.0,40.0,17.0,10.0,0.6700389,0.6700777,-3.882108230590653e-05,2.4861825,2.4860713,0.0001111512481690724,3.7512145,3.751229,-1.4495758056565222e-05
18.0,30.0,13.0,10.0,0.8309707,0.8310316,-6.089544448850681e-05,2.1511474,2.1509993,0.0001480655700683009,2.8709083,2.8707159,0.00019236034545899727
18.0,50.0,2.0,8.0,0.65632087,0.6562658,5.50699226379292e-05,3.195762,3.195911,-0.00014908097839372303,3.2484586,3.2485502,-9.157611389154496e-05
18.0,20.0,8.0,10.0,0.88360643,0.8836237,-1.7266131591808787e-05,1.7985799,1.7985188,6.113125915518935e-05,2.0633862,2.0632882,9.800185852038013e-05
19.0,40.0,17.0,9.0,0.60482836,0.6048572,-2.8842303466780628e-05,2.8580172,2.8580687,-5.149380798341596e-05,3.8060558,3.8060455,1.0284225463674801e-05
19.0,30.0,5.0,7.0,0.82759637,0.8276454,-4.9033594512915e-05,2.6575804,2.657509,7.137567138659762e-05,2.2077436,2.2076848,5.884471435546601e-05
16.0,40.0,4.0,10.0,0.850733,0.8507847,-5.1717841339060655e-05,2.0148385,2.0150099,-0.0001714428924559641,2.5338516,2.5339756,-0.00012397646484396674
17.0,50.0,6.0,9.0,0.70868057,0.7086772,3.370125579826855e-06,2.8687944,2.8689408,-0.0001463587768553154,3.2984219,3.2984192,2.6597412108309015e-06
20.0,50.0,6.0,1.0,-0.005256653,-0.0049000774,-0.0003565754320312498,4.4861097,4.486201,-9.126641845735861e-05,2.8190305,2.8192,-0.0001694766998290298
19.0,40.0,18.0,9.0,0.54600334,0.54605067,-4.732832519527275e-05,2.840388,2.8408475,-0.0004594403839113248,3.914647,3.915165,-0.000517897644042975
20.0,40.0,6.0,4.0,0.52566874,0.5257499,-8.115972747801958e-05,3.7132015,3.7131,0.0001015228271485924,2.6021159,2.602025,9.086952209491628e-05
17.0,40.0,3.0,9.0,0.8246043,0.8245759,2.8372842407198284e-05,2.3172555,2.3173568,-0.00010130302124045087,2.5580103,2.5580587,-4.8360263061653086e-05
20.0,30.0,4.0,5.0,0.7412367,0.7412999,-6.321329345704285e-05,3.178814,3.1788998,-8.58656738280672e-05,2.137306,2.1373,5.974960326948775e-06
20.0,30.0,17.0,9.0,0.6455796,0.64559984,-2.0263507690465588e-05,2.8203626,2.820875,-0.0005124320983886932,3.5114064,3.51165,-0.00024357833862298506
20.0,50.0,18.0,6.0,0.10220486,0.10260001,-0.0003951507432556206,3.8386986,3.8385005,0.00019812556457532438,4.2534275,4.2534,2.7505493163992867e-05
20.0,20.0,6.0,7.0,0.8351858,0.83539987,-0.00021404417526249553,2.6648617,2.66475,0.00011167907714826342,1.9992793,1.9992249,5.4360635376005106e-05
20.0,20.0,12.0,9.0,0.80228895,0.8023499,-6.095051040644339e-05,2.533613,2.5335002,0.0001127665374753839,2.6143951,2.6142747,0.00012044160156232664
18.0,50.0,11.0,8.0,0.5800522,0.5800973,-4.5103020477332834e-05,3.1835349,3.1836069,-7.203938903810325e-05,3.5895743,3.5895555,1.88370056153353e-05
18.0,20.0,9.0,10.0,0.860576,0.8605856,-9.626012420604901e-06,1.8182405,1.8182267,1.3823338317786593e-05,2.136602,2.1365526,4.9324896240321436e-05
17.0,50.0,5.0,9.0,0.7093326,0.709322,1.0585334777823974e-05,2.8683133,2.8682292,8.411253051754386e-05,3.26592,3.2658353,8.462378234863621e-05
19.0,50.0,4.0,5.0,0.41475677,0.4149717,-0.0002149250976562489,3.7709525,3.771192,-0.00023953684997568558,3.09585,3.0960245,-0.0001745091552733946
16.0,50.0,4.0,10.0,0.7393336,0.73923206,0.00010156960815432825,2.5531197,2.553392,-0.00027234057617198104,3.1927526,3.192811,-5.8400283813320186e-05
20.0,10.0,3.0,9.0,0.8573798,0.8575499,-0.00017010587921140186,2.0591593,2.058325,0.000834278869628946,1.6536947,1.6529999,0.0006948488784790374
20.0,40.0,19.0,8.0,0.4089908,0.409025,-3.4199619293240335e-05,3.2275715,3.2275,7.148742675777697e-05,4.084198,4.08435,-0.000152001953124703
20.0,20.0,9.0,8.0,0.83098423,0.83102494,-4.070519012455698e-05,2.6056032,2.6055,0.00010321807861313204,2.2774575,2.27735,0.00010747566223123783
20.0,50.0,13.0,3.0,-0.025040925,-0.025350012,0.0003090874508972184,4.2067738,4.206425,0.0003487579345700098,3.4156525,3.4153001,0.00035241350402825944
17.0,30.0,10.0,10.0,0.866044,0.8660457,-1.7151100158985244e-06,1.8846842,1.8847094,-2.5194944763162752e-05,2.4690764,2.4690719,4.495034790163999e-06
20.0,30.0,1.0,5.0,0.7637147,0.7637999,-8.52288650512456e-05,3.1101472,3.110275,-0.00012776222229016199,2.054056,2.05405,5.92918395980746e-06
17.0,50.0,9.0,9.0,0.6803165,0.68034303,-2.652218368526249e-05,2.8561444,2.8563764,-0.00023197174682598742,3.429788,3.429772,1.6112640381038545e-05
20.0,50.0,19.0,6.0,0.034187973,0.034500062,-0.0003120894543762187,3.8082578,3.8084755,-0.00021768177795422616,4.357575,4.3579,-0.00032506027221668177
18.0,30.0,5.0,8.0,0.84421855,0.844279,-6.044788742065599e-05,2.2705102,2.270478,3.2196685790797375e-05,2.148456,2.1483579,9.819664916976834e-05
18.0,40.0,13.0,9.0,0.7326155,0.73265135,-3.587911376956576e-05,2.6119614,2.6119611,2.647460939364521e-07,3.2575269,3.2574499,7.697454223620781e-05
20.0,20.0,7.0,7.0,0.8117497,0.8117749,-2.5203268432583137e-05,2.6886015,2.68855,5.1493835449001324e-05,2.0593896,2.0592997,8.98912170410604e-05
16.0,40.0,3.0,10.0,0.8428408,0.842836,4.790748596161798e-06,2.002064,2.0021443,-8.03103607176503e-05,2.5052269,2.5051713,5.555050964334285e-05
19.0,50.0,14.0,7.0,0.4038604,0.40413487,-0.00027447981369016494,3.5178466,3.5179608,-0.00011421567993163961,3.8474398,3.8475928,-0.00015303406982436485
20.0,50.0,1.0,1.0,0.068428695,0.06934996,-0.0009212647981262229,4.4898705,4.4913254,-0.0014548517517090076,2.7507482,2.7517,-0.0009518424987793317
17.0,50.0,4.0,9.0,0.7055948,0.70556664,2.8138060913063256e-05,2.86492,2.8650675,-0.00014759910583483915,3.2388277,3.238851,-2.3294616699143234e-05
17.0,30.0,5.0,9.0,0.8591431,0.8591509,-7.821672821095582e-06,1.9170151,1.9170316,-1.6524316406307804e-05,2.0892663,2.0892692,-2.8997985839218643e-06
20.0,30.0,8.0,6.0,0.7415397,0.7415999,-6.0183279418923874e-05,3.1219897,3.122,-1.0272979736214438e-05,2.4219306,2.4218998,3.07515289308391e-05
20.0,50.0,15.0,4.0,0.0022877455,0.0019999146,0.000287830875769043,4.0778522,4.0773754,0.0004768491455076074,3.7018054,3.7015,0.00030535316467306117
16.0,40.0,8.0,10.0,0.83856213,0.8385795,-1.736907196048243e-05,2.0419333,2.0419734,-4.010188903791345e-05,2.705231,2.7051911,3.985130920414193e-05
18.0,40.0,14.0,9.0,0.69227517,0.6923132,-3.803348846431742e-05,2.6025329,2.6026192,-8.633638305655111e-05,3.3431227,3.343064,5.872071838375348e-05
17.0,40.0,2.0,9.0,0.8156511,0.8156457,5.418755340547143e-06,2.3016176,2.3016696,-5.197762451158994e-05,2.5351722,2.5351496,2.2624044799801624e-05
20.0,50.0,17.0,5.0,0.021712363,0.021949917,-0.0002375542337341302,3.94448,3.944725,-0.0002450576782226932,4.015487,4.0157,-0.00021280593872052833
19.0,20.0,1.0,8.0,0.8779953,0.87804925,-5.393778610229827e-05,2.0940003,2.0937502,0.00025013950805652385,1.7129911,1.7127637,0.00022741843109130855
20.0,40.0,7.0,4.0,0.5019853,0.5017249,0.00026041150817868175,3.7165287,3.717,-0.0004713459014893395,2.6432316,2.6436498,-0.00041816967468255584
16.0,50.0,8.0,10.0,0.74156415,0.7415268,3.7354624938923386e-05,2.5497415,2.5498552,-0.0001136934234620135,3.3355374,3.3355267,1.0733624267622588e-05
19.0,20.0,4.0,8.0,0.8702096,0.87022966,-2.0085300598160494e-05,2.193495,2.193437,5.8035171508930006e-05,1.8268049,1.8266732,0.0001316763275145405
18.0,30.0,10.0,9.0,0.83627415,0.8362921,-1.7952966308576457e-05,2.2322688,2.2322216,4.72102722168799e-05,2.5295262,2.5294762,5.0033673095750686e-05
19.0,50.0,1.0,6.0,0.51454645,0.514456,9.045395278928225e-05,3.658418,3.6584198,-1.859860229380672e-06,3.1725047,3.1724508,5.3863467407211374e-05
19.0,40.0,20.0,9.0,0.41526893,0.41523743,3.1497812576275486e-05,2.7988784,2.7990556,-0.00017716867980954731,4.149839,4.1502047,-0.0003657755920407624
19.0,40.0,9.0,7.0,0.7028954,0.7029309,-3.549709167482984e-05,3.0956402,3.0956583,-1.811750488300845e-05,2.9160993,2.9160666,3.270992126447325e-05
16.0,40.0,5.0,10.0,0.85432607,0.8543334,-7.330644989034241e-06,2.0252547,2.025426,-0.00017127359008783927,2.5683017,2.5683792,-7.752229614244044e-05
20.0,50.0,16.0,4.0,-0.057753205,-0.058000103,0.0002468977006225559,4.0548744,4.0516,0.003274420166015979,3.7886171,3.7863998,0.00221733409423841
19.0,50.0,9.0,6.0,0.45161748,0.45180333,-0.00018585067565918267,3.667464,3.6674511,1.2917868041917302e-05,3.3948255,3.3948085,1.695852661143249e-05
17.0,50.0,19.0,10.0,0.4425925,0.44271415,-0.00012164835968014875,2.6029758,2.603063,-8.715466308606423e-05,4.364834,4.3648453,-1.1468212890441976e-05
20.0,20.0,13.0,9.0,0.7572547,0.75742495,-0.0001702302658080912,2.5458052,2.5457,0.00010521583557121517,2.7108421,2.7107499,9.223256835921845e-05
19.0,40.0,13.0,8.0,0.678845,0.67889416,-4.917165390017075e-05,2.9902804,2.9902632,1.7189785766813515e-05,3.310742,3.3106563,8.560139770485975e-05
18.0,30.0,2.0,8.0,0.85177153,0.85181844,-4.6906510772659615e-05,2.2068346,2.2067795,5.505467224109495e-05,2.0424776,2.0423393,0.0001383077270507016
19.0,30.0,6.0,7.0,0.8128865,0.8129139,-2.742348327633426e-05,2.674277,2.6742132,6.386718444817419e-05,2.254004,2.2539296,7.440161743144103e-05
19.0,50.0,15.0,7.0,0.35681117,0.35705325,-0.00024208419036864104,3.497081,3.497365,-0.0002839586639402647,3.9298494,3.9299877,-0.00013831378478990075
18.0,40.0,8.0,8.0,0.76610595,0.7661133,-7.350121307370117e-06,2.7096808,2.7096922,-1.1404330444442223e-05,2.808281,2.8082566,2.4344824218758276e-05
17.0,30.0,3.0,9.0,0.86170185,0.86174035,-3.850387725834459e-05,1.8778774,1.877758,0.00011935462188716883,2.0123453,2.0124009,-5.55859741209197e-05
19.0,50.0,10.0,6.0,0.42400503,0.42417178,-0.0001667484143066389,3.6574214,3.657555,-0.00013364952087391302,3.447766,3.4478035,-3.743440246584129e-05
18.0,50.0,20.0,9.0,0.29500526,0.29510784,-0.00010257810195923867,2.9144795,2.914432,4.74940948484992e-05,4.521686,4.5215816,0.00010447711791972125
16.0,50.0,9.0,10.0,0.7311084,0.7311005,7.927047729450187e-06,2.5425231,2.5428457,-0.0003225543243408069,3.385124,3.3852057,-8.173187561055784e-05
19.0,20.0,12.0,10.0,0.8260293,0.8260559,-2.6599310302688473e-05,2.12977,2.1297479,2.214051208504486e-05,2.5418873,2.541852,3.528332519531219e-05
18.0,50.0,1.0,8.0,0.6428228,0.6427289,9.390206680293112e-05,3.184782,3.1850278,-0.000245771801757666,3.2385755,3.2386606,-8.514147338845035e-05
20.0,20.0,10.0,8.0,0.7966976,0.79674983,-5.2213422851554725e-05,2.6236084,2.6235,0.00010835075378423653,2.355725,2.355625,0.0001000499725343218
20.0,50.0,3.0,1.0,0.05211085,0.052849967,-0.000739116188995359,4.4956427,4.4966254,-0.000982737951660262,2.7611752,2.7619,-0.0007248443603513621
17.0,50.0,20.0,10.0,0.38314486,0.38301933,0.00012552549926758694,2.5707543,2.571025,-0.0002707103729249205,4.4765773,4.47723,-0.0006527180480953021
18.0,40.0,1.0,8.0,0.7891111,0.7891303,-1.9222214508007873e-05,2.6314797,2.6315868,-0.00010705985717773814,2.5715098,2.5715554,-4.5561895751777826e-05
17.0,50.0,10.0,9.0,0.66208804,0.66209817,-1.0133462829631235e-05,2.8472981,2.8472884,9.74529418940051e-06,3.4848557,3.4847562,9.945185546866853e-05
18.0,20.0,3.0,9.0,0.872864,0.8728355,2.8507949829115198e-05,1.7803872,1.7802505,0.00013666316223148733,1.713965,1.7138447,0.00012035832672108171
20.0,50.0,2.0,1.0,0.062470794,0.06329997,-0.0008291762759399385,4.4940705,4.4952,-0.0011294700622554998,2.75316,2.7540002,-0.000840200152588011
18.0,50.0,12.0,8.0,0.549559,0.5496342,-7.520284576412184e-05,3.1699038,3.16999,-8.624481201158218e-05,3.6554618,3.6554446,1.7188177490190526e-05
17.0,50.0,3.0,9.0,0.69746774,0.6974114,5.6344350433334967e-05,2.859252,2.8594556,-0.0002036239868163925,3.217407,3.2174666,-5.9611856078944925e-05
19.0,20.0,5.0,8.0,0.85880756,0.858823,-1.5436218261721812e-05,2.2218857,2.2217658,0.00011988115234373709,1.8760604,1.8758428,0.0002175666305541668
19.0,30.0,16.0,10.0,0.7537767,0.7538664,-8.96708930969714e-05,2.4250467,2.4247708,0.000275882357787971,3.3354876,3.3352084,0.0002792041412353896
19.0,50.0,3.0,5.0,0.41858208,0.41875333,-0.00017124820526120965,3.7676342,3.7679384,-0.00030424663391093176,3.0778553,3.0780294,-0.00017405141296400473
19.0,50.0,18.0,8.0,0.33397385,0.334098,-0.00012414521980286253,3.3516798,3.3515663,0.0001135019409179705,4.3482046,4.3481827,2.1912731933859675e-05
20.0,30.0,14.0,8.0,0.70182216,0.70189995,-7.778832550053849e-05,2.9341931,2.9339998,0.00019333430786128147,3.08979,3.0895998,0.00019030581970236327
20.0,20.0,2.0,6.0,0.823881,0.82405,-0.00016902952194208787,2.6795325,2.6792002,0.0003323279235840637,1.743953,1.7436249,0.00032808957824714824
16.0,40.0,9.0,10.0,0.8245107,0.8245281,-1.7406449890122744e-05,2.04256,2.042589,-2.8899444580066103e-05,2.7620432,2.7619953,4.79376861570735e-05
20.0,50.0,8.0,1.0,-0.06570858,-0.06540008,-0.0003084976329040534,4.4667344,4.467,-0.000265590667724247,2.8852432,2.8854,-0.00015682258605975719
17.0,50.0,12.0,9.0,0.6123726,0.6124087,-3.612280960085812e-05,2.8217566,2.821762,-5.398666381939421e-06,3.611651,3.6115248,0.00012614375610331408
17.0,40.0,9.0,9.0,0.7857515,0.7857575,-5.978412628171448e-06,2.3599925,2.3600278,-3.5295880127073076e-05,2.8131218,2.813114,7.795654296760546e-06
20.0,40.0,13.0,6.0,0.50389534,0.503975,-7.965764999384728e-05,3.4979067,3.49775,0.00015668487548836652,3.2465968,3.2464004,0.00019641320190411093
20.0,10.0,1.0,10.0,0.9066893,0.9068,-0.00011071376800542154,1.8219281,1.8207749,0.0011532435012817643,1.6187855,1.6178,0.0009855005264283179
20.0,30.0,5.0,5.0,0.72494745,0.7249999,-5.2447454834014806e-05,3.1968143,3.1968749,-6.060137023933265e-05,2.176282,2.17625,3.1929016113263486e-05
16.0,50.0,12.0,10.0,0.67343146,0.6734215,9.956089019769188e-06,2.507023,2.5071182,-9.510391540512586e-05,3.5679352,3.5678427,9.25283477783978e-05
18.0,40.0,9.0,8.0,0.7452036,0.74522513,-2.151576507569697e-05,2.711038,2.7110503,-1.218735961927564e-05,2.864481,2.8644712,9.7722900389563e-06
20.0,40.0,16.0,7.0,0.46852142,0.46864983,-0.00012841381271361252,3.3691716,3.369,0.0001716194152829864,3.6361346,3.635975,0.00015962448120099282
16.0,30.0,5.0,10.0,0.87221855,0.87226105,-4.2500748443585756e-05,1.5971494,1.5971694,-2.0027899169994257e-05,2.0303779,2.030419,-4.113516235371151e-05
18.0,40.0,19.0,10.0,0.5548288,0.5549014,-7.257738723753793e-05,2.4485815,2.4484372,0.0001442571380616542,3.9758043,3.9756582,0.0001461289184572223
20.0,20.0,3.0,6.0,0.81533164,0.815475,-0.00014336214065546748,2.711375,2.71125,0.00012499809265120732,1.7801012,1.7799,0.00020118007659908343
17.0,50.0,2.0,9.0,0.68489444,0.68485606,3.83825582885855e-05,2.851217,2.8513935,-0.00017646852111807831,3.2016754,3.2016826,-7.184960937323126e-06
16.0,40.0,2.0,10.0,0.83050156,0.8304874,1.4156396484388267e-05,1.9867435,1.9868283,-8.484983520506972e-05,2.4819953,2.481968,2.7344161987130633e-05
19.0,30.0,1.0,7.0,0.84252954,0.84257174,-4.22047064209119e-05,2.5662482,2.5661936,5.457848205558946e-05,2.078781,2.0787058,7.508951110857254e-05
20.0,40.0,3.0,3.0,0.47732612,0.47752494,-0.00019881509346009185,3.797473,3.7978,-0.0003270462036133459,2.4069133,2.4070497,-0.0001364195129394119
19.0,50.0,16.0,7.0,0.305253,0.30557165,-0.0003186509326934539,3.4741094,3.4743187,-0.00020928876037595856,4.0177217,4.017982,-0.00026034701538080185
16.0,50.0,5.0,10.0,0.7459071,0.7464057,-0.0004985721427916978,2.5555718,2.5561826,-0.0006108054901123872,3.2181482,3.22009,-0.0019417684936522406
20.0,10.0,2.0,9.0,0.86192715,0.86209995,-0.00017279832000727247,2.0148768,2.014,0.0008768424987795065,1.6061207,1.6054,0.0007207056045532845
19.0,40.0,10.0,7.0,0.67416966,0.6742244,-5.4740385436957695e-05,3.0949163,3.094937,-2.0656311034983332e-05,2.9776278,2.9775865,4.125421142564534e-05
20.0,50.0,12.0,2.0,-0.107272506,-0.107600056,0.0003275502398071284,4.3129706,4.3128,0.00017063827514629537,3.2171655,3.2168005,0.000364970123290842
20.0,10.0,9.0,10.0,0.8028598,0.8028,5.97831726074638e-05,2.138651,2.1387749,-0.00012400583496097184,2.1218379,2.1218,3.785438537606822e-05
20.0,30.0,9.0,6.0,0.7102611,0.71024996,1.1146491088909194e-05,3.131509,3.1317248,-0.00021573437194843947,2.4845984,2.48465,-5.160179138163912e-05
16.0,40.0,10.0,10.0,0.8060564,0.8060769,-2.0519728088363998e-05,2.040722,2.0407548,-3.2906689453326976e-05,2.8244405,2.8243992,4.127927856423241e-05
18.0,50.0,13.0,8.0,0.5147394,0.5147711,-3.1705812072790884e-05,3.1536236,3.1539228,-0.0002992190673829498,3.7268078,3.7269347,-0.00012686728210464793
17.0,20.0,4.0,10.0,0.866529,0.8665036,2.5387884521443915e-05,1.461537,1.4614644,7.260351715077107e-05,1.689092,1.6889838,0.00010824006195075953
19.0,50.0,5.0,5.0,0.4065863,0.40679014,-0.00020385059417726836,3.7718318,3.771996,-0.00016424913024915,3.1194327,3.1196194,-0.00018671224060051728
17.0,40.0,10.0,9.0,0.7638798,0.7638878,-8.023999023443196e-06,2.358534,2.3585646,-3.0502328490999986e-05,2.8752162,2.8752234,-7.154348754756512e-06
18.0,30.0,1.0,8.0,0.8454797,0.8455317,-5.197320861816124e-05,2.1807187,2.1806464,7.226035461416203e-05,2.0183353,2.0182,0.0001353424072263465
17.0,50.0,11.0,9.0,0.63929063,0.63945353,-0.00016289918258671765,2.8360279,2.83575,0.0002778606414794993,3.545483,3.5453405,0.00014261233520507233
20.0,50.0,9.0,1.0,-0.1024701,-0.10225006,-0.00022003992599486932,4.4535975,4.453725,-0.00012745437622108113,2.926853,2.9269,-4.7058486938311717e-05
20.0,30.0,11.0,7.0,0.7337371,0.73389995,-0.00016283890838619808,3.0343719,3.0343747,-2.8471252440098738e-06,2.7264347,2.7263498,8.490764160162811e-05
18.0,30.0,6.0,8.0,0.83295774,0.8329659,-8.155401611364965e-06,2.2868865,2.2868109,7.555362854017034e-05,2.1950336,2.1948974,0.00013615026245128448
19.0,40.0,14.0,8.0,0.63509405,0.63513756,-4.351340728758757e-05,2.981291,2.9812922,-1.1443206786587723e-06,3.3960576,3.3959756,8.2005743408331e-05
19.0,50.0,2.0,5.0,0.41797143,0.4181349,-0.00016346779098508346,3.7619145,3.7622342,-0.00031970834655759006,3.0654397,3.065635,-0.00019529891967762225
18.0,40.0,10.0,8.0,0.7199092,0.71993685,-2.7658868408164672e-05,2.7099528,2.709958,-5.168731689320083e-06,2.9263012,2.9262857,1.554092102029614e-05
19.0,50.0,20.0,7.0,0.05586797,0.055645347,0.00022262298977661354,3.3581161,3.3576343,0.00048184990234378944,4.42581,4.4259615,-0.00015163977050747235
16.0,50.0,3.0,10.0,0.7277503,0.7276584,9.190136108394587e-05,2.5478837,2.548151,-0.0002672509918211219,3.1710587,3.1711318,-7.314521484369507e-05
17.0,30.0,2.0,9.0,0.8564105,0.8564352,-2.4696612548780195e-05,1.8545089,1.854446,6.287680053707057e-05,1.982462,1.9823667,9.534853057857617e-05
20.0,10.0,2.0,8.0,0.81486744,0.81499994,-0.00013250311416623806,2.1594286,2.1589,0.00052859649658199,1.550214,1.5496,0.0006140522003172943
9.0,30.0,18.0,3.0,-0.47884864,-0.4787925,-5.613615036009767e-05,0.46038795,0.45713523,0.003252715175170895,1.6028336,1.6022128,0.0006208286544799879
16.0,10.0,7.0,8.0,0.5086663,0.508248,0.00041827693176266223,1.3192879,1.3193718,-8.390384368905934e-05,1.3212581,1.3208216,0.0004364680847168678
20.0,30.0,6.0,5.0,0.70438886,0.7043,8.885688781734569e-05,3.2125065,3.2124,0.00010653266906723857,2.2208772,2.2208002,7.697056274436065e-05
17.0,40.0,1.0,9.0,0.8023128,0.80231535,-2.5586524963205903e-06,2.2834494,2.283533,-8.35886077878989e-05,2.5178316,2.5178404,-8.836050414906538e-06
17.0,50.0,13.0,9.0,0.5809283,0.5809641,-3.577434692381143e-05,2.8050323,2.8053238,-0.0002915467346191747,3.6832218,3.6833088,-8.698298339826493e-05
17.0,30.0,6.0,9.0,0.8512536,0.85125613,-2.5012692260739655e-06,1.9329286,1.9329934,-6.483783569333212e-05,2.136089,2.1361034,-1.4313467407323088e-05
20.0,50.0,10.0,1.0,-0.14326489,-0.14350006,0.00023517028289796182,4.438021,4.4380007,2.0483013916106074e-05,2.9742985,2.974,0.00029847717285136355
19.0,40.0,4.0,6.0,0.686183,0.6862244,-4.1424230956987884e-05,3.1642528,3.1642737,-2.0941973876809072e-05,2.590117,2.5901575,-4.0522308349721925e-05
19.0,20.0,9.0,9.0,0.8466729,0.8466862,-1.3307429504449964e-05,2.195057,2.1950712,-1.4284716796986174e-05,2.2068582,2.2068322,2.5958111572244036e-05
17.0,40.0,15.0,10.0,0.70643437,0.7064075,2.686908721927228e-05,2.2454205,2.2453673,5.315593261734364e-05,3.381743,3.3819008,-0.0001578457458495386
20.0,20.0,4.0,6.0,0.8023857,0.8025,-0.00011431217193602627,2.74093,2.7408502,7.988041381823408e-05,1.821933,1.821775,0.00015803108215339812
20.0,50.0,17.0,4.0,-0.12197214,-0.12240006,0.0004279163499450733,4.024041,4.0233755,0.0006656758422849407,3.8772378,3.8769,0.00033779678344725284
17.0,30.0,11.0,10.0,0.8386457,0.8387009,-5.5203359985323e-05,1.8895857,1.889971,-0.0003852665863037785,2.5448835,2.5453062,-0.0004227103912355368
19.0,40.0,15.0,8.0,0.58700174,0.58698094,2.0800932464593025e-05,2.9698355,2.9698713,-3.578020935046666e-05,3.4868305,3.4868953,-6.482705383303866e-05
20.0,30.0,7.0,5.0,0.6792341,0.67919993,3.415746719359625e-05,3.2256823,3.225475,0.00020725860595716128,2.2710261,2.27095,7.613449096677272e-05
20.0,50.0,18.0,5.0,-0.04383892,-0.04430005,0.0004611317909240728,3.9156127,3.9155998,1.2897601318506702e-05,4.112926,4.1132,-0.00027399368286129544
20.0,50.0,13.0,2.0,-0.15902215,-0.1595,0.0004778475761413603,4.291637,4.291275,0.0003619438171389433,3.2825842,3.2821,0.0004841903686525484
19.0,30.0,7.0,7.0,0.7938293,0.79378223,4.709186126705678e-05,2.688984,2.688467,0.0005169172363279628,2.30588,2.305774,0.00010606973266602537
16.0,50.0,10.0,10.0,0.71631145,0.71627414,3.731477294921515e-05,2.533326,2.5333865,-6.058943176290299e-05,3.4405375,3.4404845,5.2952697753738676e-05
19.0,50.0,7.0,5.0,0.37701213,0.37722698,-0.0002148464016723528,3.7661688,3.766254,-8.516722106932662e-05,3.1835384,3.1836088,-7.036311035157894e-05
18.0,50.0,14.0,8.0,0.47547638,0.47550792,-3.1535837097140806e-05,3.135419,3.1354058,1.3091906738260661e-05,3.804074,3.804024,5.0048995971607724e-05
17.0,20.0,5.0,10.0,0.86197686,0.8619338,4.3061953735379355e-05,1.4890699,1.4890511,1.8838659668007907e-05,1.7388399,1.7387431,9.676473083497505e-05
16.0,50.0,2.0,10.0,0.71178126,0.71168464,9.66233514404502e-05,2.5401773,2.5404599,-0.00028255472412119786,3.1549585,3.1550534,-9.491344299306093e-05
19.0,40.0,3.0,6.0,0.6910368,0.691081,-4.417958831781643e-05,3.151746,3.151845,-9.896537780740289e-05,2.563629,2.5636375,-8.588027954115063e-06
18.0,20.0,4.0,9.0,0.86922574,0.8692474,-2.1659567260745582e-05,1.8107486,1.8106585,9.00771179199733e-05,1.7578112,1.7577094,0.00010178869781496402
19.0,50.0,11.0,6.0,0.39198616,0.39214015,-0.00015398852958681264,3.6450548,3.6452093,-0.00015448280029284334,3.5063753,3.5063984,-2.308719482435606e-05
20.0,50.0,19.0,5.0,-0.114516854,-0.11495,0.00043314571380614897,3.8845484,3.8840249,0.0005235256744384742,4.216283,4.2163,-1.71554565433496e-05
19.0,40.0,5.0,6.0,0.6769385,0.6769678,-2.9325821685799447e-05,3.1741805,3.1742525,-7.199234008803401e-05,2.6223073,2.622277,3.0300567626984076e-05
17.0,20.0,3.0,10.0,0.866686,0.8666733,1.2686518859883478e-05,1.4315696,1.4314276,0.0001419762634278232,1.6449817,1.6448246,0.00015714190521243232
19.0,30.0,13.0,9.0,0.79141843,0.7914717,-5.3266810607910386e-05,2.525498,2.5254197,7.821336059565809e-05,2.9333713,2.9332635,0.00010780546569844063
19.0,50.0,17.0,7.0,0.24976292,0.24969012,7.280252540589616e-05,3.4492185,3.4488227,0.0003958115814208796,4.111517,4.1115775,-6.054748535166965e-05
18.0,20.0,5.0,9.0,0.8612772,0.8612592,1.8022633361813867e-05,1.8386865,1.8386164,7.006621704097604e-05,1.8073429,1.8071737,0.00016918692474354735
19.0,20.0,6.0,8.0,0.8430225,0.8430163,6.225310516305704e-06,2.247781,2.247645,0.00013603828430186482,1.9307452,1.9306126,0.00013264402618418103
17.0,50.0,1.0,9.0,0.6679431,0.6679009,4.222000274656246e-05,2.8406887,2.840882,-0.00019329455566419185,3.1914644,3.1914983,-3.387586669933995e-05
19.0,50.0,12.0,6.0,0.35553163,0.3557086,-0.0001769670997619488,3.6302927,3.6304133,-0.0001206459625242573,3.5705612,3.5705929,-3.172942199691775e-05
18.0,20.0,1.0,9.0,0.86675775,0.8668119,-5.414948883053494e-05,1.7123613,1.7120848,0.000276535754394569,1.6432163,1.6429157,0.00030055232696524214
20.0,20.0,16.0,10.0,0.69373035,0.69379985,-6.949569091796448e-05,2.4554627,2.4551501,0.0003125941680908184,3.1250362,3.1246748,0.0003614396240232409
18.0,30.0,7.0,8.0,0.81718946,0.81725276,-6.330496765138971e-05,2.3007264,2.3006938,3.261372680674057e-05,2.2471132,2.2470367,7.652784423806125e-05
19.0,40.0,11.0,7.0,0.64106745,0.64111775,-5.0304721832317156e-05,3.091764,3.0917659,-1.9267639159714633e-06,3.0447443,3.0447059,3.835315856948185e-05
17.0,50.0,14.0,9.0,0.5451159,0.5451193,-3.411881256076832e-06,2.7864919,2.7864356,5.6270880127051726e-05,3.7607942,3.7606933,0.00010086275024434599
19.0,50.0,1.0,5.0,0.41297272,0.41311648,-0.00014376152275086262,3.7538192,3.7540805,-0.00026127278137222376,3.058629,3.05884,-0.00021096405029297216
20.0,50.0,14.0,3.0,-0.0786922,-0.07910002,0.0004078222003173759,4.1845055,4.1840005,0.0005049626464845858,3.4880207,3.4876,0.0004206584930419588
20.0,10.0,11.0,10.0,0.733246,0.73279995,0.00044607842330934844,2.193133,2.193775,-0.0006418842315674134,2.303421,2.3037999,-0.0003788794921875116
20.0,40.0,17.0,7.0,0.4082867,0.4082749,1.1790711975101509e-05,3.3530867,3.35305,3.670997619620309e-05,3.7377362,3.7378,-6.377487182618324e-05
18.0,40.0,11.0,8.0,0.69023263,0.6902487,-1.6065455627489733e-05,2.7063968,2.706416,-1.918183898919068e-05,2.9937155,2.9936998,1.5724673462003125e-05
16.0,40.0,1.0,10.0,0.81371987,0.81373864,-1.877134002681302e-05,1.9690394,1.9690626,-2.315984497069934e-05,2.4644234,2.4643636,5.9818045043957824e-05
20.0,40.0,3.0,2.0,0.38349345,0.38362494,-0.00013148673576357517,3.9084167,3.9089,-0.0004832519531250412,2.3032734,2.3033495,-7.606059265130583e-05
19.0,40.0,2.0,6.0,0.6915042,0.69153756,-3.33795686340288e-05,3.136952,3.136966,-1.4076629638815064e-05,2.5426836,2.5427177,-3.409862060532731e-05
18.0,30.0,14.0,10.0,0.78962237,0.78961843,3.936428375261869e-06,2.1506948,2.150832,-0.00013715289306626133,2.9647942,2.9648554,-6.124106445293265e-05
18.0,50.0,15.0,8.0,0.43180293,0.4318447,-4.177155227663709e-05,3.1144142,3.1144385,-2.4284912109262535e-05,3.8867402,3.8867133,2.69076721193251e-05
20.0,10.0,1.0,9.0,0.8620843,0.86225,-0.00016567087173458006,1.9681392,1.967225,0.0009141716003417955,1.5641538,1.5633999,0.0007538904739379237
20.0,40.0,4.0,2.0,0.36763057,0.36769995,-6.937887306213142e-05,3.9166203,3.91705,-0.0004297454833985803,2.3253527,2.3253748,-2.2131237793043823e-05
19.0,30.0,3.0,6.0,0.7669205,0.7669691,-4.859304580684398e-05,2.7309232,2.7308118,0.0001113758117674557,2.046629,2.0465846,4.435202636710045e-05
19.0,40.0,16.0,8.0,0.53450435,0.5344243,8.005400009158947e-05,2.955915,2.956,-8.502578735347655e-05,3.5832784,3.5834153,-0.0001368824127196966
19.0,30.0,14.0,9.0,0.74665517,0.7466401,1.506614913937554e-05,2.5254705,2.5256238,-0.00015330477600095094,3.027001,3.0271084,-0.00010749591674796832
16.0,30.0,8.0,10.0,0.8456103,0.8456321,-2.1779431915280867e-05,1.6366044,1.6365918,1.2628291320870844e-05,2.18866,2.1886058,5.410638732916695e-05
19.0,40.0,6.0,6.0,0.6633046,0.6633111,-6.4730583191341395e-06,3.1817634,3.1817818,-1.83894317626887e-05,2.660006,2.659997,9.046295165848761e-06
19.0,40.0,1.0,6.0,0.68736297,0.6875941,-0.0002311310783386089,3.1202114,3.119637,0.0005743628387451238,2.5270653,2.527398,-0.0003327229003904364
20.0,20.0,5.0,6.0,0.78508544,0.78512496,-3.9520317993146925e-05,2.7680776,2.768,7.76119232179795e-05,1.8695594,1.86925,0.00030940723419181637
20.0,40.0,14.0,6.0,0.45441514,0.45424998,0.00016516253616333243,3.4875593,3.4876,-4.0681457519564646e-05,3.3300097,3.330025,-1.5301132202161227e-05
16.0,40.0,11.0,10.0,0.7832277,0.78322554,2.142113647463084e-06,2.0365987,2.0364704,0.00012828240356466125,2.8925235,2.8924031,0.00012042714538562649
19.0,20.0,7.0,8.0,0.8227746,0.8228098,-3.5210938262975056e-05,2.27108,2.2710738,6.217089843829626e-06,1.9909644,1.9909822,-1.778731079093987e-05
19.0,30.0,2.0,6.0,0.7709982,0.7710507,-5.252008743283909e-05,2.708343,2.7083077,3.532902221659029e-05,2.0185888,2.01854,4.878135681174456e-05
20.0,30.0,15.0,8.0,0.6493945,0.6492499,0.00014461217651362546,2.9318585,2.9321249,-0.0002663604187009838,3.1884146,3.1887496,-0.0003350263305663681
20.0,40.0,8.0,4.0,0.47331405,0.47329992,1.412685974122585e-05,3.7186904,3.7184498,0.00024059535522447106,2.6909885,2.690875,0.0001135406494139346
16.0,50.0,14.0,10.0,0.6129847,0.6129689,1.581689224239291e-05,2.4710016,2.4710498,-4.817493896469571e-05,3.717659,3.7176008,5.8196582031211364e-05
16.0,40.0,12.0,10.0,0.75593853,0.7559742,-3.567003173832184e-05,2.0298464,2.0297365,0.00010992982482926905,2.9660552,2.966007,4.815480041520104e-05
18.0,30.0,8.0,8.0,0.79710585,0.7971396,-3.375121078486032e-05,2.3121164,2.3121269,-1.0515493774398976e-05,2.3048482,2.3047764,7.179412231428373e-05
18.0,50.0,5.0,7.0,0.5609649,0.56114733,-0.0001824476261902408,3.2959585,3.2955308,0.0004277189819337224,3.1953738,3.1953976,-2.3826425171069587e-05
17.0,50.0,15.0,9.0,0.50488293,0.5048746,8.331709289599587e-06,2.7651596,2.7650976,6.200693359392773e-05,3.8436499,3.8436773,-2.7435803222619626e-05
20.0,10.0,5.0,9.0,0.83507663,0.8352499,-0.00017326988449095637,2.1402342,2.1396248,0.0006094319488525457,1.7655594,1.765,0.000559434890747168
18.0,40.0,5.0,7.0,0.7077769,0.7077987,-2.1795893859866133e-05,2.783304,2.7833397,-3.57239410400112e-05,2.572304,2.5722923,1.1710391235375539e-05
20.0,20.0,11.0,8.0,0.7581037,0.7580748,2.892829437250999e-05,2.63905,2.63905,6.866454960174906e-09,2.439504,2.4394999,4.008157348689423e-06
20.0,30.0,18.0,9.0,0.5824134,0.58229995,0.0001134253776550187,2.8124456,2.8131998,-0.0007541594360351844,3.6284275,3.6289997,-0.0005721945068359879
18.0,20.0,10.0,10.0,0.8331711,0.8331474,2.372922668458788e-05,1.8353472,1.8354845,-0.00013732440185543204,2.2153153,2.2154174,-0.00010205805053731254
20.0,30.0,12.0,7.0,0.6918192,0.6919,-8.080902099605325e-05,3.0383584,3.0382998,5.8649935913202e-05,2.8074265,2.8073,0.0001264526367186214
20.0,50.0,11.0,1.0,-0.18873078,-0.18915005,0.00041927369003294523,4.420112,4.4198256,0.00028653302612280385,3.0271697,3.0267,0.0004697044372559134
19.0,20.0,10.0,9.0,0.8158426,0.8158296,1.3028479003862614e-05,2.212646,2.2127,-5.399246215809228e-05,2.2853708,2.285402,-3.117327880852727e-05
20.0,30.0,19.0,9.0,0.5148784,0.5145999,0.00027849221954345804,2.8023858,2.8030746,-0.0006887929626464562,3.7508461,3.7519498,-0.0011036524627683342
19.0,40.0,7.0,6.0,0.64526814,0.6452546,1.3542223358142813e-05,3.1867652,3.1868606,-9.540606079116998e-05,2.7032838,2.7033165,-3.27132263184815e-05
20.0,40.0,9.0,4.0,0.44047177,0.44047496,-3.191620788600691e-06,3.7175174,3.71745,6.737594604500075e-05,2.7438333,2.7437003,0.0001330034515381051
19.0,30.0,8.0,7.0,0.77021146,0.7702506,-3.914179382324967e-05,2.7003312,2.7002714,5.9811090087791285e-05,2.363286,2.3632188,6.721837158218946e-05
19.0,30.0,17.0,10.0,0.6983593,0.6983848,-2.548937301638521e-05,2.420104,2.419175,0.0009290267944335184,3.4472392,3.4472532,-1.4039462280290849e-05
18.0,30.0,9.0,8.0,0.7726161,0.7726264,-1.0311609649704678e-05,2.3210208,2.3211093,-8.845840148907769e-05,2.3681176,2.368116,1.5708770750855194e-06
20.0,30.0,3.0,4.0,0.6738669,0.6740499,-0.00018297237625120033,3.280298,3.280325,-2.7005386352474403e-05,2.0158448,2.01575,9.482192993148786e-05
16.0,30.0,2.0,10.0,0.85926557,0.85929,-2.4434127807615447e-05,1.5358018,1.5356969,0.00010486830291744909,1.9228325,1.9226321,0.00020038901367191997
20.0,50.0,12.0,1.0,-0.23861915,-0.23920007,0.0005809212687682974,4.399723,4.3992004,0.0005226529785158363,3.085631,3.085,0.0006308937072754262
17.0,40.0,11.0,9.0,0.7374924,0.737618,-0.0001256174736022908,2.3546686,2.3546512,1.7417248534989938e-05,2.9429333,2.9429321,1.2209991453460134e-06
18.0,50.0,6.0,7.0,0.55424035,0.5545342,-0.0002938540451049576,3.294761,3.2950635,-0.00030255754089347775,3.226061,3.226287,-0.00022589427185071287
20.0,10.0,1.0,8.0,0.8175571,0.81769997,-0.00014287351867681153,2.1143258,2.1136749,0.0006508617950440332,1.5097231,1.509,0.0007230672836304741
17.0,30.0,7.0,9.0,0.8389558,0.8389615,-5.680393219020807e-06,1.9465101,1.9465055,4.576522827148821e-06,2.1885798,2.1885376,4.219774475089366e-05
18.0,50.0,16.0,8.0,0.38381872,0.38378158,3.713581077574579e-05,3.0909982,3.0910215,-2.3327239990322823e-05,3.974934,3.9750025,-6.839889526366605e-05
19.0,40.0,12.0,7.0,0.60360026,0.60361123,-1.0966404418999431e-05,3.0861504,3.0861452,5.207791137884499e-06,3.1174438,3.1174254,1.8399972534055564e-05
17.0,30.0,8.0,9.0,0.8222656,0.82226676,-1.1349999999854532e-06,1.9575522,1.9575672,-1.500540466303768e-05,2.2465663,2.2465718,-5.504376220599738e-06
19.0,30.0,15.0,9.0,0.69748694,0.69740844,7.849704605100705e-05,2.523162,2.523378,-0.00021611187744152716,3.126265,3.1265528,-0.00028775101928690816
19.0,50.0,8.0,5.0,0.35566434,0.3558454,-0.00018105735816953406,3.7594984,3.7597082,-0.00020984222717279621,3.2238865,3.2240033,-0.00011681013183606481
20.0,20.0,8.0,7.0,0.783767,0.78374994,1.7044939575217022e-05,2.7099507,2.7099001,5.058550109859894e-05,2.1250262,2.1249747,5.1526043701066726e-05
20.0,30.0,13.0,7.0,0.64557856,0.64550006,7.850321334834653e-05,3.0396287,3.039775,-0.00014625587463390488,2.893694,2.8938498,-0.00015587604980460412
20.0,20.0,17.0,10.0,0.6345329,0.6338249,0.0007080284667968506,2.4566746,2.4591,-0.002425424194335779,3.242168,3.2449498,-0.0027818503234864345
20.0,10.0,6.0,9.0,0.8175005,0.8174999,5.720687866750396e-07,2.177045,2.1766,0.0004451068878172926,1.8297287,1.8294001,0.0003286225723266867
20.0,40.0,18.0,7.0,0.34372935,0.34350005,0.00022929699058532593,3.333914,3.33465,-0.0007359584808348529,3.8444722,3.845225,-0.0007528301239014823
20.0,40.0,2.0,2.0,0.39494836,0.39514995,-0.00020158669586184397,3.8977265,3.8983002,-0.0005736642028808525,2.2867703,2.2869248,-0.00015445621948240174
16.0,50.0,1.0,10.0,0.69145584,0.691311,0.00014484106445311618,2.5298686,2.5303195,-0.00045089724731450787,3.1444063,3.1445742,-0.00016788133544931583
18.0,50.0,7.0,7.0,0.54343474,0.54352105,-8.631088714594615e-05,3.2920566,3.2921462,-8.963948364248964e-05,3.262809,3.2627761,3.293816223148838e-05
19.0,20.0,2.0,7.0,0.820132,0.82020324,-7.12228643798829e-05,2.255898,2.2557895,0.00010849880981433913,1.6767522,1.676623,0.00012920966339113882
20.0,40.0,0.0,0.0,0.2323319,0.23249996,-0.00016805821128845766,4.100671,4.1012497,-0.0005788854858401749,2.0732443,2.071875,0.0013693332672120029
15.0,40.0,6.0,10.0,0.7897272,0.7897382,-1.0989001464789538e-05,1.8181834,1.8181535,2.9922088623068888e-05,2.4627273,2.462666,6.1308273315408e-05
18.0,40.0,4.0,7.0,0.7136092,0.7136368,-2.758140258785069e-05,2.7736878,2.7737322,-4.436049194334046e-05,2.5398831,2.5398777,5.436749267673235e-06
19.0,20.0,13.0,10.0,0.78454006,0.78454936,-9.302817687961706e-06,2.1415548,2.1415768,-2.1967541504075427e-05,2.638593,2.6386216,-2.8641549682628664e-05
16.0,50.0,13.0,10.0,0.6454039,0.6453952,8.721604156547436e-06,2.4898703,2.4903085,-0.00043819017028789986,3.6397781,3.6399214,-0.00014326279296872357
20.0,40.0,11.0,5.0,0.47594535,0.47592494,2.0413507995586944e-05,3.609389,3.6094,-1.0933303832949548e-05,2.9810905,2.9810498,4.074565429679211e-05
20.0,50.0,13.0,1.0,-0.29289466,-0.29365003,0.0007553685734558169,4.3769016,4.376126,0.0007756265869138801,3.1496937,3.1489,0.0007937274932863225
20.0,20.0,9.0,7.0,0.75137424,0.751325,4.9244689941385644e-05,2.7286203,2.7288,-0.00017970924377452846,2.1961207,2.19625,-0.00012926101684573865
19.0,30.0,18.0,10.0,0.6386118,0.63850325,0.00010854351806643958,2.4102457,2.4111288,-0.000883143032837097,3.5642786,3.5648978,-0.0006191973999021272
16.0,30.0,9.0,10.0,0.8279481,0.8279558,-7.706585693378898e-06,1.644767,1.6448326,-6.555402526853271e-05,2.2524981,2.2525346,-3.6450128173992624e-05
19.0,50.0,9.0,5.0,0.32987517,0.33006388,-0.00018870881546018126,3.7505023,3.750712,-0.00020965205383305374,3.2699394,3.269998,-5.85773925783073e-05
20.0,30.0,10.0,6.0,0.6745432,0.67449987,4.333192337035996e-05,3.138972,3.139,-2.7956008910923202e-05,2.5529916,2.5530002,-8.571353149466887e-06
19.0,30.0,4.0,6.0,0.75844556,0.7584875,-4.193906784055734e-05,2.7508514,2.7508655,-1.4107254028505878e-05,2.080272,2.0802298,4.215930480944152e-05
19.0,30.0,10.0,8.0,0.8047528,0.804777,-2.4173309326136483e-05,2.6133928,2.6133184,7.442989501971198e-05,2.5901747,2.5901191,5.557498779307224e-05
20.0,30.0,16.0,8.0,0.59237814,0.5921999,0.00017823949584960808,2.927673,2.9277997,-0.00012659857482910652,3.293267,3.2934997,-0.0002326883575438643
20.0,40.0,19.0,7.0,0.27467445,0.27432492,0.0003495253907012663,3.313764,3.3138,-3.5904693603594495e-05,3.9577856,3.9582498,-0.00046419361572258566
17.0,30.0,1.0,9.0,0.84670806,0.8467298,-2.1740689086890974e-05,1.8287652,1.8286844,8.075388488770763e-05,1.9580532,1.9579322,0.00012103123931894721
18.0,40.0,3.0,7.0,0.71509343,0.7150751,1.83338569641478e-05,2.7615964,2.7616742,-7.775873107895848e-05,2.513058,2.5130632,-5.252841186464963e-06
18.0,20.0,6.0,9.0,0.84888667,0.848871,1.5668682098346487e-05,1.8642637,1.8641243,0.00013935375518792092,1.8622781,1.8622383,3.9803828430162724e-05
17.0,50.0,16.0,9.0,0.46024552,0.46022972,1.5799876480093733e-05,2.7414412,2.7413096,0.00013164984741198538,3.932241,3.9322617,-2.0737017822458625e-05
18.0,30.0,11.0,9.0,0.8055433,0.80552894,1.4363489685087494e-05,2.2377894,2.2378542,-6.480752868665007e-05,2.6053715,2.6054158,-4.432478027327491e-05
19.0,40.0,8.0,6.0,0.6228039,0.6227981,5.826467895486687e-06,3.189489,3.1894896,-7.12213134690387e-07,2.7522466,2.7522361,1.0518270873838276e-05
19.0,20.0,11.0,9.0,0.78056234,0.7805729,-1.0558786773695594e-05,2.2277157,2.2278793,-0.00016356933288586006,2.369467,2.3695717,-0.00010467996520979739
17.0,50.0,7.0,8.0,0.5914083,0.5914141,-5.787679290825132e-06,2.9378502,2.9379845,-0.00013426310730002555,3.2201018,3.2201722,-7.03666564940697e-05
20.0,40.0,5.0,2.0,0.34737644,0.34737495,1.4859951019130513e-06,3.922398,3.9227498,-0.0003517096374512363,2.3530526,2.353,5.261611938456312e-05
20.0,30.0,2.0,4.0,0.6838554,0.6840999,-0.00024448560943601816,3.258948,3.2589998,-5.171230773903801e-05,1.98949,1.9893999,9.013219604492306e-05
16.0,50.0,15.0,10.0,0.576123,0.5761426,-1.9600808715769524e-05,2.4493654,2.4493406,2.4777426147259973e-05,3.8009644,3.8008795,8.485546874981154e-05
20.0,20.0,14.0,9.0,0.7083231,0.70809996,0.00022316107086184367,2.5543513,2.55545,-0.0010986701965332024,2.812109,2.8128247,-0.0007157064697267401
20.0,40.0,15.0,6.0,0.40020448,0.40012497,7.950969436643085e-05,3.4749763,3.475,-2.369880676278413e-05,3.4191308,3.41925,-0.0001191978454588849
18.0,30.0,3.0,7.0,0.7790001,0.7789764,2.370347366331682e-05,2.336884,2.3367336,0.00015042175903312582,1.9895207,1.989458,6.266898345952399e-05
19.0,20.0,1.0,7.0,0.8208779,0.82095987,-8.19603396606805e-05,2.2218056,2.2216606,0.0001449725097657506,1.6458176,1.6456532,0.0001644374435425533
16.0,50.0,17.0,10.0,0.48927516,0.48928994,-1.4782548370340098e-05,2.3987079,2.3985717,0.0001361666687009766,3.9841242,3.9842374,-0.00011321634521488377
17.0,30.0,12.0,10.0,0.8069594,0.8069563,3.0906402588293247e-06,1.8927305,1.892783,-5.252552795420584e-05,2.6270769,2.6271403,-6.343575744649499e-05
18.0,40.0,15.0,9.0,0.64755034,0.647575,-2.4655532836925786e-05,2.5908797,2.5908267,5.29787261962511e-05,3.434308,3.4342787,2.935206298815274e-05
19.0,50.0,4.0,4.0,0.30574524,0.3059822,-0.00023695597381589995,3.862092,3.862203,-0.00011098187255864644,2.9780927,2.9782138,-0.00012112955932597202
19.0,50.0,18.0,7.0,0.1895757,0.18940857,0.0001671319519805925,3.4203932,3.4208765,-0.00048327146911608665,4.2102265,4.210772,-0.0005454642028812628
20.0,30.0,1.0,4.0,0.6896325,0.68974996,-0.0001174846238708449,3.2351882,3.235225,-3.6754226684365676e-05,1.9686781,1.9686499,2.821679840092628e-05
16.0,40.0,6.0,9.0,0.7608075,0.76077414,3.337419067384051e-05,2.108891,2.1086838,0.00020721028442372003,2.5117545,2.5116415,0.00011301278686515204
17.0,50.0,6.0,8.0,0.5990048,0.59900886,-4.054911956763441e-06,2.9411712,2.9412723,-0.00010113071899420234,3.183368,3.183388,-2.0032394409064125e-05
20.0,50.0,16.0,3.0,-0.19914418,-0.19980012,0.0006559354106140114,4.1327095,4.1318,0.0009095031738279857,3.649552,3.649,0.0005521068572997834
19.0,20.0,3.0,7.0,0.8150555,0.8150467,8.789540100084814e-06,2.2875009,2.2874687,3.215830688496624e-05,1.7132542,1.7131927,6.151333312987006e-05
20.0,30.0,8.0,5.0,0.64975166,0.64969987,5.179320800785536e-05,3.2360096,3.2361002,-9.060222167978083e-05,2.3266687,2.3267,-3.12606811525562e-05
19.0,30.0,12.0,8.0,0.7320448,0.7320138,3.101601715083113e-05,2.622806,2.6228762,-7.012776489245809e-05,2.7469103,2.7470083,-9.796636657721791e-05
19.0,50.0,13.0,6.0,0.3148395,0.3148771,-3.7587890243551136e-05,3.610929,3.613167,-0.002237987701415811,3.6390448,3.640388,-0.0013432383422853356
20.0,20.0,6.0,6.0,0.7633417,0.7633499,-8.175127410914307e-06,2.7928367,2.7927003,0.00013636610717782105,1.9224427,1.922325,0.00011767463684075885
17.0,20.0,7.0,10.0,0.8396569,0.83959436,6.252943862916638e-05,1.5367057,1.536875,-0.00016926765441893643,1.8549249,1.8550614,-0.00013648277893074656
18.0,50.0,4.0,7.0,0.56327075,0.5633605,-8.975233840946562e-05,3.2934504,3.2935479,-9.754447021492751e-05,3.1700811,3.170108,-2.6861389160082183e-05
19.0,30.0,1.0,6.0,0.77067435,0.7707323,-5.7952122497595404e-05,2.6834228,2.683354,6.880387878416272e-05,1.9961324,1.9960953,3.707380981454733e-05
17.0,50.0,5.0,8.0,0.60218495,0.60220355,-1.8598694610627575e-05,2.9421666,2.9421105,5.606684875480994e-05,3.152289,3.1522038,8.51137268065294e-05
20.0,40.0,2.0,3.0,0.48624146,0.48649997,-0.00025851015350342177,3.7852669,3.78565,-0.0003831237792968345,2.3890548,2.3892248,-0.00017002476196292804
18.0,30.0,12.0,9.0,0.7703937,0.7703658,2.7929209899912877e-05,2.2409286,2.2410374,-0.00010875009765642929,2.686845,2.6869552,-0.00011013583679186922
20.0,50.0,17.0,3.0,-0.2661146,-0.26675004,0.000635447447814963,4.10458,4.1020255,0.002554425537109495,3.7390308,3.7381,0.0009308380126951121
20.0,10.0,10.0,10.0,0.77012783,0.77,0.000127832889556867,2.1670828,2.1675,-0.0004172134399413885,2.2097523,2.21,-0.00024767875671383166
18.0,50.0,8.0,7.0,0.52801645,0.5281079,-9.145197906490488e-05,3.2867367,3.2867796,-4.287323913576557e-05,3.3049252,3.3048658,5.9403323364293215e-05
16.0,50.0,6.0,9.0,0.64176995,0.6417215,4.8445621490533775e-05,2.621065,2.6210651,-1.9864807132563556e-07,3.1408577,3.1407268,0.00013089653320319528
20.0,40.0,5.0,3.0,0.44628668,0.44637495,-8.827168579100819e-05,3.8145318,3.8147497,-0.00021789686889661652,2.4594598,2.4594998,-4.0018353271609186e-05
20.0,50.0,18.0,4.0,-0.19043499,-0.19120003,0.0007650376866149833,3.9932742,3.9926999,0.0005743118835450645,3.973238,3.9729998,0.0002381913330076202
19.0,30.0,9.0,7.0,0.74231017,0.74231905,-8.883641052226388e-06,2.7095761,2.7096252,-4.907008666998891e-05,2.4262145,2.4262638,-4.934344177254246e-05
18.0,50.0,9.0,7.0,0.5081934,0.5082947,-0.0001013263198852421,3.2786846,3.2789621,-0.0002774839111330252,3.352548,3.3525555,-7.616012573041786e-06
19.0,20.0,8.0,8.0,0.79821074,0.7982033,7.44008941655494e-06,2.2919734,2.2920527,-7.934756774918839e-05,2.056912,2.056952,-4.0054656982313475e-05
18.0,30.0,15.0,10.0,0.74385107,0.74380535,4.571563568112058e-05,2.1480317,2.148215,-0.00018328842163084502,3.0643578,3.0645947,-0.00023694243164040785
20.0,50.0,15.0,2.0,-0.27574867,-0.27650005,0.0007513798988342257,4.2416444,4.2408752,0.0007691824768070177,3.4302206,3.4295003,0.0007203039428711477
18.0,40.0,6.0,7.0,0.69746816,0.69756067,-9.250841705321644e-05,2.790449,2.7904978,-4.889596252422024e-05,2.610168,2.6103065,-0.00013851980590828816
19.0,20.0,4.0,7.0,0.80544746,0.8054901,-4.264077911375619e-05,2.3166807,2.3166978,-1.7130215454130848e-05,1.7554133,1.7553626,5.0693838500981414e-05
18.0,50.0,10.0,7.0,0.48401105,0.4840816,-7.054596099853594e-05,3.2686818,3.2686949,-1.3135397338714938e-05,3.4059172,3.4058447,7.246766357438261e-05
18.0,20.0,7.0,9.0,0.8321092,0.8320829,2.6312875366252264e-05,1.887104,1.8871822,-7.816557617190689e-05,1.9228582,1.9229026,-4.436177978517364e-05
19.0,40.0,20.0,8.0,0.28051955,0.28019804,0.0003215050782776063,2.8760931,2.8760157,7.744918518071131e-05,4.024967,4.025494,-0.0005268063964845027
20.0,20.0,12.0,8.0,0.7151329,0.7149999,0.00013299213180539837,2.6518111,2.65215,-0.00033887710571267604,2.5286074,2.528975,-0.00036763153076169175
19.0,50.0,14.0,6.0,0.2696168,0.26964545,-2.8637532424935497e-05,3.5935068,3.593471,3.581304931632445e-05,3.715701,3.7157824,-8.129678955093311e-05
19.0,20.0,14.0,10.0,0.73897487,0.73864275,0.0003321192512512061,2.1492815,2.1509554,-0.0016738982299804306,2.7398968,2.7409916,-0.001094825708007896
19.0,40.0,13.0,7.0,0.5618084,0.5617047,0.00010370730667119687,3.0780733,3.078074,-7.368316650158135e-07,3.1956766,3.1957455,-6.893482971204179e-05
17.0,30.0,9.0,9.0,0.8011869,0.8011719,1.501921234126069e-05,1.9660885,1.9661791,-9.056659851069959e-05,2.3101163,2.310206,-8.970895385740363e-05
18.0,40.0,2.0,7.0,0.71206653,0.7121132,-4.6668818664552525e-05,2.7470906,2.7471662,-7.562192077648078e-05,2.491853,2.4918485,4.498733520374998e-06
18.0,50.0,2.0,7.0,0.55451566,0.5545869,-7.124019088744493e-05,3.282026,3.2822318,-0.0002057475250243357,3.136269,3.136329,-5.990744018546934e-05
19.0,30.0,5.0,6.0,0.7455872,0.74560595,-1.8720271301231328e-05,2.768469,2.7684693,-2.0476989748274832e-07,2.119552,2.1194744,7.749704895010368e-05
17.0,20.0,2.0,10.0,0.8623564,0.86244303,-8.66056683349603e-05,1.3993127,1.3989407,0.000372034603881799,1.6067232,1.6062653,0.0004578893539428641
20.0,40.0,6.0,2.0,0.32271883,0.32264993,6.889891654970892e-05,3.9257436,3.926,-0.0002564201354982032,2.3863187,2.3862247,9.398362426749074e-05
17.0,40.0,5.0,8.0,0.7368801,0.7368681,1.2023615264866727e-05,2.4259853,2.4260116,-2.626369628888625e-05,2.5225658,2.5225456,2.0241674804744036e-05
19.0,50.0,10.0,5.0,0.299873,0.29988226,-9.265577087413934e-06,3.7392046,3.739266,-6.135484313984918e-05,3.3216326,3.3215928,3.98236724854506e-05
20.0,20.0,7.0,6.0,0.73719025,0.737175,1.5246582031225309e-05,2.8148484,2.8149502,-0.00010177699584978939,1.9809468,1.9809998,-5.302074890134456e-05
19.0,10.0,4.0,10.0,0.83291245,0.83297175,-5.930493164063577e-05,1.6958679,1.6955081,0.00035979608001701635,1.6253393,1.6248665,0.00047276963806153205
18.0,40.0,16.0,9.0,0.5985178,0.59843683,8.09455355834654e-05,2.5764987,2.5765848,-8.605312805176624e-05,3.530909,3.5310934,-0.00018433856811528315
17.0,40.0,6.0,8.0,0.7300538,0.73004836,5.422463073778694e-06,2.4328048,2.4327986,6.2229217530074266e-06,2.5608754,2.560855,2.041580200184967e-05
19.0,40.0,14.0,7.0,0.5155334,0.51539797,0.00013541766098024155,3.0674856,3.067553,-6.742909240742279e-05,3.2795577,3.279665,-0.00010729507446294306
19.0,50.0,15.0,6.0,0.22006729,0.22001387,5.342245185852024e-05,3.5713859,3.5713253,6.0560443115420526e-05,3.7967105,3.7967772,-6.670881958026342e-05
16.0,30.0,4.0,9.0,0.7994638,0.79947937,-1.5561463470481485e-05,1.6683121,1.6682707,4.13727539061437e-05,1.9105364,1.9104478,8.860842437741212e-05
19.0,10.0,3.0,10.0,0.8384073,0.8385033,-9.602193908686552e-05,1.6545388,1.6540041,0.000534650648498447,1.5719833,1.5713718,0.0006115374023436537
19.0,30.0,10.0,7.0,0.7100348,0.70998746,4.7327654876694325e-05,2.7164478,2.7165291,-8.126979980449534e-05,2.49484,2.4949086,-6.869330749514901e-05
18.0,50.0,17.0,8.0,0.33138254,0.3313184,6.414284858702324e-05,3.0653305,3.0651538,0.00017670537109371054,4.0687885,4.0688925,-0.00010397155761676657
17.0,30.0,10.0,9.0,0.7756819,0.77567726,4.652899017298928e-06,1.972298,1.972341,-4.2973915099997484e-05,2.3793864,2.37944,-5.357498168967467e-05
17.0,50.0,8.0,8.0,0.57939804,0.5794194,-2.1363996887235892e-05,2.9321961,2.9322462,-5.0059710693162174e-05,3.2625656,3.2625566,9.012792968832173e-06
15.0,40.0,7.0,10.0,0.7853509,0.7853554,-4.481230163611016e-06,1.8218334,1.8217483,8.507211608876908e-05,2.5072336,2.5071645,6.911968994138817e-05
17.0,40.0,12.0,9.0,0.7069488,0.70694834,4.767762756818783e-07,2.34835,2.348288,6.204806518539385e-05,3.0162194,3.0162418,-2.2422482299777613e-05
20.0,40.0,1.0,3.0,0.490766,0.49107492,-0.00030893117324831687,3.7706215,3.77105,-0.0004284618377683458,2.3767796,2.3769999,-0.0002203437255858809
18.0,20.0,8.0,9.0,0.81092423,0.8108947,2.953200607302975e-05,1.9076514,1.9077901,-0.00013867559204094881,1.9890578,1.9891672,-0.00010942068786623516
17.0,50.0,18.0,9.0,0.35768598,0.3577403,-5.43168190002552e-05,2.6861734,2.686383,-0.00020956097412128116,4.1258826,4.12623,-0.0003473744201656359
19.0,30.0,6.0,6.0,0.7283474,0.7283243,2.3120692443812096e-05,2.7836564,2.7836235,3.285871887204195e-05,2.1643498,2.1643193,3.0494387817547874e-05
18.0,40.0,7.0,7.0,0.6829449,0.68292236,2.2533836975147103e-05,2.7951496,2.7952056,-5.603525695807576e-05,2.6538882,2.653921,-3.277444458005263e-05
20.0,10.0,3.0,8.0,0.80780834,0.8079,-9.166040420527377e-05,2.2020833,2.201675,0.0004083492279054468,1.5962856,1.5957999,0.0004856815887450683
19.0,50.0,3.0,4.0,0.31206912,0.31231388,-0.000244761977081287,3.8603773,3.860499,-0.0001216882934569341,2.9614553,2.961619,-0.00016365484619118575
18.0,50.0,19.0,8.0,0.21308899,0.21319216,-0.00010317074218749167,3.0066657,3.00607,0.0005957066345216866,4.2738237,4.2734714,0.0003523380981445001
15.0,40.0,8.0,10.0,0.7765536,0.7765725,-1.8928775787352414e-05,1.8229928,1.822893,9.980166625966902e-05,2.5573492,2.5572631,8.610501708972151e-05
17.0,40.0,16.0,10.0,0.66075563,0.6606878,6.783430786128086e-05,2.2307827,2.2307537,2.9047268676585247e-05,3.4787889,3.47901,-0.00022114730834976726
20.0,40.0,6.0,3.0,0.4241658,0.42419994,-3.4154687347409673e-05,3.8193898,3.81955,-0.00016017990112304759,2.4941156,2.4941247,-9.10895080563634e-06
18.0,20.0,11.0,10.0,0.8014457,0.8013093,0.00013642257995605256,1.8499885,1.8502924,-0.0003039394592285749,2.2996109,2.2998817,-0.00027084680480937706
20.0,20.0,10.0,7.0,0.71454185,0.7144999,4.195247421268089e-05,2.7450807,2.74525,-0.0001692905426025071,2.2729795,2.273125,-0.0001455020904539417
18.0,50.0,1.0,7.0,0.543558,0.5436,-4.199848175046039e-05,3.2725968,3.2728992,-0.0003023639099120068,3.127802,3.1278396,-3.7704858398601715e-05
18.0,40.0,12.0,8.0,0.656192,0.6561606,3.1404680633562165e-05,2.7004306,2.700424,6.631637573306648e-06,3.0666847,3.0667143,-2.9577099609490176e-05
17.0,30.0,4.0,8.0,0.78755176,0.7875773,-2.5539326477086455e-05,1.9956536,1.9955515,0.00010212930297859302,1.9669639,1.9668036,0.00016028721466065932
20.0,40.0,1.0,2.0,0.4019959,0.40227494,-0.00027904270690920496,3.884586,3.8852499,-0.0006638041900632885,2.2758791,2.2761,-0.00022085533142091052
19.0,30.0,20.0,10.0,0.50609,0.50554013,0.0005498553706360099,2.3857749,2.3876865,-0.001911649154663131,3.8142335,3.8169873,-0.002753758511352622
20.0,10.0,7.0,9.0,0.7956467,0.79534996,0.0002967670851135029,2.2107465,2.2111251,-0.000378573281860195,1.89908,1.8993999,-0.00031986192932120794
20.0,30.0,4.0,4.0,0.6594553,0.6595999,-0.0001446006225586105,3.2991958,3.2991998,-4.033551025184323e-06,2.0478187,2.0476997,0.00011896073608408386
17.0,50.0,9.0,8.0,0.56297165,0.5630246,-5.294844589232017e-05,2.9237435,2.9240577,-0.0003142135955811476,3.3104835,3.3105407,-5.7244342040796425e-05
20.0,40.0,7.0,3.0,0.39763093,0.3976249,6.029946899410721e-06,3.8217735,3.8219001,-0.00012657094726575835,2.5343742,2.5343497,2.4537060546947487e-05
16.0,40.0,5.0,9.0,0.7641757,0.7641754,3.13062286427801e-07,2.1023312,2.102268,6.316149902341195e-05,2.4731176,2.4730372,8.038995056169895e-05
18.0,40.0,19.0,9.0,0.42476314,0.4246224,0.0001407430625915418,2.5191753,2.5191584,1.6891061401569374e-05,3.8546762,3.8551364,-0.0004601533569337235
19.0,30.0,13.0,8.0,0.6891291,0.6890323,9.68141510009346e-05,2.6238556,2.62398,-0.0001244091796874791,2.833642,2.833853,-0.0002109940795897991
18.0,50.0,11.0,7.0,0.4554127,0.45546836,-5.567412887574896e-05,3.2560499,3.2559779,7.197144470216799e-05,3.4648228,3.4647343,8.846916503912894e-05
16.0,30.0,1.0,10.0,0.8461394,0.8461663,-2.6928604888953878e-05,1.5104218,1.5103061,0.00011565292968751528,1.8981161,1.8979031,0.0002130117553711397
19.0,20.0,9.0,8.0,0.7692452,0.76919675,4.845730972291573e-05,2.310379,2.3105817,-0.00020267167968768263,2.128367,2.1285217,-0.00015475282592758433
18.0,50.0,20.0,8.0,0.14773217,0.14752895,0.000203218436050423,2.9734485,2.972853,0.0005955149383543024,4.3840656,4.3841605,-9.487194824231437e-05
18.0,40.0,1.0,7.0,0.7046805,0.7047513,-7.07975852966003e-05,2.7300558,2.7302082,-0.0001523909790037692,2.476192,2.4762342,-4.2202471923769025e-05
19.0,50.0,5.0,4.0,0.29510096,0.29525065,-0.00014969284477234224,3.8614144,3.8614564,-4.196747436502335e-05,3.0004,3.000409,-8.933624267459805e-06
15.0,40.0,3.0,10.0,0.7765193,0.776487,3.2298553466758584e-05,1.792579,1.7926693,-9.0245167541525e-05,2.3627784,2.3627698,8.62521667466254e-06
20.0,20.0,18.0,10.0,0.57027256,0.5694499,0.0008226648880005349,2.4578376,2.4606004,-0.0027628183654786476,3.3675642,3.3708248,-0.0032605986450193747
17.0,50.0,19.0,9.0,0.3000135,0.29989567,0.00011784237297057798,2.655261,2.6552448,1.62397338865361e-05,4.231084,4.231614,-0.0005301300659183994
17.0,40.0,4.0,8.0,0.7392854,0.7392878,-2.3905494690446005e-06,2.4167216,2.416775,-5.341758728016899e-05,2.489836,2.4898367,-7.224456788357259e-07
17.0,50.0,4.0,8.0,0.60100865,0.60099834,1.0313640747106056e-05,2.9402819,2.9404988,-0.00021693201904282589,3.1265392,3.1266196,-8.036965332047785e-05
20.0,40.0,8.0,3.0,0.36671254,0.3666499,6.264038810732675e-05,3.8217597,3.8218,-4.02992248536016e-05,2.5802329,2.580175,5.785865783680677e-05
16.0,30.0,10.0,10.0,0.8058787,0.8058795,-8.0117416378922e-07,1.6506165,1.6506233,-6.773396301174017e-06,2.3220065,2.3220637,-5.7235995483573276e-05
16.0,50.0,19.0,10.0,0.38482875,0.38483733,-8.58368118283881e-06,2.3381214,2.3380036,0.00011781418457035286,4.1895003,4.189995,-0.0004946681213375825
15.0,50.0,7.0,10.0,0.6819098,0.6819145,-4.700424194314934e-06,2.3304853,2.3304126,7.274393310563454e-05,3.135676,3.1356778,-1.8928649900828987e-06
19.0,40.0,9.0,6.0,0.59597445,0.5959415,3.294534301756524e-05,3.1896777,3.1896687,9.01530151375951e-06,2.806788,2.8067558,3.216768188485375e-05
19.0,20.0,5.0,7.0,0.7915474,0.7915336,1.3817640686086818e-05,2.3434656,2.3434763,-1.0733364868009687e-05,1.803324,1.8031324,0.00019158414611819552
20.0,40.0,16.0,6.0,0.34184766,0.3415999,0.00024775815734862094,3.460248,3.45995,0.00029799346923820025,3.5141916,3.5140748,0.00011682750244146334
18.0,20.0,3.0,8.0,0.8128738,0.8128566,1.718072738643439e-05,1.8973448,1.8972714,7.342765197759782e-05,1.6468122,1.6467236,8.860054626458336e-05
16.0,50.0,7.0,9.0,0.6376612,0.63754517,0.00011604864318848218,2.6170516,2.6174061,-0.0003544985900880704,3.1775317,3.1778054,-0.00027368079223633046
18.0,30.0,4.0,7.0,0.7738916,0.77391315,-2.1522211456348472e-05,2.35639,2.3564165,-2.650061035147644e-05,2.0234265,2.0233974,2.9132745361426515e-05
20.0,40.0,12.0,5.0,0.43259263,0.43244994,0.00014269038635256193,3.602575,3.6026003,-2.5236294555863736e-05,3.05208,3.052075,4.916000366339546e-06
20.0,30.0,5.0,4.0,0.6406662,0.64074993,-8.374319046022816e-05,3.3156416,3.3156247,1.6941616821419814e-05,2.0854456,2.0852501,0.00019554247131337021
20.0,30.0,19.0,8.0,0.3948045,0.39464998,0.000154527493972767,2.8997946,2.9001245,-0.0003299214477539003,3.6409872,3.6413498,-0.0003626421783446965
18.0,40.0,13.0,8.0,0.61772734,0.61767256,5.477926773067576e-05,2.6919928,2.6919818,1.0959704589641461e-05,3.1452804,3.1453292,-4.8838824462826835e-05
19.0,20.0,6.0,7.0,0.7730704,0.7731769,-0.00010650500717157563,2.3678286,2.3678055,2.3107559204316175e-05,1.8564315,1.856502,-7.051577758798722e-05
20.0,40.0,10.0,4.0,0.4033514,0.4032499,0.00010149632225037175,3.714241,3.7140002,0.0002408278320311652,2.8023424,2.8021252,0.00021721485595715961
17.0,30.0,13.0,10.0,0.77087194,0.7708115,6.043727493287854e-05,1.8929555,1.8931446,-0.0001890583892822928,2.714293,2.7145746,-0.0002815969177247801
20.0,50.0,19.0,4.0,-0.26360452,-0.26439998,0.0007954582485961703,3.960701,3.959575,0.0011259887695311832,4.0752463,4.0747,0.0005463340759277457
16.0,40.0,13.0,10.0,0.72428364,0.724323,-3.93643836975599e-05,2.0207295,2.0205522,0.00017734177856443267,3.0451584,3.045211,-5.261376953136221e-05
19.0,40.0,3.0,5.0,0.5993513,0.59939146,-4.017311187742845e-05,3.255031,3.2551556,-0.00012449114379897708,2.4627028,2.4627268,-2.4048840332024923e-05
17.0,20.0,8.0,10.0,0.82186437,0.8218246,3.9766531372054104e-05,1.5569446,1.5571116,-0.00016699131164554792,1.9215155,1.9216206,-0.00010513521728516828
19.0,50.0,2.0,4.0,0.31399012,0.31424543,-0.00025531388061522664,3.8562,3.8563445,-0.0001445202178955718,2.9504275,2.9506245,-0.00019696780395506153
19.0,40.0,17.0,8.0,0.4776114,0.4774678,0.00014359273643493875,2.940015,2.939679,0.0003360775909424518,3.6853304,3.685535,-0.00020460906982400218
20.0,30.0,11.0,6.0,0.63443935,0.63434994,8.940917449951069e-05,3.1437078,3.1438248,-0.00011704777221677176,2.6268475,2.62695,-0.00010249443054188845
18.0,30.0,2.0,7.0,0.77959317,0.77963954,-4.637031082155296e-05,2.3145995,2.3146005,-9.85992431701277e-07,1.9611828,1.9611185,6.433271789552109e-05
18.0,30.0,16.0,10.0,0.6937593,0.69359213,0.0001671921664428977,2.1426578,2.1431475,-0.0004897431945800612,3.1693456,3.1699343,-0.0005886827056884592
19.0,50.0,11.0,5.0,0.26539212,0.26530063,9.149465286256708e-05,3.7253904,3.7253697,2.0734265136823637e-05,3.3788517,3.3787875,6.415214538568748e-05
20.0,20.0,2.0,5.0,0.76199794,0.76219994,-0.00020200184387209053,2.8132985,2.8133502,-5.1736178588779325e-05,1.6723622,1.6723249,3.7308366394039894e-05
18.0,30.0,5.0,7.0,0.7644468,0.7644501,-3.3050132751677452e-06,2.3736472,2.3736491,-1.8870178224439371e-06,2.0629852,2.062937,4.818180847188103e-05
17.0,50.0,3.0,8.0,0.59539306,0.595393,6.16378784679128e-08,2.9361768,2.936437,-0.0002602231140138578,3.1065307,3.1066353,-0.0001046336486818511
20.0,30.0,9.0,5.0,0.6157918,0.6157999,-8.102362060502522e-06,3.244144,3.244275,-0.00013103713989259802,2.3880095,2.38805,-4.045181274392462e-05
19.0,50.0,16.0,6.0,0.1660217,0.16598219,3.951467376708817e-05,3.5468473,3.546729,0.00011834344482419823,3.8832223,3.8833718,-0.00014945846252434336
16.0,30.0,5.0,9.0,0.7968477,0.79685307,-5.368927307181082e-06,1.6848136,1.6847615,5.2118659973121595e-05,1.9506931,1.9505769,0.0001162304931641156
17.0,40.0,3.0,8.0,0.73729855,0.7373076,-9.051778411817146e-06,2.4050407,2.4050882,-4.745903320291234e-05,2.4627256,2.462727,-1.3606567383916968e-06
19.0,50.0,12.0,5.0,0.2264153,0.22631907,9.623632972716178e-05,3.7091053,3.709024,8.125321960461562e-05,3.441651,3.4415827,6.8405880737199e-05
16.0,50.0,8.0,9.0,0.6289766,0.6289689,7.683480834907996e-06,2.6112232,2.6112971,-7.387917480450312e-05,3.2206025,3.2204845,0.00011801235961916845
20.0,30.0,12.0,6.0,0.5899996,0.58979994,0.00019967614608762396,3.1460917,3.1461997,-0.00010800039978020592,2.7063618,2.7065,-0.0001382293701173154
16.0,50.0,20.0,10.0,0.3252688,0.32601094,-0.0007421349729919702,2.3065257,2.3040442,0.002481507244873171,4.3025265,4.3012743,0.0012521739990232206
17.0,40.0,7.0,8.0,0.7188284,0.7188287,-3.198921203484417e-07,2.4370883,2.4371357,-4.744888610819231e-05,2.6047003,2.6047637,-6.337308044424006e-05
18.0,50.0,12.0,7.0,0.42244822,0.42245528,-7.062131195056942e-06,3.2408705,3.240811,5.9475769043082494e-05,3.5292935,3.529224,6.953713989243937e-05
18.0,20.0,2.0,8.0,0.81454015,0.81459475,-5.460221862796377e-05,1.8660883,1.8659635,0.00012477114105213793,1.6100231,1.6098592,0.00016394090728755195
19.0,50.0,6.0,4.0,0.28001982,0.2801191,-9.928026351929686e-05,3.8582392,3.8582606,-2.142611083977286e-05,3.0282373,3.0282035,3.3842834472608274e-05
20.0,20.0,8.0,6.0,0.7066627,0.7065999,6.281448135381229e-05,2.8346682,2.8347502,-8.204051513693855e-05,2.0452175,2.045275,-5.7485961914238715e-05
20.0,30.0,14.0,7.0,0.59490114,0.5947,0.00020114450454711275,3.0384374,3.0388,-0.00036263351440446456,2.9857037,2.986,-0.0002962932586672018
18.0,20.0,3.0,7.0,0.75270694,0.75287765,-0.00017070505752558862,2.0142603,2.0142927,-3.240794677727976e-05,1.5796527,1.5796027,4.9967045593346526e-05
15.0,40.0,5.0,10.0,0.7896875,0.78972113,-3.3615694885247294e-05,1.8122529,1.8121089,0.00014397914276131907,2.4237823,2.423767,1.5348632812717256e-05
20.0,40.0,17.0,6.0,0.2789695,0.27867496,0.0002945364885711399,3.44272,3.44245,0.00026993637084959943,3.6144226,3.6145,-7.74402618408665e-05
20.0,10.0,8.0,9.0,0.7688707,0.76879996,7.075132659917216e-05,2.2429452,2.2432,-0.0002548057556150951,1.9749074,1.975,-9.260177612313569e-05
15.0,50.0,6.0,10.0,0.6827172,0.6826725,4.470409393309005e-05,2.334078,2.3344426,-0.00036452649841312024,3.098246,3.0983043,-5.8202435302856514e-05
19.0,40.0,4.0,5.0,0.5919528,0.59198487,-3.2069249267574484e-05,3.265976,3.2660344,-5.844785156261523e-05,2.487804,2.487847,-4.306399536124772e-05
16.0,40.0,3.0,9.0,0.7577862,0.75777805,8.164351654071922e-06,2.0820634,2.0820868,-2.336349182119335e-05,2.4126742,2.4126294,4.47886138914555e-05
20.0,50.0,15.0,3.0,-0.13790536,-0.13725004,-0.0006553192681884867,4.1585064,4.1591253,-0.0006189065673831706,3.5650578,3.5655,-0.0004422454833985512
17.0,40.0,18.0,10.0,0.5559681,0.5560484,-8.029420700073064e-05,2.1933446,2.1941776,-0.0008330069519044692,3.6890974,3.6900287,-0.0009312955200195816
16.0,50.0,5.0,9.0,0.64151925,0.64149785,2.139848556514945e-05,2.6220486,2.6222746,-0.00022598359069814222,3.1093016,3.1092477,5.38670776366601e-05
20.0,10.0,12.0,10.0,0.6917418,0.69119996,0.0005418641500855026,2.2155304,2.2176,-0.0020696044921875156,2.4013953,2.4032,-0.0018046791076660185
19.0,50.0,1.0,4.0,0.31148562,0.311777,-0.0002913816471100117,3.849265,3.849741,-0.0004759014282225138,2.9450207,2.9452295,-0.00020882434082025725
20.0,30.0,6.0,4.0,0.6174782,0.61749995,-2.175814743043958e-05,3.3296738,3.3295999,7.386708984391532e-05,2.1285474,2.1284,0.0001474300384520788
18.0,50.0,14.0,7.0,0.34333158,0.34322894,0.00010263539367677543,3.203218,3.2031267,9.128324584972702e-05,3.6750524,3.675003,4.940440368672583e-05
18.0,30.0,10.0,8.0,0.7437195,0.74371326,6.258184661822597e-06,2.3276,2.3276427,-4.269771118181609e-05,2.4370594,2.437055,4.402465820341206e-06
18.0,50.0,13.0,7.0,0.3850985,0.3850422,5.628713874816782e-05,3.2229497,3.223194,-0.00024425672912586904,3.5991547,3.5993133,-0.00015858923034661743
15.0,50.0,8.0,10.0,0.6767847,0.6767566,2.809419479365971e-05,2.3237488,2.3239326,-0.00018377301940919466,3.1787002,3.1786516,4.860866394063024e-05
17.0,30.0,3.0,8.0,0.7891865,0.78922206,-3.558233886713502e-05,1.9764655,1.9762396,0.0002258636383056789,1.93276,1.9325693,0.00019070022888190152
20.0,20.0,11.0,7.0,0.673477,0.67327493,0.00020206403762812464,2.7589865,2.75925,-0.00026352691650410875,2.3553624,2.3555999,-0.0002374846862793767
17.0,40.0,2.0,8.0,0.73092383,0.7309272,-3.368537139891714e-06,2.3908894,2.3909514,-6.199379577642716e-05,2.441205,2.4412181,-1.3075280761665198e-05
20.0,40.0,13.0,5.0,0.3847886,0.38457498,0.00021362259056090238,3.5934663,3.59335,0.00011628189086909657,3.128766,3.1287003,6.57598754880695e-05
19.0,40.0,5.0,5.0,0.58020496,0.58017826,2.6703684082085566e-05,3.2743971,3.2744632,-6.60652191162292e-05,2.518654,2.5185666,8.750804748514085e-05
18.0,40.0,17.0,9.0,0.54498404,0.54489875,8.529264450074514e-05,2.559891,2.5598924,-1.4145111082441986e-06,3.6332192,3.6335082,-0.0002889579040528112
19.0,10.0,2.0,10.0,0.8395133,0.8396349,-0.00012159815063472745,1.6107243,1.6100501,0.0006742299484252534,1.5242331,1.523477,0.000756102798461944
19.0,30.0,11.0,7.0,0.6733672,0.6732559,0.00011130228195188607,2.7209044,2.720983,-7.864971923821074e-05,2.5690613,2.5691533,-9.202070312497312e-05
19.0,50.0,17.0,6.0,0.10786885,0.10755068,0.00031817023117065857,3.5204968,3.5196834,0.0008134452453614216,3.9757197,3.9755669,0.00015279032287596195
15.0,30.0,6.0,10.0,0.8067758,0.80680406,-2.8251665649459134e-05,1.4043466,1.404364,-1.741472625726992e-05,1.9408131,1.9407777,3.5364575195373504e-05
20.0,20.0,1.0,5.0,0.76876783,0.76892495,-0.00015711629028325458,2.780384,2.7804,-1.5936279297079636e-05,1.6431025,1.6430498,5.272666473388199e-05
15.0,50.0,10.0,10.0,0.65322286,0.6532408,-1.79410942077185e-05,2.3036022,2.3036218,-1.9581372070476277e-05,3.281493,3.2813988,9.414853210465424e-05
20.0,20.0,13.0,8.0,0.66758984,0.66752493,6.491327316282547e-05,2.662397,2.6628,-0.00040309219360334936,2.6235929,2.62405,-0.0004571464538574155
20.0,40.0,14.0,5.0,0.33262253,0.33229995,0.0003225780761718644,3.581697,3.5816503,4.668715209943386e-05,3.2109752,3.210925,5.017013549801774e-05
20.0,10.0,4.0,8.0,0.79632294,0.7964,-7.705821990966477e-05,2.2421758,2.2419999,0.00017591748962386689,1.6479611,1.6476,0.00036113967895512467
17.0,20.0,1.0,10.0,0.8537396,0.85381275,-7.313074493409122e-05,1.3644378,1.3640039,0.00043391852722174384,1.5737922,1.5733062,0.00048601916198731665
19.0,40.0,10.0,6.0,0.5647803,0.56468487,9.542489517211372e-05,3.1874037,3.1873975,6.178894043085137e-06,2.8668854,2.8668761,9.323660278504065e-06
19.0,30.0,7.0,6.0,0.70675987,0.7066428,0.00011707005233763113,2.796729,2.7963274,0.0004016878295898252,2.2147698,2.2147639,5.940240478619074e-06
15.0,50.0,9.0,10.0,0.6671044,0.6671987,-9.427695388797286e-05,2.3143172,2.3150017,-0.0006844735900877197,3.22735,3.2272253,0.00012469656677227547
20.0,10.0,5.0,8.0,0.78047305,0.7805,-2.6946544647188375e-05,2.2798705,2.2798748,-4.289898681619775e-06,1.7051859,1.705,0.0001858901977538352
20.0,50.0,18.0,3.0,-0.33695066,-0.33810002,0.0011493602481079113,4.0686107,4.0698,-0.0011893318176268153,3.8329544,3.8328,0.00015440673828104323
18.0,50.0,15.0,7.0,0.29713345,0.29701576,0.00011768573974607621,3.180864,3.1806097,0.00025439568786600475,3.756347,3.7562926,5.434099426260275e-05
16.0,50.0,4.0,9.0,0.6369154,0.6368741,4.128572311401513e-05,2.6207275,2.621034,-0.0003064609374998639,3.083367,3.0833688,-1.6907012940770016e-06
19.0,10.0,3.0,9.0,0.79109216,0.7910638,2.8357363891617915e-05,1.7896602,1.7895646,9.561537780755636e-05,1.5172086,1.5169611,0.0002474762023925159
20.0,50.0,16.0,2.0,-0.34050733,-0.3416001,0.0010927714897155938,4.212362,4.2120004,0.0003614125915527566,3.5127285,3.5116,0.0011284526824950625
20.0,20.0,3.0,5.0,0.7509141,0.7510749,-0.00016080316772459913,2.8437533,2.8438501,-9.67621398926255e-05,1.7072135,1.7071999,1.3621003723152114e-05
20.0,40.0,11.0,4.0,0.36171514,0.36162493,9.020795852660024e-05,3.7083979,3.7081,0.00029786529541020457,2.8663313,2.86615,0.00018133888244609153
16.0,50.0,9.0,9.0,0.61593896,0.61599255,-5.358849411007949e-05,2.6023567,2.6027377,-0.0003810277130127382,3.2687588,3.2687635,-4.72619628899551e-06
20.0,10.0,6.0,8.0,0.7603069,0.76019996,0.00010693477920531436,2.315285,2.3153,-1.5032577514784151e-05,1.7679807,1.7680001,-1.9405229187086093e-05
19.0,40.0,6.0,5.0,0.56412387,0.56397176,0.00015210894226069804,3.280623,3.2804422,0.0001807591369629158,2.5550272,2.5548866,0.00014064647521960794
18.0,20.0,9.0,9.0,0.7853539,0.78530663,4.72690020751898e-05,1.9257329,1.9259479,-0.0002150489715575521,2.0608668,2.0610316,-0.00016476726684588883
19.0,50.0,3.0,3.0,0.20568427,0.20587438,-0.00019010556495666076,3.9527955,3.9530594,-0.00026389447631824936,2.8450785,2.8452086,-0.0001301316772459593
17.0,40.0,8.0,8.0,0.70320654,0.7032089,-2.3608459472912457e-06,2.43905,2.4390223,2.7659182739281363e-05,2.6542914,2.6542735,1.7891372680711726e-05
17.0,50.0,10.0,8.0,0.5422145,0.5422299,-1.5387174987835373e-05,2.9134805,2.91342,6.052024841318726e-05,3.36419,3.3641248,6.530162353524105e-05
17.0,30.0,2.0,8.0,0.78642464,0.7864667,-4.206315917965053e-05,1.9546337,1.9544775,0.00015621276855459776,1.9041384,1.9039351,0.00020334585418702034
20.0,40.0,8.0,2.0,0.26022962,0.2599999,0.00022971735725402231,3.9250507,3.9251502,-9.946452636722114e-05,2.4697113,2.4694746,0.00023670371093764686
18.0,40.0,20.0,9.0,0.35802397,0.3578843,0.00013967131919861986,2.4950957,2.4951165,-2.077017211910004e-05,3.9737954,3.9743516,-0.0005561860290526077
15.0,50.0,4.0,10.0,0.67108566,0.6709882,9.745568923946735e-05,2.3346221,2.3351536,-0.0005314553009032608,3.0402038,3.0403566,-0.00015279026184078504
19.0,10.0,5.0,10.0,0.8228422,0.8230401,-0.0001979192710876987,1.7344104,1.7345619,-0.00015149484100351884,1.6837375,1.6839613,-0.00022378359680175208
17.0,50.0,11.0,8.0,0.5170055,0.5170351,-2.9596822357147445e-05,2.9006982,2.9003315,0.0003666849670409533,3.4234314,3.423309,0.00012239648437484263
19.0,50.0,2.0,3.0,0.21011537,0.21035597,-0.00024059686538696612,3.9501123,3.9504552,-0.0003428571655272883,2.8354046,2.835614,-0.00020936552429207111
19.0,20.0,7.0,7.0,0.7504756,0.7504204,5.5185460662854346e-05,2.3894942,2.3896842,-0.00019001932067874705,1.9153372,1.9154718,-0.0001345950668334428
16.0,40.0,14.0,10.0,0.68826455,0.6882716,-7.051221466047863e-06,2.0089586,2.0089178,4.0778109741346213e-05,3.1299288,3.1300151,-8.627271423344851e-05
17.0,50.0,2.0,8.0,0.5853945,0.58538777,6.731686096217437e-06,2.9296312,2.929925,-0.0002937667846678593,3.0921204,3.092251,-0.00013059098815926262
16.0,30.0,6.0,9.0,0.7898607,0.78982675,3.3975402832009394e-05,1.6990159,1.6988022,0.00021365578918453032,1.9964185,1.9963058,0.00011267610473630896
19.0,50.0,5.0,3.0,0.18362337,0.18371123,-8.7856491546634e-05,3.95092,3.9509172,2.904980468620977e-06,2.8812175,2.8811982,1.927970581050431e-05
19.0,50.0,20.0,6.0,-0.093563974,-0.09414405,0.000580076096344001,3.4248395,3.4238448,0.0009946966125489176,4.2860575,4.2857513,0.0003061722290036428
16.0,40.0,8.0,9.0,0.7407647,0.74077153,-6.852475433305472e-06,2.1142406,2.1141655,7.514636230476768e-05,2.6057193,2.6056492,7.012792663552148e-05
18.0,50.0,5.0,6.0,0.45171613,0.45181844,-0.00010231498855589605,3.3772178,3.3772016,1.616962280293066e-05,3.0787876,3.0789766,-0.00018903476867659919
16.0,20.0,5.0,10.0,0.8002705,0.80018866,8.183779891968168e-05,1.2716894,1.2714126,0.0002768149780274509,1.6067894,1.6062086,0.0005807505096435683
20.0,50.0,19.0,3.0,-0.41268677,-0.41384998,0.0011632148060607972,4.0366364,4.035125,0.0015113525390626492,3.9340127,3.9331,0.0009126514434814048
20.0,30.0,17.0,8.0,0.5309426,0.5307499,0.00019271884689331387,2.9210913,2.9210246,6.671813049319297e-05,3.4033942,3.40385,-0.00045577774047833586
20.0,20.0,15.0,9.0,0.6547502,0.65437496,0.0003752679281616711,2.561623,2.56275,-0.0011269035339354083,2.9192512,2.9204996,-0.0012483964630125577
18.0,20.0,4.0,8.0,0.8067173,0.8067185,-1.2234268188526798e-06,1.926095,1.9261293,-3.4291149902276885e-05,1.6892327,1.6891884,4.430702362068217e-05
18.0,50.0,4.0,6.0,0.45652914,0.45658162,-5.247952758791197e-05,3.3764791,3.376769,-0.0002898511352538158,3.0549998,3.055087,-8.717166137683918e-05
20.0,20.0,19.0,10.0,0.5016231,0.50067496,0.0009481340818786599,2.4565518,2.45965,-0.003098209762573134,3.4985669,3.5023,-0.003733134078979461
15.0,40.0,9.0,10.0,0.763355,0.7633896,-3.458329162597806e-05,1.8217118,1.8215876,0.00012417864074709684,2.6130433,2.6129618,8.150825805675055e-05
19.0,20.0,12.0,9.0,0.7410622,0.7409164,0.00014582391128536987,2.240108,2.2406082,-0.0005001868469238779,2.4588542,2.4593415,-0.0004873015441893003
16.0,50.0,10.0,9.0,0.59861255,0.59861624,-3.693079223654472e-06,2.5917473,2.5917284,1.8883935546831765e-05,3.3227758,3.3226426,0.00013324075927734214
19.0,50.0,7.0,4.0,0.26107442,0.26058754,0.00048688378997802095,3.8520741,3.8526146,-0.0005404537292479361,3.0609717,3.061598,-0.0006262630920410572
15.0,40.0,2.0,10.0,0.76330924,0.7632698,3.9440341186525174e-05,1.7791444,1.7792745,-0.00013009368133554133,2.3407269,2.3406713,5.55524169922883e-05
19.0,10.0,1.0,10.0,0.83621883,0.8363665,-0.00014766607666016895,1.5644702,1.5636462,0.0008239719284057756,1.4820614,1.4811822,0.0008791861083985442
16.0,40.0,9.0,9.0,0.7241629,0.7241702,-7.323394012437312e-06,2.1133034,2.1132312,7.2222927856469e-05,2.6610825,2.6610532,2.930617980956285e-05
16.0,50.0,11.0,9.0,0.57684344,0.57683986,3.5805326843441065e-06,2.5784478,2.5782692,0.00017861875610369893,3.382325,3.3821216,0.00020333400573724347
19.0,50.0,1.0,3.0,0.21013921,0.21043758,-0.0002983650074768196,3.9448628,3.9454017,-0.0005388574401856694,2.8313556,2.8316193,-0.0002637282531736673
16.0,30.0,3.0,9.0,0.797635,0.79770577,-7.075117446897483e-05,1.6494346,1.64933,0.00010456649780277161,1.8759397,1.8759189,2.082682952875281e-05
17.0,50.0,20.0,9.0,0.23768449,0.23765087,3.361829650880277e-05,2.6223152,2.621657,0.0006581683807374006,4.342435,4.3425984,-0.00016351688232418837
16.0,50.0,3.0,9.0,0.62789345,0.6278504,4.304787597653181e-05,2.6170273,2.6173432,-0.0003159172851563419,3.0630503,3.06309,-3.972991943346216e-05
20.0,40.0,3.0,1.0,0.289549,0.28972495,-0.00017595688934324283,4.0191126,4.02,-0.0008874130249019174,2.1992865,2.1996496,-0.00036313912353502786
16.0,50.0,15.0,9.0,0.44571227,0.44573465,-2.2381647491465095e-05,2.500375,2.4999325,0.00044253242492686695,3.676169,3.676037,0.0001319186096191416
18.0,30.0,13.0,9.0,0.7308679,0.73080266,6.526230606074268e-05,2.2415824,2.2417703,-0.00018790635375998122,2.7738757,2.7740948,-0.0002190866516111889
20.0,20.0,4.0,5.0,0.73543507,0.73555,-0.00011493139266971486,2.8717713,2.8719,-0.00012866439819347875,1.747652,1.747675,-2.294616699227703e-05
15.0,50.0,5.0,10.0,0.6785757,0.67903036,-0.00045466543899541634,2.3352544,2.336023,-0.0007685692291259372,3.06471,3.0665302,-0.00182029819030749
19.0,10.0,6.0,10.0,0.8088971,0.80870855,0.0001885280372619924,1.7711535,1.771166,-1.2549987792986883e-05,1.7486557,1.7486559,-2.2315826408991768e-07
19.0,50.0,8.0,4.0,0.23665339,0.23665598,-2.5924534606813765e-06,3.8445642,3.8445184,4.57994476317225e-05,3.1007223,3.1005929,0.00012941292724599762
19.0,30.0,2.0,5.0,0.69660026,0.6966612,-6.094164962766602e-05,2.8239608,2.8239186,4.218109741227494e-05,1.9345467,1.9345295,1.7209060668932352e-05
16.0,50.0,14.0,9.0,0.485103,0.48511103,-8.018868713377536e-06,2.5233972,2.523192,0.00020520726013195656,3.594291,3.5941584,0.00013257175598146986
20.0,30.0,15.0,7.0,0.53975886,0.5395,0.0002588610649109091,3.0351124,3.0353749,-0.0002625190185545634,3.0833848,3.08375,-0.00036524772644064285
16.0,40.0,2.0,9.0,0.74797744,0.7479794,-1.9644111632910466e-06,2.0682814,2.0683205,-3.908787536621716e-05,2.390851,2.3908255,2.5520812988233388e-05
20.0,50.0,17.0,2.0,-0.4100445,-0.4111001,0.0010556087089538813,4.1818457,4.1806755,0.0011701649780269108,3.6002347,3.5993001,0.0009346469329836182
15.0,50.0,11.0,10.0,0.6348549,0.634883,-2.8087242126439982e-05,2.2897131,2.2897916,-7.845569763187399e-05,3.341139,3.3411725,-3.342185974108958e-05
19.0,50.0,2.0,2.0,0.10626781,0.10646646,-0.00019865013214111216,4.0437727,4.044566,-0.0007933025512691927,2.7203815,2.7206035,-0.00022200166320818226
17.0,40.0,9.0,8.0,0.6831971,0.6831892,7.881089019723397e-06,2.438482,2.4384592,2.2846127319287035e-05,2.7093897,2.7093825,7.186584472851365e-06
17.0,30.0,5.0,8.0,0.781515,0.7815326,-1.7597749328635004e-05,2.012545,2.0124133,0.00013180879516605515,2.0068269,2.0066378,0.0001890775939941136
20.0,40.0,2.0,1.0,0.30353078,0.3038,-0.00026921753883363264,4.009922,4.01095,-0.0010279724121096123,2.1841748,2.184625,-0.00045022392272953127
15.0,50.0,12.0,10.0,0.612082,0.61212504,-4.303545288086852e-05,2.2736752,2.2735112,0.0001640033233640814,3.4066787,3.4065464,0.00013227660522474594
19.0,40.0,18.0,8.0,0.41619563,0.41611126,8.437102722169687e-05,2.920364,2.920908,-0.000544096954345541,3.792726,3.7932546,-0.0005285601135254225
17.0,40.0,13.0,9.0,0.67191696,0.6718786,3.83616699218825e-05,2.3395104,2.339475,3.544082641582236e-05,3.0950484,3.0951507,-0.0001022724182129231
16.0,30.0,7.0,9.0,0.7785229,0.7784005,0.00012240868759150203,1.7101254,1.710393,-0.00026755368041997407,2.0472975,2.0476346,-0.00033712227783189164
17.0,50.0,12.0,8.0,0.48745802,0.48744044,1.758044868471753e-05,2.8849752,2.8847935,0.00018169493103048495,3.488165,3.4880934,7.150173339853794e-05
20.0,40.0,9.0,3.0,0.33140278,0.33127502,0.00012775862548830563,3.8192616,3.81925,1.1550903320500794e-05,2.6316884,2.6316001,8.825639953613518e-05
18.0,40.0,8.0,7.0,0.6638864,0.6638843,2.1278793335133273e-06,2.7974699,2.7974637,6.154354858178834e-06,2.7031612,2.7031355,2.57396240233021e-05
18.0,30.0,11.0,8.0,0.7104495,0.71040004,4.9476773223866566e-05,2.33167,2.3317251,-5.5054147338751136e-05,2.511593,2.5115948,-1.6965911866506644e-06
18.0,50.0,7.0,6.0,0.42917836,0.42909217,8.61871243286183e-05,3.3704743,3.3707175,-0.00024316146850589249,3.143428,3.1435554,-0.00012731276550281834
18.0,20.0,10.0,9.0,0.75539136,0.75531846,7.289932922360798e-05,1.9413809,1.9416558,-0.0002749415786742482,2.138246,2.1384962,-0.0002501405822754599
15.0,50.0,14.0,10.0,0.5533449,0.5534093,-6.439462356566672e-05,2.2338567,2.2336009,0.00025577800903331394,3.5541904,3.5540938,9.65972625732725e-05
20.0,40.0,4.0,1.0,0.27114868,0.27124998,-0.00010129835937500165,4.025822,4.0266,-0.0007778373718263509,2.2200093,2.220275,-0.00026567306518554545
17.0,40.0,1.0,8.0,0.7201213,0.7201471,-2.5775937652627867e-05,2.3742318,2.3743644,-0.00013258466186538698,2.4252608,2.4253087,-4.7917758178694925e-05
17.0,50.0,1.0,8.0,0.57100016,0.57098246,1.7698786773712172e-05,2.9206347,2.9209633,-0.00032855344848625734,3.0832787,3.0834668,-0.00018814399414068816
15.0,30.0,5.0,10.0,0.8104174,0.81041193,5.483711547848991e-06,1.3906915,1.3906943,-2.7812164307139398e-06,1.8948718,1.8947542,0.000117630940246638
20.0,40.0,10.0,3.0,0.29174006,0.2914999,0.00024015985260011918,3.814333,3.8142502,8.276203613277744e-05,2.6888063,2.688625,0.0001812953948974183
19.0,30.0,16.0,9.0,0.64395106,0.6437768,0.00017425838775630975,2.51829,2.5186818,-0.000391757122802705,3.2311058,3.2315981,-0.0004922955566404319
17.0,40.0,5.0,7.0,0.64447653,0.64449966,-2.312706390383834e-05,2.5106485,2.5106432,5.2889984130111145e-06,2.4244914,2.4244142,7.720548706036112e-05
19.0,40.0,15.0,7.0,0.4648622,0.46469143,0.00017076763755796698,3.0546155,3.0545819,3.35975891112561e-05,3.3690557,3.3691847,-0.0001289520141600775
15.0,30.0,7.0,10.0,0.79879004,0.7987962,-6.162368011430885e-06,1.4155912,1.4155836,7.639929199276807e-06,1.9924146,1.9924015,1.3093696594301818e-05
17.0,30.0,14.0,10.0,0.7303653,0.73026675,9.852633666995736e-05,1.8907385,1.8910565,-0.0003180127563475743,2.8072274,2.8076088,-0.00038142687683118126
18.0,30.0,1.0,7.0,0.77584016,0.7759027,-6.253676910394912e-05,2.290019,2.2900176,1.4353393553712124e-06,1.9384398,1.9383789,6.0946038818343595e-05
18.0,40.0,9.0,7.0,0.640477,0.6404462,3.0801667022739565e-05,2.797228,2.7972715,-4.340208435049675e-05,2.757929,2.75795,-2.0913314819459572e-05
19.0,50.0,10.0,4.0,0.17572969,0.17559275,0.00013694198226929521,3.8212285,3.8209767,0.0002518041809080884,3.1956403,3.1953824,0.0002579255462644703
17.0,30.0,6.0,8.0,0.7710801,0.7710878,-7.723305511464496e-06,2.0269644,2.026825,0.0001394260406493153,2.0522177,2.052072,0.00014572193908701792
20.0,40.0,5.0,1.0,0.2485156,0.24837497,0.0001406359265136714,4.030334,4.03075,-0.00041600418090848024,2.2468781,2.2465,0.0003781471252439772
20.0,30.0,7.0,4.0,0.59022784,0.58984995,0.00037789233093266095,3.3409283,3.341125,-0.0001966838836668927,2.176814,2.17715,-0.00033592071533217194
15.0,50.0,3.0,10.0,0.6586705,0.6585461,0.00012438501968381477,2.331227,2.3318336,-0.0006065358673095211,3.0195522,3.0197833,-0.00023106916503889963
20.0,40.0,18.0,6.0,0.2117404,0.21135,0.00039040436744688933,3.421977,3.4225001,-0.0005230568481446873,3.7199779,3.7205253,-0.0005474443176267663
15.0,30.0,4.0,10.0,0.80961174,0.8096198,-8.062271881104088e-06,1.3745471,1.3745744,-2.727609100339201e-05,1.8544127,1.8543303,8.237490386964197e-05
20.0,20.0,9.0,6.0,0.6716805,0.671625,5.551004409787286e-05,2.851907,2.8521001,-0.0001930851531981581,2.115014,2.11515,-0.00013592376708970733
18.0,20.0,1.0,8.0,0.81188834,0.8119329,-4.4562864685016024e-05,1.8323728,1.8322057,0.0001670846145629401,1.5787733,1.5785947,0.0001785601165771311
20.0,20.0,5.0,5.0,0.7155945,0.7156249,-3.0429499053963305e-05,2.897394,2.8974998,-0.00010585812072738676,1.7938839,1.7937499,0.00013401971588145045
16.0,50.0,12.0,9.0,0.55063444,0.55066353,-2.9086240081799275e-05,2.5625982,2.5623603,0.00023792845458991962,3.4473627,3.4472005,0.00016216136169422413
19.0,50.0,1.0,2.0,0.10884851,0.10909807,-0.0002495578273010307,4.0400534,4.0410624,-0.0010090323852542937,2.7177112,2.7180088,-0.00029758974914528835
17.0,30.0,11.0,9.0,0.7457669,0.74578243,-1.555187194823837e-05,1.9760785,1.9760528,2.5710284423885454e-05,2.4542825,2.4542747,7.822201538054685e-06
20.0,30.0,10.0,5.0,0.577614,0.57749987,0.00011413938034054993,3.2500083,3.2500002,8.144650268437914e-06,2.4550443,2.455,4.426956176750707e-05
18.0,40.0,10.0,7.0,0.61264974,0.61260796,4.17787886047849e-05,2.7946393,2.7946293,1.0048983764665564e-05,2.8183408,2.8183644,-2.362164917002474e-05
20.0,10.0,7.0,8.0,0.735581,0.7355,8.098077774043588e-05,2.3475013,2.3482752,-0.0007739220764158006,1.8356481,1.8366,-0.0009519401550293072
19.0,50.0,18.0,6.0,0.045040667,0.04471916,0.00032150705703735266,3.4899592,3.4901876,-0.00022836004028325974,4.0730276,4.073361,-0.00033338922119163783
19.0,50.0,0.0,0.0,-0.08998448,-0.0902493,0.00026482343368530725,4.228863,4.2295294,-0.0006666375488277865,2.497767,2.496593,0.0011739715881349255
18.0,50.0,3.0,6.0,0.45691624,0.45694482,-2.8577162094090003e-05,3.3736393,3.3738859,-0.0002465548309324994,3.036696,3.0367973,-0.00010134281616203111
20.0,20.0,14.0,8.0,0.6159778,0.61564994,0.00032788373428349615,2.6698065,2.671,-0.001193519592284975,2.7238686,2.724725,-0.0008563915252683962
17.0,20.0,4.0,9.0,0.8061326,0.8061851,-5.248538742064213e-05,1.5692586,1.569146,0.00011257067108161323,1.623445,1.6232524,0.0001926340270996807
19.0,50.0,9.0,4.0,0.20815098,0.20832434,-0.00017335714324950846,3.8322325,3.8339725,-0.0017400247192380647,3.144757,3.1451876,-0.0004305676055906815
17.0,40.0,19.0,10.0,0.49730307,0.4971286,0.00017446863784792432,2.1723046,2.172214,9.063027954114844e-05,3.8031547,3.8039377,-0.0007829930450440337
14.0,40.0,6.0,10.0,0.72861373,0.7286538,-4.0065754699725176e-05,1.6207411,1.6209208,-0.00017967107849115038,2.3227196,2.3227658,-4.62260253906166e-05
16.0,50.0,2.0,9.0,0.61447716,0.61442673,5.042759277340547e-05,2.6108253,2.611202,-0.00037669978332521836,3.04835,3.048411,-6.090425109883668e-05
18.0,10.0,5.0,10.0,0.7591373,0.7587396,0.0003976728347778735,1.4886479,1.4877545,0.0008934377746581124,1.5500399,1.5487397,0.001300187428283639
20.0,40.0,9.0,2.0,0.22238445,0.22207499,0.00030946281982421886,3.9210653,3.92105,1.5330505370947378e-05,2.5198085,2.5194998,0.0003087308074949391
17.0,50.0,13.0,8.0,0.4534665,0.45344564,2.0864812240617425e-05,2.866664,2.8668053,-0.00014136719970681,3.5583093,3.5584776,-0.00016828336486796047
19.0,30.0,1.0,5.0,0.69881356,0.69889283,-7.927237518312591e-05,2.8005433,2.8005147,2.8608258056728175e-05,1.9135164,1.9134847,3.1702244567943794e-05
18.0,30.0,6.0,7.0,0.75052744,0.750587,-5.9558498382572544e-05,2.3883643,2.388432,-6.76849670409041e-05,2.1079233,2.1080763,-0.00015303072814942809
19.0,40.0,11.0,6.0,0.5291703,0.5290283,0.00014197473449706344,3.1827428,3.1826763,6.653409118673181e-05,2.9326122,2.9325955,1.6680709838734487e-05
15.0,50.0,13.0,10.0,0.58484954,0.5849672,-0.00011766358108522557,2.25463,2.2547808,-0.00015071119384746368,3.47727,3.4775198,-0.00024991207580571384
16.0,30.0,11.0,10.0,0.7793547,0.7794031,-4.840849456788643e-05,1.6535109,1.653964,-0.00045307184600829054,2.3966432,2.3971927,-0.0005495382263185355
19.0,50.0,6.0,3.0,0.16602358,0.16602968,-6.097779922498159e-06,3.9462295,3.946171,5.845785522451408e-05,2.9076784,2.907593,8.536570739758886e-05
19.0,20.0,10.0,8.0,0.7358775,0.73579013,8.738388549800469e-05,2.326398,2.3266606,-0.0002627041870115754,2.2054622,2.2056913,-0.0002290826690671821
18.0,50.0,2.0,6.0,0.4527712,0.452908,-0.00013681317138669602,3.36819,3.3685527,-0.000362649874877885,3.0239935,3.024108,-0.00011450787353517455
15.0,40.0,10.0,10.0,0.74578,0.7458067,-2.6708850097700854e-05,1.8180308,1.8178325,0.0001983341979980846,2.6743197,2.6742609,5.8844110107258984e-05
16.0,50.0,13.0,9.0,0.52004695,0.5200873,-4.0350613403350444e-05,2.5438464,2.5440009,-0.00015453121032704686,3.5177555,3.5178792,-0.00012369157714831047
16.0,30.0,2.0,9.0,0.79150605,0.79153204,-2.5987982788078234e-05,1.6280234,1.627939,8.438600158688914e-05,1.847111,1.84699,0.00012098670959481694
19.0,30.0,3.0,5.0,0.6899902,0.6900296,-3.93775459289758e-05,2.844918,2.8448727,4.5312619018744726e-05,1.9611936,1.9611742,1.936155395498851e-05
18.0,50.0,8.0,6.0,0.41117632,0.41112894,4.738389068603688e-05,3.3637085,3.3638003,-9.180390624985435e-05,3.1842322,3.1842449,-1.2665045165949351e-05
16.0,40.0,10.0,9.0,0.7031612,0.70316887,-7.689980621283787e-06,2.1099567,2.109847,0.00010974133300800659,2.7220964,2.722057,3.944317626958238e-05
15.0,40.0,1.0,10.0,0.74582684,0.74565274,0.0001741004006957647,1.7625176,1.7634299,-0.0009123285507202095,2.323954,2.3241723,-0.00021819462280259216
19.0,50.0,5.0,2.0,0.07222819,0.072171725,5.6468283081048676e-05,4.040025,4.0403786,-0.00035336577758826593,2.7620716,2.7619877,8.390949707015594e-05
19.0,20.0,15.0,10.0,0.68866736,0.68833613,0.0003312269679259794,2.1567218,2.1578844,-0.0011625696319579326,2.8476913,2.8489614,-0.0012701024688719365
18.0,50.0,9.0,6.0,0.3888165,0.38876587,5.063567054747198e-05,3.3540165,3.3544328,-0.0004162575653077205,3.230407,3.2305343,-0.0001273004119872745
16.0,30.0,1.0,9.0,0.7809289,0.78095835,-2.9440221405052647e-05,1.6041873,1.6040983,8.89501373291246e-05,1.8237914,1.8236609,0.0001304846969605311
20.0,20.0,6.0,5.0,0.6914232,0.6913,0.00012317771911618536,2.920767,2.9206502,0.00011686886291517595,1.8454509,1.845425,2.5878143310453794e-05
17.0,50.0,16.0,8.0,0.3251592,0.32506147,9.772208526609427e-05,2.7984655,2.798141,0.00032449034118631204,3.8032513,3.80323,2.126647949207694e-05
15.0,50.0,2.0,10.0,0.641843,0.64170396,0.00013906091598514525,2.3253734,2.3260636,-0.0006901888214110308,3.0046082,3.0048096,-0.0002014457031251915
17.0,20.0,9.0,10.0,0.799716,0.7996549,6.109578857427245e-05,1.5746561,1.5748986,-0.00024247111663822096,1.9935659,1.9937799,-0.00021398298492436574
20.0,40.0,12.0,4.0,0.31593996,0.31559992,0.0003400428639221409,3.7001538,3.69975,0.000403827667236456,2.9361298,2.935775,0.00035480842590329686
18.0,40.0,14.0,8.0,0.57485443,0.5747843,7.013353652951526e-05,2.6810217,2.6810899,-6.820963134757108e-05,3.2294574,3.2295432,-8.582161254899745e-05
16.0,50.0,18.0,10.0,0.43917158,0.43926364,-9.205753959656837e-05,2.3689625,2.3695128,-0.0005502736785887308,4.083599,4.084316,-0.0007169094238284046
19.0,30.0,8.0,6.0,0.68060493,0.6805612,4.373469238283523e-05,2.8065462,2.8065815,-3.528875732428105e-05,2.2707863,2.2708085,-2.22145996091605e-05
19.0,50.0,13.0,5.0,0.1830847,0.18293756,0.0001471365312957773,3.6903505,3.6902277,0.0001228325317383927,3.5100517,3.5099773,7.442729492179723e-05
18.0,20.0,12.0,10.0,0.7652214,0.7650711,0.00015031695022582614,1.8620667,1.8626505,-0.0005837542419433461,2.3893766,2.3899462,-0.0005695596801755798
17.0,30.0,1.0,8.0,0.7792595,0.77931154,-5.203711227419472e-05,1.9304364,1.930266,0.0001703727569579705,1.8811182,1.8809007,0.00021747836761476513
18.0,30.0,14.0,9.0,0.6869297,0.68683946,9.024275878910526e-05,2.2397573,2.2400532,-0.0002959005767824152,2.8665483,2.8668342,-0.0002859002105712882
16.0,50.0,1.0,9.0,0.5966765,0.59660304,7.348845382693092e-05,2.6021938,2.6026115,-0.00041766760253914015,3.0392313,3.039332,-0.00010069964599601633
17.0,30.0,12.0,9.0,0.7115336,0.7114878,4.5806052398678077e-05,1.9772353,1.9773146,-7.92827697753129e-05,2.5345657,2.5347087,-0.00014301282043449604
19.0,50.0,14.0,5.0,0.13525712,0.13515598,0.0001011449008178622,3.6691647,3.6689818,0.00018285759277336666,3.584013,3.583972,4.098522949202987e-05
20.0,10.0,9.0,9.0,0.7379985,0.73784995,0.0001485355651855702,2.2722497,2.272825,-0.0005753013610840796,2.0558205,2.0562,-0.0003795349121094027
19.0,40.0,2.0,4.0,0.5132564,0.51325864,-2.2689787292362595e-06,3.3464477,3.3466868,-0.000239093777465893,2.3437595,2.3436968,6.273674316403799e-05
18.0,30.0,17.0,10.0,0.6391709,0.638979,0.00019188508605960664,2.135203,2.1356308,-0.00042791532592767467,3.2801352,3.2808738,-0.0007386452758790796
18.0,30.0,7.0,7.0,0.73236686,0.7323237,4.3159912872292594e-05,2.4006696,2.400765,-9.54252624509877e-05,2.1587543,2.1588156,-6.125124511724422e-05
18.0,50.0,4.0,5.0,0.34986484,0.34980267,6.217050750734199e-05,3.4597735,3.4599898,-0.0002162595031736103,2.9401574,2.9400659,9.151348266600579e-05
20.0,40.0,1.0,1.0,0.31321448,0.31347495,-0.000260469123077367,3.9963365,3.9994497,-0.003113239886474606,2.1749752,2.1752,-0.00022484321594218315
16.0,20.0,6.0,10.0,0.79235566,0.7920873,0.00026835662384028236,1.2957581,1.2946284,0.001129728166198829,1.6611341,1.6604624,0.0006717238021851646
18.0,40.0,4.0,6.0,0.6215808,0.621608,-2.7220447540332593e-05,2.8677473,2.8677032,4.4106823730682976e-05,2.4403336,2.4403567,-2.3095187378086024e-05
16.0,40.0,15.0,10.0,0.64779806,0.6478202,-2.213862915034781e-05,1.9950879,1.9948336,0.00025426201477052324,3.220285,3.220419,-0.00013406118774428322
19.0,50.0,7.0,3.0,0.14406109,0.14394806,0.00011302856201172995,3.9392805,3.938975,0.00030550994873035364,2.9397638,2.9395878,0.00017598440856936293
18.0,50.0,16.0,7.0,0.24657294,0.24640259,0.00017035154167174826,3.1558723,3.1556423,0.00023004497070333585,3.843236,3.8431816,5.4369543457166714e-05
19.0,20.0,2.0,6.0,0.7604427,0.76056385,-0.00012117583999637915,2.382023,2.3821502,-0.00012710391540515786,1.6082516,1.6081126,0.00013897165527354538
20.0,10.0,10.0,9.0,0.70272803,0.7025,0.00022803306579588511,2.2991617,2.3,-0.0008383274078367364,2.1423566,2.143,-0.0006433658599851455
17.0,40.0,14.0,9.0,0.6324674,0.63240886,5.8529106750526694e-05,2.32811,2.3282118,-0.00010182037048345194,3.179512,3.17966,-0.0001479760742189029
20.0,40.0,6.0,1.0,0.22133946,0.22109994,0.0002395241876220755,4.0323725,4.03245,-7.752532958971159e-05,2.2784643,2.2783248,0.00013951732177730491
19.0,10.0,2.0,9.0,0.79475325,0.7947453,7.95345993043206e-06,1.7474014,1.7471606,0.00024075669708256697,1.4708487,1.4704665,0.00038217954254160524
19.0,50.0,20.0,5.0,-0.2429679,-0.24393356,0.0009656563859558043,3.491574,3.4900553,0.0015187489959718192,4.146328,4.14554,0.0007879724121098164
20.0,20.0,12.0,7.0,0.62782687,0.62765,0.00017686948776240996,2.7703614,2.7707999,-0.0004384765075684527,2.4432445,2.4436748,-0.00043034275512709996
15.0,30.0,8.0,10.0,0.78637725,0.7863883,-1.1048851776163104e-05,1.4243385,1.4243534,-1.494003143309719e-05,2.0496151,2.0496254,-1.0255270385783888e-05
18.0,50.0,10.0,6.0,0.36210957,0.3620027,0.0001068716953277482,3.3426049,3.342616,-1.1124435424836321e-05,3.2824464,3.2824237,2.2684429931807415e-05
20.0,10.0,2.0,7.0,0.76774526,0.7679,-0.0001547435760498317,2.3037689,2.3037999,-3.1026785278331914e-05,1.4939663,1.4937999,0.0001664410186767995
20.0,40.0,7.0,1.0,0.18973964,0.18942493,0.00031471452743531136,4.0321608,4.0316997,0.00046105897216808245,2.31589,2.3157496,0.00014047377624493151
17.0,40.0,10.0,8.0,0.6587857,0.65876937,1.633079803464721e-05,2.4355154,2.4354463,6.910374755841886e-05,2.7701173,2.770092,2.5282867431641876e-05
20.0,40.0,15.0,5.0,0.2758838,0.2756249,0.000258893830871576,3.5676181,3.5674999,0.00011823163757318511,3.2987385,3.29875,-1.1520385742258554e-05
19.0,10.0,8.0,10.0,0.7670488,0.7668454,0.0002033761497497455,1.836308,1.8370237,-0.000715697528076209,1.8944331,1.8948455,-0.00041235924530025336
15.0,50.0,16.0,10.0,0.47698712,0.4770934,-0.000106276510620118,2.1848218,2.1838899,0.0009319441009520979,3.7242308,3.7240407,0.00019006629638651518
20.0,20.0,7.0,5.0,0.6626213,0.662575,4.631929397580503e-05,2.9410741,2.9413502,-0.0002760670806885024,1.9025024,1.9026998,-0.0001973824356078513
18.0,40.0,3.0,6.0,0.6255714,0.6255961,-2.4670270538318384e-05,2.8573601,2.8571951,0.00016502458801248565,2.4149117,2.414942,-3.0253021240156386e-05
20.0,30.0,18.0,8.0,0.4650907,0.4649,0.00019069204330446343,2.911224,2.9118,-0.000576111602783147,3.51955,3.5197997,-0.00024961493225106324
18.0,20.0,6.0,8.0,0.78128403,0.7812421,4.193425216669766e-05,1.9765793,1.976495,8.43085098267693e-05,1.7909101,1.7909172,-7.075221252428321e-06
20.0,40.0,10.0,2.0,0.18018273,0.1797499,0.00043282519111634277,3.914589,3.9145,8.892822265638145e-05,2.5755239,2.5751252,0.00039865330200195004
17.0,20.0,3.0,9.0,0.8088381,0.8089048,-6.667095642087784e-05,1.5408344,1.5406593,0.0001751268798828587,1.580724,1.5804931,0.0002309009307861487
19.0,40.0,7.0,5.0,0.5434902,0.5433651,0.0001250714324950719,3.2840621,3.2839713,9.084714050278109e-05,2.5968244,2.5968063,1.8107577514747675e-05
18.0,30.0,3.0,6.0,0.70421827,0.7042474,-2.9131605529753024e-05,2.4427173,2.4430044,-0.0002870862335204727,1.9068215,1.906837,-1.551066589344785e-05
16.0,50.0,17.0,9.0,0.35378888,0.35378197,6.912493972777156e-06,2.4467204,2.4460638,0.0006565617095946052,3.8566225,3.8565953,2.715750427251251e-05
20.0,10.0,1.0,7.0,0.772961,0.77314997,-0.00018894953033443684,2.2602184,2.260125,9.338188171392758e-05,1.4548671,1.4545999,0.00026722455749506047
18.0,20.0,13.0,10.0,0.7246203,0.724433,0.00018728264999390287,1.8718569,1.8725584,-0.0007014721282958547,2.484888,2.4856102,-0.0007221232177734294
20.0,20.0,16.0,9.0,0.5966959,0.5962498,0.00044609996337885427,2.566552,2.5676003,-0.0010483762481690029,3.0325692,3.0337749,-0.0012057300018311068
19.0,20.0,1.0,6.0,0.76377445,0.76387036,-9.590540634152322e-05,2.349448,2.3495712,-0.0001232343780519507,1.5785892,1.5785427,4.6500973510665844e-05
18.0,50.0,11.0,6.0,0.3309881,0.3308395,0.0001486091117858801,3.3284686,3.328349,0.00011956117248557163,3.339971,3.3399134,5.766552124031321e-05
20.0,50.0,15.0,1.0,-0.41463608,-0.41575006,0.0011139845033263929,4.3239007,4.3226256,0.0012750996154782257,3.2946167,3.2935,0.001116699218750128
15.0,50.0,17.0,10.0,0.43222272,0.43233562,-0.0001128960391235112,2.1565323,2.15536,0.0011722875976563074,3.8174846,3.8174145,7.011723327643438e-05
19.0,30.0,12.0,7.0,0.6322284,0.6321243,0.00010407448120119955,2.7228892,2.722987,-9.781504821759768e-05,2.6488674,2.6489983,-0.00013093130188002178
19.0,10.0,4.0,9.0,0.78304195,0.78298223,5.972404052734248e-05,1.8294636,1.8295186,-5.499888763438321e-05,1.5691658,1.569056,0.00010982584381102889
19.0,40.0,16.0,7.0,0.40979344,0.40958485,0.00020858652725219695,3.0391777,3.0391607,1.695617370600644e-05,3.4641757,3.4643044,-0.00012869885864263964
19.0,50.0,6.0,2.0,0.052081525,0.05194017,0.0001413553257751457,4.033807,4.034082,-0.0002751991577145674,2.7871487,2.7869825,0.00016621406555161755
16.0,40.0,1.0,9.0,0.7337692,0.73378074,-1.1561609497112713e-05,2.0519776,2.052105,-0.0001273655700684273,2.3746166,2.3746214,-4.777075195416813e-06
18.0,40.0,15.0,8.0,0.5275898,0.52749616,9.363797363282078e-05,2.6677687,2.6677475,2.1216812133850738e-05,3.3192232,3.319358,-0.00013483448791484776
15.0,40.0,11.0,10.0,0.72379804,0.7238238,-2.5763424682634373e-05,1.8117392,1.8116271,0.00011210631408697935,2.741059,2.7411592,-0.00010013513488749126
19.0,50.0,8.0,3.0,0.11761916,0.11746649,0.00015266683746337217,3.929504,3.9293294,0.00017451769409193574,2.9774008,2.9771826,0.00021817972412119246
19.0,30.0,14.0,8.0,0.6417818,0.64165074,0.00013106694580078404,2.622402,2.6226342,-0.00023224725646953104,2.9260406,2.9262981,-0.0002574505859374021
18.0,50.0,17.0,7.0,0.19158095,0.19138944,0.0001915112138366759,3.1285918,3.128225,0.00036677589416500567,3.9356787,3.9356713,7.420474243069464e-06
20.0,30.0,13.0,6.0,0.5410056,0.54085,0.00015561141967768144,3.14606,3.1461246,-6.46100708006081e-05,2.7915702,2.7916498,-7.961338500983572e-05
18.0,30.0,15.0,9.0,0.63858896,0.63847625,0.00011271493911746422,2.2356503,2.235886,-0.00023569902038556023,2.9648159,2.9651735,-0.00035764497375501136
16.0,30.0,8.0,9.0,0.7625702,0.7625742,-3.9976493835247595e-06,1.7195578,1.719534,2.376214599619786e-05,2.1045644,2.1045637,7.283294678472885e-07
19.0,50.0,15.0,5.0,0.08316487,0.082974344,0.00019052673898314887,3.6455295,3.645286,0.00024350859069821595,3.6636572,3.6635666,9.058841552755936e-05
20.0,20.0,1.0,4.0,0.70910996,0.70962495,-0.000514988013458284,2.9159563,2.9161,-0.0001437412261964255,1.5732924,1.5731499,0.00014247461090088898
20.0,10.0,13.0,10.0,0.6458843,0.6452001,0.0006841754364013131,2.2364445,2.2389748,-0.002530326733398258,2.5058877,2.5082,-0.002312253189086899
19.0,40.0,12.0,6.0,0.48912305,0.48897177,0.00015127639816286953,3.1755652,3.1755054,5.9842767333950775e-05,3.0039122,3.0039153,-3.0895355225268872e-06
16.0,30.0,12.0,10.0,0.748548,0.7485268,2.117124862666131e-05,1.6547997,1.6548549,-5.52002166747112e-05,2.4777563,2.4779217,-0.0001654381744384814
19.0,50.0,11.0,4.0,0.13863039,0.1384612,0.00016919016723632163,3.806282,3.8055305,0.0007515434570311008,3.2515073,3.251177,0.00033028225707987247
17.0,50.0,15.0,8.0,0.37232184,0.37225616,6.568410095214583e-05,2.8238142,2.8234792,0.0003349536712646817,3.7160726,3.716046,2.655935668949283e-05
18.0,40.0,5.0,6.0,0.61322004,0.6132198,2.3602981569226245e-07,2.8758426,2.8757608,8.177125854480494e-05,2.471387,2.4713714,1.550948486306325e-05
20.0,40.0,16.0,5.0,0.21499175,0.2145499,0.0004418483329773071,3.5513473,3.5509,0.0004472557067871641,3.3924117,3.392175,0.00023670883178716906
17.0,30.0,8.0,8.0,0.7369947,0.7369983,-3.616257476801721e-06,2.0483892,2.0482986,9.059639587416513e-05,2.1598256,2.1597404,8.51634307861282e-05
19.0,10.0,1.0,9.0,0.7940036,0.794027,-2.3394157409706295e-05,1.7026762,1.7023067,0.0003694770248412471,1.4300679,1.4295716,0.0004962968429564896
20.0,40.0,8.0,1.0,0.15363663,0.15334994,0.0002866943498230079,4.0282016,4.0284996,-0.0002980199523925364,2.3588936,2.3587747,0.00011893288879383235
19.0,30.0,9.0,6.0,0.6501526,0.6500796,7.302365341188555e-05,2.8140929,2.8143854,-0.00029252547302238696,2.3322842,2.332453,-0.00016878788757335172
18.0,50.0,1.0,6.0,0.44425032,0.4444711,-0.00022078457221985648,3.36068,3.36077,-8.989669799808198e-05,3.016673,3.0170186,-0.0003455119262696371
17.0,30.0,9.0,8.0,0.7133637,0.71335363,1.0077065582314582e-05,2.0553784,2.0553603,1.813704223652124e-05,2.2220213,2.2219746,4.6741323852739214e-05
19.0,30.0,18.0,9.0,0.523519,0.52331376,0.0002052195494079978,2.5009732,2.5019395,-0.0009662753601076268,3.4577565,3.4584873,-0.0007307806823728669
20.0,50.0,17.0,1.0,-0.5539705,-0.5554501,0.0014795842720031205,4.261112,4.259326,0.0017862131347659016,3.461935,3.4605,0.001435043334960806
20.0,30.0,16.0,7.0,0.48020297,0.47989985,0.0003031228889465165,3.0293808,3.0294998,-0.00011900166015621494,3.1868405,3.1871,-0.00025946578979496593
18.0,30.0,8.0,7.0,0.70969003,0.7096606,2.9434389495874846e-05,2.410578,2.410648,-6.998753356945997e-05,2.2151113,2.2151551,-4.384435424809041e-05
18.0,50.0,19.0,7.0,0.06849009,0.068163246,0.00032684198599243486,3.0653076,3.066041,-0.0007333828124997943,4.1364884,4.13745,-0.0009615623474124035
20.0,40.0,9.0,1.0,0.113259256,0.11287501,0.000384245886077883,4.0226674,4.0228496,-0.00018219201049785028,2.4076045,2.4074,0.0002044559478759922
15.0,30.0,3.0,10.0,0.8043705,0.80442774,-5.721750091547406e-05,1.3560323,1.3560048,2.745231170653284e-05,1.8195384,1.8195068,3.155487365713583e-05
19.0,20.0,13.0,9.0,0.69702864,0.69685984,0.00016879693237303872,2.2502923,2.250887,-0.0005946988220215665,2.5541043,2.554711,-0.000606671844482598
20.0,30.0,8.0,4.0,0.55791086,0.55779994,0.00011091958480835551,3.3503227,3.3502,0.0001227233886718082,2.2316284,2.2315,0.00012841796874996092
20.0,30.0,17.0,7.0,0.4162193,0.41589993,0.0003193640711975365,3.0212705,3.0211747,9.581353454590769e-05,3.2955892,3.29605,-0.00046079139709487293
20.0,10.0,3.0,7.0,0.7581349,0.75824994,-0.00011503847640992326,2.344877,2.345025,-0.0001479953765870512,1.5386647,1.5385998,6.489860076897003e-05
17.0,30.0,3.0,7.0,0.7166624,0.7167036,-4.119307861327748e-05,2.0744536,2.0747213,-0.0002677076995851735,1.8526517,1.8527378,-8.608472137461298e-05
18.0,40.0,11.0,7.0,0.5804548,0.5803698,8.502635498042199e-05,2.7895598,2.7895372,2.2641156006031338e-05,2.8843603,2.884379,-1.8686584472682455e-05
20.0,10.0,11.0,9.0,0.66329926,0.66274995,0.000549312523651091,2.3237023,2.324725,-0.0010226646423339147,2.2346478,2.2353997,-0.000751949145507691
20.0,40.0,17.0,5.0,0.14959654,0.14907494,0.0005216021199798693,3.5323472,3.5318503,0.0004969023010255036,3.4912906,3.4912,9.056930541984087e-05
19.0,10.0,5.0,9.0,0.770601,0.77050066,0.00010031455978398718,1.8668051,1.8670224,-0.00021732340087887714,1.6267312,1.6267506,-1.944269714360125e-05
20.0,50.0,19.0,2.0,-0.5617694,-0.5633,0.0015305741310119858,4.11252,4.110675,0.0018452178955081777,3.7928095,3.7914999,0.0013095863891603443
20.0,30.0,11.0,5.0,0.5349922,0.53479993,0.00019228801757809055,3.2531738,3.2532747,-0.00010087187499996375,2.527478,2.5275497,-7.172033996560856e-05
14.0,40.0,7.0,10.0,0.7250945,0.7251393,-4.480279617313787e-05,1.622568,1.6225944,-2.638871612559157e-05,2.366182,2.366159,2.3088851928587673e-05
19.0,50.0,16.0,5.0,0.026603878,0.026392668,0.0002112095444030751,3.6194725,3.61914,0.0003325036621095734,3.748782,3.7487612,2.0719479369990523e-05
17.0,20.0,5.0,9.0,0.7990619,0.79906535,-3.4555831909255375e-06,1.5953181,1.5951828,0.00013527899475107574,1.6719404,1.6716115,0.000328945899963351
19.0,30.0,4.0,5.0,0.6789773,0.67899805,-2.073934249879894e-05,2.8634155,2.8633761,3.9379660034200015e-05,1.9934438,1.993419,2.4846702575631596e-05
19.0,40.0,8.0,5.0,0.5184566,0.5183586,9.797825469970434e-05,3.2850707,3.2850504,2.0257730102724025e-05,2.6444058,2.6443257,8.014182739257691e-05
15.0,40.0,12.0,10.0,0.69740564,0.6974409,-3.526368942263769e-05,1.8032732,1.8029717,0.0003015009887694653,2.8136842,2.813658,2.6225082397246524e-05
19.0,20.0,8.0,7.0,0.7233158,0.72326374,5.203539443965344e-05,2.408921,2.4091134,-0.0001923966583250447,1.9799076,1.9800415,-0.0001338681259155372
19.0,50.0,9.0,3.0,0.08680487,0.08658489,0.00021997679077148669,3.917499,3.9172332,0.0002658653991698401,3.0206606,3.0203772,0.00028343880920411735
18.0,30.0,19.0,10.0,0.51664245,0.51655275,8.970128631591301e-05,2.1126611,2.1132464,-0.0005852767242431334,3.5187545,3.5195525,-0.0007980177307129743
15.0,50.0,7.0,9.0,0.57417125,0.5741171,5.414509811396684e-05,2.385161,2.3856153,-0.00045437699584960356,3.0248148,3.024825,-1.0155868530148382e-05
17.0,20.0,6.0,9.0,0.7875084,0.78754556,-3.7131903228737606e-05,1.61895,1.6187696,0.00018040934600827008,1.7257053,1.7255708,0.00013446599884026078
19.0,20.0,11.0,8.0,0.6981363,0.69798344,0.00015288965087889572,2.3400252,2.3402896,-0.00026441346130390286,2.2882266,2.2884612,-0.0002345955383300513
19.0,40.0,3.0,4.0,0.5077182,0.50770205,1.6155451965316203e-05,3.358249,3.3584661,-0.00021715094909646737,2.3619149,2.3618164,9.847312316901835e-05
20.0,40.0,19.0,6.0,0.14015877,0.13962501,0.0005337624685669007,3.4004598,3.4001002,0.00035956638793965823,3.831981,3.8321502,-0.00016925632019049175
19.0,20.0,16.0,10.0,0.634055,0.63362956,0.0004254584249877569,2.1609526,2.1623633,-0.0014107319458007694,2.9610484,2.962531,-0.0014826353607175768
19.0,40.0,4.0,4.0,0.49780136,0.49774536,5.600346817014046e-05,3.3676658,3.367795,-0.0001292323303223597,2.3856196,2.3855364,8.324035034190658e-05
16.0,50.0,18.0,9.0,0.3011469,0.30120566,-5.87653066253524e-05,2.4151406,2.4154549,-0.0003142711853025837,3.9547071,3.955274,-0.0005668543090822098
15.0,30.0,9.0,10.0,0.7695969,0.7695803,1.6574713897710147e-05,1.4305999,1.4306731,-7.317209777824019e-05,2.1122584,2.1124487,-0.00019026570434554912
18.0,50.0,6.0,5.0,0.33134818,0.3307763,0.0005718807708740004,3.455968,3.4553053,0.0006626031372070074,2.9910984,2.990645,0.00045340393066384266
17.0,40.0,11.0,8.0,0.6299691,0.6299497,1.9420025634819815e-05,2.4300747,2.4299827,9.199177246088652e-05,2.8364105,2.8364007,9.822460937503052e-06
18.0,20.0,7.0,8.0,0.7619338,0.761904,2.9803558349583703e-05,1.9978442,1.998003,-0.0001587807922363016,1.850029,1.8501816,-0.00015260830078123178
19.0,50.0,13.0,4.0,0.051352262,0.050998136,0.0003541264969482427,3.7678325,3.7672884,0.0005441176239013856,3.3799906,3.3795664,0.0004241776977540468
17.0,50.0,5.0,7.0,0.49516684,0.4950851,8.173816909790022e-05,3.0152597,3.0159922,-0.0007324572631834947,3.03818,3.0385723,-0.0003921871612546646
16.0,50.0,19.0,9.0,0.24427241,0.2442294,4.301086959837552e-05,2.382784,2.3823957,0.00038818977050780745,4.059209,4.059553,-0.00034413006591815787
